Covariants	Count	Max_count	Freq	Coverage_start	Coverage_end
T24469A(S:N969K)	1437	1722	0.8344947735191638	24454	24541
A23403G(S:D614G) C23525T(S:H655Y) T23599G(S:N679K) C23604A(S:P681H)	1355	1792	0.7561383928571429	23399	23607
T25291C(S:C1243C)	685	5552	0.12337896253602305	25257	25299
C21618T(S:T19I) (21632,9)(S:DEL25/27) (21764,6)(S:DEL69/70)	197	259	0.7606177606177607	21565	21900
A22786C(S:R408S) G22813T(S:K417N) T22882G(S:N440K) T22917G(S:L452R) G22992A(S:S477N) C22995A(S:T478K) A23013C(S:E484A) T23018G(S:F486V)	169	216	0.7824074074074074	22778	23024
C23260T(S:G566G) A23403G(S:D614G) C23525T(S:H655Y) T23599G(S:N679K) C23604A(S:P681H)	102	1758	0.05802047781569966	23251	23607
C25344T(S:S1261F)	52	5503	0.009449391241141195	25210	25434
(23296,1)(S:DEL579) C23298T(S:P579L) A23403G(S:D614G) C23525T(S:H655Y) T23599G(S:N679K) C23604A(S:P681H)	41	1759	0.023308698123934053	23250	23607
C23525T(S:H655Y) T23599G(S:N679K) C23604A(S:P681H)	38	1822	0.020856201975850714	23522	23607
C25169T(S:L1203F)	38	5491	0.006920415224913495	25080	25299
A23403G(S:D614G)	31	1838	0.016866158868335146	23389	23403
T24469A(S:N969K) (24683,39)(S:DEL1042/1054)	27	1673	0.016138673042438732	24452	24810
C21618T(S:T19I) (21632,9)(S:DEL25/27) (21764,6)(S:DEL69/70) C21789T(S:T76I)	26	259	0.10038610038610038	21565	21900
A22786C(S:R408S) G22813T(S:K417N) T22882G(S:N440K) A22910G(S:N450D) T22917G(S:L452R) G22992A(S:S477N) C22995A(S:T478K) A23013C(S:E484A) T23018G(S:F486V)	21	216	0.09722222222222222	22778	23024
T23337C(S:F592S) A23403G(S:D614G) C23525T(S:H655Y) T23599G(S:N679K) C23604A(S:P681H)	20	1759	0.01137009664582149	23250	23607
T25251G(S:V1230G)	19	5562	0.0034160373966199207	25080	25434
C21618T(S:T19I) (21632,9)(S:DEL25/27)	17	276	0.06159420289855073	21565	21671
A23403G(S:D614G) G23518A(S:G652G) C23525T(S:H655Y) T23599G(S:N679K) C23604A(S:P681H)	16	1792	0.008928571428571428	23394	23607
T24469A(S:N969K) T24544C(S:D994D)	12	1716	0.006993006993006993	24452	24677
T24469A(S:N969K) C24719T(S:P1053S)	11	1673	0.00657501494321578	24452	24810
T25291C(S:C1243C) C25344T(S:S1261F)	11	5482	0.002006566946369938	25080	25434
A22786C(S:R408S) G22813T(S:K417N) T22882G(S:N440K) T22917G(S:L452R) G22989T(S:G476V) G22992A(S:S477N) C22995A(S:T478K) A23013C(S:E484A) T23018G(S:F486V)	10	216	0.046296296296296294	22778	23024
