Covariants	Count	Max_count	Freq	Coverage_start	Coverage_end
A23403G(S:D614G)	47	164	0.2865853658536585	23402	23404
G21770A(S:V70I)	14	61	0.22950819672131148	21735	21799
