Covariants	Count	Max_count	Freq	Coverage_start	Coverage_end
C25416T(ORF3a:F8F)	68	93	0.7311827956989247	25377	25434
T23218C(S:L552L)	31	48	0.6458333333333334	23129	23277
T23385A	27	44	0.6136363636363636	23250	23385
A22320G(S:D253G)	25	62	0.4032258064516129	22207	22347
G22317T(S:G252V)	21	62	0.3387096774193548	22240	22344
A23403G(S:D614G)	14	16	0.875	23325	23468
