Covariants	Count	Max_count	Freq	Coverage_start	Coverage_end
C22674T(S:S371F) T22679C(S:S373P) C22686T(S:S375F) A22688G(S:T376A) G22775A(S:D405N)	85	109	0.7798165137614679	22666	22781
T22882G(S:N440K) A22893C(S:K444T) T22917G(S:L452R) T22942A(S:N460K) G22992A(S:S477N) C22995A(S:T478K) A23013C(S:E484A) T23018G(S:F486V) A23055G(S:Q498R) A23063T(S:N501Y) T23075C(S:Y505H)	55	77	0.7142857142857143	22850	23097
C25000T(S:D1146D)	35	46	0.7608695652173914	24926	25076
(21764,6)(S:DEL69/70)	29	47	0.6170212765957447	21674	21816
A23403G(S:D614G)	28	79	0.35443037974683544	23325	23434
A23403G(S:D614G) C23525T(S:H655Y)	28	49	0.5714285714285714	23325	23561
A24424T(S:Q954H) T24469A(S:N969K)	26	32	0.8125	24388	24500
(22669,1)(S:DEL370) C22674T(S:S371F) T22679C(S:S373P) C22686T(S:S375F) A22688G(S:T376A) G22775A(S:D405N)	19	109	0.1743119266055046	22589	22781
C23525T(S:H655Y) G23562A	17	37	0.4594594594594595	23411	23562
C23854A(S:N764K)	15	17	0.8823529411764706	23690	23910
A23403G(S:D614G) C23525T(S:H655Y) T23599G(S:N679K) C23604A(S:P681H)	14	15	0.9333333333333333	23325	23664
T22200G(S:V213G)	13	19	0.6842105263157895	22129	22243
C23525T(S:H655Y)	12	83	0.14457831325301204	23411	23544
C21762T(S:A67V) (21764,6)(S:DEL69/70)	10	44	0.22727272727272727	21674	21817
