Covariants	Count	Max_count	Freq	Coverage_start	Coverage_end
T22200G(S:V213G)	88	118	0.7457627118644068	22129	22243
C25416T(ORF3a:F8F)	87	309	0.2815533980582524	25377	25434
(21764,6)(S:DEL69/70)	80	127	0.6299212598425197	21674	21817
A24424T(S:Q954H) T24469A(S:N969K)	61	73	0.8356164383561644	24388	24621
C25357A(S:L1265L)	45	163	0.27607361963190186	25315	25366
C25000T(S:D1146D)	40	57	0.7017543859649122	24926	25076
T21810C(S:V83A)	36	139	0.2589928057553957	21772	21825
C23525T(S:H655Y) C23604A(S:P681H)	34	45	0.7555555555555555	23411	23751
G21987A(S:G142D) T22099A(S:L179L)	33	45	0.7333333333333333	21949	22099
C23525T(S:H655Y) G23562A	30	75	0.4	23411	23562
G21987A(S:G142D)	22	83	0.26506024096385544	21949	22036
G22578A(S:G339D) G22599C(S:R346T) C22674T(S:S371F) T22679C(S:S373P) C22686T(S:S375F) A22688G(S:T376A) G22775A(S:D405N)	20	20	1.0	22491	22781
T22882G(S:N440K) A22893C(S:K444T) T22917G(S:L452R) T22942A(S:N460K) G22992A(S:S477N) C22995A(S:T478K) A23013C(S:E484A) T23018G(S:F486V) A23055G(S:Q498R) A23063T(S:N501Y) T23075C(S:Y505H)	20	23	0.8695652173913043	22853	23097
G22317T(S:G252V)	19	299	0.06354515050167224	22229	22347
T22200A(S:V213E)	10	118	0.0847457627118644	22129	22243
