Covariants	Count	Max_count	Freq	Coverage_start	Coverage_end
A23403G(S:D614G)	14	55	0.2545454545454545	23402	23404
C21721T(S:D53D)	10	30	0.3333333333333333	21717	21721
