Covariants	Count	Max_count	Freq	Coverage_start	Coverage_end
(21764,6)(S:DEL69/70)	90	127	0.7086614173228346	21674	21817
C23525T(S:H655Y) G23562A	33	55	0.6	23411	23562
T22200G(S:V213G)	23	32	0.71875	22129	22243
(25439,1)(ORF3a:DEL17)	22	111	0.1981981981981982	25377	25458
C25463T(ORF3a:T24I)	22	108	0.2037037037037037	25377	25464
C22674T(S:S371F) T22679C(S:S373P) C22686T(S:S375F) A22688G(S:T376A) G22775A(S:D405N)	19	41	0.4634146341463415	22589	22781
C22250T(S:P230S)	14	121	0.11570247933884298	22207	22347
C22674T(S:S371F) T22679C(S:S373P) C22686T(S:S375F) A22688G(S:T376A)	14	56	0.25	22589	22736
C23252T(S:Q564*)	14	117	0.11965811965811966	23129	23277
C22295T(S:H245Y)	11	121	0.09090909090909091	22207	22347
(21764,6)(S:DEL69/70) C21888T(S:T109I)	10	69	0.14492753623188406	21674	21900
G21987A(S:G142D) T22099A(S:L179L)	10	22	0.45454545454545453	21949	22100
C25000T(S:D1146D)	10	21	0.47619047619047616	24926	25076
