Covariants	Count	Max_count	Freq	Coverage_start	Coverage_end
A23403G(S:D614G)	42	104	0.40384615384615385	23402	23404
C24588T(S:T1009I)	13	248	0.05241935483870968	24586	24617
