Covariants	Count	Max_count	Freq	Coverage_start	Coverage_end
A22320G(S:D253G)	24	55	0.43636363636363634	22207	22347
C25416T(ORF3a:F8F)	22	22	1.0	25381	25434
G22317T(S:G252V)	21	55	0.38181818181818183	22207	22347
(21764,6)(S:DEL69/70)	16	30	0.5333333333333333	21674	21817
C23525T(S:H655Y) G23562A	11	12	0.9166666666666666	23411	23562
