Covariants	Count	Max_count	Freq	Coverage_start	Coverage_end
A23403G(S:D614G)	667	1662	0.401323706377858	23402	23403
C23525T(S:H655Y)	551	1649	0.33414190418435413	23510	23525
T24469A(S:N969K)	410	512	0.80078125	24468	24496
A23403G(S:D614G) C23525T(S:H655Y)	305	925	0.32972972972972975	23402	23525
C25380T(S:T1273I)	287	334	0.8592814371257484	25379	25380
C23525T(S:H655Y) T23599G(S:N679K) C23604A(S:P681H)	218	516	0.42248062015503873	23524	23605
T23599G(S:N679K) C23604A(S:P681H)	109	590	0.1847457627118644	23592	23607
C25000T(S:D1146D)	102	126	0.8095238095238095	24998	25000
A23403G(S:D614G) C23525T(S:H655Y) T23599G(S:N679K) C23604A(S:P681H)	65	235	0.2765957446808511	23401	23607
A23403G(S:D614G) T23599G(S:N679K) C23604A(S:P681H)	60	235	0.2553191489361702	23401	23605
A24424T(S:Q954H)	57	171	0.3333333333333333	24380	24425
C23525T(S:H655Y) G23587T(S:Q675H) T23599G(S:N679K) C23604A(S:P681H)	53	516	0.10271317829457365	23524	23605
C23525T(S:H655Y) T23599G(S:N679K)	53	613	0.0864600326264274	23523	23599
A24424T(S:Q954H) T24469A(S:N969K)	48	105	0.45714285714285713	24420	24470
C23854A(S:N764K)	43	57	0.7543859649122807	23821	23854
A23055G(S:Q498R) A23063T(S:N501Y) T23075C(S:Y505H)	24	62	0.3870967741935484	23053	23116
C23525T(S:H655Y) G23587T(S:Q675H)	20	845	0.023668639053254437	23507	23587
A23403G(S:D614G) C23525T(S:H655Y) T23599G(S:N679K)	17	284	0.05985915492957746	23402	23601
G23948T(S:D796Y)	17	18	0.9444444444444444	23946	23982
A23403G(S:D614G) C23525T(S:H655Y) G23587T(S:Q675H) T23599G(S:N679K) C23604A(S:P681H)	15	235	0.06382978723404255	23401	23606
G23587T(S:Q675H) T23599G(S:N679K) C23604A(S:P681H)	15	587	0.02555366269165247	23527	23607
A23013C(S:E484A) T23018G(S:F486V) A23055G(S:Q498R) A23063T(S:N501Y) T23075C(S:Y505H)	14	35	0.4	23006	23086
A23403G(S:D614G) G23587T(S:Q675H) T23599G(S:N679K) C23604A(S:P681H)	12	235	0.05106382978723404	23402	23607
T23599G(S:N679K) C23604A(S:P681H) C23854A(S:N764K)	11	11	1.0	23592	23854
C23525T(S:H655Y) G23587T(S:Q675H) T23599G(S:N679K)	10	613	0.01631321370309951	23507	23601
A23403G(S:D614G) C23525T(S:H655Y) G23587T(S:Q675H)	10	407	0.02457002457002457	23401	23589
A22786C(S:R408S) G22813T(S:K417N)	10	24	0.4166666666666667	22782	22861
