Covariants	Count	Max_count	Freq	Coverage_start	Coverage_end
C25416T(ORF3a:F8F)	52507	53271	0.9856582380657394	25385	25437
A25385G C25416T(ORF3a:F8F)	19	53271	0.0003566668543860637	25381	25446
C25416T(ORF3a:F8F) A25425G(ORF3a:G11G)	14	53271	0.0002628071558634154	25363	25440
T25375G(S:H1271Q) C25416T(ORF3a:F8F)	13	48975	0.00026544155181214903	25357	25442
C25416T(ORF3a:F8F) A25431G(ORF3a:V13V)	12	53271	0.00022526327645435603	25363	25442
C25416T(ORF3a:F8F) A25443G(ORF3a:Q17Q)	12	36338	0.0003302328141339644	25381	25451
A25408G(ORF3a:R6G) C25416T(ORF3a:F8F)	11	53271	0.00020649133674982635	25377	25440
A25368G(S:K1269R) C25416T(ORF3a:F8F)	11	44801	0.0002455302337001406	25366	25440
