Covariants	Count	Max_count	Freq	Coverage_start	Coverage_end
T24469A(S:N969K)	2473	2896	0.8539364640883977	24468	24470
A23403G(S:D614G)	1577	3281	0.48064614446814996	23402	23403
C23525T(S:H655Y)	1064	2730	0.38974358974358975	23507	23525
A23403G(S:D614G) C23525T(S:H655Y)	644	1552	0.41494845360824745	23402	23525
C25416T(ORF3a:F8F)	463	822	0.5632603406326034	25354	25416
C23525T(S:H655Y) T23599G(S:N679K) C23604A(S:P681H)	418	714	0.5854341736694678	23524	23604
A24424T(S:Q954H)	202	547	0.3692870201096892	24417	24424
A24424T(S:Q954H) T24469A(S:N969K)	155	325	0.47692307692307695	24420	24469
A23403G(S:D614G) C23525T(S:H655Y) T23599G(S:N679K) C23604A(S:P681H)	119	293	0.4061433447098976	23402	23605
T23599G(S:N679K) C23604A(S:P681H)	87	741	0.11740890688259109	23579	23607
A23403G(S:D614G) T23599G(S:N679K) C23604A(S:P681H)	79	293	0.2696245733788396	23402	23607
C23525T(S:H655Y) T23599G(S:N679K)	74	835	0.08862275449101796	23522	23599
A23403G(S:D614G) C23525T(S:H655Y) T23599G(S:N679K)	33	348	0.09482758620689655	23402	23599
G23948T(S:D796Y)	25	27	0.9259259259259259	23944	23965
A25133G(S:K1191E)	22	2257	0.00974745237040319	25129	25166
T22882G(S:N440K) G22898A(S:G446S) T22942G(S:N460K)	21	37	0.5675675675675675	22871	22942
A22786C(S:R408S) G22813T(S:K417N)	14	20	0.7	22778	22863
T23599G(S:N679K)	13	862	0.015081206496519721	23527	23601
T24681G(S:V1040G)	12	5435	0.0022079116835326588	24658	24738
T24469A(S:N969K) C24477T(S:A972V)	11	2883	0.003815469996531391	24454	24541
