Covariants	Count	Max_count	Freq	Coverage_start	Coverage_end
C21618T(S:T19I) (21632,9)(S:DEL25/27)	15	22	0.6818181818181818	21605	21654
C23525T(S:H655Y)	14	18	0.7777777777777778	23507	23525
C23854A(S:N764K)	13	16	0.8125	23771	23854
T24469A(S:N969K)	12	19	0.631578947368421	24464	24541
G23948T(S:D796Y)	10	10	1.0	23925	23996
