Covariants	Count	Max_count	Freq	Coverage_start	Coverage_end
A24424T(S:Q954H) T24469A(S:N969K)	173	185	0.9351351351351351	24420	24470
C25000T(S:D1146D)	127	151	0.8410596026490066	24991	25000
T24469A(S:N969K)	115	302	0.38079470198675497	24468	24529
C25416T(ORF3a:F8F)	53	59	0.8983050847457628	25385	25418
A24424T(S:Q954H)	38	223	0.17040358744394618	24385	24428
C21618T(S:T19I) (21632,9)(S:DEL25/27) G21718T(S:Q52H)	16	19	0.8421052631578947	21616	21719
