Covariants	Count	Max_count	Freq	Coverage_start	Coverage_end
A23403G(S:D614G)	669	1381	0.4844315713251267	23401	23403
A23403G(S:D614G) C23525T(S:H655Y)	431	678	0.6356932153392331	23402	23525
C23525T(S:H655Y) T23599G(S:N679K) C23604A(S:P681H)	245	427	0.5737704918032787	23524	23605
G23948T(S:D796Y)	242	263	0.9201520912547528	23946	23972
C21618T(S:T19I) (21632,9)(S:DEL25/27)	233	374	0.6229946524064172	21613	21654
C23525T(S:H655Y)	228	1226	0.1859706362153344	23514	23525
(21764,6)(S:DEL69/70)	155	335	0.4626865671641791	21753	21780
T24469A(S:N969K)	144	181	0.7955801104972375	24468	24533
A23403G(S:D614G) C23525T(S:H655Y) T23599G(S:N679K) C23604A(S:P681H)	123	157	0.7834394904458599	23401	23605
C21618T(S:T19I) (21632,9)(S:DEL25/27) (21764,6)(S:DEL69/70)	87	129	0.6744186046511628	21615	21779
C25207T(S:Y1215Y)	66	290	0.22758620689655173	25205	25210
C23525T(S:H655Y) T23599G(S:N679K)	54	529	0.10207939508506617	23518	23599
A23403G(S:D614G) C23525T(S:H655Y) T23599G(S:N679K)	44	207	0.21256038647342995	23400	23599
G22992A(S:S477N) C22995A(S:T478K) A23013C(S:E484A) T23018G(S:F486V) A23055G(S:Q498R) A23063T(S:N501Y) T23075C(S:Y505H)	39	49	0.7959183673469388	22988	23084
A23055G(S:Q498R) A23063T(S:N501Y) T23075C(S:Y505H)	34	137	0.24817518248175183	23054	23116
C25000T(S:D1146D)	29	30	0.9666666666666667	24983	25000
A24424T(S:Q954H) T24469A(S:N969K)	28	30	0.9333333333333333	24420	24474
C25416T(ORF3a:F8F)	27	108	0.25	25317	25420
A23013C(S:E484A) T23018G(S:F486V) A23055G(S:Q498R) A23063T(S:N501Y) T23075C(S:Y505H)	27	84	0.32142857142857145	23007	23083
C21618T(S:T19I)	26	410	0.06341463414634146	21517	21622
A23063T(S:N501Y) T23075C(S:Y505H)	25	161	0.15527950310559005	23060	23149
C23525T(S:H655Y) G23567T(S:G669C) T23599G(S:N679K) C23604A(S:P681H)	23	427	0.053864168618266976	23521	23606
G22578A(S:G339D)	19	32	0.59375	22556	22601
T22200G(S:V213G)	19	26	0.7307692307692307	22146	22201
A23403G(S:D614G) C23525T(S:H655Y) G23567T(S:G669C) T23599G(S:N679K) C23604A(S:P681H)	16	157	0.10191082802547771	23400	23605
T21570G(S:V3G) C21618T(S:T19I) (21632,9)(S:DEL25/27)	15	214	0.07009345794392523	21565	21654
G21987A(S:G142D)	13	19	0.6842105263157895	21941	21987
A24424T(S:Q954H)	11	41	0.2682926829268293	24342	24424
