Covariants	Count	Max_count	Freq	Coverage_start	Coverage_end
T24469A(S:N969K)	525	567	0.9259259259259259	24468	24532
A23403G(S:D614G)	342	806	0.42431761786600497	23402	23403
C23525T(S:H655Y)	270	744	0.3629032258064516	23522	23525
A23403G(S:D614G) C23525T(S:H655Y)	153	435	0.35172413793103446	23401	23525
C23525T(S:H655Y) T23599G(S:N679K) C23604A(S:P681H)	114	214	0.5327102803738317	23524	23605
A23013C(S:E484A) T23018G(S:F486V) A23055G(S:Q498R) A23063T(S:N501Y) T23075C(S:Y505H)	62	133	0.46616541353383456	23012	23088
A23055G(S:Q498R) A23063T(S:N501Y) T23075C(S:Y505H)	54	205	0.2634146341463415	23054	23116
C21618T(S:T19I) (21632,9)(S:DEL25/27)	47	48	0.9791666666666666	21591	21654
G22992A(S:S477N) C22995A(S:T478K) A23013C(S:E484A) T23018G(S:F486V) A23055G(S:Q498R) A23063T(S:N501Y) T23075C(S:Y505H)	37	63	0.5873015873015873	22988	23081
A23403G(S:D614G) C23525T(S:H655Y) T23599G(S:N679K) C23604A(S:P681H)	36	95	0.37894736842105264	23402	23605
T23599G(S:N679K) C23604A(S:P681H)	35	223	0.15695067264573992	23527	23605
A23063T(S:N501Y) T23075C(S:Y505H)	30	236	0.1271186440677966	23060	23157
C23525T(S:H655Y) T23599G(S:N679K)	27	256	0.10546875	23522	23599
T23075C(S:Y505H)	25	261	0.09578544061302682	23072	23158
A23403G(S:D614G) T23599G(S:N679K) C23604A(S:P681H)	18	95	0.18947368421052632	23400	23607
A22786C(S:R408S) G22813T(S:K417N)	16	36	0.4444444444444444	22782	22861
G22992A(S:S477N) C22995A(S:T478K) A23013C(S:E484A) T23018G(S:F486V) A23055G(S:Q498R) A23063T(S:N501Y)	12	68	0.17647058823529413	22978	23065
T23018G(S:F486V) A23055G(S:Q498R) A23063T(S:N501Y) T23075C(S:Y505H)	11	142	0.07746478873239436	23017	23116
G22578A(S:G339D) G22599C(S:R346T)	11	14	0.7857142857142857	22548	22604
C21618T(S:T19I)	11	61	0.18032786885245902	21535	21622
