Covariants	Count	Max_count	Freq	Coverage_start	Coverage_end
C22674T(S:S371F) T22679C(S:S373P) C22686T(S:S375F) A22688G(S:T376A) G22775A(S:D405N)	256	358	0.7150837988826816	22659	22781
C25416T(ORF3a:F8F)	97	390	0.24871794871794872	25377	25434
C25000T(S:D1146D)	96	126	0.7619047619047619	24926	25062
A22629C(S:K356T) C22674T(S:S371F) T22679C(S:S373P) C22686T(S:S375F) A22688G(S:T376A) G22775A(S:D405N)	84	357	0.23529411764705882	22589	22781
G21987A(S:G142D) T22099A(S:L179L)	51	61	0.8360655737704918	21949	22099
(21764,6)(S:DEL69/70)	49	110	0.44545454545454544	21674	21817
G22331A(S:G257S)	43	277	0.1552346570397112	22307	22347
T22882G(S:N440K) T22917G(S:L452R) (22950,1)(S:DEL464) G22992A(S:S477N) C22995A(S:T478K) A23013C(S:E484A) T23018G(S:F486V) A23055G(S:Q498R) A23063T(S:N501Y) T23075C(S:Y505H)	41	173	0.23699421965317918	22850	23097
A23403G(S:D614G) C23525T(S:H655Y)	41	81	0.5061728395061729	23325	23561
T22200G(S:V213G)	38	43	0.8837209302325582	22129	22219
C23525T(S:H655Y) G23562A	33	82	0.4024390243902439	23411	23562
C22674T(S:S371F) T22679C(S:S373P) C22686T(S:S375F) A22688G(S:T376A)	32	402	0.07960199004975124	22589	22708
T22882G(S:N440K) A22910G(S:N450D) T22917G(S:L452R) G22992A(S:S477N) C22995A(S:T478K) A23013C(S:E484A) T23018G(S:F486V) A23055G(S:Q498R) A23063T(S:N501Y) T23075C(S:Y505H)	29	173	0.1676300578034682	22850	23097
T22882G(S:N440K) G22898A(S:G446S) T22942G(S:N460K) G22992A(S:S477N) C22995A(S:T478K) A23013C(S:E484A) T23031C(S:F490S) A23055G(S:Q498R) A23063T(S:N501Y) T23075C(S:Y505H)	28	173	0.16184971098265896	22850	23097
A24424T(S:Q954H) T24469A(S:N969K)	28	58	0.4827586206896552	24388	24494
T22882G(S:N440K) A22893C(S:K444T) T22917G(S:L452R) T22942A(S:N460K) G22992A(S:S477N) C22995A(S:T478K) A23013C(S:E484A) T23018G(S:F486V) A23055G(S:Q498R) A23063T(S:N501Y) T23075C(S:Y505H)	25	173	0.14450867052023122	22850	23097
(21764,6)(S:DEL69/70) C21789T(S:T76I)	25	110	0.22727272727272727	21674	21817
T23385A	18	112	0.16071428571428573	23250	23385
G22331A(S:G257S) (22443,1)(S:DEL295)	17	173	0.09826589595375723	22207	22449
A24388T A24424T(S:Q954H) T24469A(S:N969K) A24539G	12	49	0.24489795918367346	24387	24539
T22882G(S:N440K) A22893C(S:K444T) T22917G(S:L452R) G22992A(S:S477N) C22995A(S:T478K) A23013C(S:E484A) T23018G(S:F486V) A23055G(S:Q498R) A23063T(S:N501Y) T23075C(S:Y505H)	12	173	0.06936416184971098	22850	23097
C23854A(S:N764K)	11	15	0.7333333333333333	23690	23910
G23242C(S:L560L)	10	115	0.08695652173913043	23129	23277
