Covariants	Count	Max_count	Freq	Coverage_start	Coverage_end
A23403G(S:D614G)	28	76	0.3684210526315789	23378	23404
C21721T(S:D53D)	11	53	0.20754716981132076	21716	21742
