Covariants	Count	Max_count	Freq	Coverage_start	Coverage_end
A23267G(S:I569V)	62	192	0.3229166666666667	23250	23334
T24469A(S:N969K)	52	67	0.7761194029850746	24452	24532
G23948T(S:D796Y)	25	75	0.3333333333333333	23880	23960
(25100,1)(S:DEL1181)	20	192	0.10416666666666667	25080	25160
A23356T(S:I598I)	12	69	0.17391304347826086	23250	23357
C25416T(ORF3a:F8F)	11	417	0.026378896882494004	25385	25439
A25347C(S:E1262A) G25348T(S:E1262A) C25349T(S:P1263S) G25354T(S:V1264V) C25355G(S:L1265V) C25357A(S:L1265V) A25360C(S:K1266N) G25361A(S:G1267I) G25362T(S:G1267I) A25363T(S:G1267I) G25364C(S:V1268Q) T25365A(S:V1268Q) C25366A(S:V1268Q) T25370G(S:L1270E) T25371A(S:L1270E) C25373A(S:H1271I) A25374T(S:H1271I) T25376G(S:Y1272D) A25379C(S:T1273R) C25380G(S:T1273R) A25381C(S:T1273R) T25382C(S:*1274L) A25383T(S:*1274L) A25384C(S:*1274L) C25386A G25387T A25388G C25390G T25391G A25393T(ORF3a:M1C) T25394G(ORF3a:M1C) G25395C(ORF3a:M1C) G25396C(ORF3a:D2Q) T25398A(ORF3a:D2Q) T25399G(ORF3a:L3E) T25400A(ORF3a:L3E) G25401A(ORF3a:L3E) T25406A(ORF3a:M5K) G25407A(ORF3a:M5K) A25408T(ORF3a:R6*) T25415C(ORF3a:F8S) C25416T(ORF3a:F8S) A25417C(ORF3a:T9H) C25418A(ORF3a:T9H) A25419T(ORF3a:T9H) A25420C(ORF3a:I10R) T25421G(ORF3a:I10R) T25422A(ORF3a:I10R) G25423T(ORF3a:G11S) G25424C(ORF3a:G11S) A25425T(ORF3a:G11S) A25426C(ORF3a:T12P) T25428A(ORF3a:T12P) G25429A(ORF3a:V13R) T25430G(ORF3a:V13R)	10	291	0.03436426116838488	25344	25431
