Covariants	Count	Max_count	Freq	Coverage_start	Coverage_end
C22674T(S:S371F) T22679C(S:S373P) C22686T(S:S375F) A22688G(S:T376A) G22775A(S:D405N)	108	139	0.7769784172661871	22589	22781
(21764,6)(S:DEL69/70)	83	158	0.5253164556962026	21674	21817
T21755C(S:F65L) (21764,6)(S:DEL69/70)	54	158	0.34177215189873417	21674	21817
C25000T(S:D1146D)	39	63	0.6190476190476191	24927	25076
C23525T(S:H655Y) G23562A	36	79	0.45569620253164556	23411	23562
T22200G(S:V213G)	35	36	0.9722222222222222	22196	22243
A23403G(S:D614G) C23525T(S:H655Y) T23599G(S:N679K) C23604A(S:P681H)	26	40	0.65	23325	23664
A23403G(S:D614G)	25	98	0.25510204081632654	23325	23468
T22882G(S:N440K) A22893C(S:K444T) T22917G(S:L452R) T22942A(S:N460K) G22992A(S:S477N) C22995A(S:T478K) A23013C(S:E484A) T23018G(S:F486V) A23055G(S:Q498R) A23063T(S:N501Y) T23075C(S:Y505H)	23	37	0.6216216216216216	22850	23097
A23403G(S:D614G) C23525T(S:H655Y)	23	68	0.3382352941176471	23364	23561
G21987A(S:G142D) T22099A(S:L179L)	21	27	0.7777777777777778	21949	22099
A24424T(S:Q954H) T24469A(S:N969K)	20	26	0.7692307692307693	24388	24621
C23854A(S:N764K)	20	25	0.8	23690	23910
G25340T(S:D1260Y)	16	201	0.07960199004975124	25306	25434
G22599C(S:R346T) C22674T(S:S371F) T22679C(S:S373P) C22686T(S:S375F) A22688G(S:T376A) G22775A(S:D405N)	15	139	0.1079136690647482	22589	22781
(21764,6)(S:DEL69/70) C21855T(S:S98F)	15	141	0.10638297872340426	21674	21900
A25336G(S:E1258E)	15	201	0.07462686567164178	25307	25366
G22992A(S:S477N) C22995A(S:T478K) A23013C(S:E484A) T23018G(S:F486V) A23055G(S:Q498R) A23063T(S:N501Y) T23075C(S:Y505H)	11	52	0.21153846153846154	22978	23277
T22882G(S:N440K) T22917G(S:L452R) G22992A(S:S477N) C22995A(S:T478K) A23013C(S:E484A) T23018G(S:F486V) A23055G(S:Q498R) A23063T(S:N501Y) T23075C(S:Y505H)	10	37	0.2702702702702703	22850	23097
G21987A(S:G142D)	10	36	0.2777777777777778	21949	22098
