Covariants	Count	Max_count	Freq	Coverage_start	Coverage_end
A23403G(S:D614G)	283	952	0.2972689075630252	23402	23405
C22674T	46	60	0.7666666666666667	22638	22674
C23179A	23	1255	0.018326693227091632	23167	23208
G22578A(S:G339D)	18	246	0.07317073170731707	22577	22607
C25000T(S:D1146D)	11	43	0.2558139534883721	24971	25001
