Covariants	Count	Max_count	Freq	Coverage_start	Coverage_end
(21764,6)(S:DEL69/70)	58	61	0.9508196721311475	21674	21817
C22674T(S:S371F) T22679C(S:S373P) C22686T(S:S375F) A22688G(S:T376A) G22775A(S:D405N)	57	61	0.9344262295081968	22589	22781
C23525T(S:H655Y) G23562A	30	40	0.75	23411	23562
T22200G(S:V213G)	20	21	0.9523809523809523	22129	22243
T22882G(S:N440K) T22917G(S:L452R) G22992A(S:S477N) C22995A(S:T478K) A23013C(S:E484A) T23018G(S:F486V) A23055G(S:Q498R) A23063T(S:N501Y) T23075C(S:Y505H)	17	22	0.7727272727272727	22850	23097
