Covariants	Count	Max_count	Freq	Coverage_start	Coverage_end
C25000T(S:D1146D)	15527	17861	0.869324225967191	24997	25000
C25416T(ORF3a:F8F)	7095	8019	0.8847736625514403	25385	25416
A24942T(S:D1127V)	196	21493	0.00911924812729726	24867	24942
A24966T(S:N1135I) C25000T(S:D1146D)	137	16565	0.008270449743434953	24965	25010
G24926C(S:V1122L) C25000T(S:D1146D)	81	12736	0.006359924623115578	24925	25047
C25416T(ORF3a:F8F) A25431T(ORF3a:V13V)	55	6887	0.007986060694061275	25320	25431
G24794C(S:A1078P)	53	18435	0.0028749660970979114	24776	24799
C24986T(S:Q1142*) C25000T(S:D1146D)	28	17584	0.0015923566878980893	24978	25000
G22775A(S:D405N) A22786C(S:R408S) G22813T(S:K417N)	27	54	0.5	22751	22813
A24825G(S:H1088R)	23	18884	0.0012179622961237025	24824	24844
G22578A(S:G339D)	22	65	0.3384615384615385	22567	22606
A24696T	20	8380	0.002386634844868735	24695	24790
A22786C(S:R408S) G22813T(S:K417N)	19	76	0.25	22783	22861
G22578A(S:G339D) C22674T(S:S371F) T22679C(S:S373P) C22686T(S:S375F) A22688G(S:T376A)	19	29	0.6551724137931034	22571	22691
A24696T T24847A(S:F1095L)	17	5057	0.003361676883527783	24695	24847
A24987C(S:Q1142P) C25000T(S:D1146D)	17	17638	0.0009638280984238576	24936	25005
T24887A(S:F1109I)	15	22058	0.0006800253876144709	24801	24892
C22674T(S:S371F) T22679C(S:S373P) C22686T(S:S375F) A22688G(S:T376A)	15	66	0.22727272727272727	22641	22710
G24794C(S:A1078P) C25000T(S:D1146D)	14	1438	0.009735744089012517	24705	25012
A24780G(S:K1073R)	14	17739	0.0007892214893736964	24779	24788
G24926T(S:V1122L) C25000T(S:D1146D) T25077A	13	100	0.13	24925	25077
C25416T(ORF3a:F8F) C25504T(ORF3a:Q38*)	13	1845	0.007046070460704607	25385	25509
T24888C(S:F1109S)	13	22028	0.0005901579807517705	24842	24896
G24800A(S:A1080T)	13	18841	0.0006899846080356669	24777	24810
A25379T(S:T1273S)	12	9050	0.0013259668508287293	25298	25386
G24985A(S:L1141L) C25000T(S:D1146D)	11	17561	0.0006263880189055293	24949	25022
(24776,1)(S:DEL1073)	11	17450	0.0006303724928366762	24776	24810
C25000T(S:D1146D) T25077G	11	205	0.05365853658536585	24971	25077
G24858A(S:G1099D)	11	20729	0.0005306575329248878	24857	24861
(24816,1)(S:DEL1086)	10	17803	0.0005617030837499298	24776	24851
T24843C(S:V1094A)	10	20829	0.0004800998607710404	24842	24844
C24729T(S:A1056V)	10	12255	0.0008159934720522236	24728	24783
C22674T(S:S371F) T22679C(S:S373P) C22686T(S:S375F) A22688G(S:T376A) G22775A(S:D405N) A22786C(S:R408S) G22813T(S:K417N)	10	15	0.6666666666666666	22635	22835
