Covariants	Count	Max_count	Freq	Coverage_start	Coverage_end
C25416T(ORF3a:F8F)	192	263	0.7300380228136882	25377	25434
G22317T(S:G252V)	188	308	0.6103896103896104	22228	22347
T21810C(S:V83A)	91	154	0.5909090909090909	21765	21825
C23525T(S:H655Y) G23562A	61	99	0.6161616161616161	23411	23562
T22882G(S:N440K) G22895C(S:V445P) T22896C(S:V445P) G22898A(S:G446S) T22942G(S:N460K) G22992A(S:S477N) C22995A(S:T478K) A23013C(S:E484A) T23018C(S:F486P) T23019C(S:F486P) T23031C(S:F490S) A23055G(S:Q498R) A23063T(S:N501Y) T23075C(S:Y505H)	54	96	0.5625	22851	23097
C22664A(S:L368I) C22674T(S:S371F) T22679C(S:S373P) C22686T(S:S375F) A22688G(S:T376A) G22775A(S:D405N)	51	102	0.5	22589	22781
G21987A(S:G142D) (21990,3)(S:DEL144) C22000A(S:H146Q)	40	65	0.6153846153846154	21949	22098
C22674T(S:S371F) T22679C(S:S373P) C22686T(S:S375F) A22688G(S:T376A) G22775A(S:D405N)	40	102	0.39215686274509803	22589	22781
A24424T(S:Q954H) T24469A(S:N969K)	38	58	0.6551724137931034	24388	24537
C25000T(S:D1146D)	31	40	0.775	24926	25076
T22200A(S:V213E) G22317T(S:G252V)	22	45	0.4888888888888889	22129	22347
(21764,6)(S:DEL69/70)	20	145	0.13793103448275862	21674	21817
T23385A	19	86	0.22093023255813954	23250	23385
A23403G(S:D614G) C23525T(S:H655Y)	19	46	0.41304347826086957	23325	23561
C23854A(S:N764K)	17	21	0.8095238095238095	23762	23910
G22992A(S:S477N) C22995A(S:T478K) A23013C(S:E484A) T23018C(S:F486P) T23019C(S:F486P) T23031C(S:F490S) A23055G(S:Q498R) A23063T(S:N501Y) T23075C(S:Y505H)	17	118	0.1440677966101695	22978	23097
A23403G(S:D614G) C23525T(S:H655Y) T23599G(S:N679K) C23604A(S:P681H)	16	24	0.6666666666666666	23325	23664
C25416T(ORF3a:F8F) C25493T(ORF3a:T34M)	16	223	0.07174887892376682	25377	25518
A24388T A24424T(S:Q954H) T24469A(S:N969K) A24539G	15	56	0.26785714285714285	24386	24539
A22320G(S:D253G)	15	308	0.048701298701298704	22207	22347
A23403G(S:D614G)	13	66	0.19696969696969696	23325	23444
