Covariants	Count	Max_count	Freq	Coverage_start	Coverage_end
T24469A(S:N969K)	992	1118	0.8872987477638641	24468	24487
C25000T(S:D1146D)	128	158	0.810126582278481	24992	25000
A24424T(S:Q954H)	31	92	0.33695652173913043	24420	24424
C21618T(S:T19I) (21632,9)(S:DEL25/27)	30	31	0.967741935483871	21591	21654
G21987A(S:G142D)	27	32	0.84375	21982	21987
A23055G(S:Q498R) A23063T(S:N501Y) T23075C(S:Y505H)	25	74	0.33783783783783783	23048	23116
A24424T(S:Q954H) T24469A(S:N969K)	22	57	0.38596491228070173	24418	24470
A23013C(S:E484A) T23018G(S:F486V) A23055G(S:Q498R) A23063T(S:N501Y) T23075C(S:Y505H)	14	39	0.358974358974359	23006	23086
G22992A(S:S477N) C22995A(S:T478K) A23013C(S:E484A) T23018G(S:F486V) A23055G(S:Q498R) A23063T(S:N501Y) T23075C(S:Y505H)	13	24	0.5416666666666666	22988	23075
T23075C(S:Y505H)	11	93	0.11827956989247312	23072	23216
