Covariants	Count	Max_count	Freq	Coverage_start	Coverage_end
(21764,6)(S:DEL69/70)	20	20	1.0	21674	21817
G21987A(S:G142D) T22099A(S:L179L)	13	15	0.8666666666666667	21949	22099
T22200G(S:V213G)	12	12	1.0	22129	22347
(24399,1)(S:DEL947) A24424T(S:Q954H) T24469A(S:N969K)	11	21	0.5238095238095238	24388	24621
