Covariants	Count	Max_count	Freq	Coverage_start	Coverage_end
C22109G(S:Q183E)	23	29	0.7931034482758621	22072	22113
T22942G(S:N460K)	17	32	0.53125	22940	22946
