Covariants	Count	Max_count	Freq	Coverage_start	Coverage_end
(21764,6)(S:DEL69/70)	41	73	0.5616438356164384	21674	21817
C22674T(S:S371F) T22679C(S:S373P) C22686T(S:S375F) A22688G(S:T376A) G22775A(S:D405N)	40	57	0.7017543859649122	22589	22781
G22317T(S:G252V)	37	151	0.24503311258278146	22207	22347
C25000T(S:D1146D)	34	44	0.7727272727272727	24927	25076
T22882G(S:N440K) A22893C(S:K444T) T22917G(S:L452R) T22942A(S:N460K) G22992A(S:S477N) C22995A(S:T478K) A23013C(S:E484A) T23018G(S:F486V) A23055G(S:Q498R) A23063T(S:N501Y) T23075C(S:Y505H)	32	47	0.6808510638297872	22850	23097
A24424T(S:Q954H) T24469A(S:N969K)	26	36	0.7222222222222222	24388	24534
T21810C(S:V83A)	20	77	0.2597402597402597	21795	21900
A24694C(S:G1044G)	19	65	0.2923076923076923	24652	24720
C25416T(ORF3a:F8F)	19	118	0.16101694915254236	25377	25434
A23403G(S:D614G)	17	62	0.27419354838709675	23325	23468
A23403G(S:D614G) C23525T(S:H655Y)	17	36	0.4722222222222222	23325	23561
C23525T(S:H655Y) G23562A	17	32	0.53125	23411	23562
T22200G(S:V213G)	16	22	0.7272727272727273	22129	22243
T23385A	11	73	0.1506849315068493	23250	23385
