Covariants	Count	Max_count	Freq	Coverage_start	Coverage_end
A23403G(S:D614G)	12	34	0.35294117647058826	23402	23404
C21721T(S:D53D)	10	30	0.3333333333333333	21717	21746
