Covariants	Count	Max_count	Freq	Coverage_start	Coverage_end
(21764,6)(S:DEL69/70)	237	310	0.7645161290322581	21674	21817
C22674T(S:S371F) T22679C(S:S373P) C22686T(S:S375F) A22688G(S:T376A) G22775A(S:D405N)	163	187	0.8716577540106952	22658	22781
T22200G(S:V213G)	91	97	0.9381443298969072	22129	22243
C23525T(S:H655Y) G23562A	61	90	0.6777777777777778	23411	23562
C23525T(S:H655Y)	52	193	0.2694300518134715	23411	23561
G21987A(S:G142D) T22099A(S:L179L)	46	54	0.8518518518518519	21949	22099
C25000T(S:D1146D)	40	42	0.9523809523809523	24926	25076
T22882G(S:N440K) A22893C(S:K444T) T22917G(S:L452R) T22942A(S:N460K) G22992A(S:S477N) C22995A(S:T478K) A23013C(S:E484A) T23018G(S:F486V) A23055G(S:Q498R) A23063T(S:N501Y) T23075C(S:Y505H)	36	77	0.4675324675324675	22850	23096
C22674T(S:S371F) T22679C(S:S373P) C22686T(S:S375F) A22688G(S:T376A)	32	227	0.14096916299559473	22657	22736
A24424T(S:Q954H) T24469A(S:N969K)	31	52	0.5961538461538461	24388	24539
T23385A	29	112	0.25892857142857145	23250	23385
A23403G(S:D614G)	27	80	0.3375	23325	23468
C23854A(S:N764K)	26	26	1.0	23690	23910
G21987A(S:G142D)	18	74	0.24324324324324326	21949	22003
T22882G(S:N440K) T22917G(S:L452R) G22992A(S:S477N) C22995A(S:T478K) A23013C(S:E484A) T23018G(S:F486V) A23055G(S:Q498R) A23063T(S:N501Y) T23075C(S:Y505H)	17	77	0.22077922077922077	22850	23097
A23403G(S:D614G) C23525T(S:H655Y)	17	35	0.4857142857142857	23325	23561
(21682,1)(S:DEL41) (21764,6)(S:DEL69/70)	16	305	0.05245901639344262	21674	21832
(23507,1)(S:DEL650) C23525T(S:H655Y) A23535G(S:N658S)	15	193	0.07772020725388601	23411	23561
C23601T T23752A(S:S730S)	12	45	0.26666666666666666	23600	23752
A23403G(S:D614G) G23417C(S:E619Q)	11	80	0.1375	23325	23468
T22882G(S:N440K) A22893C(S:K444T) T22917G(S:L452R) G22992A(S:S477N) C22995A(S:T478K) A23013C(S:E484A) T23018G(S:F486V) A23055G(S:Q498R) A23063T(S:N501Y) T23075C(S:Y505H)	11	77	0.14285714285714285	22850	23097
C21618T(S:T19I) (21632,9)(S:DEL25/27)	11	15	0.7333333333333333	21576	21725
G22992A(S:S477N) C22995A(S:T478K) A23013C(S:E484A) T23018G(S:F486V) A23055G(S:Q498R) A23063T(S:N501Y) T23075C(S:Y505H)	10	87	0.11494252873563218	22978	23097
A24388T A24424T(S:Q954H) T24469A(S:N969K) A24539G	10	50	0.2	24387	24539
