Covariants	Count	Max_count	Freq	Coverage_start	Coverage_end
G23948T(S:D796Y)	32083	33271	0.9642932283369902	23947	23962
T24469A(S:N969K)	29944	30912	0.9686853002070394	24468	24532
C21618T(S:T19I) (21632,9)(S:DEL25/27)	11410	11619	0.982012221361563	21591	21652
G21987A(S:G142D)	3347	5381	0.6220033451031407	21986	21987
C21618T(S:T19I)	2942	14697	0.20017690685173845	21549	21618
T22200G(S:V213G)	1778	3279	0.5422384873437024	22163	22200
G21987A(S:G142D) T22200G(S:V213G)	1398	1692	0.8262411347517731	21986	22200
C21618T(S:T19I) T21633C(S:L24S)	75	11696	0.006412448700410397	21533	21633
(21632,9)(S:DEL25/27)	39	11619	0.003356571133488252	21591	21653
C24575T(S:Q1005*)	27	60189	0.0004485869511040223	24569	24601
T24469A(S:N969K) A24485C(S:S975R)	16	30912	0.0005175983436853002	24456	24534
T24660C(S:V1033A)	15	68142	0.0002201285550761645	24602	24663
G24728A(S:A1056T)	13	53334	0.00024374695316308547	24612	24732
T24713C(S:S1051P)	13	58923	0.00022062691987848547	24602	24714
C24759T(S:T1066I)	13	32221	0.00040346357965302134	24703	24764
(23887,1)(S:DEL776) G23948T(S:D796Y)	13	19802	0.0006564993435006565	23883	23974
A23942G(S:I794V) G23948T(S:D796Y)	13	32744	0.00039701930124602983	23941	23963
T24469A(S:N969K) T24513G(S:L984R)	12	30912	0.00038819875776397513	24452	24541
A23918G(S:K786E) G23948T(S:D796Y)	12	25710	0.0004667444574095683	23913	23979
A24485C(S:S975R)	12	35292	0.00034002040122407346	24480	24665
A24454G T24469A(S:N969K)	11	27576	0.00039889759210908035	24452	24577
G23948T(S:D796Y) A23993G(S:K811E)	11	31671	0.0003473208929304411	23941	23996
A24619G(S:R1019R)	11	66012	0.00016663636914500393	24567	24665
T24469A(S:N969K) T24471C(S:F970S)	10	30912	0.0003234989648033126	24452	24534
T24192A(S:L877Q)	10	26020	0.0003843197540353574	24137	24192
G23948T(S:D796Y) C24146T(S:P862S)	10	20374	0.0004908216354176892	23941	24181
T24469A(S:N969K) A24494G(S:N978D)	10	30912	0.0003234989648033126	24452	24541
A24576G(S:Q1005R)	10	62547	0.0001598797704126497	24575	24588
T24469A(S:N969K) T24513C(S:L984P)	10	30912	0.0003234989648033126	24468	24541
