Covariants	Count	Max_count	Freq	Coverage_start	Coverage_end
C25000T(S:D1146D)	1691	2199	0.7689859026830378	24998	25000
C21618T(S:T19I) (21632,9)(S:DEL25/27)	853	893	0.9552071668533034	21591	21652
T24469A(S:N969K)	654	986	0.6632860040567952	24461	24470
T23599G(S:N679K) C23604A(S:P681H)	446	761	0.5860709592641261	23597	23661
A24424T(S:Q954H)	349	1315	0.26539923954372624	24361	24424
C23854A(S:N764K)	329	643	0.5116640746500778	23824	23854
A24424T(S:Q954H) T24469A(S:N969K)	286	920	0.3108695652173913	24420	24469
T23599G(S:N679K) C23604A(S:P681H) C23854A(S:N764K)	283	296	0.956081081081081	23598	23854
C21618T(S:T19I)	164	1072	0.15298507462686567	21541	21620
G21987A(S:G142D)	114	192	0.59375	21986	21987
T22200G(S:V213G)	62	121	0.512396694214876	22163	22201
G21987A(S:G142D) T22200G(S:V213G)	48	60	0.8	21963	22201
(21632,9)(S:DEL25/27)	17	893	0.019036954087346025	21584	21654
C21618T(S:T19I) T21633C(S:L24S)	11	904	0.012168141592920354	21533	21633
A24942T(S:D1127V)	10	2819	0.0035473572188719402	24825	24945
