Covariants	Count	Max_count	Freq	Coverage_start	Coverage_end
A23403G(S:D614G)	67	183	0.366120218579235	23402	23403
G21770A(S:V70I)	10	37	0.2702702702702703	21735	21799
