Covariants	Count	Max_count	Freq	Coverage_start	Coverage_end
T24469A(S:N969K)	147	171	0.8596491228070176	24468	24533
A23403G(S:D614G)	115	237	0.48523206751054854	23400	23403
A23403G(S:D614G) C23525T(S:H655Y)	66	112	0.5892857142857143	23401	23525
C23525T(S:H655Y)	47	212	0.22169811320754718	23507	23525
C21618T(S:T19I) (21632,9)(S:DEL25/27)	45	65	0.6923076923076923	21612	21654
C23525T(S:H655Y) T23599G(S:N679K) C23604A(S:P681H)	40	66	0.6060606060606061	23521	23605
C21811T(S:V83V)	27	59	0.4576271186440678	21808	21815
G24620T(S:A1020S)	26	357	0.07282913165266107	24617	24678
A23403G(S:D614G) C23525T(S:H655Y) T23599G(S:N679K) C23604A(S:P681H)	21	28	0.75	23400	23607
G25204T(S:W1214C)	20	71	0.28169014084507044	25201	25209
C25000T(S:D1146D)	15	15	1.0	24987	25000
C23525T(S:H655Y) T23599G(S:N679K)	15	89	0.16853932584269662	23514	23599
A24424T(S:Q954H)	10	19	0.5263157894736842	24347	24424
C21618T(S:T19I) (21632,9)(S:DEL25/27) C21721T(S:D53D)	10	37	0.2702702702702703	21613	21724
A23063T(S:N501Y) T23075C(S:Y505H)	10	30	0.3333333333333333	23060	23147
G22992A(S:S477N) C22995A(S:T478K) A23013C(S:E484A) A23040G(S:Q493R) A23055G(S:Q498R) A23063T(S:N501Y) T23075C(S:Y505H)	10	10	1.0	22988	23082
C25416T(ORF3a:F8F)	10	13	0.7692307692307693	25298	25421
