Covariants	Count	Max_count	Freq	Coverage_start	Coverage_end
(21764,6)(S:DEL69/70)	251	339	0.7404129793510325	21676	21817
(22304,'CAAGATGGATGG')(S:INS249QDGW)	143	485	0.2948453608247423	22207	22346
G22317T(S:G252V)	92	522	0.17624521072796934	22298	22338
C22674T(S:S371F) T22679C(S:S373P) C22686T(S:S375F) A22688G(S:T376A) G22775A(S:D405N)	92	111	0.8288288288288288	22589	22781
C23525T(S:H655Y) G23562A	70	93	0.7526881720430108	23411	23562
T23385A	58	130	0.4461538461538462	23250	23385
T21810C(S:V83A)	42	352	0.11931818181818182	21765	21900
A23403G(S:D614G)	41	64	0.640625	23325	23468
A24424T(S:Q954H) T24469A(S:N969K)	39	66	0.5909090909090909	24388	24537
C25416T(ORF3a:F8F)	33	557	0.059245960502693	25377	25434
C23854A(S:N764K)	29	33	0.8787878787878788	23773	23910
C22674T(S:S371F) T22679C(S:S373P) C22686T(S:S375F) A22688G(S:T376A)	28	140	0.2	22589	22736
G21987A(S:G142D) T22099A(S:L179L)	27	31	0.8709677419354839	21949	22099
T22882G(S:N440K) A22893C(S:K444T) T22917G(S:L452R) T22942A(S:N460K) G22992A(S:S477N) C22995A(S:T478K) A23013C(S:E484A) T23018G(S:F486V) A23055G(S:Q498R) A23063T(S:N501Y) T23075C(S:Y505H)	24	53	0.4528301886792453	22850	23097
C25000T(S:D1146D)	23	40	0.575	24926	25076
T25488C(ORF3a:T32T)	22	497	0.04426559356136821	25377	25518
T22200G(S:V213G)	22	46	0.4782608695652174	22129	22243
A24652T	20	276	0.07246376811594203	24651	24802
C23601T T23752A(S:S730S)	19	47	0.40425531914893614	23600	23752
G22577C(S:G339H) G22578A(S:G339H) G22599C(S:R346T) T22619C	16	27	0.5925925925925926	22491	22619
T22882G(S:N440K) A22893C(S:K444T) T22917G(S:L452R) G22992A(S:S477N) C22995A(S:T478K) A23013C(S:E484A) T23018G(S:F486V) A23055G(S:Q498R) A23063T(S:N501Y) T23075C(S:Y505H)	15	53	0.2830188679245283	22850	23097
(22304,'CAAGATGGATGG')(S:INS249QDGW) T22306C(S:Y248D)	13	485	0.026804123711340205	22207	22347
A24388T A24424T(S:Q954H) T24469A(S:N969K) A24539G	13	54	0.24074074074074073	24387	24539
G22992A(S:S477N) C22995A(S:T478K) A23013C(S:E484A) T23018G(S:F486V) A23055G(S:Q498R) A23063T(S:N501Y) T23075C(S:Y505H)	13	66	0.19696969696969696	22978	23097
A23403G(S:D614G) C23525T(S:H655Y)	12	22	0.5454545454545454	23325	23561
C23525T(S:H655Y)	12	129	0.09302325581395349	23411	23561
(24786,1)(S:DEL1076)	12	185	0.06486486486486487	24738	24804
C22664A(S:L368I) C22674T(S:S371F) T22679C(S:S373P) C22686T(S:S375F) A22688G(S:T376A) G22775A(S:D405N)	11	111	0.0990990990990991	22657	22781
G22241T(S:V227L)	11	508	0.021653543307086614	22207	22347
