Covariants	Count	Max_count	Freq	Coverage_start	Coverage_end
T24469A(S:N969K)	1473	1644	0.8959854014598541	24468	24483
A23403G(S:D614G)	886	1741	0.5089029293509477	23402	23403
C23525T(S:H655Y)	565	1466	0.38540245566166437	23516	23525
A23403G(S:D614G) C23525T(S:H655Y)	347	792	0.43813131313131315	23402	23525
C23525T(S:H655Y) T23599G(S:N679K) C23604A(S:P681H)	209	373	0.5603217158176944	23524	23605
A23403G(S:D614G) C23525T(S:H655Y) T23599G(S:N679K) C23604A(S:P681H)	66	147	0.4489795918367347	23402	23605
A23055G(S:Q498R) A23063T(S:N501Y) T23075C(S:Y505H)	56	155	0.36129032258064514	23054	23116
T23599G(S:N679K) C23604A(S:P681H)	53	393	0.13486005089058525	23527	23604
A24424T(S:Q954H)	49	115	0.4260869565217391	24375	24427
C21618T(S:T19I) (21632,9)(S:DEL25/27)	48	50	0.96	21586	21654
C23525T(S:H655Y) T23599G(S:N679K)	45	442	0.10180995475113122	23523	23600
A23403G(S:D614G) T23599G(S:N679K) C23604A(S:P681H)	44	147	0.29931972789115646	23402	23605
G22992A(S:S477N) C22995A(S:T478K) A23013C(S:E484A) T23018G(S:F486V) A23055G(S:Q498R) A23063T(S:N501Y) T23075C(S:Y505H)	31	48	0.6458333333333334	22988	23075
T23075C(S:Y505H)	27	205	0.13170731707317074	23074	23158
A23063T(S:N501Y) T23075C(S:Y505H)	26	176	0.14772727272727273	23060	23131
A24424T(S:Q954H) T24469A(S:N969K)	26	60	0.43333333333333335	24419	24477
A23013C(S:E484A) T23018G(S:F486V) A23055G(S:Q498R) A23063T(S:N501Y) T23075C(S:Y505H)	23	76	0.3026315789473684	23011	23081
A23403G(S:D614G) C23525T(S:H655Y) T23599G(S:N679K)	21	178	0.11797752808988764	23400	23599
G21987A(S:G142D)	17	19	0.8947368421052632	21963	21987
G23948T(S:D796Y)	15	16	0.9375	23925	23968
C21618T(S:T19I)	11	61	0.18032786885245902	21541	21621
G22992A(S:S477N) C22995A(S:T478K) A23013C(S:E484A) T23018G(S:F486V) A23055G(S:Q498R) A23063T(S:N501Y)	11	55	0.2	22978	23063
T24681G(S:V1040G)	10	3559	0.0028097780275358245	24647	24712
