Covariants	Count	Max_count	Freq	Coverage_start	Coverage_end
C21618T(S:T19I) (21632,9)(S:DEL25/27)	1933	3088	0.6259715025906736	21616	21652
(21764,6)(S:DEL69/70)	1923	4376	0.43944241316270566	21756	21779
C21618T(S:T19I) (21632,9)(S:DEL25/27) (21764,6)(S:DEL69/70)	897	1768	0.5073529411764706	21615	21779
(21632,9)(S:DEL25/27)	112	3116	0.03594351732991014	21622	21645
T22200G(S:V213G)	74	77	0.961038961038961	22199	22200
(21632,9)(S:DEL25/27) (21764,6)(S:DEL69/70)	67	1789	0.03745108999441028	21620	21780
G21770A(S:V70I)	62	4566	0.01357862461673237	21769	21859
C21618T(S:T19I) (21632,9)(S:DEL25/27) G21770A(S:V70I)	40	1768	0.02262443438914027	21613	21869
(21764,6)(S:DEL69/70) G21770A(S:V70I)	34	4376	0.007769652650822669	21753	21867
