Covariants	Count	Max_count	Freq	Coverage_start	Coverage_end
C21618T(S:T19I) (21632,9)(S:DEL25/27)	293	305	0.9606557377049181	21591	21653
C21618T(S:T19I)	69	375	0.184	21548	21620
(21632,9)(S:DEL25/27)	10	305	0.03278688524590164	21583	21671
