Covariants	Count	Max_count	Freq	Coverage_start	Coverage_end
A23403G(S:D614G)	1295	2765	0.46835443037974683	23402	23403
C23525T(S:H655Y)	879	2451	0.35862913096695226	23510	23525
T24469A(S:N969K)	607	671	0.9046199701937406	24468	24533
A23403G(S:D614G) C23525T(S:H655Y)	559	1379	0.40536620739666424	23402	23525
C23525T(S:H655Y) T23599G(S:N679K) C23604A(S:P681H)	400	714	0.5602240896358543	23524	23605
C21618T(S:T19I) (21632,9)(S:DEL25/27)	281	412	0.6820388349514563	21613	21652
(21764,6)(S:DEL69/70)	231	468	0.4935897435897436	21764	21780
T23599G(S:N679K) C23604A(S:P681H)	118	743	0.15881561238223418	23527	23606
A23403G(S:D614G) C23525T(S:H655Y) T23599G(S:N679K) C23604A(S:P681H)	114	298	0.3825503355704698	23402	23605
C21618T(S:T19I) (21632,9)(S:DEL25/27) (21764,6)(S:DEL69/70)	98	170	0.5764705882352941	21613	21780
C23525T(S:H655Y) T23599G(S:N679K)	94	849	0.11071849234393404	23524	23599
A23403G(S:D614G) T23599G(S:N679K) C23604A(S:P681H)	74	298	0.2483221476510067	23402	23605
A23403G(S:D614G) C23525T(S:H655Y) T23599G(S:N679K)	39	353	0.11048158640226628	23401	23600
A24587T(S:T1009S)	25	1423	0.017568517217146872	24585	24602
(21632,9)(S:DEL25/27)	14	413	0.03389830508474576	21618	21653
T22882G(S:N440K) T22917G(S:L452R)	13	47	0.2765957446808511	22881	22923
T23599G(S:N679K)	13	878	0.014806378132118452	23527	23601
G21770A(S:V70I)	12	497	0.02414486921529175	21769	21861
C21618T(S:T19I) (21632,9)(S:DEL25/27) G21770A(S:V70I)	12	170	0.07058823529411765	21605	21869
