Covariants	Count	Max_count	Freq	Coverage_start	Coverage_end
A23403G(S:D614G)	21	82	0.25609756097560976	23378	23404
G21770A(S:V70I)	10	21	0.47619047619047616	21735	21799
