Covariants	Count	Max_count	Freq	Coverage_start	Coverage_end
(25100,1)(S:DEL1181)	21	258	0.08139534883720931	25080	25160
(25100,'A')(S:INS1181)	11	258	0.04263565891472868	25080	25161
