Covariants	Count	Max_count	Freq	Coverage_start	Coverage_end
(25100,1)(S:DEL1181)	19	133	0.14285714285714285	25080	25160
(21569,'T')(S:INS4) C21575T(S:L5F) A21583G(S:L7L) C21618T(S:T19I) (21632,9)(S:DEL25/27)	14	98	0.14285714285714285	21565	21645
C21575T(S:L5F) A21583G(S:L7L) C21618T(S:T19I) (21632,9)(S:DEL25/27)	13	98	0.1326530612244898	21565	21646
(21572,3)(S:DEL5) A21583G(S:L7L) C21618T(S:T19I) (21632,9)(S:DEL25/27)	12	98	0.12244897959183673	21565	21645
(21573,2)(S:DEL5) A21583G(S:L7L) C21618T(S:T19I) (21632,9)(S:DEL25/27)	10	98	0.10204081632653061	21565	21646
