Covariants	Count	Max_count	Freq	Coverage_start	Coverage_end
G23948T(S:D796Y)	65	145	0.4482758620689655	23880	23960
T24469A(S:N969K)	49	61	0.8032786885245902	24458	24533
G23948T(S:D796Y) (23958,1)(S:DEL800)	10	145	0.06896551724137931	23880	23968
