Covariants	Count	Max_count	Freq	Coverage_start	Coverage_end
G21987A(S:G142D)	19	26	0.7307692307692307	21978	21987
T22200G(S:V213G)	15	19	0.7894736842105263	22192	22201
T22882G(S:N440K) T22917G(S:L452R)	10	34	0.29411764705882354	22856	22923
