Covariants	Count	Max_count	Freq	Coverage_start	Coverage_end
C23525T(S:H655Y)	3460	9196	0.37625054371465855	23512	23525
A23403G(S:D614G)	3432	11006	0.31182991095765944	23402	23403
A23403G(S:D614G) C23525T(S:H655Y)	2347	7108	0.33019133370849746	23402	23525
C21618T(S:T19I) (21632,9)(S:DEL25/27)	1035	1382	0.7489146164978292	21615	21652
C23525T(S:H655Y) T23599G(S:N679K) C23604A(S:P681H)	1027	2475	0.41494949494949496	23524	23604
A23403G(S:D614G) C23525T(S:H655Y) T23599G(S:N679K) C23604A(S:P681H)	670	1698	0.3945818610129564	23402	23605
T23599G(S:N679K) C23604A(S:P681H)	660	3131	0.21079527307569468	23598	23605
(21764,6)(S:DEL69/70)	499	1328	0.3757530120481928	21756	21780
A23403G(S:D614G) T23599G(S:N679K) C23604A(S:P681H)	381	1698	0.22438162544169613	23402	23607
A21862G(S:I100M)	291	1272	0.22877358490566038	21820	21866
C23854A(S:N764K)	269	554	0.4855595667870036	23811	23854
T23599G(S:N679K) C23604A(S:P681H) C23854A(S:N764K)	261	280	0.9321428571428572	23598	23854
C23525T(S:H655Y) T23599G(S:N679K)	256	2986	0.08573342263898191	23523	23599
C21618T(S:T19I) (21632,9)(S:DEL25/27) (21764,6)(S:DEL69/70)	246	579	0.42487046632124353	21613	21780
A23403G(S:D614G) C23525T(S:H655Y) T23599G(S:N679K)	220	2046	0.10752688172043011	23402	23600
C21618T(S:T19I)	122	1509	0.08084824387011266	21541	21620
G22578A(S:G339D) G22599C(S:R346T)	57	85	0.6705882352941176	22535	22608
(21632,9)(S:DEL25/27)	38	1396	0.027220630372492838	21620	21656
G21987A(S:G142D)	33	51	0.6470588235294118	21941	22017
C21618T(S:T19I) (21632,9)(S:DEL25/27) A21862G(S:I100M)	22	315	0.06984126984126984	21612	21865
A23403G(S:D614G) T23599G(S:N679K)	18	2046	0.008797653958944282	23367	23601
(21764,6)(S:DEL69/70) A21862G(S:I100M)	17	753	0.02257636122177955	21730	21866
A21788G(S:T76A) A21862G(S:I100M)	15	1116	0.013440860215053764	21787	21867
T23599G(S:N679K)	14	3642	0.003844041735310269	23525	23601
(21632,9)(S:DEL25/27) (21764,6)(S:DEL69/70)	12	582	0.020618556701030927	21618	21780
G21770A(S:V70I)	10	1366	0.007320644216691069	21769	21867
T22882G(S:N440K) A22893C(S:K444T) T22917G(S:L452R) T22942A(S:N460K) G22992A(S:S477N) C22995A(S:T478K) A23013C(S:E484A) T23018G(S:F486V)	10	20	0.5	22856	23022
