Covariants	Count	Max_count	Freq	Coverage_start	Coverage_end
A23403G(S:D614G)	1173	3750	0.3128	23402	23403
A23403G(S:D614G) C23525T(S:H655Y) (23529,3)(S:DEL657)	658	1540	0.42727272727272725	23402	23541
T23281C(S:T573T) A23403G(S:D614G)	483	1184	0.4079391891891892	23279	23403
C23525T(S:H655Y) (23529,3)(S:DEL657)	438	2068	0.21179883945841393	23498	23541
T23281C(S:T573T)	410	1487	0.2757229320780094	23280	23336
C25000T(S:D1146D)	393	482	0.8153526970954357	24996	25000
T23281C(S:T573T) C23525T(S:H655Y) (23529,3)(S:DEL657)	339	425	0.7976470588235294	23279	23541
A23403G(S:D614G) C23525T(S:H655Y)	196	1876	0.1044776119402985	23401	23525
A23403G(S:D614G) C23525T(S:H655Y) (23529,3)(S:DEL657) T23599G(S:N679K) C23604A(S:P681H)	149	217	0.6866359447004609	23402	23604
T23281C(S:T573T) C23525T(S:H655Y)	122	549	0.2222222222222222	23279	23525
C23525T(S:H655Y) (23529,3)(S:DEL657) T23599G(S:N679K) C23604A(S:P681H)	113	320	0.353125	23519	23605
A23403G(S:D614G) C23525T(S:H655Y) (23529,3)(S:DEL657) T23599G(S:N679K)	95	335	0.2835820895522388	23401	23599
C23525T(S:H655Y)	84	2466	0.0340632603406326	23450	23525
C23525T(S:H655Y) (23529,3)(S:DEL657) T23599G(S:N679K)	73	514	0.14202334630350194	23516	23599
T23281C(S:T573T) C23525T(S:H655Y) (23529,3)(S:DEL657) T23599G(S:N679K) C23604A(S:P681H)	36	43	0.8372093023255814	23279	23607
A23403G(S:D614G) (23529,3)(S:DEL657)	16	1540	0.01038961038961039	23400	23551
T23281C(S:T573T) (23529,3)(S:DEL657)	11	425	0.02588235294117647	23278	23543
T23281C(S:T573T) C23525T(S:H655Y) (23529,3)(S:DEL657) T23599G(S:N679K)	10	55	0.18181818181818182	23269	23601
(23529,3)(S:DEL657)	10	2068	0.004835589941972921	23463	23544
