Covariants	Count	Max_count	Freq	Coverage_start	Coverage_end
T24469A(S:N969K)	86	115	0.7478260869565218	24462	24529
C25416T(ORF3a:F8F)	72	77	0.935064935064935	25381	25418
C23525T(S:H655Y)	41	119	0.3445378151260504	23477	23525
C21618T(S:T19I) (21632,9)(S:DEL25/27)	39	60	0.65	21607	21655
C25000T(S:D1146D)	31	43	0.7209302325581395	24988	25010
A24424T(S:Q954H)	26	90	0.28888888888888886	24282	24424
C21721T(S:D53D)	24	84	0.2857142857142857	21717	21727
C23525T(S:H655Y) T23599G(S:N679K) C23604A(S:P681H)	23	50	0.46	23521	23607
A24424T(S:Q954H) T24469A(S:N969K)	22	63	0.3492063492063492	24421	24482
G23948T(S:D796Y)	21	22	0.9545454545454546	23946	24040
A23403G(S:D614G)	20	103	0.1941747572815534	23383	23410
C23854A(S:N764K)	19	32	0.59375	23803	23854
T23599G(S:N679K) C23604A(S:P681H)	18	72	0.25	23596	23607
A23403G(S:D614G) C23525T(S:H655Y)	15	81	0.18518518518518517	23402	23527
A23403G(S:D614G) C23525T(S:H655Y) T23599G(S:N679K) C23604A(S:P681H)	15	28	0.5357142857142857	23372	23607
C21618T(S:T19I) (21632,9)(S:DEL25/27) C21721T(S:D53D)	10	45	0.2222222222222222	21593	21724
