Covariants	Count	Max_count	Freq	Coverage_start	Coverage_end
A23403G(S:D614G)	40	143	0.27972027972027974	23402	23404
C21721T(S:D53D)	12	81	0.14814814814814814	21716	21746
