Covariants	Count	Max_count	Freq	Coverage_start	Coverage_end
A23403G(S:D614G) C23525T(S:H655Y) T23599G(S:N679K) C23604A(S:P681H)	126	141	0.8936170212765957	23325	23664
C25416T(ORF3a:F8F)	100	228	0.43859649122807015	25377	25434
C22664A(S:L368I) C22674T(S:S371F) T22679C(S:S373P) C22686T(S:S375F) A22688G(S:T376A) G22775A(S:D405N)	73	156	0.46794871794871795	22589	22781
T21810C(S:V83A)	70	101	0.693069306930693	21765	21825
C22674T(S:S371F) T22679C(S:S373P) C22686T(S:S375F) A22688G(S:T376A) G22775A(S:D405N)	64	156	0.41025641025641024	22589	22781
A24424T(S:Q954H) T24469A(S:N969K)	50	56	0.8928571428571429	24388	24537
G22317T(S:G252V) (22425,'T')(S:INS289) G22427T(S:V289L)	44	94	0.46808510638297873	22207	22447
G22992A(S:S477N) C22995A(S:T478K) A23013C(S:E484A) T23018C(S:F486P) T23019C(S:F486P) T23031C(S:F490S) A23055G(S:Q498R) A23063T(S:N501Y) T23075C(S:Y505H)	27	45	0.6	22978	23081
A23403G(S:D614G) C23525T(S:H655Y)	26	167	0.15568862275449102	23325	23561
A22320G(S:D253G)	24	129	0.18604651162790697	22207	22347
G22317T(S:G252V) G22427T(S:V289L)	22	94	0.23404255319148937	22207	22449
A23403G(S:D614G)	19	188	0.10106382978723404	23325	23468
T22200G(S:V213G)	17	53	0.32075471698113206	22196	22243
(21764,6)(S:DEL69/70)	15	96	0.15625	21674	21817
C23525T(S:H655Y) G23562A	13	174	0.07471264367816093	23411	23562
C23525T(S:H655Y) C23604A(S:P681H)	13	161	0.08074534161490683	23411	23751
C25000T(S:D1146D)	13	13	1.0	24926	25170
G22317T(S:G252V)	12	129	0.09302325581395349	22207	22347
C23854A(S:N764K)	12	14	0.8571428571428571	23690	23910
A23403G(S:D614G) T23599G(S:N679K) C23604A(S:P681H)	11	141	0.07801418439716312	23325	23664
G21987A(S:G142D) (21990,3)(S:DEL144) (21998,'A')(S:INS147) C22000A(S:H146K) T22200A(S:V213E)	10	26	0.38461538461538464	21949	22243
G21987A(S:G142D) (21990,3)(S:DEL144) (21998,'A')(S:INS147) C22000A(S:H146K)	10	57	0.17543859649122806	21949	22098
