Covariants	Count	Max_count	Freq	Coverage_start	Coverage_end
(21764,6)(S:DEL69/70)	204	311	0.6559485530546624	21674	21817
T22200G(S:V213G)	202	235	0.8595744680851064	22196	22213
C22674T(S:S371F) T22679C(S:S373P) C22686T(S:S375F) A22688G(S:T376A) G22775A(S:D405N)	157	176	0.8920454545454546	22658	22781
T22882G(S:N440K) A22893C(S:K444T) T22917G(S:L452R) T22942A(S:N460K) G22992A(S:S477N) C22995A(S:T478K) A23013C(S:E484A) T23018G(S:F486V) A23055G(S:Q498R) A23063T(S:N501Y) T23075C(S:Y505H)	133	199	0.6683417085427136	22850	23094
A23403G(S:D614G) C23525T(S:H655Y)	114	164	0.6951219512195121	23329	23561
C25000T(S:D1146D)	113	118	0.9576271186440678	24926	25062
C23525T(S:H655Y)	107	345	0.3101449275362319	23413	23551
C25416T(ORF3a:F8F)	78	838	0.09307875894988067	25381	25434
C21727T(S:F55F) (21764,6)(S:DEL69/70)	74	293	0.2525597269624573	21674	21800
C23525T(S:H655Y) G23562A	74	96	0.7708333333333334	23411	23562
G21987A(S:G142D) T22099A(S:L179L)	67	111	0.6036036036036037	21949	22099
A23403G(S:D614G)	46	211	0.21800947867298578	23325	23468
A24424T(S:Q954H) T24469A(S:N969K)	45	57	0.7894736842105263	24388	24537
T23385A	42	254	0.16535433070866143	23250	23385
G21987A(S:G142D) G22017T(S:W152L) T22099A(S:L179L)	32	111	0.2882882882882883	21949	22099
G21987A(S:G142D)	31	178	0.17415730337078653	21950	22078
T22882G(S:N440K) A22893C(S:K444T) T22917G(S:L452R) G22992A(S:S477N) C22995A(S:T478K) A23013C(S:E484A) T23018G(S:F486V) A23055G(S:Q498R) A23063T(S:N501Y) T23075C(S:Y505H)	29	199	0.1457286432160804	22850	23097
T22882G(S:N440K) T22917G(S:L452R) G22992A(S:S477N) C22995A(S:T478K) A23013C(S:E484A) T23018G(S:F486V) A23055G(S:Q498R) A23063T(S:N501Y) T23075C(S:Y505H)	20	199	0.10050251256281408	22850	23097
C23854A(S:N764K)	19	21	0.9047619047619048	23690	23910
T22200G(S:V213G) (22341,'T')(S:INS261)	12	213	0.056338028169014086	22129	22347
A23403G(S:D614G) C23525T(S:H655Y) T23599G(S:N679K) C23604A(S:P681H)	11	17	0.6470588235294118	23325	23664
G22992A(S:S477N) C22995A(S:T478K) A23013C(S:E484A) T23018G(S:F486V) A23055G(S:Q498R) A23063T(S:N501Y) T23075C(S:Y505H)	10	210	0.047619047619047616	22982	23097
C22674T(S:S371F) T22679C(S:S373P) C22686T(S:S375F) A22688G(S:T376A)	10	192	0.052083333333333336	22589	22736
T22200G(S:V213G) G22218A(S:G219D)	10	234	0.042735042735042736	22129	22347
C21618T(S:T19I) (21632,9)(S:DEL25/27)	10	15	0.6666666666666666	21573	21725
