Covariants	Count	Max_count	Freq	Coverage_start	Coverage_end
A23403G(S:D614G)	55	181	0.30386740331491713	23402	23404
G21770A(S:V70I)	12	26	0.46153846153846156	21735	21799
