Covariants	Count	Max_count	Freq	Coverage_start	Coverage_end
C22109G(S:Q183E)	43	52	0.8269230769230769	22077	22111
T22942G(S:N460K)	15	36	0.4166666666666667	22940	22966
