Covariants	Count	Max_count	Freq	Coverage_start	Coverage_end
T22942G(S:N460K)	20	45	0.4444444444444444	22940	22966
A22101T(S:E180V)	10	21	0.47619047619047616	22052	22103
