Covariants	Count	Max_count	Freq	Coverage_start	Coverage_end
C23280T(S:T573I)	21	171	0.12280701754385964	23231	23303
C22109G(S:Q183E)	16	19	0.8421052631578947	22072	22113
