Covariants	Count	Max_count	Freq	Coverage_start	Coverage_end
(21764,6)(S:DEL69/70)	145	189	0.7671957671957672	21714	21783
C25000T(S:D1146D)	63	87	0.7241379310344828	24926	25076
C22674T(S:S371F) T22679C(S:S373P) C22686T(S:S375F) A22688G(S:T376A) G22775A(S:D405N)	62	90	0.6888888888888889	22671	22781
T22882G(S:N440K) A22893C(S:K444T) T22917G(S:L452R) T22942A(S:N460K) G22992A(S:S477N) C22995A(S:T478K) A23013C(S:E484A) T23018G(S:F486V) A23055G(S:Q498R) A23063T(S:N501Y) T23075C(S:Y505H)	56	121	0.4628099173553719	22850	23097
A24424T(S:Q954H) T24469A(S:N969K)	45	68	0.6617647058823529	24388	24621
C23525T(S:H655Y) G23562A	29	80	0.3625	23411	23562
T22304C(S:Y248H)	27	205	0.13170731707317074	22207	22347
G22317T(S:G252V)	26	223	0.11659192825112108	22207	22347
T21810C(S:V83A)	23	198	0.11616161616161616	21778	21900
A23403G(S:D614G) C23525T(S:H655Y) T23599G(S:N679K) C23604A(S:P681H)	20	30	0.6666666666666666	23325	23664
T22200G(S:V213G)	19	44	0.4318181818181818	22129	22243
A23403G(S:D614G) C23525T(S:H655Y)	18	50	0.36	23325	23561
A23403G(S:D614G)	18	68	0.2647058823529412	23325	23468
T22882G(S:N440K) G22895C(S:V445P) T22896C(S:V445P) G22898A(S:G446S) T22942G(S:N460K) G22992A(S:S477N) C22995A(S:T478K) A23013C(S:E484A) T23018C(S:F486P) T23019C(S:F486P) T23031C(S:F490S) A23055G(S:Q498R) A23063T(S:N501Y) T23075C(S:Y505H)	18	121	0.1487603305785124	22850	23097
T22882G(S:N440K) A22893C(S:K444T) T22917G(S:L452R) G22992A(S:S477N) C22995A(S:T478K) A23013C(S:E484A) T23018G(S:F486V) A23055G(S:Q498R) A23063T(S:N501Y) T23075C(S:Y505H)	17	121	0.14049586776859505	22850	23097
T22200G(S:V213G) T22304C(S:Y248H)	17	31	0.5483870967741935	22129	22333
C22664A(S:L368I) C22674T(S:S371F) T22679C(S:S373P) C22686T(S:S375F) A22688G(S:T376A) G22775A(S:D405N)	16	89	0.1797752808988764	22658	22781
G21987A(S:G142D)	15	42	0.35714285714285715	21949	22098
G22992A(S:S477N) C22995A(S:T478K) A23013C(S:E484A) T23018G(S:F486V) A23055G(S:Q498R) A23063T(S:N501Y) T23075C(S:Y505H)	14	141	0.09929078014184398	22978	23097
G21987A(S:G142D) T22099A(S:L179L)	12	19	0.631578947368421	21949	22099
C25416T(ORF3a:F8F)	12	204	0.058823529411764705	25377	25434
T23218C(S:L552L)	11	93	0.11827956989247312	23129	23277
A24388T A24424T(S:Q954H) T24469A(S:N969K) A24539G	11	63	0.1746031746031746	24386	24539
(22229,2)(S:DEL224)	10	217	0.04608294930875576	22207	22347
