Covariants	Count	Max_count	Freq	Coverage_start	Coverage_end
A23403G(S:D614G)	43	124	0.3467741935483871	23402	23404
G21770A(S:V70I)	13	38	0.34210526315789475	21735	21799
