Covariants	Count	Max_count	Freq	Coverage_start	Coverage_end
A23403G(S:D614G)	64	171	0.3742690058479532	23402	23404
G21770A(S:V70I)	10	28	0.35714285714285715	21735	21799
