Covariants	Count	Max_count	Freq	Coverage_start	Coverage_end
A23055G(S:Q498R) A23063T(S:N501Y) T23075C(S:Y505H)	298	849	0.3510011778563015	23054	23111
A23013C(S:E484A) T23018G(S:F486V) A23055G(S:Q498R) A23063T(S:N501Y) T23075C(S:Y505H)	202	482	0.4190871369294606	23011	23081
G22992A(S:S477N) C22995A(S:T478K) A23013C(S:E484A) T23018G(S:F486V) A23055G(S:Q498R) A23063T(S:N501Y) T23075C(S:Y505H)	161	269	0.5985130111524164	22989	23075
A23063T(S:N501Y) T23075C(S:Y505H)	130	980	0.1326530612244898	23060	23157
G21987A(S:G142D)	97	149	0.6510067114093959	21948	21990
T23018G(S:F486V) A23055G(S:Q498R) A23063T(S:N501Y) T23075C(S:Y505H)	54	537	0.1005586592178771	23017	23096
G22992A(S:S477N) C22995A(S:T478K) A23013C(S:E484A) T23018G(S:F486V) A23055G(S:Q498R)	53	285	0.18596491228070175	22978	23058
G22992A(S:S477N) C22995A(S:T478K) A23013C(S:E484A) T23018G(S:F486V) A23055G(S:Q498R) A23063T(S:N501Y)	52	281	0.18505338078291814	22982	23064
T22200G(S:V213G)	46	83	0.5542168674698795	22163	22201
T23075C(S:Y505H)	41	1021	0.040156709108716944	23074	23170
G21987A(S:G142D) T22200G(S:V213G)	35	39	0.8974358974358975	21978	22200
