Covariants	Count	Max_count	Freq	Coverage_start	Coverage_end
A23403G(S:D614G)	49	150	0.32666666666666666	23402	23404
G21770A(S:V70I)	12	44	0.2727272727272727	21735	21799
