Covariants	Count	Max_count	Freq	Coverage_start	Coverage_end
C21618T(S:T19I) (21632,9)(S:DEL25/27)	130	144	0.9027777777777778	21613	21654
A23403G(S:D614G)	86	157	0.5477707006369427	23401	23403
C25000T(S:D1146D)	63	69	0.9130434782608695	24997	25000
A23403G(S:D614G) C23525T(S:H655Y)	45	68	0.6617647058823529	23401	23525
C23525T(S:H655Y)	44	142	0.30985915492957744	23507	23525
G22992A(S:S477N) C22995A(S:T478K) A23013C(S:E484A) A23040G(S:Q493R) A23055G(S:Q498R) A23063T(S:N501Y) T23075C(S:Y505H)	40	41	0.975609756097561	22988	23082
G21987A(S:G142D)	31	46	0.6739130434782609	21984	21998
T22200G(S:V213G)	31	44	0.7045454545454546	22149	22208
A24424T(S:Q954H) T24469A(S:N969K)	27	30	0.9	24420	24470
C23525T(S:H655Y) T23599G(S:N679K) C23604A(S:P681H)	26	38	0.6842105263157895	23521	23607
A23063T(S:N501Y) T23075C(S:Y505H)	19	111	0.17117117117117117	23061	23149
A23055G(S:Q498R) A23063T(S:N501Y) T23075C(S:Y505H)	18	92	0.1956521739130435	23048	23149
A23040G(S:Q493R) A23055G(S:Q498R) A23063T(S:N501Y) T23075C(S:Y505H)	17	78	0.21794871794871795	23032	23104
C21618T(S:T19I)	16	162	0.09876543209876543	21526	21621
T21723C(S:L54S)	14	85	0.16470588235294117	21718	21762
A24424T(S:Q954H)	13	45	0.28888888888888886	24347	24429
A23013C(S:E484A) A23040G(S:Q493R) A23055G(S:Q498R) A23063T(S:N501Y) T23075C(S:Y505H)	12	53	0.22641509433962265	23008	23104
A23403G(S:D614G) C23525T(S:H655Y) T23599G(S:N679K) C23604A(S:P681H)	11	14	0.7857142857142857	23401	23607
T23075C(S:Y505H)	10	121	0.08264462809917356	23072	23175
