Covariants	Count	Max_count	Freq	Coverage_start	Coverage_end
T24469A(S:N969K)	48309	59665	0.8096706611916534	24468	24469
A24424T(S:Q954H) T24469A(S:N969K)	9365	23982	0.39050120924026355	24423	24469
A24424T(S:Q954H)	9351	33698	0.2774942133064277	24421	24424
T24701C(S:Y1047H)	93	61813	0.0015045378803811495	24697	24705
T24469A(S:N969K) A24531G(S:E990G)	45	51876	0.0008674531575294934	24464	24534
T24469A(S:N969K) T24701C(S:Y1047H)	29	19553	0.0014831483659796451	24461	24713
A24531G(S:E990G)	26	70624	0.00036814680561848666	24530	24621
T24469A(S:N969K) T24523C(S:V987V)	22	53335	0.00041248710977781944	24452	24528
T24796C(S:A1078A)	18	16313	0.0011034144547293569	24724	24802
T24469A(S:N969K) A24652G(S:S1030S)	16	24935	0.0006416683376779627	24461	24663
T24469A(S:N969K) A24508G(S:S982S)	15	55914	0.0002682691275887971	24458	24529
T24713C(S:S1051P)	15	59258	0.0002531303790205542	24623	24713
C24715A(S:S1051S)	15	57846	0.00025930920029042633	24654	24715
T24733C(S:P1057P)	13	51244	0.00025368823667161033	24723	24746
A24424T(S:Q954H) T24459A	13	24910	0.0005218787635487756	24358	24459
T24469A(S:N969K) T24472C(S:F970F)	12	59376	0.0002021018593371059	24452	24541
G24728A(S:A1056T)	12	53468	0.00022443330590259594	24656	24738
T24469A(S:N969K) T24475C(S:G971G)	12	59300	0.00020236087689713323	24461	24535
T24682C(S:V1040V)	11	62256	0.00017668979696736057	24660	24734
A24669G(S:Q1036R)	11	63973	0.000171947540368593	24652	24746
A24673G(S:S1037S)	11	63913	0.00017210896061834057	24652	24678
A24576G(S:Q1005R)	11	65221	0.00016865733429416907	24560	24593
A24652G(S:S1030S)	11	67903	0.00016199578810950914	24651	24661
C24575T(S:Q1005*)	11	63016	0.00017455884219880666	24546	24647
A24619G(S:R1019R)	11	67658	0.00016258239971621982	24607	24633
T24469A(S:N969K) T24513G(S:L984R)	11	54272	0.00020268278301886793	24452	24534
(24320,1)(S:DEL921) T24469A(S:N969K)	11	19435	0.0005659891947517366	24307	24533
A24654G(S:E1031G)	10	69076	0.0001447680815333835	24625	24705
T24565C(S:L1001L)	10	62059	0.0001611369825488648	24562	24584
T24469A(S:N969K) T24513A(S:L984H)	10	54272	0.00018425707547169813	24454	24541
T24469A(S:N969K) G24476A(S:A972T)	10	59296	0.00016864543982730707	24456	24541
A24232G(S:A890A) T24469A(S:N969K)	10	10148	0.0009854158454867955	24231	24541
G24357A(S:G932D) A24424T(S:Q954H)	10	30696	0.00032577534532186604	24268	24428
(24320,1)(S:DEL921)	10	35518	0.0002815473844247987	24249	24356
