Covariants	Count	Max_count	Freq	Coverage_start	Coverage_end
(21764,6)(S:DEL69/70)	303	318	0.9528301886792453	21674	21812
C22674T(S:S371F) T22679C(S:S373P) C22686T(S:S375F) A22688G(S:T376A) G22775A(S:D405N)	183	309	0.5922330097087378	22589	22781
A24424T(S:Q954H) T24469A(S:N969K)	164	183	0.8961748633879781	24388	24515
C22674T(S:S371F) T22679C(S:S373P) C22686T(S:S375F) A22688G(S:T376A) C22735A(S:C391*) G22775A(S:D405N)	77	309	0.24919093851132687	22589	22781
T22200G(S:V213G)	77	88	0.875	22129	22243
C23854A(S:N764K)	57	63	0.9047619047619048	23762	23910
C25000T(S:D1146D)	52	62	0.8387096774193549	24926	25076
T22882G(S:N440K) T22917G(S:L452R) G22992A(S:S477N) C22995A(S:T478K) A23013C(S:E484A) T23018G(S:F486V) A23055G(S:Q498R) A23063T(S:N501Y) T23075C(S:Y505H)	48	148	0.32432432432432434	22850	23097
A23403G(S:D614G)	44	124	0.3548387096774194	23325	23439
G22992A(S:S477N) C22995A(S:T478K) A23013C(S:E484A) T23018G(S:F486V) A23055G(S:Q498R) A23063T(S:N501Y) T23075C(S:Y505H)	39	192	0.203125	22978	23097
C23525T(S:H655Y) G23562A	38	100	0.38	23411	23562
A22411T(S:G283G)	36	157	0.22929936305732485	22207	22449
G21987A(S:G142D) T22099A(S:L179L)	35	41	0.8536585365853658	21949	22099
A23403G(S:D614G) C23525T(S:H655Y)	35	74	0.47297297297297297	23325	23561
G21987A(S:G142D)	21	63	0.3333333333333333	21949	22098
T23385A	20	146	0.136986301369863	23250	23385
C23525T(S:H655Y) C23604A(S:P681H) A23623C(S:V687V)	17	59	0.288135593220339	23411	23751
(22859,1)(S:DEL434) T22882G(S:N440K) T22917G(S:L452R) G22992A(S:S477N) C22995A(S:T478K) A23013C(S:E484A) T23018G(S:F486V) A23055G(S:Q498R) A23063T(S:N501Y) T23075C(S:Y505H)	14	148	0.0945945945945946	22850	23097
T22882G(S:N440K) G22895C(S:V445P) T22896C(S:V445P) G22898A(S:G446S) T22942G(S:N460K) G22992A(S:S477N) C22995A(S:T478K) A23013C(S:E484A) T23018C(S:F486P) T23019C(S:F486P) T23031C(S:F490S) A23055G(S:Q498R) A23063T(S:N501Y) T23075C(S:Y505H)	13	148	0.08783783783783784	22850	23097
C22674T(S:S371F) T22679C(S:S373P) C22686T(S:S375F) A22688G(S:T376A)	12	319	0.03761755485893417	22589	22736
C21618T(S:T19I) (21632,9)(S:DEL25/27)	12	12	1.0	21576	21725
C23525T(S:H655Y)	10	157	0.06369426751592357	23250	23561
