Covariants	Count	Max_count	Freq	Coverage_start	Coverage_end
A23403G(S:D614G)	281	583	0.48198970840480276	23402	23403
C25000T(S:D1146D)	256	312	0.8205128205128205	24998	25000
C23525T(S:H655Y)	209	513	0.4074074074074074	23501	23525
T23599G(S:N679K) C23604A(S:P681H)	149	300	0.49666666666666665	23592	23607
C23854A(S:N764K)	127	181	0.7016574585635359	23829	23854
A23403G(S:D614G) C23525T(S:H655Y)	121	292	0.4143835616438356	23402	23525
A23055G(S:Q498R) A23063T(S:N501Y) T23075C(S:Y505H)	70	170	0.4117647058823529	23054	23116
C21618T(S:T19I) (21632,9)(S:DEL25/27)	68	70	0.9714285714285714	21585	21654
C23525T(S:H655Y) T23599G(S:N679K) C23604A(S:P681H)	66	125	0.528	23524	23606
A24424T(S:Q954H)	44	108	0.4074074074074074	24420	24424
T24469A(S:N969K)	41	75	0.5466666666666666	24458	24503
G22992A(S:S477N) C22995A(S:T478K) A23013C(S:E484A) T23018G(S:F486V) A23055G(S:Q498R) A23063T(S:N501Y) T23075C(S:Y505H)	31	46	0.6739130434782609	22989	23075
A23013C(S:E484A) T23018G(S:F486V) A23055G(S:Q498R) A23063T(S:N501Y) T23075C(S:Y505H)	31	79	0.3924050632911392	23011	23081
T23599G(S:N679K) C23604A(S:P681H) C23854A(S:N764K)	30	35	0.8571428571428571	23592	23854
A24424T(S:Q954H) T24469A(S:N969K)	29	56	0.5178571428571429	24420	24471
A23063T(S:N501Y) T23075C(S:Y505H)	26	192	0.13541666666666666	23060	23116
A23403G(S:D614G) C23525T(S:H655Y) T23599G(S:N679K) C23604A(S:P681H)	24	52	0.46153846153846156	23402	23606
T23075C(S:Y505H)	21	213	0.09859154929577464	23073	23161
G21987A(S:G142D)	16	24	0.6666666666666666	21970	21989
C23525T(S:H655Y) T23599G(S:N679K)	15	146	0.10273972602739725	23507	23600
A23403G(S:D614G) T23599G(S:N679K) C23604A(S:P681H)	14	52	0.2692307692307692	23400	23607
T23018G(S:F486V) A23055G(S:Q498R) A23063T(S:N501Y) T23075C(S:Y505H)	13	93	0.13978494623655913	23017	23111
C21618T(S:T19I)	12	83	0.14457831325301204	21539	21619
G22578A(S:G339D) G22599C(S:R346T)	11	21	0.5238095238095238	22544	22632
G22992A(S:S477N) C22995A(S:T478K) A23013C(S:E484A) T23018G(S:F486V) A23055G(S:Q498R) A23063T(S:N501Y)	11	54	0.2037037037037037	22987	23067
T22200G(S:V213G)	10	15	0.6666666666666666	22150	22200
