Covariants	Count	Max_count	Freq	Coverage_start	Coverage_end
C22674T(S:S371F) T22679C(S:S373P) C22686T(S:S375F) A22688G(S:T376A) G22775A(S:D405N)	210	299	0.7023411371237458	22595	22781
A22629C(S:K356T) C22674T(S:S371F) T22679C(S:S373P) C22686T(S:S375F) A22688G(S:T376A) G22775A(S:D405N)	63	299	0.21070234113712374	22589	22781
C25321T(S:C1253C)	58	181	0.32044198895027626	25215	25355
(21764,6)(S:DEL69/70)	57	72	0.7916666666666666	21674	21817
G21987A(S:G142D) (21990,3)(S:DEL144)	55	95	0.5789473684210527	21949	22098
A24424T(S:Q954H) T24469A(S:N969K)	42	51	0.8235294117647058	24391	24517
C23525T(S:H655Y) G23562A	40	96	0.4166666666666667	23411	23562
T22882G(S:N440K) A22893C(S:K444T) T22917G(S:L452R) T22942A(S:N460K) G22992A(S:S477N) C22995A(S:T478K) A23013C(S:E484A) T23018G(S:F486V) A23055G(S:Q498R) A23063T(S:N501Y) T23075C(S:Y505H)	36	92	0.391304347826087	22850	23097
C25000T(S:D1146D)	36	39	0.9230769230769231	24926	25076
T23385A	30	90	0.3333333333333333	23250	23385
C22674T(S:S371F) T22679C(S:S373P) C22686T(S:S375F) A22688G(S:T376A)	29	330	0.08787878787878788	22595	22691
T22882G(S:N440K) T22917G(S:L452R) G22992A(S:S477N) C22995A(S:T478K) A23013C(S:E484A) T23018G(S:F486V) A23055G(S:Q498R) A23063T(S:N501Y) T23075C(S:Y505H)	27	92	0.29347826086956524	22850	23097
A23403G(S:D614G)	26	60	0.43333333333333335	23325	23467
C25413T(ORF3a:I7I)	24	293	0.08191126279863481	25377	25434
G21987A(S:G142D) T22099A(S:L179L)	23	27	0.8518518518518519	21949	22099
A23251G(S:Q563Q)	22	234	0.09401709401709402	23129	23277
T22200G(S:V213G)	22	29	0.7586206896551724	22129	22243
C23854A(S:N764K)	15	15	1.0	23773	23910
G25447A(ORF3a:E19K)	14	245	0.05714285714285714	25377	25518
C23525T(S:H655Y)	13	131	0.09923664122137404	23411	23561
C23525T(S:H655Y) A23535G(S:N658S) G23562A	11	96	0.11458333333333333	23411	23562
A25420T(ORF3a:I10F)	11	293	0.03754266211604096	25377	25434
T22882G(S:N440K) A22893C(S:K444T) T22917G(S:L452R) G22992A(S:S477N) C22995A(S:T478K) A23013C(S:E484A) T23018G(S:F486V) A23055G(S:Q498R) A23063T(S:N501Y) T23075C(S:Y505H)	10	92	0.10869565217391304	22850	23097
