Covariants	Count	Max_count	Freq	Coverage_start	Coverage_end
C22674T(S:S371F) T22679C(S:S373P) C22686T(S:S375F) A22688G(S:T376A) G22775A(S:D405N)	360	406	0.8866995073891626	22589	22781
(21764,6)(S:DEL69/70)	204	501	0.40718562874251496	21674	21817
T22882G(S:N440K) A22893C(S:K444T) T22917G(S:L452R) T22942A(S:N460K) G22992A(S:S477N) C22995A(S:T478K) A23013C(S:E484A) T23018G(S:F486V) A23055G(S:Q498R) A23063T(S:N501Y) T23075C(S:Y505H)	141	179	0.7877094972067039	22850	23097
A24424T(S:Q954H) T24469A(S:N969K)	64	74	0.8648648648648649	24388	24537
T22200G(S:V213G)	59	71	0.8309859154929577	22129	22243
A23403G(S:D614G) C23525T(S:H655Y) T23599G(S:N679K) C23604A(S:P681H)	55	70	0.7857142857142857	23325	23664
C23854A(S:N764K)	45	45	1.0	23690	23910
G21987A(S:G142D) T22099A(S:L179L)	38	69	0.5507246376811594	21952	22099
(21764,6)(S:DEL69/70) (21875,1)(S:DEL106)	32	469	0.06823027718550106	21674	21900
G21987A(S:G142D)	31	97	0.31958762886597936	21949	22016
C21727T(S:F55F) (21764,6)(S:DEL69/70)	30	490	0.061224489795918366	21674	21817
C25000T(S:D1146D)	26	44	0.5909090909090909	24926	25032
A23403G(S:D614G)	24	95	0.25263157894736843	23325	23468
C25487T(ORF3a:T32I)	21	301	0.06976744186046512	25377	25518
C22674T(S:S371F) T22679C(S:S373P) C22686T(S:S375F) A22688G(S:T376A)	19	430	0.044186046511627906	22589	22736
T22882G(S:N440K) A22893C(S:K444T) T22917G(S:L452R) G22992A(S:S477N) C22995A(S:T478K) A23013C(S:E484A) T23018G(S:F486V) A23055G(S:Q498R) A23063T(S:N501Y) T23075C(S:Y505H)	16	179	0.0893854748603352	22850	23097
C23525T(S:H655Y) C23533T(S:N657N) A23535G(S:N658S) C23604A(S:P681H)	14	96	0.14583333333333334	23411	23751
T23385A	13	108	0.12037037037037036	23250	23385
C21846T(S:T95I)	11	482	0.022821576763485476	21764	21900
T22882G(S:N440K) A22893C(S:K444T) T22917G(S:L452R) T22942A(S:N460K) G22992A(S:S477N) C22995A(S:T478K) A23055G(S:Q498R) A23063T(S:N501Y) T23075C(S:Y505H)	10	179	0.055865921787709494	22850	23197
(24885,'T')(S:INS1109)	10	25	0.4	24829	25170
