Covariants	Count	Max_count	Freq	Coverage_start	Coverage_end
C23525T(S:H655Y)	4897	13860	0.3533189033189033	23516	23525
A23403G(S:D614G)	3995	15231	0.2622940056463791	23402	23403
T24469A(S:N969K)	3460	4628	0.7476231633535004	24468	24477
A23403G(S:D614G) C23525T(S:H655Y)	3170	10518	0.3013880965963111	23402	23525
G24608A(S:A1016T)	2174	7347	0.2959030896964748	24607	24610
C23525T(S:H655Y) T23599G(S:N679K) C23604A(S:P681H)	2083	4577	0.45510159493117763	23524	23605
A23403G(S:D614G) C23525T(S:H655Y) T23599G(S:N679K) C23604A(S:P681H)	1236	3153	0.39200761179828736	23402	23605
T23599G(S:N679K) C23604A(S:P681H)	1098	5578	0.19684474722122625	23598	23607
A23403G(S:D614G) T23599G(S:N679K) C23604A(S:P681H)	627	3153	0.1988582302568982	23402	23606
T24469A(S:N969K) G24608A(S:A1016T)	626	3076	0.2035110533159948	24464	24611
G23948T(S:D796Y)	560	583	0.9605488850771869	23946	23963
C23854A(S:N764K)	496	909	0.5456545654565457	23828	23854
C23525T(S:H655Y) T23599G(S:N679K)	492	5455	0.09019248395967003	23524	23599
A24424T(S:Q954H) T24469A(S:N969K)	390	891	0.4377104377104377	24420	24470
T23599G(S:N679K) C23604A(S:P681H) C23854A(S:N764K)	375	397	0.9445843828715366	23597	23854
A23403G(S:D614G) C23525T(S:H655Y) T23599G(S:N679K)	367	3767	0.09742500663658084	23402	23599
A24424T(S:Q954H)	299	1204	0.24833887043189368	24373	24424
G21987A(S:G142D) G22017T(S:W152L)	56	129	0.43410852713178294	21978	22017
T22200G(S:V213G)	45	86	0.5232558139534884	22143	22201
T22882G(S:N440K) T22917G(S:L452R)	33	84	0.39285714285714285	22881	22924
G22578A(S:G339D)	30	60	0.5	22576	22580
G21987A(S:G142D)	24	136	0.17647058823529413	21912	21997
T23599G(S:N679K)	19	6456	0.002942998760842627	23501	23601
G21987A(S:G142D) G22017T(S:W152L) T22200G(S:V213G)	17	42	0.40476190476190477	21935	22201
A22786C(S:R408S) G22813T(S:K417N) T22882G(S:N440K) T22917G(S:L452R)	15	30	0.5	22778	22923
G21987A(S:G142D) T22200G(S:V213G)	14	42	0.3333333333333333	21911	22201
G22017T(S:W152L)	14	144	0.09722222222222222	22013	22094
G22578A(S:G339D) C22674T(S:S371F) T22679C(S:S373P) C22686T(S:S375F) A22688G(S:T376A)	12	27	0.4444444444444444	22571	22704
A22786C(S:R408S) G22813T(S:K417N) T22917G(S:L452R) G22992A(S:S477N) C22995A(S:T478K)	11	14	0.7857142857142857	22778	22997
C22674T(S:S371F) T22679C(S:S373P) C22686T(S:S375F) A22688G(S:T376A)	10	35	0.2857142857142857	22643	22704
A23403G(S:D614G) T23599G(S:N679K)	10	3767	0.002654632333421821	23401	23601
