Covariants	Count	Max_count	Freq	Coverage_start	Coverage_end
C21618T(S:T19I) (21632,9)(S:DEL25/27)	633	689	0.918722786647315	21613	21653
A23403G(S:D614G)	474	807	0.587360594795539	23402	23403
A24424T(S:Q954H) T24469A(S:N969K)	442	469	0.9424307036247335	24420	24470
A24424T(S:Q954H)	302	797	0.37892095357590966	24383	24424
C25000T(S:D1146D)	225	279	0.8064516129032258	24997	25000
A23403G(S:D614G) C23525T(S:H655Y)	222	303	0.7326732673267327	23401	23525
C23525T(S:H655Y)	202	687	0.2940320232896652	23514	23525
T24469A(S:N969K)	193	669	0.2884902840059791	24468	24497
C21618T(S:T19I)	173	878	0.1970387243735763	21527	21620
C23525T(S:H655Y) T23599G(S:N679K) C23604A(S:P681H)	132	183	0.7213114754098361	23524	23605
A23403G(S:D614G) C23525T(S:H655Y) T23599G(S:N679K) C23604A(S:P681H)	43	48	0.8958333333333334	23402	23607
G22992A(S:S477N) C22995A(S:T478K) A23013C(S:E484A) A23040G(S:Q493R) A23055G(S:Q498R) A23063T(S:N501Y) T23075C(S:Y505H)	41	44	0.9318181818181818	22989	23075
C23525T(S:H655Y) T23599G(S:N679K)	38	234	0.1623931623931624	23514	23599
C25000T(S:D1146D) T25110G(S:I1183S)	33	88	0.375	24997	25110
C24213T(S:S884F)	29	409	0.07090464547677261	24209	24285
C25416T(ORF3a:F8F)	16	87	0.1839080459770115	25364	25467
A23013C(S:E484A) A23040G(S:Q493R) A23055G(S:Q498R) A23063T(S:N501Y) T23075C(S:Y505H)	16	60	0.26666666666666666	23006	23111
A23063T(S:N501Y) T23075C(S:Y505H)	14	97	0.14432989690721648	23060	23179
A23403G(S:D614G) C23525T(S:H655Y) T23599G(S:N679K)	13	61	0.21311475409836064	23401	23601
T25110G(S:I1183S)	12	121	0.09917355371900827	25034	25117
T23075C(S:Y505H)	11	110	0.1	23074	23159
A23055G(S:Q498R) A23063T(S:N501Y) T23075C(S:Y505H)	11	81	0.13580246913580246	23048	23149
