Covariants	Count	Max_count	Freq	Coverage_start	Coverage_end
A23403G(S:D614G)	56	148	0.3783783783783784	23402	23404
G21770A(S:V70I)	16	49	0.32653061224489793	21735	21799
