Covariants	Count	Max_count	Freq	Coverage_start	Coverage_end
C21618T(S:T19I) (21632,9)(S:DEL25/27) T21810C(S:V83A) (21880,1)(S:DEL107)	3567	4233	0.8426647767540751	21616	21900
C21618T(S:T19I) (21632,9)(S:DEL25/27) T21810C(S:V83A)	1537	5886	0.26112810057764185	21565	21810
C21618T(S:T19I) (21632,9)(S:DEL25/27)	289	6158	0.04693082169535563	21565	21650
C21618T(S:T19I) (21632,9)(S:DEL25/27) T21810C(S:V83A) T21847G(S:T95T) (21880,1)(S:DEL107)	192	4233	0.04535790219702339	21565	21900
T21810C(S:V83A) (21880,1)(S:DEL107)	154	4400	0.035	21804	21900
C21618T(S:T19I) (21632,9)(S:DEL25/27) T21810C(S:V83A) T21837G(S:F92C) (21880,1)(S:DEL107)	53	4233	0.012520670918969998	21565	21900
C21618T(S:T19I) (21632,9)(S:DEL25/27) T21810C(S:V83A) (21880,1)(S:DEL107) A21894C(S:D111A)	29	4233	0.006850933144342074	21565	21900
C21618T(S:T19I) (21632,9)(S:DEL25/27) T21810C(S:V83A) T21837G(S:F92C) T21847G(S:T95T) (21880,1)(S:DEL107)	28	4233	0.006614694070399244	21565	21900
(21632,9)(S:DEL25/27) T21810C(S:V83A) (21880,1)(S:DEL107)	25	4234	0.005904581955597544	21619	21900
C21618T(S:T19I) (21632,9)(S:DEL25/27) T21704C(S:L48L) T21810C(S:V83A) (21880,1)(S:DEL107)	21	4233	0.004961020552799433	21565	21900
C21618T(S:T19I) (21632,9)(S:DEL25/27) T21810C(S:V83A) T21819G(S:F86C) (21880,1)(S:DEL107)	20	4233	0.004724781478856603	21565	21900
C21588G(S:P9R) C21618T(S:T19I) (21632,9)(S:DEL25/27) T21810C(S:V83A) (21880,1)(S:DEL107)	18	4230	0.00425531914893617	21565	21900
(21632,9)(S:DEL25/27) T21810C(S:V83A)	15	5887	0.002547987090198743	21565	21825
C21618T(S:T19I) (21632,9)(S:DEL25/27) (21880,1)(S:DEL107)	11	4233	0.0025986298133711316	21565	21900
T21572G(S:F4V) C21618T(S:T19I) (21632,9)(S:DEL25/27) T21810C(S:V83A)	11	5883	0.0018697943226245112	21565	21842
C21618T(S:T19I) (21632,9)(S:DEL25/27) T21810C(S:V83A) G21824C(S:D88H) (21880,1)(S:DEL107)	11	4233	0.0025986298133711316	21565	21900
C21618T(S:T19I) (21632,9)(S:DEL25/27) T21810C(S:V83A) T21818G(S:F86V) (21880,1)(S:DEL107)	10	4233	0.0023623907394283014	21565	21900
