Covariants	Count	Max_count	Freq	Coverage_start	Coverage_end
C21618T(S:T19I) (21632,9)(S:DEL25/27)	41	140	0.29285714285714287	21590	21645
(21569,1)(S:DEL4) C21618T(S:T19I) (21632,9)(S:DEL25/27)	11	98	0.11224489795918367	21565	21646
