Covariants	Count	Max_count	Freq	Coverage_start	Coverage_end
A23403G(S:D614G)	324	733	0.44201909959072305	23402	23403
C23525T(S:H655Y)	241	681	0.35389133627019087	23507	23525
A23403G(S:D614G) C23525T(S:H655Y)	136	387	0.35142118863049093	23402	23525
C23525T(S:H655Y) T23599G(S:N679K) C23604A(S:P681H)	90	204	0.4411764705882353	23524	23606
C25000T(S:D1146D)	57	64	0.890625	24987	25000
T23599G(S:N679K) C23604A(S:P681H)	56	236	0.23728813559322035	23592	23606
A23055G(S:Q498R) A23063T(S:N501Y) T23075C(S:Y505H)	50	170	0.29411764705882354	23054	23116
A23013C(S:E484A) T23018G(S:F486V) A23055G(S:Q498R) A23063T(S:N501Y) T23075C(S:Y505H)	39	101	0.38613861386138615	23009	23088
A23403G(S:D614G) C23525T(S:H655Y) T23599G(S:N679K) C23604A(S:P681H)	39	98	0.3979591836734694	23402	23605
C21618T(S:T19I) (21632,9)(S:DEL25/27)	38	41	0.926829268292683	21591	21654
G22992A(S:S477N) C22995A(S:T478K) A23013C(S:E484A) T23018G(S:F486V) A23055G(S:Q498R) A23063T(S:N501Y) T23075C(S:Y505H)	37	54	0.6851851851851852	22989	23075
T24469A(S:N969K)	35	51	0.6862745098039216	24460	24483
A23403G(S:D614G) T23599G(S:N679K) C23604A(S:P681H)	29	98	0.29591836734693877	23402	23607
A23063T(S:N501Y) T23075C(S:Y505H)	26	198	0.13131313131313133	23060	23154
C23525T(S:H655Y) T23599G(S:N679K)	24	237	0.10126582278481013	23524	23599
T23075C(S:Y505H)	18	216	0.08333333333333333	23072	23157
A24424T(S:Q954H)	18	62	0.2903225806451613	24357	24428
C23854A(S:N764K)	14	21	0.6666666666666666	23821	23854
A24424T(S:Q954H) T24469A(S:N969K)	14	40	0.35	24420	24474
C21618T(S:T19I)	13	57	0.22807017543859648	21540	21622
G22992A(S:S477N) C22995A(S:T478K) A23013C(S:E484A) T23018G(S:F486V) A23055G(S:Q498R)	12	64	0.1875	22978	23059
T23018G(S:F486V) A23055G(S:Q498R) A23063T(S:N501Y) T23075C(S:Y505H)	12	111	0.10810810810810811	23016	23096
G21987A(S:G142D)	11	12	0.9166666666666666	21953	21997
