Covariants	Count	Max_count	Freq	Coverage_start	Coverage_end
A23403G(S:D614G)	85	253	0.3359683794466403	23402	23404
G21770A(S:V70I)	11	58	0.1896551724137931	21735	21799
