Covariants	Count	Max_count	Freq	Coverage_start	Coverage_end
A23403G(S:D614G)	139	322	0.43167701863354035	23402	23406
A21700G(S:S46S)	25	108	0.23148148148148148	21696	21726
