Covariants	Count	Max_count	Freq	Coverage_start	Coverage_end
T24469A(S:N969K)	24	36	0.6666666666666666	24452	24536
C21618T(S:T19I) (21632,9)(S:DEL25/27)	18	52	0.34615384615384615	21565	21655
C25416T(ORF3a:F8F)	10	12	0.8333333333333334	25357	25438
