Covariants	Count	Max_count	Freq	Coverage_start	Coverage_end
T24469A(S:N969K)	87	118	0.7372881355932204	24452	24532
G23948T(S:D796Y)	18	48	0.375	23880	23960
C25416T(ORF3a:F8F)	14	272	0.051470588235294115	25385	25437
(25100,1)(S:DEL1181)	10	141	0.07092198581560284	25080	25160
