Covariants	Count	Max_count	Freq	Coverage_start	Coverage_end
(21764,6)(S:DEL69/70)	131	161	0.8136645962732919	21674	21817
C22674T(S:S371F) T22679C(S:S373P) C22686T(S:S375F) A22688G(S:T376A) G22775A(S:D405N)	92	102	0.9019607843137255	22589	22781
C25000T(S:D1146D)	50	53	0.9433962264150944	24926	25076
T22200G(S:V213G)	43	56	0.7678571428571429	22129	22243
T23385A	38	96	0.3958333333333333	23250	23385
G21987A(S:G142D) T22099A(S:L179L)	37	52	0.7115384615384616	21949	22099
C23525T(S:H655Y) G23562A	27	36	0.75	23411	23562
T22882G(S:N440K) A22910G(S:N450D) T22917G(S:L452R) G22992A(S:S477N) C22995A(S:T478K) A23013C(S:E484A) T23018G(S:F486V) A23055G(S:Q498R) A23063T(S:N501Y) T23075C(S:Y505H)	25	85	0.29411764705882354	22850	23097
T22882G(S:N440K) T22917G(S:L452R) G22992A(S:S477N) C22995A(S:T478K) A23013C(S:E484A) T23018G(S:F486V) A23055G(S:Q498R) A23063T(S:N501Y) T23075C(S:Y505H)	25	85	0.29411764705882354	22850	23097
A23403G(S:D614G)	24	53	0.4528301886792453	23325	23439
C22674T(S:S371F) T22679C(S:S373P) C22686T(S:S375F) A22688G(S:T376A)	20	127	0.15748031496062992	22589	22736
C22326T(S:S255F)	20	259	0.07722007722007722	22208	22347
T22882G(S:N440K) A22893C(S:K444T) T22917G(S:L452R) G22992A(S:S477N) C22995A(S:T478K) A23013C(S:E484A) T23018G(S:F486V) A23055G(S:Q498R) A23063T(S:N501Y) T23075C(S:Y505H)	14	85	0.16470588235294117	22850	23097
T25478C(ORF3a:V29A)	14	189	0.07407407407407407	25377	25518
A23403G(S:D614G) G23417C(S:E619Q)	12	53	0.22641509433962265	23325	23468
A23403G(S:D614G) C23525T(S:H655Y)	10	15	0.6666666666666666	23325	23561
A24424T(S:Q954H) T24469A(S:N969K)	10	25	0.4	24388	24534
