Covariants	Count	Max_count	Freq	Coverage_start	Coverage_end
(21764,6)(S:DEL69/70)	79	86	0.9186046511627907	21674	21806
C22674T(S:S371F) T22679C(S:S373P) C22686T(S:S375F) A22688G(S:T376A) G22775A(S:D405N)	48	72	0.6666666666666666	22657	22781
A22629C(S:K356T) C22674T(S:S371F) T22679C(S:S373P) C22686T(S:S375F) A22688G(S:T376A) G22775A(S:D405N)	21	71	0.29577464788732394	22589	22781
T22200G(S:V213G)	14	14	1.0	22129	22243
T22882G(S:N440K) A22893C(S:K444T) T22917G(S:L452R) T22942A(S:N460K) G22992A(S:S477N) C22995A(S:T478K) A23013C(S:E484A) T23018G(S:F486V) A23055G(S:Q498R) A23063T(S:N501Y) T23075C(S:Y505H)	12	14	0.8571428571428571	22850	23097
C23854A(S:N764K)	12	13	0.9230769230769231	23690	23910
G22331A(S:G257S)	10	75	0.13333333333333333	22307	22449
C23525T(S:H655Y) G23562A	10	18	0.5555555555555556	23410	23562
