Covariants	Count	Max_count	Freq	Coverage_start	Coverage_end
C22674T(S:S371F) T22679C(S:S373P) C22686T(S:S375F) A22688G(S:T376A) G22775A(S:D405N)	203	251	0.8087649402390438	22591	22781
(21764,6)(S:DEL69/70)	128	163	0.7852760736196319	21674	21817
T22882G(S:N440K) T22917G(S:L452R) G22992A(S:S477N) C22995A(S:T478K) A23013C(S:E484A) T23018G(S:F486V) A23055G(S:Q498R) A23063T(S:N501Y) T23075C(S:Y505H)	94	131	0.7175572519083969	22850	23097
C25000T(S:D1146D)	87	95	0.9157894736842105	24926	25076
A23403G(S:D614G) C23525T(S:H655Y)	41	75	0.5466666666666666	23325	23561
T22200G(S:V213G)	31	35	0.8857142857142857	22196	22243
A24424T(S:Q954H) T24469A(S:N969K)	28	62	0.45161290322580644	24388	24537
C23525T(S:H655Y) T23599G(S:N679K) C23604A(S:P681H)	24	68	0.35294117647058826	23411	23663
C23525T(S:H655Y)	23	153	0.1503267973856209	23411	23551
G22992A(S:S477N) C22995A(S:T478K) A23013C(S:E484A) T23018G(S:F486V) A23055G(S:Q498R) A23063T(S:N501Y) T23075C(S:Y505H)	20	151	0.13245033112582782	22978	23096
A23403G(S:D614G)	20	96	0.20833333333333334	23338	23439
C23525T(S:H655Y) G23562A	19	87	0.21839080459770116	23411	23562
G21987A(S:G142D)	18	39	0.46153846153846156	21949	22012
C22674T(S:S371F) T22679C(S:S373P) C22686T(S:S375F) A22688G(S:T376A) T22729G(S:D389E) G22775A(S:D405N)	16	251	0.06374501992031872	22589	22781
A23403G(S:D614G) C23525T(S:H655Y) T23599G(S:N679K) C23604A(S:P681H)	15	27	0.5555555555555556	23325	23664
G21987A(S:G142D) T22099A(S:L179L)	14	21	0.6666666666666666	21949	22099
C23854A(S:N764K)	13	20	0.65	23762	23910
T22882G(S:N440K) A22893C(S:K444T) T22917G(S:L452R) T22942A(S:N460K) G22992A(S:S477N) C22995A(S:T478K) A23013C(S:E484A) T23018G(S:F486V) A23055G(S:Q498R) A23063T(S:N501Y) T23075C(S:Y505H)	11	131	0.08396946564885496	22850	23097
A24424T(S:Q954H) A24452T(S:K964*) T24469A(S:N969K)	11	62	0.1774193548387097	24388	24621
