Covariants	Count	Max_count	Freq	Coverage_start	Coverage_end
A23403G(S:D614G)	53	161	0.32919254658385094	23402	23404
G21770A(S:V70I)	12	84	0.14285714285714285	21735	21799
C21721T(S:D53D)	11	80	0.1375	21719	21746
