Covariants	Count	Max_count	Freq	Coverage_start	Coverage_end
G22578A(S:G339D)	379	395	0.959493670886076	22540	22578
A23403G(S:D614G)	62	221	0.28054298642533937	23402	23404
T24469A(S:N969K)	34	37	0.918918918918919	24468	24505
G22577C	23	427	0.053864168618266976	22533	22577
C23525T(S:H655Y)	18	20	0.9	23524	23558
C25000T(S:D1146D)	15	42	0.35714285714285715	24996	25000
