Covariants	Count	Max_count	Freq	Coverage_start	Coverage_end
T24469A(S:N969K)	20982	23117	0.9076437253968941	24468	24470
C25000T(S:D1146D)	2556	3139	0.8142720611659764	24997	25000
A24424T(S:Q954H)	1630	4895	0.33299284984678246	24414	24424
T23599G(S:N679K) C23604A(S:P681H)	1536	2267	0.6775474194971328	23598	23607
A24424T(S:Q954H) T24469A(S:N969K)	1424	3197	0.44541757898029405	24422	24470
C23854A(S:N764K)	1410	2172	0.649171270718232	23828	23854
T23599G(S:N679K) C23604A(S:P681H) C23854A(S:N764K)	665	694	0.9582132564841499	23598	23854
T22200G(S:V213G)	180	182	0.989010989010989	22199	22200
G23948T(S:D796Y)	49	64	0.765625	23941	23973
C24575T(S:Q1005*)	38	38545	0.0009858606823193669	24573	24579
C23604A(S:P681H)	24	2283	0.010512483574244415	23602	23666
C21618T(S:T19I) (21632,9)(S:DEL25/27)	17	24	0.7083333333333334	21605	21668
A23403G(S:D614G)	14	38	0.3684210526315789	23401	23410
A24780G(S:K1073R)	14	18014	0.0007771733096480515	24776	24784
C23604A(S:P681H) C23854A(S:N764K)	13	700	0.018571428571428572	23602	23854
(24672,1)(S:DEL1038)	13	41158	0.0003158559696778269	24659	24710
T24469A(S:N969K) A24545G(S:R995G)	11	17142	0.0006416987516042468	24461	24585
C23525T(S:H655Y)	10	29	0.3448275862068966	23469	23528
T24664C(S:L1034L)	10	42555	0.0002349900129244507	24659	24668
