Covariants	Count	Max_count	Freq	Coverage_start	Coverage_end
(21764,6)(S:DEL69/70)	128	155	0.8258064516129032	21705	21773
G22317T(S:G252V)	80	278	0.28776978417266186	22207	22347
T23385A	77	167	0.46107784431137727	23250	23385
A23403G(S:D614G)	62	88	0.7045454545454546	23325	23468
C25416T(ORF3a:F8F)	48	142	0.3380281690140845	25377	25434
A22320G(S:D253G)	41	278	0.1474820143884892	22207	22344
C23525T(S:H655Y) G23562A	33	56	0.5892857142857143	23411	23562
T21810C(S:V83A)	22	160	0.1375	21765	21900
C22664A(S:L368I) C22674T(S:S371F) T22679C(S:S373P) C22686T(S:S375F) A22688G(S:T376A) G22775A(S:D405N)	19	39	0.48717948717948717	22589	22781
G21987A(S:G142D) T22099A(S:L179L)	18	31	0.5806451612903226	21949	22099
C22674T(S:S371F) T22679C(S:S373P) C22686T(S:S375F) A22688G(S:T376A) G22775A(S:D405N)	18	39	0.46153846153846156	22657	22781
(23289,3)(S:DEL577) T23293G(S:R577V) (23296,1)(S:DEL579) A23301G(S:Q580R) A23403G(S:D614G)	17	67	0.2537313432835821	23250	23468
T22200G(S:V213G)	16	30	0.5333333333333333	22129	22243
C23422T(S:V620V) C23525T(S:H655Y) G23562A	16	56	0.2857142857142857	23411	23562
C23854A(S:N764K)	16	16	1.0	23690	23910
C23601T T23752A(S:S730S)	13	48	0.2708333333333333	23600	23752
(23155,'A')(S:INS532)	12	149	0.08053691275167785	23129	23277
(25381,1)(S:DEL1274)	12	143	0.08391608391608392	25377	25518
