Covariants	Count	Max_count	Freq	Coverage_start	Coverage_end
C25000T(S:D1146D)	34	39	0.8717948717948718	24993	25000
A24424T(S:Q954H) T24469A(S:N969K)	20	23	0.8695652173913043	24419	24470
A24424T(S:Q954H)	18	41	0.43902439024390244	24339	24424
C21618T(S:T19I) (21632,9)(S:DEL25/27)	17	17	1.0	21591	21662
A23013C(S:E484A) A23040G(S:Q493R) A23055G(S:Q498R) A23063T(S:N501Y) T23075C(S:Y505H)	12	22	0.5454545454545454	23006	23116
