Covariants	Count	Max_count	Freq	Coverage_start	Coverage_end
T24469A(S:N969K)	67	79	0.8481012658227848	24452	24532
(25100,1)(S:DEL1181)	15	126	0.11904761904761904	25080	25160
A23403G(S:D614G)	13	17	0.7647058823529411	23250	23413
