Covariants	Count	Max_count	Freq	Coverage_start	Coverage_end
T24469A(S:N969K)	715	799	0.8948685857321652	24468	24532
A23403G(S:D614G)	217	497	0.43661971830985913	23402	23403
C21618T(S:T19I) (21632,9)(S:DEL25/27)	180	279	0.6451612903225806	21615	21652
(21764,6)(S:DEL69/70)	150	322	0.4658385093167702	21755	21780
C23525T(S:H655Y)	136	456	0.2982456140350877	23494	23525
A23403G(S:D614G) C23525T(S:H655Y)	92	271	0.33948339483394835	23402	23525
C21618T(S:T19I) (21632,9)(S:DEL25/27) (21764,6)(S:DEL69/70)	74	133	0.556390977443609	21613	21780
C23525T(S:H655Y) G23587A(S:Q675Q) T23599G(S:N679K) C23604A(S:P681H)	71	142	0.5	23524	23607
C25000T(S:D1146D)	32	42	0.7619047619047619	24996	25000
G23587A(S:Q675Q) T23599G(S:N679K) C23604A(S:P681H)	29	159	0.18238993710691823	23579	23607
A23403G(S:D614G) C23525T(S:H655Y) G23587A(S:Q675Q) T23599G(S:N679K) C23604A(S:P681H)	26	61	0.4262295081967213	23400	23605
T22882G(S:N440K) T22917G(S:L452R)	19	102	0.18627450980392157	22881	22920
A23055G(S:Q498R) A23063T(S:N501Y) T23075C(S:Y505H)	17	59	0.288135593220339	23054	23116
C23525T(S:H655Y) G23587A(S:Q675Q) T23599G(S:N679K)	16	168	0.09523809523809523	23501	23599
A22786C(S:R408S) G22813T(S:K417N)	15	52	0.28846153846153844	22782	22860
T22200G(S:V213G)	13	14	0.9285714285714286	22172	22201
A23013C(S:E484A) T23018G(S:F486V) A23055G(S:Q498R) A23063T(S:N501Y) T23075C(S:Y505H)	12	41	0.2926829268292683	23006	23093
G22992A(S:S477N) C22995A(S:T478K) A23013C(S:E484A) T23018G(S:F486V) A23055G(S:Q498R) A23063T(S:N501Y) T23075C(S:Y505H)	12	27	0.4444444444444444	22988	23075
T22917G(S:L452R) G22992A(S:S477N) C22995A(S:T478K)	11	75	0.14666666666666667	22916	22997
A23403G(S:D614G) G23587A(S:Q675Q) T23599G(S:N679K) C23604A(S:P681H)	10	61	0.16393442622950818	23401	23607
