Covariants	Count	Max_count	Freq	Coverage_start	Coverage_end
A23403G(S:D614G)	747	2460	0.30365853658536585	23402	23403
C23525T(S:H655Y)	674	2110	0.3194312796208531	23516	23525
A23403G(S:D614G) C23525T(S:H655Y)	547	1625	0.3366153846153846	23402	23525
C23525T(S:H655Y) T23599G(S:N679K) C23604A(S:P681H)	288	717	0.401673640167364	23524	23606
T24469A(S:N969K)	239	417	0.5731414868105515	24458	24503
A23403G(S:D614G) C23525T(S:H655Y) T23599G(S:N679K) C23604A(S:P681H)	211	519	0.40655105973025046	23402	23605
A24424T(S:Q954H) T24469A(S:N969K)	170	399	0.42606516290726815	24420	24471
A24424T(S:Q954H)	137	537	0.25512104283054005	24409	24424
G22578A(S:G339D) G22599C(S:R346T)	109	276	0.39492753623188404	22571	22599
A23403G(S:D614G) T23599G(S:N679K) C23604A(S:P681H)	105	519	0.2023121387283237	23402	23607
T23599G(S:N679K) C23604A(S:P681H)	98	719	0.13630041724617525	23526	23607
C22674T(S:S371F) T22679C(S:S373P) C22686T(S:S375F) A22688G(S:T376A)	96	190	0.5052631578947369	22652	22699
C23525T(S:H655Y) T23599G(S:N679K)	74	840	0.0880952380952381	23516	23600
A23403G(S:D614G) C23525T(S:H655Y) T23599G(S:N679K)	46	597	0.07705192629815745	23402	23599
G22936C(S:K458N) A22996T(S:T478T)	30	153	0.19607843137254902	22934	22997
G22578A(S:G339D) G22599C(S:R346T) C22674T(S:S371F) T22679C(S:S373P) C22686T(S:S375F) A22688G(S:T376A)	26	155	0.16774193548387098	22556	22697
G22775A(S:D405N)	22	78	0.28205128205128205	22697	22781
C22783G(S:V407V) T22843A(S:D427E)	22	102	0.21568627450980393	22778	22861
T22843A(S:D427E) T22876A(S:S438S) G22936C(S:K458N) A22996T(S:T478T)	20	85	0.23529411764705882	22840	22997
T22843A(S:D427E) T22876A(S:S438S)	19	153	0.12418300653594772	22834	22890
T22876A(S:S438S) G22936C(S:K458N) A22996T(S:T478T)	18	114	0.15789473684210525	22864	22997
T22882G(S:N440K) T22917G(S:L452R)	16	188	0.0851063829787234	22881	22930
C22783G(S:V407V) T22843A(S:D427E) G22936C(S:K458N) A22996T(S:T478T)	14	45	0.3111111111111111	22778	23005
C22686T(S:S375F) A22688G(S:T376A) G22775A(S:D405N)	13	70	0.18571428571428572	22682	22781
G22578A(S:G339D) G22599C(S:R346T) G22775A(S:D405N)	13	41	0.3170731707317073	22563	22781
C22783G(S:V407V) T22843A(S:D427E) T22876A(S:S438S)	12	80	0.15	22782	22882
C22674T(S:S371F) T22679C(S:S373P) C22686T(S:S375F) A22688G(S:T376A) G22775A(S:D405N)	11	60	0.18333333333333332	22641	22778
T22876A(S:S438S) G22936C(S:K458N)	10	158	0.06329113924050633	22856	22938
