Covariants	Count	Max_count	Freq	Coverage_start	Coverage_end
A23403G(S:D614G)	14	45	0.3111111111111111	23402	23404
C21721T(S:D53D)	12	23	0.5217391304347826	21716	21746
