Covariants	Count	Max_count	Freq	Coverage_start	Coverage_end
T24469A(S:N969K)	354	451	0.7849223946784922	24452	24532
T24469A(S:N969K) (24488,1)(S:DEL977)	22	451	0.04878048780487805	24452	24535
T24469A(S:N969K) (24488,'T')(S:INS977)	14	451	0.031042128603104215	24452	24536
(24464,1)(S:DEL969) T24469A(S:N969K)	12	451	0.026607538802660754	24452	24538
