Covariants	Count	Max_count	Freq	Coverage_start	Coverage_end
A23403G(S:D614G)	64	154	0.4155844155844156	23402	23404
G21770A(S:V70I)	12	35	0.34285714285714286	21735	21799
