Covariants	Count	Max_count	Freq	Coverage_start	Coverage_end
A23403G(S:D614G)	51	127	0.4015748031496063	23402	23404
C21721T(S:D53D)	10	67	0.14925373134328357	21715	21746
