Covariants	Count	Max_count	Freq	Coverage_start	Coverage_end
A23403G(S:D614G)	52	157	0.33121019108280253	23402	23404
G21770A(S:V70I)	14	55	0.2545454545454545	21735	21799
