Covariants	Count	Max_count	Freq	Coverage_start	Coverage_end
A23403G(S:D614G)	33	136	0.2426470588235294	23402	23404
G21770A(S:V70I)	11	28	0.39285714285714285	21735	21799
