Covariants	Count	Max_count	Freq	Coverage_start	Coverage_end
A23403G(S:D614G)	30	86	0.3488372093023256	23402	23404
G21770A(S:V70I)	10	19	0.5263157894736842	21735	21799
