Covariants	Count	Max_count	Freq	Coverage_start	Coverage_end
T24469A(S:N969K)	122	221	0.5520361990950227	24452	24532
T24469A(S:N969K) A24532G(S:E990E)	54	221	0.24434389140271492	24452	24532
G23948T(S:D796Y)	25	58	0.43103448275862066	23880	23960
(25100,1)(S:DEL1181)	13	126	0.10317460317460317	25080	25160
