Covariants	Count	Max_count	Freq	Coverage_start	Coverage_end
C23525T(S:H655Y)	2404	6131	0.39210569238297177	23507	23525
A23403G(S:D614G)	2322	7207	0.3221867628694325	23402	23403
(25319,1)(S:DEL1254) C25339T(S:D1259D)	1652	5263	0.3138894166825005	25316	25339
A23403G(S:D614G) C23525T(S:H655Y)	1623	4630	0.35053995680345573	23402	23525
C25000T(S:D1146D)	924	1220	0.7573770491803279	24998	25000
A23055G(S:Q498R) A23063T(S:N501Y) T23075C(S:Y505H)	891	2082	0.42795389048991356	23054	23116
C23525T(S:H655Y) T23599G(S:N679K) C23604A(S:P681H)	657	1542	0.4260700389105058	23524	23605
T23599G(S:N679K) C23604A(S:P681H)	618	2294	0.26939843068875324	23598	23607
T24469A(S:N969K)	410	653	0.6278713629402757	24460	24482
A23403G(S:D614G) C23525T(S:H655Y) T23599G(S:N679K) C23604A(S:P681H)	395	975	0.40512820512820513	23402	23605
C25339T(S:D1259D)	380	5302	0.07167106752168993	25334	25342
A23013C(S:E484A) T23018G(S:F486V) A23055G(S:Q498R) A23063T(S:N501Y) T23075C(S:Y505H)	363	1033	0.3514036786060019	23011	23088
G22992A(S:S477N) C22995A(S:T478K) A23013C(S:E484A) T23018G(S:F486V) A23055G(S:Q498R) A23063T(S:N501Y) T23075C(S:Y505H)	321	635	0.5055118110236221	22989	23075
C23854A(S:N764K)	279	564	0.4946808510638298	23816	23854
A23063T(S:N501Y) T23075C(S:Y505H)	265	2350	0.1127659574468085	23062	23125
A23403G(S:D614G) T23599G(S:N679K) C23604A(S:P681H)	265	975	0.2717948717948718	23402	23606
A24424T(S:Q954H)	257	907	0.28335170893054024	24420	24424
T23599G(S:N679K) C23604A(S:P681H) C23854A(S:N764K)	257	272	0.9448529411764706	23598	23854
A24424T(S:Q954H) T24469A(S:N969K)	214	611	0.3502454991816694	24420	24470
T23075C(S:Y505H)	194	2552	0.07601880877742946	23074	23149
(25319,1)(S:DEL1254)	164	5379	0.030488938464398586	25316	25324
G22992A(S:S477N) C22995A(S:T478K) A23013C(S:E484A) T23018G(S:F486V) A23055G(S:Q498R)	162	678	0.23893805309734514	22978	23058
C23525T(S:H655Y) T23599G(S:N679K)	144	1819	0.07916437603078615	23524	23599
G22992A(S:S477N) C22995A(S:T478K) A23013C(S:E484A) T23018G(S:F486V) A23055G(S:Q498R) A23063T(S:N501Y)	129	668	0.19311377245508982	22988	23064
A23403G(S:D614G) C23525T(S:H655Y) T23599G(S:N679K)	117	1186	0.09865092748735245	23401	23600
T23018G(S:F486V) A23055G(S:Q498R) A23063T(S:N501Y) T23075C(S:Y505H)	115	1150	0.1	23017	23096
C22995A(S:T478K) A23013C(S:E484A) T23018G(S:F486V) A23055G(S:Q498R) A23063T(S:N501Y) T23075C(S:Y505H)	21	673	0.031203566121842496	22994	23086
A23013C(S:E484A) T23018G(S:F486V) A23055G(S:Q498R) T23075C(S:Y505H)	10	1033	0.00968054211035818	23006	23170
