Covariants	Count	Max_count	Freq	Coverage_start	Coverage_end
T24469A(S:N969K)	1331	1600	0.831875	24468	24476
C21618T(S:T19I) (21632,9)(S:DEL25/27)	307	473	0.6490486257928119	21616	21648
(21764,6)(S:DEL69/70)	229	508	0.4507874015748031	21756	21780
A23403G(S:D614G)	218	510	0.42745098039215684	23400	23403
C25000T(S:D1146D)	196	249	0.7871485943775101	24997	25000
C23525T(S:H655Y)	169	466	0.3626609442060086	23507	23525
T23599G(S:N679K) C23604A(S:P681H)	117	291	0.4020618556701031	23597	23607
A24424T(S:Q954H)	114	348	0.3275862068965517	24419	24424
C21618T(S:T19I) (21632,9)(S:DEL25/27) (21764,6)(S:DEL69/70)	109	202	0.5396039603960396	21613	21780
A24424T(S:Q954H) T24469A(S:N969K)	101	213	0.47417840375586856	24420	24470
A23403G(S:D614G) C23525T(S:H655Y)	89	266	0.33458646616541354	23401	23525
C23854A(S:N764K)	86	131	0.6564885496183206	23828	23854
C23525T(S:H655Y) T23599G(S:N679K) C23604A(S:P681H)	70	156	0.44871794871794873	23524	23606
A23403G(S:D614G) C23525T(S:H655Y) T23599G(S:N679K) C23604A(S:P681H)	33	68	0.4852941176470588	23402	23605
T23599G(S:N679K) C23604A(S:P681H) C23854A(S:N764K)	32	35	0.9142857142857143	23598	23854
G22578A(S:G339D) G22599C(S:R346T)	30	56	0.5357142857142857	22569	22608
(21632,9)(S:DEL25/27)	25	475	0.05263157894736842	21620	21653
G21987A(S:G142D)	18	25	0.72	21968	21997
A23403G(S:D614G) T23599G(S:N679K) C23604A(S:P681H)	18	68	0.2647058823529412	23402	23607
(21632,9)(S:DEL25/27) (21764,6)(S:DEL69/70)	15	203	0.07389162561576355	21618	21794
C21618T(S:T19I)	13	488	0.02663934426229508	21539	21622
C23525T(S:H655Y) T23599G(S:N679K)	13	177	0.07344632768361582	23520	23601
