Covariants	Count	Max_count	Freq	Coverage_start	Coverage_end
A23403G(S:D614G)	55	165	0.3333333333333333	23402	23404
G21770A(S:V70I)	10	52	0.19230769230769232	21735	21799
