Covariants	Count	Max_count	Freq	Coverage_start	Coverage_end
T23599G(S:N679K) C23604A(S:P681H)	4486	7599	0.5903408343203053	23598	23659
C23854A(S:N764K)	3753	6865	0.5466860888565186	23826	23854
T23599G(S:N679K) C23604A(S:P681H) C23854A(S:N764K)	2853	2951	0.9667909183327685	23598	23854
C23604A(S:P681H)	56	7647	0.007323133254871191	23602	23666
C23604A(S:P681H) C23854A(S:N764K)	23	2967	0.007751937984496124	23602	23854
