Covariants	Count	Max_count	Freq	Coverage_start	Coverage_end
A23403G(S:D614G)	56	177	0.3163841807909605	23402	23404
G21770A(S:V70I)	15	38	0.39473684210526316	21735	21799
