Covariants	Count	Max_count	Freq	Coverage_start	Coverage_end
A23403G(S:D614G)	513	1030	0.4980582524271845	23402	23403
C21618T(S:T19I) (21632,9)(S:DEL25/27)	313	434	0.7211981566820277	21613	21654
A23403G(S:D614G) C23525T(S:H655Y)	268	467	0.5738758029978587	23402	23525
C23525T(S:H655Y)	240	960	0.25	23514	23525
C23525T(S:H655Y) T23599G(S:N679K) C23604A(S:P681H)	182	301	0.6046511627906976	23524	23605
C25000T(S:D1146D)	153	175	0.8742857142857143	24997	25000
C25413T(ORF3a:I7I)	139	243	0.5720164609053497	25325	25413
A23403G(S:D614G) C23525T(S:H655Y) T23599G(S:N679K) C23604A(S:P681H)	95	111	0.8558558558558559	23402	23606
C21575T(S:L5F) C21618T(S:T19I) (21632,9)(S:DEL25/27)	85	172	0.4941860465116279	21565	21654
C25416T(ORF3a:F8F)	80	241	0.33195020746887965	25381	25434
T22200G(S:V213G)	66	81	0.8148148148148148	22192	22201
C23525T(S:H655Y) T23599G(S:N679K)	61	408	0.14950980392156862	23517	23599
G21987A(S:G142D)	45	69	0.6521739130434783	21973	21998
A23403G(S:D614G) C23525T(S:H655Y) T23599G(S:N679K)	42	159	0.2641509433962264	23402	23601
A21768C(S:H69P)	16	632	0.02531645569620253	21679	21775
T25288C(S:S1242S)	14	611	0.022913256955810146	25210	25294
G21987A(S:G142D) T22200G(S:V213G)	10	14	0.7142857142857143	21958	22201
