Covariants	Count	Max_count	Freq	Coverage_start	Coverage_end
(21764,6)(S:DEL69/70)	322	671	0.4798807749627422	21757	21780
T24469A(S:N969K)	205	247	0.8299595141700404	24468	24505
C21618T(S:T19I) (21632,9)(S:DEL25/27)	192	580	0.3310344827586207	21613	21662
T21570G(S:V3G) C21618T(S:T19I) (21632,9)(S:DEL25/27)	179	277	0.6462093862815884	21569	21651
C21618T(S:T19I) (21632,9)(S:DEL25/27) (21764,6)(S:DEL69/70)	91	289	0.314878892733564	21615	21780
A23403G(S:D614G)	68	144	0.4722222222222222	23402	23403
T21570G(S:V3G) C21618T(S:T19I) (21632,9)(S:DEL25/27) (21764,6)(S:DEL69/70)	64	121	0.5289256198347108	21569	21780
A23055G(S:Q498R) A23063T(S:N501Y) T23075C(S:Y505H)	54	196	0.2755102040816326	23053	23113
T23599G(S:N679K) C23604A(S:P681H)	48	99	0.48484848484848486	23597	23607
C23525T(S:H655Y)	45	150	0.3	23486	23525
C23854A(S:N764K)	38	50	0.76	23813	23854
A23403G(S:D614G) C23525T(S:H655Y)	34	81	0.41975308641975306	23401	23525
A23063T(S:N501Y) T23075C(S:Y505H)	28	223	0.12556053811659193	23060	23128
C23525T(S:H655Y) T23599G(S:N679K) C23604A(S:P681H)	26	44	0.5909090909090909	23524	23605
A23013C(S:E484A) T23018G(S:F486V) A23055G(S:Q498R) A23063T(S:N501Y) T23075C(S:Y505H)	20	59	0.3389830508474576	23008	23091
T23075C(S:Y505H)	19	243	0.07818930041152264	23074	23166
A24424T(S:Q954H) T24469A(S:N969K)	16	31	0.5161290322580645	24417	24474
T23019C(S:F486S) A23055G(S:Q498R) A23063T(S:N501Y) T23075C(S:Y505H)	16	125	0.128	23014	23106
T23019C(S:F486S) T23031C(S:F490S) A23055G(S:Q498R) A23063T(S:N501Y) T23075C(S:Y505H)	14	125	0.112	23016	23113
(21632,9)(S:DEL25/27)	14	586	0.023890784982935155	21628	21671
T23031C(S:F490S) A23055G(S:Q498R) A23063T(S:N501Y) T23075C(S:Y505H)	14	144	0.09722222222222222	23030	23116
G22577C(S:G339H) G22578A(S:G339H) G22599C(S:R346T)	14	36	0.3888888888888889	22559	22618
A24424T(S:Q954H)	14	47	0.2978723404255319	24415	24428
G22992A(S:S477N) C22995A(S:T478K) A23013C(S:E484A) T23018G(S:F486V) A23055G(S:Q498R) A23063T(S:N501Y) T23075C(S:Y505H)	13	29	0.4482758620689655	22988	23081
T23018G(S:F486V) A23055G(S:Q498R) A23063T(S:N501Y) T23075C(S:Y505H)	13	123	0.10569105691056911	23015	23099
(21632,9)(S:DEL25/27) (21764,6)(S:DEL69/70)	11	293	0.03754266211604096	21620	21789
T23018G(S:F486V) T23031C(S:F490S) A23055G(S:Q498R) A23063T(S:N501Y) T23075C(S:Y505H)	11	123	0.08943089430894309	23014	23170
