Covariants	Count	Max_count	Freq	Coverage_start	Coverage_end
T24469A(S:N969K)	598	722	0.8282548476454293	24468	24496
A23403G(S:D614G)	436	1048	0.41603053435114506	23402	23403
C23525T(S:H655Y)	320	1002	0.3193612774451098	23507	23525
C21618T(S:T19I) (21632,9)(S:DEL25/27)	247	392	0.6301020408163265	21615	21647
A23403G(S:D614G) C23525T(S:H655Y)	195	562	0.3469750889679715	23402	23525
(21764,6)(S:DEL69/70)	186	465	0.4	21757	21780
C23525T(S:H655Y) T23599G(S:N679K) C23604A(S:P681H)	175	340	0.5147058823529411	23524	23605
T23599G(S:N679K) C23604A(S:P681H)	105	417	0.2517985611510791	23592	23607
C21618T(S:T19I) (21632,9)(S:DEL25/27) (21764,6)(S:DEL69/70)	98	195	0.5025641025641026	21613	21780
C25000T(S:D1146D)	78	111	0.7027027027027027	24992	25000
A24424T(S:Q954H)	58	182	0.31868131868131866	24420	24424
A23403G(S:D614G) C23525T(S:H655Y) T23599G(S:N679K) C23604A(S:P681H)	52	158	0.3291139240506329	23402	23606
C23525T(S:H655Y) T23599G(S:N679K)	45	409	0.1100244498777506	23524	23599
A24424T(S:Q954H) T24469A(S:N969K)	36	112	0.32142857142857145	24420	24469
A23403G(S:D614G) T23599G(S:N679K) C23604A(S:P681H)	35	158	0.22151898734177214	23402	23607
G24834C(S:R1091P)	21	139	0.1510791366906475	24832	24861
A23403G(S:D614G) C23525T(S:H655Y) T23599G(S:N679K)	21	189	0.1111111111111111	23401	23601
A23055G(S:Q498R) A23063T(S:N501Y) T23075C(S:Y505H)	20	63	0.31746031746031744	23054	23124
C23854A(S:N764K)	19	42	0.4523809523809524	23815	23856
T23599G(S:N679K) C23604A(S:P681H) C23854A(S:N764K)	17	17	1.0	23580	23854
(21632,9)(S:DEL25/27)	14	395	0.035443037974683546	21628	21658
C21711T(S:S50L) (21764,6)(S:DEL69/70)	13	392	0.03316326530612245	21705	21786
T24469A(S:N969K) A24494G(S:N978D)	12	715	0.016783216783216783	24452	24497
C21618T(S:T19I)	11	405	0.027160493827160494	21540	21621
C21711T(S:S50L)	10	523	0.019120458891013385	21667	21728
