Covariants	Count	Max_count	Freq	Coverage_start	Coverage_end
T24469A(S:N969K)	973	1150	0.8460869565217392	24468	24503
C21618T(S:T19I) (21632,9)(S:DEL25/27)	503	663	0.7586726998491704	21614	21646
T24769C(S:P1069P)	390	914	0.42669584245076586	24730	24770
A23403G(S:D614G)	356	719	0.4951321279554937	23402	23403
(21764,6)(S:DEL69/70)	279	551	0.5063520871143375	21756	21780
C23525T(S:H655Y)	201	550	0.3654545454545455	23507	23525
A23403G(S:D614G) C23525T(S:H655Y)	147	319	0.4608150470219436	23402	23525
C21618T(S:T19I) (21632,9)(S:DEL25/27) (21764,6)(S:DEL69/70)	100	184	0.5434782608695652	21613	21780
C25000T(S:D1146D)	95	111	0.8558558558558559	24995	25000
C23525T(S:H655Y) T23599G(S:N679K) C23604A(S:P681H)	84	150	0.56	23524	23606
A24424T(S:Q954H)	60	160	0.375	24372	24424
A23055G(S:Q498R) A23063T(S:N501Y) T23075C(S:Y505H)	55	145	0.3793103448275862	23054	23116
A24424T(S:Q954H) T24469A(S:N969K)	43	88	0.48863636363636365	24420	24481
G22578A(S:G339D) G22599C(S:R346T)	41	75	0.5466666666666666	22571	22599
T24469A(S:N969K) T24769C(S:P1069P)	32	86	0.37209302325581395	24468	24773
(21632,9)(S:DEL25/27)	29	666	0.04354354354354354	21619	21653
A23013C(S:E484A) T23018G(S:F486V) A23055G(S:Q498R) A23063T(S:N501Y) T23075C(S:Y505H)	28	80	0.35	23009	23081
A23403G(S:D614G) C23525T(S:H655Y) T23599G(S:N679K) C23604A(S:P681H)	28	57	0.49122807017543857	23402	23606
G22992A(S:S477N) C22995A(S:T478K) A23013C(S:E484A) T23018G(S:F486V) A23055G(S:Q498R) A23063T(S:N501Y) T23075C(S:Y505H)	25	43	0.5813953488372093	22988	23075
C23525T(S:H655Y) T23599G(S:N679K)	19	174	0.10919540229885058	23524	23601
T22882G(S:N440K) T22917G(S:L452R)	19	41	0.4634146341463415	22876	22920
T23075C(S:Y505H)	19	184	0.10326086956521739	23072	23153
A23063T(S:N501Y) T23075C(S:Y505H)	18	166	0.10843373493975904	23060	23156
A23403G(S:D614G) T23599G(S:N679K) C23604A(S:P681H)	14	57	0.24561403508771928	23401	23607
C22674T(S:S371F) T22679C(S:S373P) C22686T(S:S375F) A22688G(S:T376A)	13	41	0.3170731707317073	22661	22704
A22786C(S:R408S) G22813T(S:K417N)	11	17	0.6470588235294118	22779	22862
T23599G(S:N679K) C23604A(S:P681H)	11	154	0.07142857142857142	23527	23607
T23143G(S:P527P)	11	249	0.04417670682730924	23142	23170
