Covariants	Count	Max_count	Freq	Coverage_start	Coverage_end
A23403G(S:D614G)	27	113	0.23893805309734514	23402	23404
G21770A(S:V70I)	15	21	0.7142857142857143	21735	21799
