Covariants	Count	Max_count	Freq	Coverage_start	Coverage_end
C22674T(S:S371F) T22679C(S:S373P) C22686T(S:S375F) A22688G(S:T376A) G22775A(S:D405N)	53	66	0.803030303030303	22589	22781
T22882G(S:N440K) A22893C(S:K444T) T22917G(S:L452R) T22942A(S:N460K) G22992A(S:S477N) C22995A(S:T478K) A23013C(S:E484A) T23018G(S:F486V) A23055G(S:Q498R) A23063T(S:N501Y) T23075C(S:Y505H)	40	73	0.547945205479452	22850	23097
(21764,6)(S:DEL69/70)	33	62	0.532258064516129	21674	21817
C25416T(ORF3a:F8F)	33	128	0.2578125	25377	25434
T22200G(S:V213G)	26	49	0.5306122448979592	22196	22243
C23525T(S:H655Y) G23562A	22	50	0.44	23411	23562
C25000T(S:D1146D)	20	22	0.9090909090909091	24926	25076
A23403G(S:D614G)	20	51	0.39215686274509803	23325	23468
C22314T(S:P251L)	15	150	0.1	22298	22344
(25350,1)(S:DEL1264) G25352T(S:V1264L)	14	74	0.1891891891891892	25306	25434
(21764,6)(S:DEL69/70) C21855T(S:S98F)	14	54	0.25925925925925924	21674	21900
G22317T(S:G252V)	14	150	0.09333333333333334	22263	22347
G22331A(S:G257S)	14	150	0.09333333333333334	22306	22347
G21987A(S:G142D) A22001G(S:K147E) T22016C(S:W152R) C22033A(S:F157L) T22099A(S:L179L)	14	21	0.6666666666666666	21949	22099
A23403G(S:D614G) C23525T(S:H655Y) T23599G(S:N679K) C23604A(S:P681H)	13	18	0.7222222222222222	23325	23664
G21987A(S:G142D) (21990,3)(S:DEL144) C22033A(S:F157L)	13	44	0.29545454545454547	21949	22098
T22304C(S:Y248H) C22314A(S:P251H)	13	145	0.0896551724137931	22212	22347
