Covariants	Count	Max_count	Freq	Coverage_start	Coverage_end
C22109G(S:Q183E)	34	39	0.8717948717948718	22066	22113
T22942G(S:N460K)	12	33	0.36363636363636365	22939	22965
