Covariants	Count	Max_count	Freq	Coverage_start	Coverage_end
A23403G(S:D614G)	60	186	0.3225806451612903	23402	23404
C24374A(S:L938I)	13	82	0.15853658536585366	24334	24374
