Covariants	Count	Max_count	Freq	Coverage_start	Coverage_end
A23403G(S:D614G)	40	103	0.3883495145631068	23402	23404
C21721T(S:D53D)	10	66	0.15151515151515152	21716	21746
