Covariants	Count	Max_count	Freq	Coverage_start	Coverage_end
C22674T(S:S371F) T22679C(S:S373P) C22686T(S:S375F) A22688G(S:T376A) G22775A(S:D405N)	296	341	0.8680351906158358	22589	22781
(21764,6)(S:DEL69/70)	227	264	0.8598484848484849	21674	21817
G21987A(S:G142D) T22099A(S:L179L)	90	133	0.6766917293233082	21949	22099
C25000T(S:D1146D)	88	108	0.8148148148148148	24959	25076
T22200G(S:V213G)	77	87	0.8850574712643678	22129	22243
C23525T(S:H655Y) G23562A	68	142	0.4788732394366197	23411	23562
A23403G(S:D614G) C23525T(S:H655Y)	63	118	0.5338983050847458	23325	23561
T23385A	58	202	0.2871287128712871	23250	23385
A24424T(S:Q954H) T24469A(S:N969K)	54	102	0.5294117647058824	24388	24537
G24620T(S:A1020S)	47	221	0.21266968325791855	24581	24720
T22882G(S:N440K) T22917G(S:L452R) G22992A(S:S477N) C22995A(S:T478K) A23013C(S:E484A) T23018G(S:F486V) A23055G(S:Q498R) A23063T(S:N501Y) T23075C(S:Y505H)	47	90	0.5222222222222223	22850	23097
G21987A(S:G142D)	39	165	0.23636363636363636	21949	22098
G22992A(S:S477N) C22995A(S:T478K) A23013C(S:E484A) T23018G(S:F486V) A23055G(S:Q498R) A23063T(S:N501Y) T23075C(S:Y505H)	36	133	0.2706766917293233	22978	23098
C23854A(S:N764K)	33	41	0.8048780487804879	23762	23910
A23403G(S:D614G) C23525T(S:H655Y) T23599G(S:N679K) C23604A(S:P681H)	27	38	0.7105263157894737	23325	23664
G25494C(ORF3a:T34T)	27	427	0.06323185011709602	25377	25518
C22674T(S:S371F) T22679C(S:S373P) C22686T(S:S375F) A22688G(S:T376A)	26	376	0.06914893617021277	22589	22736
A23403G(S:D614G)	25	144	0.1736111111111111	23325	23439
C23525T(S:H655Y)	25	236	0.1059322033898305	23411	23552
(22609,1)(S:DEL350) C22674T(S:S371F) T22679C(S:S373P) C22686T(S:S375F) A22688G(S:T376A) G22775A(S:D405N)	20	341	0.05865102639296188	22589	22781
(21969,1)(S:DEL137) G21987A(S:G142D) T22099A(S:L179L)	20	133	0.15037593984962405	21949	22100
C24621T(S:A1020V)	16	221	0.07239819004524888	24572	24720
C23525T(S:H655Y) T23599G(S:N679K) C23604A(S:P681H)	13	72	0.18055555555555555	23513	23664
A24388T A24424T(S:Q954H) T24469A(S:N969K) A24539G	13	90	0.14444444444444443	24387	24539
C25342T(S:D1260D)	12	304	0.039473684210526314	25306	25518
C23733T(S:T724I)	11	131	0.08396946564885496	23601	23836
C23601T T23752A(S:S730S)	10	63	0.15873015873015872	23600	23752
