Covariants	Count	Max_count	Freq	Coverage_start	Coverage_end
T24469A(S:N969K)	1035	1198	0.8639398998330551	24468	24496
A23403G(S:D614G)	872	2144	0.40671641791044777	23402	23403
C23525T(S:H655Y)	689	2123	0.3245407442298634	23507	23525
C23525T(S:H655Y) T23599G(S:N679K) C23604A(S:P681H)	415	752	0.5518617021276596	23524	23605
A23403G(S:D614G) C23525T(S:H655Y)	392	1187	0.33024431339511373	23402	23525
C21618T(S:T19I) (21632,9)(S:DEL25/27)	383	593	0.6458684654300169	21614	21648
(21764,6)(S:DEL69/70)	323	689	0.46879535558780844	21756	21780
C25000T(S:D1146D)	217	275	0.7890909090909091	24998	25000
T23599G(S:N679K) C23604A(S:P681H)	171	870	0.19655172413793104	23596	23605
C21618T(S:T19I) (21632,9)(S:DEL25/27) (21764,6)(S:DEL69/70)	139	280	0.49642857142857144	21613	21779
A23403G(S:D614G) C23525T(S:H655Y) T23599G(S:N679K) C23604A(S:P681H)	115	325	0.35384615384615387	23402	23605
A23403G(S:D614G) T23599G(S:N679K) C23604A(S:P681H)	87	325	0.2676923076923077	23401	23605
C23525T(S:H655Y) T23599G(S:N679K)	78	875	0.08914285714285715	23523	23599
A24424T(S:Q954H)	64	175	0.3657142857142857	24383	24424
A23403G(S:D614G) C23525T(S:H655Y) T23599G(S:N679K)	43	389	0.11053984575835475	23402	23601
A23055G(S:Q498R) A23063T(S:N501Y) T23075C(S:Y505H)	42	125	0.336	23053	23116
A24424T(S:Q954H) T24469A(S:N969K)	40	98	0.40816326530612246	24420	24470
C23854A(S:N764K)	38	63	0.6031746031746031	23824	23854
A23063T(S:N501Y) T23075C(S:Y505H)	34	157	0.21656050955414013	23060	23149
T22882G(S:N440K) T22917G(S:L452R)	30	95	0.3157894736842105	22862	22920
(21632,9)(S:DEL25/27)	26	600	0.043333333333333335	21620	21647
G21987A(S:G142D)	25	44	0.5681818181818182	21985	21987
A23013C(S:E484A) T23018G(S:F486V) A23055G(S:Q498R) A23063T(S:N501Y) T23075C(S:Y505H)	23	71	0.323943661971831	23006	23091
T23599G(S:N679K) C23604A(S:P681H) C23854A(S:N764K)	22	23	0.9565217391304348	23592	23854
T22200G(S:V213G)	21	29	0.7241379310344828	22163	22200
G22992A(S:S477N) C22995A(S:T478K) A23013C(S:E484A) T23018G(S:F486V) A23055G(S:Q498R) A23063T(S:N501Y) T23075C(S:Y505H)	20	44	0.45454545454545453	22989	23075
(21632,9)(S:DEL25/27) (21764,6)(S:DEL69/70)	19	283	0.06713780918727916	21620	21780
T23599G(S:N679K)	14	993	0.014098690835850957	23579	23601
T22917G(S:L452R) G22992A(S:S477N) C22995A(S:T478K)	12	69	0.17391304347826086	22916	22997
G21770A(S:V70I)	11	733	0.015006821282401092	21769	21867
A23403G(S:D614G) T23599G(S:N679K)	10	389	0.02570694087403599	23394	23601
A22786C(S:R408S) G22813T(S:K417N)	10	47	0.2127659574468085	22778	22861
