Covariants	Count	Max_count	Freq	Coverage_start	Coverage_end
A23403G(S:D614G)	46	153	0.3006535947712418	23402	23404
C21721T(S:D53D)	12	81	0.14814814814814814	21719	21746
