Covariants	Count	Max_count	Freq	Coverage_start	Coverage_end
A23403G(S:D614G)	26	76	0.34210526315789475	23402	23404
G21770A(S:V70I)	14	31	0.45161290322580644	21735	21799
