Covariants	Count	Max_count	Freq	Coverage_start	Coverage_end
A23403G(S:D614G)	78	230	0.3391304347826087	23402	23403
G21770A(S:V70I)	21	57	0.3684210526315789	21735	21799
