Covariants	Count	Max_count	Freq	Coverage_start	Coverage_end
A23403G(S:D614G)	34	103	0.3300970873786408	23402	23404
G21770A(S:V70I)	13	39	0.3333333333333333	21735	21799
