Covariants	Count	Max_count	Freq	Coverage_start	Coverage_end
A23403G(S:D614G)	742	1958	0.37895812053115424	23400	23403
C23525T(S:H655Y)	610	1498	0.40720961281708945	23507	23525
A23403G(S:D614G) C23525T(S:H655Y)	410	1115	0.36771300448430494	23401	23525
T24469A(S:N969K)	313	332	0.9427710843373494	24462	24533
C23525T(S:H655Y) T23599G(S:N679K) C23604A(S:P681H)	183	361	0.5069252077562327	23524	23605
T23599G(S:N679K) C23604A(S:P681H)	180	581	0.3098106712564544	23592	23607
C23854A(S:N764K)	145	225	0.6444444444444445	23821	23854
A23055G(S:Q498R) A23063T(S:N501Y) T23075C(S:Y505H)	126	366	0.3442622950819672	23054	23116
A23403G(S:D614G) C23525T(S:H655Y) T23599G(S:N679K) C23604A(S:P681H)	91	222	0.4099099099099099	23402	23605
G22992A(S:S477N) C22995A(S:T478K) A23013C(S:E484A) T23018G(S:F486V) A23055G(S:Q498R) A23063T(S:N501Y) T23075C(S:Y505H)	79	121	0.6528925619834711	22988	23075
A23013C(S:E484A) T23018G(S:F486V) A23055G(S:Q498R) A23063T(S:N501Y) T23075C(S:Y505H)	79	211	0.3744075829383886	23011	23090
G22578A(S:G339D)	72	110	0.6545454545454545	22545	22601
T23599G(S:N679K) C23604A(S:P681H) C23854A(S:N764K)	68	73	0.9315068493150684	23598	23854
A23063T(S:N501Y) T23075C(S:Y505H)	58	429	0.1351981351981352	23061	23159
A23403G(S:D614G) T23599G(S:N679K) C23604A(S:P681H)	42	222	0.1891891891891892	23401	23607
C23525T(S:H655Y) T23599G(S:N679K)	30	413	0.07263922518159806	23507	23601
A25253G(S:T1231A)	29	540	0.053703703703703705	25243	25257
T23075C(S:Y505H)	25	459	0.054466230936819175	23074	23175
G22992A(S:S477N) C22995A(S:T478K) A23013C(S:E484A) T23018G(S:F486V) A23055G(S:Q498R)	20	126	0.15873015873015872	22978	23222
T23018G(S:F486V) A23055G(S:Q498R) A23063T(S:N501Y) T23075C(S:Y505H)	20	231	0.08658008658008658	23017	23116
G22578A(S:G339D) C22674T(S:S371F) T22679C(S:S373P) C22686T(S:S375F) A22688G(S:T376A)	17	31	0.5483870967741935	22563	22706
A23403G(S:D614G) C23525T(S:H655Y) T23599G(S:N679K)	17	259	0.06563706563706563	23400	23599
T22882G(S:N440K) T22917G(S:L452R)	17	70	0.24285714285714285	22881	22925
G22992A(S:S477N) C22995A(S:T478K) A23013C(S:E484A) T23018G(S:F486V) A23055G(S:Q498R) A23063T(S:N501Y)	16	126	0.12698412698412698	22988	23067
A22786C(S:R408S) G22813T(S:K417N) T22882G(S:N440K) T22917G(S:L452R)	15	20	0.75	22784	22923
