Covariants	Count	Max_count	Freq	Coverage_start	Coverage_end
C22674T(S:S371F) T22679C(S:S373P) C22686T(S:S375F) A22688G(S:T376A) G22775A(S:D405N)	292	340	0.8588235294117647	22660	22781
(21764,6)(S:DEL69/70)	223	289	0.7716262975778547	21674	21796
T22254C(S:I231T)	188	435	0.432183908045977	22216	22347
C25000T(S:D1146D)	120	164	0.7317073170731707	24926	25076
C23525T(S:H655Y) G23562A	118	199	0.592964824120603	23411	23562
T22882G(S:N440K) T22917G(S:L452R) G22992A(S:S477N) C22995A(S:T478K) A23013C(S:E484A) T23018G(S:F486V) A23055G(S:Q498R) A23063T(S:N501Y) T23075C(S:Y505H)	94	200	0.47	22858	23097
G21987A(S:G142D) T22099A(S:L179L)	83	94	0.8829787234042553	21949	22099
A24424T(S:Q954H) T24469A(S:N969K)	59	101	0.5841584158415841	24388	24537
T22882G(S:N440K) A22893C(S:K444T) T22917G(S:L452R) T22942A(S:N460K) G22992A(S:S477N) C22995A(S:T478K) A23013C(S:E484A) T23018G(S:F486V) A23055G(S:Q498R) A23063T(S:N501Y) T23075C(S:Y505H)	54	200	0.27	22850	23095
A23403G(S:D614G)	43	160	0.26875	23325	23439
A23403G(S:D614G) C23525T(S:H655Y)	41	113	0.36283185840707965	23325	23561
C23525T(S:H655Y)	40	313	0.12779552715654952	23455	23561
T23385A	37	197	0.18781725888324874	23250	23385
A23403G(S:D614G) C23525T(S:H655Y) T23599G(S:N679K) C23604A(S:P681H)	32	49	0.6530612244897959	23325	23664
C23854A(S:N764K)	32	33	0.9696969696969697	23787	23910
C22674T(S:S371F) T22679C(S:S373P) C22686T(S:S375F) A22688G(S:T376A)	31	370	0.08378378378378379	22589	22736
T22200G(S:V213G)	25	71	0.352112676056338	22149	22243
G21987A(S:G142D)	24	130	0.18461538461538463	21949	22010
T22200G(S:V213G) T22254C(S:I231T)	20	55	0.36363636363636365	22129	22347
A24388T A24424T(S:Q954H) T24469A(S:N969K) A24539G	19	91	0.2087912087912088	24387	24539
G22992A(S:S477N) C22995A(S:T478K) A23013C(S:E484A) T23018G(S:F486V) A23055G(S:Q498R) A23063T(S:N501Y) T23075C(S:Y505H)	18	222	0.08108108108108109	22978	23097
C23525T(S:H655Y) C23604A(S:P681H)	13	75	0.17333333333333334	23411	23751
T25474C(ORF3a:F28L)	13	476	0.0273109243697479	25377	25508
(24393,1)(S:DEL945) A24424T(S:Q954H) T24469A(S:N969K)	12	101	0.1188118811881188	24388	24538
(21764,6)(S:DEL69/70) (21886,2)(S:DEL109)	11	190	0.05789473684210526	21675	21900
G22599C(S:R346T) C22674T(S:S371F) T22679C(S:S373P) C22686T(S:S375F) A22688G(S:T376A) G22775A(S:D405N)	11	334	0.03293413173652695	22589	22781
A23403G(S:D614G) T23599G(S:N679K) C23604A(S:P681H)	11	49	0.22448979591836735	23325	23664
