Covariants	Count	Max_count	Freq	Coverage_start	Coverage_end
A23403G(S:D614G)	23	58	0.39655172413793105	23379	23404
T22054G(S:N164K)	12	48	0.25	22052	22076
C21721T(S:D53D)	11	36	0.3055555555555556	21719	21746
