Covariants	Count	Max_count	Freq	Coverage_start	Coverage_end
A23403G(S:D614G)	56	199	0.2814070351758794	23402	23404
G21770A(S:V70I)	11	36	0.3055555555555556	21735	21799
