Covariants	Count	Max_count	Freq	Coverage_start	Coverage_end
G22317T(S:G252V)	167	322	0.5186335403726708	22207	22347
C25416T(ORF3a:F8F)	91	176	0.5170454545454546	25377	25434
C23525T(S:H655Y) G23562A	82	94	0.8723404255319149	23411	23562
T23385A	41	102	0.4019607843137255	23250	23385
A23403G(S:D614G)	35	52	0.6730769230769231	23325	23439
A22320G(S:D253G)	30	322	0.09316770186335403	22315	22347
T21810C(S:V83A)	28	92	0.30434782608695654	21765	21900
(21764,6)(S:DEL69/70)	27	77	0.35064935064935066	21674	21817
G21987A(S:G142D) T22099A(S:L179L)	18	21	0.8571428571428571	21949	22099
C23601T T23752A(S:S730S)	17	35	0.4857142857142857	23600	23752
C25000T(S:D1146D)	14	20	0.7	24926	25076
C23525T(S:H655Y)	12	120	0.1	23411	23551
C23854A(S:N764K)	11	12	0.9166666666666666	23773	23910
G25334C(S:E1258Q)	11	107	0.102803738317757	25306	25355
T25382C(S:*1274Q) C25416T(ORF3a:F8F)	11	176	0.0625	25379	25518
