Covariants	Count	Max_count	Freq	Coverage_start	Coverage_end
A23403G(S:D614G)	27	98	0.2755102040816326	23402	23404
C21721T(S:D53D)	19	57	0.3333333333333333	21716	21746
