Covariants	Count	Max_count	Freq	Coverage_start	Coverage_end
A23403G(S:D614G)	765	1566	0.4885057471264368	23402	23403
C23525T(S:H655Y)	456	1337	0.3410620792819746	23509	23525
A23403G(S:D614G) C23525T(S:H655Y)	321	737	0.4355495251017639	23402	23525
C23525T(S:H655Y) T23599G(S:N679K) C23604A(S:P681H)	236	406	0.5812807881773399	23524	23605
A23403G(S:D614G) C23525T(S:H655Y) T23599G(S:N679K) C23604A(S:P681H)	74	154	0.4805194805194805	23402	23605
C23525T(S:H655Y) T23599G(S:N679K)	58	482	0.12033195020746888	23524	23599
T23599G(S:N679K) C23604A(S:P681H)	45	427	0.1053864168618267	23527	23606
A23403G(S:D614G) T23599G(S:N679K) C23604A(S:P681H)	40	154	0.2597402597402597	23402	23607
A23403G(S:D614G) C23525T(S:H655Y) T23599G(S:N679K)	22	181	0.12154696132596685	23401	23600
