Covariants	Count	Max_count	Freq	Coverage_start	Coverage_end
G23331T(S:C590F)	75	101	0.7425742574257426	23250	23332
T24469A(S:N969K)	72	85	0.8470588235294118	24452	24532
