Covariants	Count	Max_count	Freq	Coverage_start	Coverage_end
T24469A(S:N969K)	149	170	0.8764705882352941	24467	24534
A23403G(S:D614G)	101	264	0.38257575757575757	23402	23403
C23525T(S:H655Y)	77	255	0.30196078431372547	23501	23525
A23403G(S:D614G) C23525T(S:H655Y)	57	158	0.36075949367088606	23401	23525
C23525T(S:H655Y) T23599G(S:N679K) C23604A(S:P681H)	34	88	0.38636363636363635	23524	23606
A23403G(S:D614G) C23525T(S:H655Y) T23599G(S:N679K) C23604A(S:P681H)	21	42	0.5	23401	23607
A23055G(S:Q498R) A23063T(S:N501Y) T23075C(S:Y505H)	20	44	0.45454545454545453	23054	23116
T23599G(S:N679K) C23604A(S:P681H)	19	92	0.20652173913043478	23527	23607
G21987A(S:G142D)	18	23	0.782608695652174	21940	21997
G22578A(S:G339D)	17	23	0.7391304347826086	22563	22597
C21618T(S:T19I) (21632,9)(S:DEL25/27)	11	12	0.9166666666666666	21584	21654
A23063T(S:N501Y) T23075C(S:Y505H)	11	57	0.19298245614035087	23060	23196
