Covariants	Count	Max_count	Freq	Coverage_start	Coverage_end
A23403G(S:D614G)	61	198	0.30808080808080807	23402	23404
G21770A(S:V70I)	14	39	0.358974358974359	21735	21799
