Covariants	Count	Max_count	Freq	Coverage_start	Coverage_end
C22033A(S:F157L)	29	110	0.2636363636363636	22031	22061
C22109G(S:Q183E)	26	34	0.7647058823529411	22080	22113
T22942G(S:N460K)	13	19	0.6842105263157895	22940	22948
