Covariants	Count	Max_count	Freq	Coverage_start	Coverage_end
C21721T(S:D53D)	760	941	0.8076514346439958	21720	21738
G21987A(S:G142D)	687	801	0.8576779026217228	21958	21987
C21721T(S:D53D) G21987A(S:G142D)	28	38	0.7368421052631579	21717	21988
