Covariants	Count	Max_count	Freq	Coverage_start	Coverage_end
T24469A(S:N969K)	1264	1480	0.8540540540540541	24468	24470
A23403G(S:D614G)	722	1693	0.4264619019492026	23402	23403
C23525T(S:H655Y)	541	1613	0.33539987600743953	23519	23525
A23403G(S:D614G) C23525T(S:H655Y)	280	909	0.30803080308030806	23402	23525
C23525T(S:H655Y) T23599G(S:N679K) C23604A(S:P681H)	278	534	0.5205992509363296	23524	23605
C25000T(S:D1146D)	126	267	0.47191011235955055	24992	25000
T23599G(S:N679K) C23604A(S:P681H)	104	587	0.17717206132879046	23596	23607
C25000T(S:D1146D) G25049T(S:D1163Y)	87	194	0.4484536082474227	24988	25049
A23403G(S:D614G) C23525T(S:H655Y) T23599G(S:N679K) C23604A(S:P681H)	87	235	0.3702127659574468	23401	23606
A24424T(S:Q954H)	74	212	0.3490566037735849	24373	24424
C23525T(S:H655Y) T23599G(S:N679K)	66	634	0.10410094637223975	23524	23600
A23403G(S:D614G) T23599G(S:N679K) C23604A(S:P681H)	61	235	0.25957446808510637	23402	23605
A24424T(S:Q954H) T24469A(S:N969K)	57	122	0.4672131147540984	24420	24470
T23281C(S:T573T)	33	849	0.038869257950530034	23279	23354
C24627A(S:A1022D)	31	2810	0.01103202846975089	24623	24631
G25049T(S:D1163Y)	28	207	0.13526570048309178	25037	25053
A23403G(S:D614G) C23525T(S:H655Y) T23599G(S:N679K)	25	285	0.08771929824561403	23401	23599
C21618T(S:T19I) (21632,9)(S:DEL25/27)	24	26	0.9230769230769231	21591	21654
T22882G(S:N440K) T22917G(S:L452R)	21	92	0.22826086956521738	22871	22918
C23854A(S:N764K)	19	28	0.6785714285714286	23826	23854
T23281C(S:T573T) C23525T(S:H655Y)	17	312	0.05448717948717949	23276	23536
T24469A(S:N969K) C24627A(S:A1022D)	16	778	0.02056555269922879	24467	24628
T23281C(S:T573T) A23403G(S:D614G)	13	605	0.021487603305785124	23279	23403
A22786C(S:R408S) G22813T(S:K417N)	12	53	0.22641509433962265	22778	22860
