Covariants	Count	Max_count	Freq	Coverage_start	Coverage_end
C22109G(S:Q183E)	34	46	0.7391304347826086	22108	22113
C22033A(S:F157L)	31	64	0.484375	22031	22067
T22942G(S:N460K)	11	14	0.7857142857142857	22940	22966
