Covariants	Count	Max_count	Freq	Coverage_start	Coverage_end
A23403G(S:D614G)	42	126	0.3333333333333333	23402	23403
G21770A(S:V70I)	11	28	0.39285714285714285	21735	21799
