Covariants	Count	Max_count	Freq	Coverage_start	Coverage_end
A23403G(S:D614G)	15	56	0.26785714285714285	23402	23404
G21770A(S:V70I)	10	31	0.3225806451612903	21740	21799
