Covariants	Count	Max_count	Freq	Coverage_start	Coverage_end
C25000T(S:D1146D)	17	23	0.7391304347826086	24970	25027
C21618T(S:T19I) (21632,9)(S:DEL25/27)	14	15	0.9333333333333333	21603	21666
T24469A(S:N969K)	10	16	0.625	24456	24616
