Covariants	Count	Max_count	Freq	Coverage_start	Coverage_end
A23403G(S:D614G)	1219	2542	0.479543666404406	23402	23403
C23525T(S:H655Y)	837	2205	0.3795918367346939	23515	23525
(21764,6)(S:DEL69/70)	650	1288	0.5046583850931677	21764	21780
C21618T(S:T19I) (21632,9)(S:DEL25/27)	599	989	0.6056622851365016	21616	21646
A23403G(S:D614G) C23525T(S:H655Y)	502	1233	0.4071370640713706	23402	23525
C23525T(S:H655Y) T23599G(S:N679K) C23604A(S:P681H)	325	602	0.5398671096345515	23524	23605
C21618T(S:T19I) (21632,9)(S:DEL25/27) (21764,6)(S:DEL69/70)	265	438	0.6050228310502284	21615	21780
T24469A(S:N969K)	255	284	0.897887323943662	24468	24496
T23599G(S:N679K) C23604A(S:P681H)	196	782	0.2506393861892583	23598	23606
A23403G(S:D614G) C23525T(S:H655Y) T23599G(S:N679K) C23604A(S:P681H)	110	244	0.45081967213114754	23402	23606
C23854A(S:N764K)	87	136	0.6397058823529411	23826	23854
C23525T(S:H655Y) T23599G(S:N679K)	82	719	0.11404728789986092	23524	23599
(21632,9)(S:DEL25/27)	71	1001	0.07092907092907093	21625	21650
A23403G(S:D614G) T23599G(S:N679K) C23604A(S:P681H)	71	244	0.29098360655737704	23402	23606
T23599G(S:N679K) C23604A(S:P681H) C23854A(S:N764K)	32	35	0.9142857142857143	23592	23854
A23403G(S:D614G) C23525T(S:H655Y) T23599G(S:N679K)	30	294	0.10204081632653061	23402	23599
T22882G(S:N440K) T22917G(S:L452R)	28	58	0.4827586206896552	22881	22920
(21632,9)(S:DEL25/27) (21764,6)(S:DEL69/70)	25	444	0.05630630630630631	21620	21781
G21770A(S:V70I)	20	1356	0.014749262536873156	21769	21861
(21764,6)(S:DEL69/70) G21770A(S:V70I)	16	1288	0.012422360248447204	21753	21869
T23599G(S:N679K)	10	899	0.011123470522803115	23594	23601
T22200G(S:V213G)	10	12	0.8333333333333334	22198	22219
