Covariants	Count	Max_count	Freq	Coverage_start	Coverage_end
T24469A(S:N969K)	361	389	0.9280205655526992	24468	24533
C21618T(S:T19I) (21632,9)(S:DEL25/27)	297	503	0.5904572564612326	21613	21645
(21764,6)(S:DEL69/70)	292	623	0.46869983948635635	21755	21780
C21618T(S:T19I) (21632,9)(S:DEL25/27) (21764,6)(S:DEL69/70)	137	254	0.5393700787401575	21613	21780
A23013C(S:E484A) T23018G(S:F486V) A23055G(S:Q498R) A23063T(S:N501Y) T23075C(S:Y505H)	67	169	0.39644970414201186	23009	23086
A23055G(S:Q498R) A23063T(S:N501Y) T23075C(S:Y505H)	66	267	0.24719101123595505	23054	23101
G22992A(S:S477N) C22995A(S:T478K) A23013C(S:E484A) T23018G(S:F486V) A23055G(S:Q498R) A23063T(S:N501Y) T23075C(S:Y505H)	50	90	0.5555555555555556	22991	23075
A23063T(S:N501Y) T23075C(S:Y505H)	45	317	0.14195583596214512	23060	23116
C25000T(S:D1146D)	42	58	0.7241379310344828	24998	25000
C23130A(S:T523N)	38	452	0.084070796460177	23125	23167
(21632,9)(S:DEL25/27)	30	510	0.058823529411764705	21620	21657
(21632,9)(S:DEL25/27) (21764,6)(S:DEL69/70)	21	259	0.08108108108108109	21620	21780
T23075C(S:Y505H)	19	342	0.05555555555555555	23074	23174
G22992A(S:S477N) C22995A(S:T478K) A23013C(S:E484A) T23018G(S:F486V) A23055G(S:Q498R) A23063T(S:N501Y)	13	105	0.12380952380952381	22988	23065
G22992A(S:S477N) C22995A(S:T478K) A23013C(S:E484A) T23018G(S:F486V) A23055G(S:Q498R)	13	107	0.12149532710280374	22978	23058
T23018G(S:F486V) A23055G(S:Q498R) A23063T(S:N501Y) T23075C(S:Y505H)	13	186	0.06989247311827956	23017	23086
G23093T(S:V511L)	11	427	0.02576112412177986	23089	23176
T22200G(S:V213G)	10	12	0.8333333333333334	22187	22236
