Covariants	Count	Max_count	Freq	Coverage_start	Coverage_end
A23403G(S:D614G)	24	74	0.32432432432432434	23402	23404
C21721T(S:D53D)	10	64	0.15625	21716	21746
