Covariants	Count	Max_count	Freq	Coverage_start	Coverage_end
(21764,6)(S:DEL69/70)	363	412	0.8810679611650486	21734	21817
T22200G(S:V213G)	214	227	0.9427312775330396	22196	22243
G21987A(S:G142D) T22099A(S:L179L)	183	203	0.9014778325123153	21949	22099
C22674T(S:S371F) T22679C(S:S373P) C22686T(S:S375F) A22688G(S:T376A) G22775A(S:D405N)	158	171	0.9239766081871345	22589	22781
T22304C(S:Y248H)	99	957	0.10344827586206896	22262	22347
T22882G(S:N440K) T22917G(S:L452R) G22992A(S:S477N) C22995A(S:T478K) A23013C(S:E484A) T23018G(S:F486V) A23055G(S:Q498R) A23063T(S:N501Y) T23075C(S:Y505H)	87	116	0.75	22850	23097
C25000T(S:D1146D)	84	99	0.8484848484848485	24926	25076
A24424T(S:Q954H) T24469A(S:N969K)	84	156	0.5384615384615384	24388	24536
G24620T(S:A1020S)	79	322	0.2453416149068323	24574	24720
A23403G(S:D614G)	73	73	1.0	23383	23468
G21987A(S:G142D)	54	256	0.2109375	21981	22098
C25118T(S:L1186F) G25269A	50	113	0.4424778761061947	25117	25269
A24388T A24424T(S:Q954H) T24469A(S:N969K) A24539G	46	149	0.3087248322147651	24387	24539
G22578A(S:G339D) G22599C(S:R346T) C22642G(S:N360K)	42	66	0.6363636363636364	22491	22642
C23854A(S:N764K)	39	39	1.0	23690	23910
C22674T(S:S371F) T22679C(S:S373P) C22686T(S:S375F) A22688G(S:T376A)	36	221	0.16289592760180996	22658	22698
(25357,1)(S:DEL1266)	35	343	0.10204081632653061	25306	25434
A24652T	30	318	0.09433962264150944	24651	24802
T23385A	22	96	0.22916666666666666	23250	23385
C21618T(S:T19I) (21632,9)(S:DEL25/27)	20	24	0.8333333333333334	21576	21725
T22882G(S:N440K) A22893C(S:K444T) T22917G(S:L452R) T22942A(S:N460K) G22992A(S:S477N) C22995A(S:T478K) A23013C(S:E484A) T23018G(S:F486V) A23055G(S:Q498R) A23063T(S:N501Y) T23075C(S:Y505H)	17	116	0.14655172413793102	22850	23097
C23230T(S:N556N)	15	359	0.04178272980501393	23129	23277
G23948T(S:D796Y)	14	14	1.0	23880	24002
G22578A(S:G339D) G22599C(S:R346T)	12	78	0.15384615384615385	22491	22640
(22218,1)(S:DEL220)	12	1039	0.011549566891241578	22206	22347
(24065,3)(S:DEL836)	11	18	0.6111111111111112	24025	24166
C23525T(S:H655Y)	10	29	0.3448275862068966	23411	23561
G22992A(S:S477N) C22995A(S:T478K) A23013C(S:E484A) T23018G(S:F486V) A23055G(S:Q498R) A23063T(S:N501Y) T23075C(S:Y505H)	10	126	0.07936507936507936	22978	23097
