Covariants	Count	Max_count	Freq	Coverage_start	Coverage_end
A23403G(S:D614G)	65	213	0.3051643192488263	23402	23404
C21721T(S:D53D)	25	102	0.24509803921568626	21716	21746
