Covariants	Count	Max_count	Freq	Coverage_start	Coverage_end
T24469A(S:N969K)	749	1201	0.6236469608659451	24468	24481
A23403G(S:D614G)	555	1181	0.46994072819644367	23401	23403
C23525T(S:H655Y)	371	987	0.375886524822695	23507	23525
A23403G(S:D614G) C23525T(S:H655Y)	248	568	0.43661971830985913	23402	23525
C24455T(S:Q965*) T24469A(S:N969K)	216	1114	0.19389587073608616	24454	24533
T23599G(S:N679K) C23604A(S:P681H)	172	455	0.378021978021978	23598	23607
(21764,6)(S:DEL69/70)	162	287	0.5644599303135889	21761	21780
A23055G(S:Q498R) A23063T(S:N501Y) T23075C(S:Y505H)	162	444	0.36486486486486486	23054	23091
A24424T(S:Q954H)	156	431	0.3619489559164733	24417	24424
C23525T(S:H655Y) T23599G(S:N679K) C23604A(S:P681H)	149	256	0.58203125	23524	23606
C25000T(S:D1146D)	148	176	0.8409090909090909	24995	25000
C21618T(S:T19I) C21622G(S:T20T) (21632,9)(S:DEL25/27)	141	209	0.6746411483253588	21614	21653
A24424T(S:Q954H) T24469A(S:N969K)	124	256	0.484375	24420	24470
C23854A(S:N764K)	115	167	0.688622754491018	23821	23854
A23013C(S:E484A) T23018G(S:F486V) A23055G(S:Q498R) A23063T(S:N501Y) T23075C(S:Y505H)	91	249	0.3654618473895582	23011	23075
G22992A(S:S477N) C22995A(S:T478K) A23013C(S:E484A) T23018G(S:F486V) A23055G(S:Q498R) A23063T(S:N501Y) T23075C(S:Y505H)	88	144	0.6111111111111112	22989	23075
A23063T(S:N501Y) T23075C(S:Y505H)	56	495	0.11313131313131314	23061	23099
C21618T(S:T19I) C21622G(S:T20T) (21632,9)(S:DEL25/27) (21764,6)(S:DEL69/70)	55	82	0.6707317073170732	21611	21780
T23075C(S:Y505H)	51	547	0.09323583180987204	23074	23147
A23403G(S:D614G) C23525T(S:H655Y) T23599G(S:N679K) C23604A(S:P681H)	40	96	0.4166666666666667	23402	23605
C23525T(S:H655Y) T23599G(S:N679K)	36	304	0.11842105263157894	23524	23600
A23403G(S:D614G) T23599G(S:N679K) C23604A(S:P681H)	35	96	0.3645833333333333	23402	23607
T23599G(S:N679K) C23604A(S:P681H) C23854A(S:N764K)	34	39	0.8717948717948718	23598	23854
G22992A(S:S477N) C22995A(S:T478K) A23013C(S:E484A) T23018G(S:F486V) A23055G(S:Q498R)	24	162	0.14814814814814814	22988	23058
T23018G(S:F486V) A23055G(S:Q498R) A23063T(S:N501Y) T23075C(S:Y505H)	23	271	0.08487084870848709	23016	23088
G22992A(S:S477N) C22995A(S:T478K) A23013C(S:E484A) T23018G(S:F486V) A23055G(S:Q498R) A23063T(S:N501Y)	18	159	0.11320754716981132	22983	23067
C24455T(S:Q965*)	16	1172	0.013651877133105802	24452	24533
A23403G(S:D614G) C23525T(S:H655Y) T23599G(S:N679K)	13	115	0.11304347826086956	23401	23601
T22882G(S:N440K) A22893C(S:K444T) T22917G(S:L452R)	11	62	0.1774193548387097	22881	22927
