Covariants	Count	Max_count	Freq	Coverage_start	Coverage_end
A23403G(S:D614G)	60	174	0.3448275862068966	23402	23404
G21770A(S:V70I)	11	63	0.1746031746031746	21735	21799
