Covariants	Count	Max_count	Freq	Coverage_start	Coverage_end
(25100,1)(S:DEL1181)	12	118	0.1016949152542373	25080	25160
C21618T(S:T19I) (21632,9)(S:DEL25/27)	11	18	0.6111111111111112	21565	21648
