Covariants	Count	Max_count	Freq	Coverage_start	Coverage_end
C21618T(S:T19I) (21632,9)(S:DEL25/27)	202	311	0.6495176848874598	21615	21645
(21764,6)(S:DEL69/70)	172	380	0.45263157894736844	21755	21780
A23403G(S:D614G)	107	264	0.4053030303030303	23401	23403
C23525T(S:H655Y)	87	263	0.33079847908745247	23508	23525
C21618T(S:T19I) (21632,9)(S:DEL25/27) (21764,6)(S:DEL69/70)	78	155	0.5032258064516129	21613	21780
A23403G(S:D614G) C23525T(S:H655Y)	46	145	0.31724137931034485	23401	23525
C23525T(S:H655Y) T23599G(S:N679K) C23604A(S:P681H)	44	91	0.4835164835164835	23524	23605
T23599G(S:N679K) C23604A(S:P681H)	32	104	0.3076923076923077	23579	23606
A23055G(S:Q498R) A23063T(S:N501Y) T23075C(S:Y505H)	24	82	0.2926829268292683	23052	23111
A23013C(S:E484A) T23018G(S:F486V) A23055G(S:Q498R) A23063T(S:N501Y) T23075C(S:Y505H)	16	49	0.32653061224489793	23009	23081
G22992A(S:S477N) C22995A(S:T478K) A23013C(S:E484A) T23018G(S:F486V) A23055G(S:Q498R) A23063T(S:N501Y) T23075C(S:Y505H)	16	30	0.5333333333333333	22988	23086
(21632,9)(S:DEL25/27)	14	314	0.044585987261146494	21628	21658
A23063T(S:N501Y) T23075C(S:Y505H)	13	97	0.13402061855670103	23060	23149
A23403G(S:D614G) C23525T(S:H655Y) T23599G(S:N679K) C23604A(S:P681H)	13	44	0.29545454545454547	23401	23606
A23403G(S:D614G) T23599G(S:N679K) C23604A(S:P681H)	12	44	0.2727272727272727	23363	23606
T23075C(S:Y505H)	12	111	0.10810810810810811	23074	23169
(21632,9)(S:DEL25/27) (21764,6)(S:DEL69/70)	10	157	0.06369426751592357	21620	21791
C23525T(S:H655Y) T23599G(S:N679K)	10	109	0.09174311926605505	23520	23599
