Covariants	Count	Max_count	Freq	Coverage_start	Coverage_end
A23403G(S:D614G)	184	353	0.5212464589235127	23401	23403
A23403G(S:D614G) C23525T(S:H655Y)	102	157	0.6496815286624203	23400	23525
C23525T(S:H655Y)	76	290	0.2620689655172414	23507	23525
C23525T(S:H655Y) T23599G(S:N679K) C23604A(S:P681H)	43	77	0.5584415584415584	23524	23607
C21618T(S:T19I) (21632,9)(S:DEL25/27)	43	45	0.9555555555555556	21613	21653
A24424T(S:Q954H) T24469A(S:N969K)	38	39	0.9743589743589743	24420	24471
G22992A(S:S477N) C22995A(S:T478K) A23013C(S:E484A) A23040G(S:Q493R) A23055G(S:Q498R) A23063T(S:N501Y) T23075C(S:Y505H)	26	29	0.896551724137931	22988	23082
A23403G(S:D614G) C23525T(S:H655Y) T23599G(S:N679K) C23604A(S:P681H)	26	32	0.8125	23402	23606
A24424T(S:Q954H)	25	67	0.373134328358209	24361	24428
C25000T(S:D1146D)	18	18	1.0	24982	25000
G23948T(S:D796Y)	17	18	0.9444444444444444	23941	23978
T23075C(S:Y505H)	15	98	0.15306122448979592	23072	23157
A23063T(S:N501Y) T23075C(S:Y505H)	14	83	0.1686746987951807	23060	23149
A23013C(S:E484A) A23040G(S:Q493R) A23055G(S:Q498R) A23063T(S:N501Y) T23075C(S:Y505H)	14	46	0.30434782608695654	23006	23111
A23040G(S:Q493R) A23055G(S:Q498R) A23063T(S:N501Y) T23075C(S:Y505H)	12	62	0.1935483870967742	23032	23116
G21987A(S:G142D)	12	22	0.5454545454545454	21973	21997
C23525T(S:H655Y) T23599G(S:N679K)	12	98	0.12244897959183673	23507	23601
T22200G(S:V213G)	12	19	0.631578947368421	22138	22201
