Covariants	Count	Max_count	Freq	Coverage_start	Coverage_end
G22317T(S:G252V)	90	182	0.4945054945054945	22207	22347
C23525T(S:H655Y) G23562A	57	60	0.95	23411	23562
A22320G(S:D253G)	46	182	0.25274725274725274	22207	22339
C25416T(ORF3a:F8F)	34	51	0.6666666666666666	25381	25434
T21810C(S:V83A)	26	31	0.8387096774193549	21765	21900
A22278G(S:Q239R) G22317T(S:G252V)	10	181	0.055248618784530384	22206	22347
