Covariants	Count	Max_count	Freq	Coverage_start	Coverage_end
C23525T(S:H655Y) G23562A	124	132	0.9393939393939394	23411	23562
(21764,6)(S:DEL69/70)	111	172	0.6453488372093024	21674	21790
C25416T(ORF3a:F8F)	65	307	0.21172638436482086	25377	25434
A22320G(S:D253G)	56	237	0.23628691983122363	22217	22347
T23385A	47	77	0.6103896103896104	23250	23385
T21810C(S:V83A)	43	180	0.2388888888888889	21765	21900
C25452T(ORF3a:I20I)	24	271	0.08856088560885608	25377	25468
G21987A(S:G142D) T22099A(S:L179L)	22	37	0.5945945945945946	21949	22099
C23525T(S:H655Y)	20	172	0.11627906976744186	23431	23561
T22304C(S:Y248H)	19	222	0.08558558558558559	22207	22347
T22200G(S:V213G)	15	16	0.9375	22196	22243
A23403G(S:D614G)	15	30	0.5	23325	23444
C25118T(S:L1186F) G25269A	13	25	0.52	25117	25269
C23601T T23752A(S:S730S)	12	26	0.46153846153846156	23600	23752
A24388T A24424T(S:Q954H) T24469A(S:N969K) A24539G	12	24	0.5	24387	24539
A24424T(S:Q954H) T24469A(S:N969K)	12	28	0.42857142857142855	24388	24621
C22674T(S:S371F) T22679C(S:S373P) C22686T(S:S375F) A22688G(S:T376A)	11	30	0.36666666666666664	22589	22736
C22674T(S:S371F) T22679C(S:S373P) C22686T(S:S375F) A22688G(S:T376A) G22775A(S:D405N)	11	16	0.6875	22589	22781
A24652T	11	119	0.09243697478991597	24651	24802
C25000T(S:D1146D)	11	17	0.6470588235294118	24926	25076
A22271G(S:R237G) A22320G(S:D253G)	10	222	0.04504504504504504	22207	22347
