Covariants	Count	Max_count	Freq	Coverage_start	Coverage_end
A23403G(S:D614G)	39	155	0.25161290322580643	23402	23403
G21770A(S:V70I)	17	37	0.4594594594594595	21735	21799
