Covariants	Count	Max_count	Freq	Coverage_start	Coverage_end
T24469A(S:N969K)	1126	1356	0.8303834808259587	24468	24472
A23055G(S:Q498R) A23063T(S:N501Y) T23075C(S:Y505H)	400	964	0.4149377593360996	23054	23102
C25000T(S:D1146D)	315	415	0.7590361445783133	24991	25000
A24424T(S:Q954H)	251	724	0.34668508287292815	24357	24424
A23013C(S:E484A) T23018G(S:F486V) A23055G(S:Q498R) A23063T(S:N501Y) T23075C(S:Y505H)	190	493	0.385395537525355	23011	23081
G22992A(S:S477N) C22995A(S:T478K) A23013C(S:E484A) T23018G(S:F486V) A23055G(S:Q498R) A23063T(S:N501Y) T23075C(S:Y505H)	171	279	0.6129032258064516	22989	23075
C21618T(S:T19I) (21632,9)(S:DEL25/27)	147	147	1.0	21586	21654
A24424T(S:Q954H) T24469A(S:N969K)	136	452	0.3008849557522124	24420	24470
A23063T(S:N501Y) T23075C(S:Y505H)	111	1082	0.10258780036968576	23061	23149
G21987A(S:G142D)	95	209	0.45454545454545453	21948	21987
T23075C(S:Y505H)	81	1166	0.06946826758147513	23074	23162
C21618T(S:T19I)	52	199	0.2613065326633166	21542	21618
G21987A(S:G142D) T22200G(S:V213G)	48	70	0.6857142857142857	21949	22201
T22200G(S:V213G)	47	111	0.42342342342342343	22163	22201
T23018G(S:F486V) A23055G(S:Q498R) A23063T(S:N501Y) T23075C(S:Y505H)	45	545	0.08256880733944955	23017	23098
G22992A(S:S477N) C22995A(S:T478K) A23013C(S:E484A) T23018G(S:F486V) A23055G(S:Q498R) A23063T(S:N501Y)	42	283	0.14840989399293286	22983	23067
G22992A(S:S477N) C22995A(S:T478K) A23013C(S:E484A) T23018G(S:F486V) A23055G(S:Q498R)	41	285	0.14385964912280702	22978	23213
G21987A(S:G142D) (21990,3)(S:DEL144)	26	204	0.12745098039215685	21931	22010
T22882G(S:N440K) T22917G(S:L452R)	14	31	0.45161290322580644	22881	22943
G21987A(S:G142D) (21990,3)(S:DEL144) T22200G(S:V213G)	13	70	0.18571428571428572	21978	22201
