Covariants	Count	Max_count	Freq	Coverage_start	Coverage_end
A23403G(S:D614G)	31	99	0.31313131313131315	23402	23404
C21721T(S:D53D)	17	63	0.2698412698412698	21717	21746
