Covariants	Count	Max_count	Freq	Coverage_start	Coverage_end
T24469A(S:N969K)	1483	1691	0.8769958604376109	24468	24469
A23403G(S:D614G)	1101	2926	0.3762816131237184	23402	23403
C23525T(S:H655Y)	877	2278	0.3849868305531168	23505	23525
A23403G(S:D614G) C23525T(S:H655Y)	671	1711	0.39216832261835183	23402	23525
G25157A(S:D1199N)	319	1846	0.17280606717226435	25152	25160
C21618T(S:T19I) (21632,9)(S:DEL25/27)	286	302	0.9470198675496688	21613	21650
C23525T(S:H655Y) T23599G(S:N679K) C23604A(S:P681H)	241	525	0.45904761904761904	23524	23605
A23403G(S:D614G) C23525T(S:H655Y) T23599G(S:N679K) C23604A(S:P681H)	149	315	0.473015873015873	23401	23605
C25000T(S:D1146D)	145	198	0.7323232323232324	24991	25000
C25416T(ORF3a:F8F)	109	613	0.17781402936378465	25385	25417
A23403G(S:D614G) T23599G(S:N679K) C23604A(S:P681H)	69	315	0.21904761904761905	23401	23605
C23525T(S:H655Y) T23599G(S:N679K)	61	620	0.09838709677419355	23524	23599
(24320,1)(S:DEL921)	59	221	0.2669683257918552	24300	24328
G25157A(S:D1199N) C25416T(ORF3a:F8F)	59	219	0.2694063926940639	25152	25421
T23599G(S:N679K) C23604A(S:P681H)	58	534	0.10861423220973783	23527	23605
(24320,1)(S:DEL921) T24469A(S:N969K)	52	100	0.52	24300	24529
A23063T(S:N501Y) T23075C(S:Y505H)	41	171	0.23976608187134502	23060	23161
G23948T(S:D796Y)	38	39	0.9743589743589743	23938	23967
A24424T(S:Q954H)	38	199	0.19095477386934673	24372	24429
A23013C(S:E484A) T23019C(S:F486S) A23055G(S:Q498R) A23063T(S:N501Y) T23075C(S:Y505H)	31	83	0.37349397590361444	23008	23096
A23403G(S:D614G) C23525T(S:H655Y) T23599G(S:N679K)	30	360	0.08333333333333333	23400	23601
A23055G(S:Q498R) A23063T(S:N501Y) T23075C(S:Y505H)	29	131	0.22137404580152673	23054	23116
A24424T(S:Q954H) T24469A(S:N969K)	28	125	0.224	24419	24496
(24320,1)(S:DEL921) A24424T(S:Q954H)	27	169	0.15976331360946747	24302	24428
G22992A(S:S477N) C22995A(S:T478K) A23013C(S:E484A) T23019C(S:F486S) A23055G(S:Q498R) A23063T(S:N501Y) T23075C(S:Y505H)	26	51	0.5098039215686274	22989	23086
G21987A(S:G142D)	25	33	0.7575757575757576	21955	21990
T22882G(S:N440K) T22917G(S:L452R)	22	84	0.2619047619047619	22880	22919
T23019C(S:F486S) A23055G(S:Q498R) A23063T(S:N501Y) T23075C(S:Y505H)	17	99	0.1717171717171717	23018	23096
G22813T(S:K417N) T22882G(S:N440K) T22917G(S:L452R) G22992A(S:S477N) C22995A(S:T478K)	10	32	0.3125	22808	22997
(24320,1)(S:DEL921) A24424T(S:Q954H) T24469A(S:N969K)	10	100	0.1	24307	24474
