Covariants	Count	Max_count	Freq	Coverage_start	Coverage_end
A23403G(S:D614G)	40	103	0.3883495145631068	23402	23404
G21770A(S:V70I)	10	30	0.3333333333333333	21735	21799
