Covariants	Count	Max_count	Freq	Coverage_start	Coverage_end
A23403G(S:D614G)	50	165	0.30303030303030304	23402	23403
G21770A(S:V70I)	13	36	0.3611111111111111	21735	21799
