Covariants	Count	Max_count	Freq	Coverage_start	Coverage_end
C25000T(S:D1146D)	1574	1993	0.789764174611139	24998	25000
T24469A(S:N969K)	575	959	0.5995828988529719	24461	24474
A24424T(S:Q954H)	464	1407	0.3297796730632552	24415	24424
A24424T(S:Q954H) T24469A(S:N969K)	339	893	0.3796192609182531	24420	24469
G21987A(S:G142D)	76	175	0.4342857142857143	21980	21987
T22200G(S:V213G)	52	128	0.40625	22163	22200
G21987A(S:G142D) T22200G(S:V213G)	50	64	0.78125	21979	22201
G22104T(S:G181V)	21	179	0.11731843575418995	22061	22133
G22104T(S:G181V) T22200G(S:V213G)	18	98	0.1836734693877551	22080	22201
G21987A(S:G142D) G22104T(S:G181V)	12	119	0.10084033613445378	21943	22109
