Covariants	Count	Max_count	Freq	Coverage_start	Coverage_end
C21618T(S:T19I) (21632,9)(S:DEL25/27)	2041	2105	0.9695961995249406	21613	21652
C21618T(S:T19I)	502	2648	0.18957703927492447	21550	21618
C21618T(S:T19I) T21633C(S:L24S)	27	2132	0.012664165103189493	21533	21633
(21632,9)(S:DEL25/27)	25	2105	0.011876484560570071	21584	21668
C21618T(S:T19I) (21632,9)(S:DEL25/27) T21670C(S:V36V)	19	1781	0.010668163952835485	21576	21671
C23525T(S:H655Y)	14	34	0.4117647058823529	23450	23526
