Covariants	Count	Max_count	Freq	Coverage_start	Coverage_end
A23403G(S:D614G)	1992	4370	0.45583524027459954	23402	23403
C23525T(S:H655Y)	1446	3950	0.3660759493670886	23521	23525
A23403G(S:D614G) C23525T(S:H655Y)	871	2199	0.39608913142337426	23402	23525
T24469A(S:N969K)	704	766	0.9190600522193212	24468	24533
C23525T(S:H655Y) T23599G(S:N679K) C23604A(S:P681H)	637	1147	0.5553618134263295	23524	23605
C21618T(S:T19I) (21632,9)(S:DEL25/27)	278	378	0.7354497354497355	21614	21653
C25000T(S:D1146D)	230	268	0.8582089552238806	24998	25000
(21764,6)(S:DEL69/70)	227	385	0.5896103896103896	21761	21780
A23403G(S:D614G) C23525T(S:H655Y) T23599G(S:N679K) C23604A(S:P681H)	192	489	0.39263803680981596	23402	23605
C23525T(S:H655Y) T23599G(S:N679K)	182	1414	0.12871287128712872	23524	23599
T23599G(S:N679K) C23604A(S:P681H)	170	1198	0.1419031719532554	23527	23606
A23403G(S:D614G) T23599G(S:N679K) C23604A(S:P681H)	132	489	0.26993865030674846	23402	23605
A23055G(S:Q498R) A23063T(S:N501Y) T23075C(S:Y505H)	102	253	0.4031620553359684	23054	23116
A23403G(S:D614G) C23525T(S:H655Y) T23599G(S:N679K)	78	611	0.1276595744680851	23402	23600
C21618T(S:T19I) (21632,9)(S:DEL25/27) (21764,6)(S:DEL69/70)	65	114	0.5701754385964912	21613	21780
A23013C(S:E484A) T23018G(S:F486V) A23055G(S:Q498R) A23063T(S:N501Y) T23075C(S:Y505H)	56	126	0.4444444444444444	23011	23086
T23075C(S:Y505H)	37	316	0.11708860759493671	23074	23157
G22992A(S:S477N) C22995A(S:T478K) A23013C(S:E484A) T23018G(S:F486V) A23055G(S:Q498R) A23063T(S:N501Y) T23075C(S:Y505H)	34	61	0.5573770491803278	22989	23075
A23063T(S:N501Y) T23075C(S:Y505H)	29	280	0.10357142857142858	23060	23116
T22200G(S:V213G)	21	21	1.0	22198	22208
(21632,9)(S:DEL25/27)	19	380	0.05	21619	21657
T23018G(S:F486V) A23055G(S:Q498R) A23063T(S:N501Y) T23075C(S:Y505H)	17	143	0.11888111888111888	23017	23096
T23599G(S:N679K)	16	1465	0.010921501706484642	23527	23601
G21987A(S:G142D)	16	17	0.9411764705882353	21949	21989
A23403G(S:D614G) T23599G(S:N679K)	15	611	0.024549918166939442	23400	23599
G22992A(S:S477N) C22995A(S:T478K) A23013C(S:E484A) T23018G(S:F486V) A23055G(S:Q498R) A23063T(S:N501Y)	15	72	0.20833333333333334	22983	23067
G22992A(S:S477N) C22995A(S:T478K) A23013C(S:E484A) T23018G(S:F486V) A23055G(S:Q498R)	12	76	0.15789473684210525	22978	23058
T22882G(S:N440K) T22917G(S:L452R)	12	44	0.2727272727272727	22881	22920
T22917G(S:L452R) G22992A(S:S477N) C22995A(S:T478K)	10	31	0.3225806451612903	22916	22997
C25416T(ORF3a:F8F)	10	373	0.02680965147453083	25373	25442
