Covariants	Count	Max_count	Freq	Coverage_start	Coverage_end
A23403G(S:D614G)	185	375	0.49333333333333335	23402	23403
A23403G(S:D614G) C23525T(S:H655Y)	96	164	0.5853658536585366	23402	23525
T24469A(S:N969K)	69	90	0.7666666666666667	24468	24533
C23525T(S:H655Y)	64	311	0.2057877813504823	23507	23525
C23525T(S:H655Y) T23599G(S:N679K) C23604A(S:P681H)	58	93	0.6236559139784946	23521	23606
C25000T(S:D1146D)	49	54	0.9074074074074074	24987	25000
G22578A(S:G339D) G22599A(S:R346K)	33	59	0.559322033898305	22563	22605
G23948T(S:D796Y)	31	32	0.96875	23939	23965
A23403G(S:D614G) C23525T(S:H655Y) T23599G(S:N679K) C23604A(S:P681H)	23	32	0.71875	23401	23607
C21618T(S:T19I) (21632,9)(S:DEL25/27)	23	36	0.6388888888888888	21591	21654
C23202A(S:T547K)	22	139	0.15827338129496402	23194	23203
T23278C(S:T572T) A23403G(S:D614G)	20	112	0.17857142857142858	23277	23410
C23525T(S:H655Y) T23599G(S:N679K)	19	125	0.152	23507	23601
T23278C(S:T572T)	19	259	0.07335907335907337	23276	23358
G22992A(S:S477N) C22995A(S:T478K) A23013C(S:E484A) A23040G(S:Q493R) A23055G(S:Q498R) A23063T(S:N501Y) T23075C(S:Y505H)	15	24	0.625	22989	23088
C25416T(ORF3a:F8F)	13	37	0.35135135135135137	25309	25420
G21987A(S:G142D)	13	19	0.6842105263157895	21973	21998
A23403G(S:D614G) C23525T(S:H655Y) T23599G(S:N679K)	11	44	0.25	23401	23601
A23063T(S:N501Y) T23075C(S:Y505H)	11	85	0.12941176470588237	23060	23149
G22578A(S:G339D) G22599A(S:R346K) T22673C(S:S371L) C22674T(S:S371L) T22679C(S:S373P) C22686T(S:S375F)	10	21	0.47619047619047616	22571	22704
T22200G(S:V213G)	10	16	0.625	22138	22201
C21618T(S:T19I)	10	50	0.2	21565	21622
