Covariants	Count	Max_count	Freq	Coverage_start	Coverage_end
C25000T(S:D1146D)	419	537	0.7802607076350093	24991	25000
A23055G(S:Q498R) A23063T(S:N501Y) T23075C(S:Y505H)	193	448	0.43080357142857145	23054	23125
C21618T(S:T19I) (21632,9)(S:DEL25/27)	150	204	0.7352941176470589	21613	21653
(21764,6)(S:DEL69/70)	104	215	0.48372093023255813	21756	21780
G22992A(S:S477N) C22995A(S:T478K) A23013C(S:E484A) T23018G(S:F486V) A23055G(S:Q498R) A23063T(S:N501Y) T23075C(S:Y505H)	97	138	0.7028985507246377	22988	23081
A23013C(S:E484A) T23018G(S:F486V) A23055G(S:Q498R) A23063T(S:N501Y) T23075C(S:Y505H)	81	226	0.3584070796460177	23011	23086
A23063T(S:N501Y) T23075C(S:Y505H)	65	513	0.1267056530214425	23060	23149
G21987A(S:G142D)	59	96	0.6145833333333334	21943	21997
C21618T(S:T19I) (21632,9)(S:DEL25/27) (21764,6)(S:DEL69/70)	49	98	0.5	21605	21780
G22578A(S:G339D)	46	63	0.7301587301587301	22563	22608
T23075C(S:Y505H)	39	552	0.07065217391304347	23074	23170
G22992A(S:S477N) C22995A(S:T478K) A23013C(S:E484A) T23018G(S:F486V) A23055G(S:Q498R)	19	142	0.13380281690140844	22978	23177
G22992A(S:S477N) C22995A(S:T478K) A23013C(S:E484A) T23018G(S:F486V) A23055G(S:Q498R) A23063T(S:N501Y)	16	142	0.11267605633802817	22988	23069
G21987A(S:G142D) T22200G(S:V213G)	13	19	0.6842105263157895	21963	22201
T23018G(S:F486V) A23055G(S:Q498R) A23063T(S:N501Y) T23075C(S:Y505H)	11	239	0.04602510460251046	23016	23113
