Covariants	Count	Max_count	Freq	Coverage_start	Coverage_end
T24469A(S:N969K)	1568	1757	0.8924302788844621	24468	24473
A23403G(S:D614G)	1324	2767	0.47849656667871343	23402	23403
C23525T(S:H655Y)	883	2514	0.35123309466984887	23514	23525
A23403G(S:D614G) C23525T(S:H655Y)	520	1325	0.39245283018867927	23402	23525
C23525T(S:H655Y) T23599G(S:N679K) C23604A(S:P681H)	463	773	0.5989650711513583	23524	23605
C25000T(S:D1146D)	451	540	0.8351851851851851	24998	25000
C25416T(ORF3a:F8F)	289	682	0.4237536656891496	25385	25418
T23599G(S:N679K) C23604A(S:P681H)	166	889	0.18672665916760406	23592	23607
C23525T(S:H655Y) T23599G(S:N679K)	128	953	0.13431269674711438	23524	23599
A23403G(S:D614G) C23525T(S:H655Y) T23599G(S:N679K) C23604A(S:P681H)	126	291	0.4329896907216495	23402	23605
C21618T(S:T19I) (21632,9)(S:DEL25/27)	82	85	0.9647058823529412	21591	21654
A24424T(S:Q954H)	81	200	0.405	24386	24424
A23403G(S:D614G) T23599G(S:N679K) C23604A(S:P681H)	69	291	0.23711340206185566	23402	23605
C23854A(S:N764K)	54	80	0.675	23829	23854
A23403G(S:D614G) C23525T(S:H655Y) T23599G(S:N679K)	44	356	0.12359550561797752	23401	23599
A24424T(S:Q954H) T24469A(S:N969K)	44	100	0.44	24420	24470
T23599G(S:N679K) C23604A(S:P681H) C23854A(S:N764K)	18	18	1.0	23592	23854
T23599G(S:N679K)	15	1069	0.01403180542563143	23526	23599
G25348A(S:E1262E)	15	1589	0.009439899307740718	25317	25350
C21618T(S:T19I)	14	101	0.13861386138613863	21547	21618
G21987A(S:G142D) (21992,6)(S:DEL145/146) C22062T(S:T167I)	11	26	0.4230769230769231	21969	22072
T22882G(S:N440K) T22917G(S:L452R)	10	36	0.2777777777777778	22881	22925
