Covariants	Count	Max_count	Freq	Coverage_start	Coverage_end
C25000T(S:D1146D)	9413	11622	0.8099294441576321	24998	25000
C23525T(S:H655Y)	1995	5427	0.3676064123825318	23506	23525
A23403G(S:D614G)	1708	6303	0.27098207202919244	23402	23403
A23403G(S:D614G) C23525T(S:H655Y)	1469	4330	0.3392609699769053	23402	23525
A23403G(S:D614G) C23525T(S:H655Y) T23599G(S:N679K) C23604A(S:P681H)	563	1135	0.4960352422907489	23402	23605
C23525T(S:H655Y) T23599G(S:N679K) C23604A(S:P681H)	559	1566	0.3569604086845466	23524	23604
A23403G(S:D614G) T23599G(S:N679K) C23604A(S:P681H)	292	1135	0.25726872246696036	23402	23607
A23403G(S:D614G) C23525T(S:H655Y) T23599G(S:N679K)	153	1345	0.1137546468401487	23402	23599
T25099C(S:I1179I)	144	3307	0.043543997580889025	25038	25104
T23599G(S:N679K) C23604A(S:P681H)	128	1583	0.08085912823752368	23527	23607
C25000T(S:D1146D) T25099C(S:I1179I)	116	3066	0.037834311806914545	24997	25099
T22200G(S:V213G)	116	120	0.9666666666666667	22199	22200
C23525T(S:H655Y) T23599G(S:N679K)	107	1832	0.0584061135371179	23507	23601
T24940C(S:C1126C)	40	13561	0.0029496349826708943	24900	24958
T24940C(S:C1126C) C25000T(S:D1146D)	30	10034	0.0029898345624875425	24931	25000
T24960C(S:V1133A) C25000T(S:D1146D)	27	10467	0.0025795356835769563	24955	25000
T24991C(S:P1143P) C25000T(S:D1146D)	11	11557	0.0009518041014104006	24931	25021
