Covariants	Count	Max_count	Freq	Coverage_start	Coverage_end
A23403G(S:D614G)	22	78	0.28205128205128205	23402	23404
C21721T(S:D53D)	17	55	0.3090909090909091	21716	21721
