Covariants	Count	Max_count	Freq	Coverage_start	Coverage_end
A23403G(S:D614G)	41	121	0.33884297520661155	23402	23404
G21770A(S:V70I)	13	37	0.35135135135135137	21735	21799
