Covariants	Count	Max_count	Freq	Coverage_start	Coverage_end
A23403G(S:D614G)	1066	3290	0.32401215805471123	23402	23403
C23525T(S:H655Y)	1046	2792	0.3746418338108882	23507	23525
A23403G(S:D614G) C23525T(S:H655Y)	706	2102	0.3358705994291151	23402	23525
C23525T(S:H655Y) T23599G(S:N679K) C23604A(S:P681H)	313	775	0.4038709677419355	23524	23604
T24870C(S:F1103S)	237	451	0.5254988913525499	24869	24870
A23403G(S:D614G) C23525T(S:H655Y) T23599G(S:N679K) C23604A(S:P681H)	211	496	0.4254032258064516	23402	23606
A23403G(S:D614G) T23599G(S:N679K) C23604A(S:P681H)	137	496	0.2762096774193548	23402	23607
C25000T(S:D1146D)	130	286	0.45454545454545453	24999	25000
(25391,2)	110	206	0.5339805825242718	25385	25443
T24870C(S:F1103S) C25000T(S:D1146D)	89	190	0.46842105263157896	24869	25000
T23599G(S:N679K) C23604A(S:P681H)	83	780	0.1064102564102564	23526	23607
C23525T(S:H655Y) T23599G(S:N679K)	70	916	0.07641921397379912	23523	23601
A23403G(S:D614G) C23525T(S:H655Y) T23599G(S:N679K)	64	588	0.10884353741496598	23400	23599
T22882G(S:N440K) A22893C(S:K444T) T22917G(S:L452R) T22942A(S:N460K) G22992A(S:S477N) C22995A(S:T478K) A23013C(S:E484A) T23018G(S:F486V)	13	20	0.65	22881	23019
A22786C(S:R408S) G22813T(S:K417N)	11	23	0.4782608695652174	22778	22865
