Covariants	Count	Max_count	Freq	Coverage_start	Coverage_end
A23403G(S:D614G)	29	103	0.2815533980582524	23402	23403
G21770A(S:V70I)	14	45	0.3111111111111111	21735	21799
