Covariants	Count	Max_count	Freq	Coverage_start	Coverage_end
A23403G(S:D614G)	52	155	0.33548387096774196	23402	23404
C21721T(S:D53D)	37	94	0.39361702127659576	21719	21721
