Covariants	Count	Max_count	Freq	Coverage_start	Coverage_end
A23403G(S:D614G)	435	1096	0.3968978102189781	23402	23403
C23525T(S:H655Y)	314	1057	0.29706717123935666	23507	23525
(21764,6)(S:DEL69/70)	242	511	0.4735812133072407	21762	21780
A23403G(S:D614G) C23525T(S:H655Y)	196	626	0.31309904153354634	23402	23525
C23525T(S:H655Y) T23599G(S:N679K) C23604A(S:P681H)	166	375	0.44266666666666665	23524	23604
G21604T(S:Q14H) C21618T(S:T19I) (21632,9)(S:DEL25/27)	82	250	0.328	21600	21652
C21618T(S:T19I) (21632,9)(S:DEL25/27) (21650,6)(S:DEL31/32)	81	302	0.2682119205298013	21613	21657
T23599G(S:N679K) C23604A(S:P681H)	58	403	0.14392059553349876	23592	23607
C25000T(S:D1146D)	45	99	0.45454545454545453	24997	25000
A23403G(S:D614G) C23525T(S:H655Y) T23599G(S:N679K) C23604A(S:P681H)	44	172	0.2558139534883721	23402	23607
C23525T(S:H655Y) (23539,29)(S:DEL660/668) T23599G(S:N679K) C23604A(S:P681H)	44	375	0.11733333333333333	23524	23605
C21618T(S:T19I) (21632,9)(S:DEL25/27) (21650,6)(S:DEL31/32) (21764,6)(S:DEL69/70)	43	176	0.24431818181818182	21613	21780
C23525T(S:H655Y) T23599G(S:N679K)	37	455	0.08131868131868132	23521	23601
T21656A(S:F32I)	34	464	0.07327586206896551	21655	21733
A23403G(S:D614G) T23599G(S:N679K) C23604A(S:P681H)	31	172	0.18023255813953487	23402	23607
C24831T(S:P1090L)	29	114	0.2543859649122807	24823	24856
A23055G(S:Q498R) A23063T(S:N501Y) T23075C(S:Y505H)	26	86	0.3023255813953488	23048	23116
G21604T(S:Q14H) C21618T(S:T19I) (21632,9)(S:DEL25/27) (21764,6)(S:DEL69/70)	23	139	0.16546762589928057	21600	21791
A23403G(S:D614G) C23525T(S:H655Y) T23599G(S:N679K)	21	218	0.0963302752293578	23401	23601
C21618T(S:T19I) (21632,9)(S:DEL25/27)	20	304	0.06578947368421052	21613	21662
A23403G(S:D614G) C23525T(S:H655Y) (23539,29)(S:DEL660/668) T23599G(S:N679K) C23604A(S:P681H)	18	172	0.10465116279069768	23401	23605
T21656A(S:F32I) (21764,6)(S:DEL69/70)	15	274	0.05474452554744526	21655	21781
A24424T(S:Q954H)	15	40	0.375	24375	24424
T22882G(S:N440K) T22917G(S:L452R)	11	62	0.1774193548387097	22881	22952
C23525T(S:H655Y) (23539,29)(S:DEL660/668) T23599G(S:N679K)	11	455	0.024175824175824177	23512	23601
C23854A(S:N764K)	10	18	0.5555555555555556	23825	23865
T24469A(S:N969K)	10	20	0.5	24452	24510
