Covariants	Count	Max_count	Freq	Coverage_start	Coverage_end
C21618T(S:T19I) (21632,9)(S:DEL25/27)	38	86	0.4418604651162791	21565	21645
G23948T(S:D796Y)	18	43	0.4186046511627907	23880	23961
(21569,1)(S:DEL4) C21618T(S:T19I) (21632,9)(S:DEL25/27)	17	82	0.2073170731707317	21565	21647
