Covariants	Count	Max_count	Freq	Coverage_start	Coverage_end
C21618T(S:T19I) (21632,9)(S:DEL25/27)	165	174	0.9482758620689655	21615	21652
(21632,9)(S:DEL25/27)	12	184	0.06521739130434782	21621	21669
