Covariants	Count	Max_count	Freq	Coverage_start	Coverage_end
A23403G(S:D614G)	54	161	0.33540372670807456	23402	23404
C21721T(S:D53D)	15	65	0.23076923076923078	21719	21746
