Covariants	Count	Max_count	Freq	Coverage_start	Coverage_end
A23403G(S:D614G)	21	63	0.3333333333333333	23402	23404
T22054G(S:N164K)	11	79	0.13924050632911392	22053	22080
