Covariants	Count	Max_count	Freq	Coverage_start	Coverage_end
T24469A(S:N969K)	443	584	0.7585616438356164	24468	24533
G24690T(S:C1043F)	408	1222	0.33387888707037644	24686	24690
T24469A(S:N969K) G24690T(S:C1043F)	81	234	0.34615384615384615	24468	24700
A23403G(S:D614G)	54	147	0.3673469387755102	23400	23403
C23525T(S:H655Y)	46	160	0.2875	23510	23525
A23055G(S:Q498R) A23063T(S:N501Y) T23075C(S:Y505H)	31	76	0.40789473684210525	23049	23116
C23525T(S:H655Y) T23599G(S:N679K) C23604A(S:P681H)	30	53	0.5660377358490566	23524	23607
A23403G(S:D614G) C23525T(S:H655Y)	26	90	0.28888888888888886	23402	23525
C21618T(S:T19I) (21632,9)(S:DEL25/27)	15	17	0.8823529411764706	21585	21654
T23075C(S:Y505H)	14	106	0.1320754716981132	23073	23149
A23013C(S:E484A) T23018G(S:F486V) A23055G(S:Q498R) A23063T(S:N501Y) T23075C(S:Y505H)	13	33	0.3939393939393939	23008	23088
C23525T(S:H655Y) T23599G(S:N679K)	13	72	0.18055555555555555	23505	23601
A23063T(S:N501Y) T23075C(S:Y505H)	12	90	0.13333333333333333	23060	23152
A23403G(S:D614G) C23525T(S:H655Y) T23599G(S:N679K) C23604A(S:P681H)	11	28	0.39285714285714285	23402	23606
