Covariants	Count	Max_count	Freq	Coverage_start	Coverage_end
T24469A(S:N969K)	76	101	0.7524752475247525	24452	24532
G23948T(S:D796Y)	11	26	0.4230769230769231	23880	23960
