Covariants	Count	Max_count	Freq	Coverage_start	Coverage_end
G22317T(S:G252V)	117	195	0.6	22298	22347
C25416T(ORF3a:F8F)	106	154	0.6883116883116883	25377	25424
C22664A(S:L368I) C22674T(S:S371F) T22679C(S:S373P) C22686T(S:S375F) A22688G(S:T376A) G22775A(S:D405N)	73	97	0.7525773195876289	22589	22781
T21810C(S:V83A)	68	88	0.7727272727272727	21765	21900
G21987A(S:G142D) (21990,3)(S:DEL144) C22000A(S:H146Q)	32	35	0.9142857142857143	21949	22098
T23385A	28	46	0.6086956521739131	23250	23385
C25000T(S:D1146D)	24	24	1.0	24926	25076
A22320G(S:D253G)	20	195	0.10256410256410256	22207	22347
A24424T(S:Q954H) T24469A(S:N969K)	20	43	0.46511627906976744	24388	24537
C23525T(S:H655Y) G23562A	18	37	0.4864864864864865	23411	23562
C22674T(S:S371F) T22679C(S:S373P) C22686T(S:S375F) A22688G(S:T376A) G22775A(S:D405N)	14	97	0.14432989690721648	22589	22781
T22882G(S:N440K) G22895C(S:V445P) T22896C(S:V445P) G22898A(S:G446S) T22942G(S:N460K) G22992A(S:S477N) C22995A(S:T478K) A23013C(S:E484A) T23018C(S:F486P) T23019C(S:F486P) T23031C(S:F490S) A23055G(S:Q498R) A23063T(S:N501Y) T23075C(S:Y505H)	13	44	0.29545454545454547	22850	23097
A24388T A24424T(S:Q954H) T24469A(S:N969K) A24539G	13	37	0.35135135135135137	24387	24539
C25118T(S:L1186F) G25269A	13	26	0.5	25117	25269
(21764,6)(S:DEL69/70)	13	83	0.1566265060240964	21674	21817
T22200A(S:V213E) G22317T(S:G252V)	11	22	0.5	22129	22347
A23403G(S:D614G) C23525T(S:H655Y)	10	16	0.625	23325	23561
C23601T T23752A(S:S730S)	10	29	0.3448275862068966	23600	23752
