Covariants	Count	Max_count	Freq	Coverage_start	Coverage_end
A23403G(S:D614G)	53	159	0.3333333333333333	23402	23404
C21721T(S:D53D)	16	74	0.21621621621621623	21720	21744
