Covariants	Count	Max_count	Freq	Coverage_start	Coverage_end
C21721T(S:D53D)	15	41	0.36585365853658536	21719	21746
A23403G(S:D614G)	14	49	0.2857142857142857	23378	23404
