Covariants	Count	Max_count	Freq	Coverage_start	Coverage_end
A23403G(S:D614G)	17	56	0.30357142857142855	23402	23404
C21721T(S:D53D)	11	60	0.18333333333333332	21719	21743
