Covariants	Count	Max_count	Freq	Coverage_start	Coverage_end
T24469A(S:N969K)	1309	1366	0.958272327964861	24468	24533
A23403G(S:D614G)	597	1824	0.32730263157894735	23402	23403
C23525T(S:H655Y)	520	1452	0.3581267217630854	23507	23525
A23403G(S:D614G) C23525T(S:H655Y)	453	1172	0.386518771331058	23402	23525
C25000T(S:D1146D)	415	521	0.7965451055662188	24997	25000
T23599G(S:N679K) C23604A(S:P681H)	224	627	0.3572567783094099	23598	23606
C21618T(S:T19I) (21632,9)(S:DEL25/27)	223	334	0.6676646706586826	21613	21652
(21764,6)(S:DEL69/70)	191	463	0.41252699784017277	21756	21780
C23525T(S:H655Y) T23599G(S:N679K) C23604A(S:P681H)	127	351	0.36182336182336183	23524	23605
A23403G(S:D614G) C23525T(S:H655Y) T23599G(S:N679K) C23604A(S:P681H)	104	241	0.4315352697095436	23402	23606
T23599G(S:N679K) C23604A(S:P681H) C23854A(S:N764K)	100	107	0.9345794392523364	23598	23854
C21618T(S:T19I) (21632,9)(S:DEL25/27) (21764,6)(S:DEL69/70)	90	192	0.46875	21613	21784
C23854A(S:N764K)	67	180	0.37222222222222223	23792	23854
A23403G(S:D614G) T23599G(S:N679K) C23604A(S:P681H)	43	241	0.17842323651452283	23400	23607
C23525T(S:H655Y) T23599G(S:N679K)	31	409	0.07579462102689487	23523	23599
G23948T(S:D796Y)	31	33	0.9393939393939394	23935	23968
A23403G(S:D614G) C23525T(S:H655Y) T23599G(S:N679K)	30	287	0.10452961672473868	23402	23601
G22578A(S:G339D) G22599C(S:R346T)	22	29	0.7586206896551724	22548	22634
G21987A(S:G142D)	14	20	0.7	21932	21987
