Covariants	Count	Max_count	Freq	Coverage_start	Coverage_end
T24469A(S:N969K)	1086	1372	0.7915451895043731	24468	24532
A23403G(S:D614G)	688	1709	0.40257460503218256	23402	23403
T24689A(S:C1043S)	632	2943	0.2147468569486918	24688	24690
C23525T(S:H655Y)	530	1623	0.32655576093653726	23507	23525
A23403G(S:D614G) C23525T(S:H655Y)	331	942	0.351380042462845	23402	23525
C23525T(S:H655Y) T23599G(S:N679K) C23604A(S:P681H)	259	511	0.5068493150684932	23524	23605
T24469A(S:N969K) T24689A(S:C1043S)	119	524	0.22709923664122136	24468	24693
A23403G(S:D614G) C23525T(S:H655Y) T23599G(S:N679K) C23604A(S:P681H)	97	232	0.41810344827586204	23401	23605
T23599G(S:N679K) C23604A(S:P681H)	80	527	0.15180265654648956	23527	23606
G24926T(S:V1122L)	72	149	0.48322147651006714	24907	24926
C23525T(S:H655Y) T23599G(S:N679K)	70	629	0.11128775834658187	23523	23599
A23403G(S:D614G) T23599G(S:N679K) C23604A(S:P681H)	60	232	0.25862068965517243	23402	23605
C25000T(S:D1146D)	53	122	0.4344262295081967	24998	25005
A23055G(S:Q498R) A23063T(S:N501Y) T23075C(S:Y505H)	44	144	0.3055555555555556	23049	23116
G24926T(S:V1122L) C25000T(S:D1146D)	43	90	0.4777777777777778	24917	25000
A23013C(S:E484A) T23018G(S:F486V) A23055G(S:Q498R) A23063T(S:N501Y) T23075C(S:Y505H)	38	89	0.42696629213483145	23009	23086
A23403G(S:D614G) C23525T(S:H655Y) T23599G(S:N679K)	36	297	0.12121212121212122	23402	23600
C21618T(S:T19I) (21632,9)(S:DEL25/27)	34	37	0.918918918918919	21591	21654
G22992A(S:S477N) C22995A(S:T478K) A23013C(S:E484A) T23018G(S:F486V) A23055G(S:Q498R) A23063T(S:N501Y) T23075C(S:Y505H)	28	43	0.6511627906976745	22988	23075
A23063T(S:N501Y) T23075C(S:Y505H)	24	168	0.14285714285714285	23060	23138
T23075C(S:Y505H)	15	182	0.08241758241758242	23072	23169
T23599G(S:N679K)	13	645	0.020155038759689922	23527	23601
