Covariants	Count	Max_count	Freq	Coverage_start	Coverage_end
T23599G(S:N679K) C23604A(S:P681H)	1762	2180	0.808256880733945	23598	23607
T24469A(S:N969K)	549	612	0.8970588235294118	24468	24482
C21618T(S:T19I) (21632,9)(S:DEL25/27)	408	571	0.7145359019264448	21614	21646
A23403G(S:D614G)	352	2141	0.1644091546006539	23401	23403
C23525T(S:H655Y)	304	2147	0.1415929203539823	23511	23525
(21764,6)(S:DEL69/70)	301	637	0.4725274725274725	21761	21780
A23403G(S:D614G) C23525T(S:H655Y)	180	1755	0.10256410256410256	23402	23525
C23525T(S:H655Y) T23599G(S:N679K) C23604A(S:P681H)	149	1533	0.09719504240052185	23524	23604
C21618T(S:T19I) (21632,9)(S:DEL25/27) (21764,6)(S:DEL69/70)	112	232	0.4827586206896552	21613	21780
C25000T(S:D1146D)	105	136	0.7720588235294118	24998	25000
A23055G(S:Q498R) A23063T(S:N501Y) T23075C(S:Y505H)	66	198	0.3333333333333333	23054	23111
T23599G(S:N679K)	55	2239	0.02456453774006253	23594	23601
A23013C(S:E484A) T23018G(S:F486V) A23055G(S:Q498R) A23063T(S:N501Y) T23075C(S:Y505H)	48	118	0.4067796610169492	23010	23086
A23403G(S:D614G) C23525T(S:H655Y) T23599G(S:N679K) C23604A(S:P681H)	46	1372	0.033527696793002916	23400	23605
C23604A(S:P681H)	46	2186	0.021043000914913082	23602	23661
C23854A(S:N764K)	44	73	0.6027397260273972	23825	23854
C23525T(S:H655Y) T23599G(S:N679K)	42	1592	0.026381909547738693	23519	23601
G22992A(S:S477N) C22995A(S:T478K) A23013C(S:E484A) T23018G(S:F486V) A23055G(S:Q498R) A23063T(S:N501Y) T23075C(S:Y505H)	41	61	0.6721311475409836	22990	23077
A23403G(S:D614G) T23599G(S:N679K) C23604A(S:P681H)	37	1372	0.02696793002915452	23401	23607
(21632,9)(S:DEL25/27)	34	578	0.058823529411764705	21621	21657
G22578A(S:G339D)	32	61	0.5245901639344263	22553	22580
A23063T(S:N501Y) T23075C(S:Y505H)	31	228	0.13596491228070176	23060	23149
A24424T(S:Q954H)	26	60	0.43333333333333335	24339	24424
T23599G(S:N679K) C23604A(S:P681H) C23854A(S:N764K)	22	23	0.9565217391304348	23592	23854
T23075C(S:Y505H)	17	244	0.06967213114754098	23074	23149
(24927,1)(S:DEL1123)	16	186	0.08602150537634409	24862	24937
A23403G(S:D614G) C23525T(S:H655Y) T23599G(S:N679K)	15	1403	0.010691375623663579	23400	23601
A24424T(S:Q954H) T24469A(S:N969K)	14	30	0.4666666666666667	24420	24476
C22674T(S:S371F) T22679C(S:S373P) C22686T(S:S375F) A22688G(S:T376A)	11	28	0.39285714285714285	22607	22706
T22882G(S:N440K) T22917G(S:L452R)	10	39	0.2564102564102564	22878	22922
