Covariants	Count	Max_count	Freq	Coverage_start	Coverage_end
A23403G(S:D614G)	90	218	0.41284403669724773	23402	23404
C21721T(S:D53D)	31	118	0.2627118644067797	21719	21746
