Covariants	Count	Max_count	Freq	Coverage_start	Coverage_end
C22033A(S:F157L)	17	48	0.3541666666666667	22029	22060
T22942G(S:N460K)	17	41	0.4146341463414634	22940	22966
