Covariants	Count	Max_count	Freq	Coverage_start	Coverage_end
C21618T(S:T19I) (21632,9)(S:DEL25/27)	29	60	0.48333333333333334	21565	21645
G23948T(S:D796Y)	22	53	0.41509433962264153	23880	23960
(21569,1)(S:DEL4) C21618T(S:T19I) (21632,9)(S:DEL25/27)	12	60	0.2	21565	21645
(25100,1)(S:DEL1181)	10	125	0.08	25080	25160
