Covariants	Count	Max_count	Freq	Coverage_start	Coverage_end
A23403G(S:D614G)	954	1987	0.48012078510317063	23401	23403
A23403G(S:D614G) C23525T(S:H655Y)	627	991	0.6326942482341069	23402	23525
T24469A(S:N969K)	371	398	0.9321608040201005	24468	24533
C23525T(S:H655Y)	366	1769	0.20689655172413793	23516	23525
C23525T(S:H655Y) T23599G(S:N679K) C23604A(S:P681H)	352	609	0.5779967159277504	23524	23605
A23403G(S:D614G) C23525T(S:H655Y) T23599G(S:N679K) C23604A(S:P681H)	223	251	0.8884462151394422	23402	23605
C21618T(S:T19I) (21632,9)(S:DEL25/27) C21721T(S:D53D)	208	290	0.7172413793103448	21613	21721
C21721T(S:D53D)	188	580	0.32413793103448274	21718	21727
G23948T(S:D796Y)	178	188	0.9468085106382979	23946	23965
C21618T(S:T19I) (21632,9)(S:DEL25/27)	171	443	0.3860045146726862	21615	21649
C25294T(S:L1244L)	134	575	0.23304347826086957	25291	25295
C23525T(S:H655Y) T23599G(S:N679K)	78	746	0.10455764075067024	23514	23599
(21764,6)(S:DEL69/70) C21789T(S:T76I)	68	502	0.13545816733067728	21753	21793
A23403G(S:D614G) C23525T(S:H655Y) T23599G(S:N679K)	56	312	0.1794871794871795	23401	23599
C25294T(S:L1244L) C25416T(ORF3a:F8F)	47	144	0.3263888888888889	25289	25420
T22200G(S:V213G)	26	31	0.8387096774193549	22192	22201
C21618T(S:T19I) (21632,9)(S:DEL25/27) (21764,6)(S:DEL69/70) C21789T(S:T76I)	23	148	0.1554054054054054	21612	21789
C21789T(S:T76I)	18	570	0.031578947368421054	21785	21861
C25416T(ORF3a:F8F)	17	167	0.10179640718562874	25371	25420
T23599G(S:N679K) C23604A(S:P681H)	14	621	0.02254428341384863	23579	23606
C25000T(S:D1146D)	14	14	1.0	24965	25010
C21721T(S:D53D) A21768C(S:H69P)	13	448	0.029017857142857144	21669	21775
