Covariants	Count	Max_count	Freq	Coverage_start	Coverage_end
A23403G(S:D614G)	24	53	0.4528301886792453	23402	23404
C21721T(S:D53D)	13	33	0.3939393939393939	21716	21743
