Covariants	Count	Max_count	Freq	Coverage_start	Coverage_end
A23403G(S:D614G)	655	1108	0.5911552346570397	23402	23403
G23948T(S:D796Y)	416	439	0.9476082004555809	23947	23965
C23525T(S:H655Y)	274	922	0.29718004338394793	23517	23525
A23403G(S:D614G) C23525T(S:H655Y)	261	412	0.633495145631068	23402	23525
C23525T(S:H655Y) T23599G(S:N679K) C23604A(S:P681H)	211	300	0.7033333333333334	23524	23606
C25000T(S:D1146D)	189	205	0.9219512195121952	24997	25000
C25416T(ORF3a:F8F)	159	194	0.8195876288659794	25379	25416
C21618T(S:T19I) (21632,9)(S:DEL25/27)	94	104	0.9038461538461539	21605	21654
A23403G(S:D614G) C23525T(S:H655Y) T23599G(S:N679K) C23604A(S:P681H)	73	85	0.8588235294117647	23401	23605
T22200G(S:V213G)	61	104	0.5865384615384616	22179	22201
G21987A(S:G142D)	51	103	0.49514563106796117	21963	21998
A24424T(S:Q954H) T24469A(S:N969K)	48	80	0.6	24420	24470
C23525T(S:H655Y) T23599G(S:N679K)	43	359	0.11977715877437325	23514	23599
G22992A(S:S477N) C22995A(S:T478K) A23013C(S:E484A) A23040G(S:Q493R) A23055G(S:Q498R) A23063T(S:N501Y) T23075C(S:Y505H)	42	51	0.8235294117647058	22988	23082
T24469A(S:N969K)	29	109	0.26605504587155965	24468	24533
A24424T(S:Q954H)	28	135	0.2074074074074074	24349	24428
A23013C(S:E484A) A23040G(S:Q493R) A23055G(S:Q498R) A23063T(S:N501Y) T23075C(S:Y505H)	25	81	0.30864197530864196	23006	23116
C24418T(S:V952V) A24424T(S:Q954H) T24469A(S:N969K)	24	74	0.32432432432432434	24415	24486
C21618T(S:T19I)	24	134	0.1791044776119403	21526	21622
C24418T(S:V952V) A24424T(S:Q954H)	23	129	0.17829457364341086	24377	24424
A23063T(S:N501Y) T23075C(S:Y505H)	20	142	0.14084507042253522	23062	23157
A21917G(S:I119V) G21987A(S:G142D)	18	56	0.32142857142857145	21912	21995
A23040G(S:Q493R) A23055G(S:Q498R) A23063T(S:N501Y) T23075C(S:Y505H)	16	112	0.14285714285714285	23038	23116
T23075C(S:Y505H)	15	155	0.0967741935483871	23074	23149
A23403G(S:D614G) C23525T(S:H655Y) T23599G(S:N679K)	13	103	0.1262135922330097	23400	23601
A23055G(S:Q498R) A23063T(S:N501Y) T23075C(S:Y505H)	13	117	0.1111111111111111	23048	23165
G21987A(S:G142D) T22200G(S:V213G)	13	16	0.8125	21943	22201
T23599G(S:N679K) C23604A(S:P681H)	12	306	0.0392156862745098	23527	23607
C25416T(ORF3a:F8F) G25455T(ORF3a:K21N)	11	23	0.4782608695652174	25383	25467
C24418T(S:V952V)	10	140	0.07142857142857142	24304	24418
