Covariants	Count	Max_count	Freq	Coverage_start	Coverage_end
C22109G(S:Q183E)	10	31	0.3225806451612903	22066	22111
C22120T(S:F186F)	10	11	0.9090909090909091	22071	22123
