Covariants	Count	Max_count	Freq	Coverage_start	Coverage_end
C23306T(S:L582F)	72	178	0.4044943820224719	23250	23333
C23306T(S:L582F) A23403G(S:D614G)	12	22	0.5454545454545454	23250	23408
