Covariants	Count	Max_count	Freq	Coverage_start	Coverage_end
A23403G(S:D614G)	44	133	0.3308270676691729	23402	23404
G21770A(S:V70I)	19	59	0.3220338983050847	21735	21799
