Covariants	Count	Max_count	Freq	Coverage_start	Coverage_end
A23403G(S:D614G)	49	157	0.31210191082802546	23402	23404
C21721T(S:D53D)	12	88	0.13636363636363635	21716	21746
