Covariants	Count	Max_count	Freq	Coverage_start	Coverage_end
A23403G(S:D614G)	888	1909	0.465165007857517	23402	23403
C23525T(S:H655Y)	602	1737	0.3465745538284398	23522	23525
A23403G(S:D614G) C23525T(S:H655Y)	396	964	0.4107883817427386	23402	23525
C23525T(S:H655Y) T23599G(S:N679K) C23604A(S:P681H)	290	499	0.5811623246492986	23524	23605
T23599G(S:N679K) C23604A(S:P681H)	139	608	0.22861842105263158	23598	23604
A23055G(S:Q498R) A23063T(S:N501Y) T23075C(S:Y505H)	95	273	0.34798534798534797	23054	23116
A23403G(S:D614G) C23525T(S:H655Y) T23599G(S:N679K) C23604A(S:P681H)	87	191	0.45549738219895286	23401	23605
C23525T(S:H655Y) T23599G(S:N679K)	81	613	0.13213703099510604	23522	23599
A23013C(S:E484A) T23018G(S:F486V) A23055G(S:Q498R) A23063T(S:N501Y) T23075C(S:Y505H)	61	155	0.3935483870967742	23011	23081
G22992A(S:S477N) C22995A(S:T478K) A23013C(S:E484A) T23018G(S:F486V) A23055G(S:Q498R) A23063T(S:N501Y) T23075C(S:Y505H)	58	86	0.6744186046511628	22989	23075
C23854A(S:N764K)	57	80	0.7125	23824	23854
A23403G(S:D614G) T23599G(S:N679K) C23604A(S:P681H)	48	191	0.2513089005235602	23402	23607
A23063T(S:N501Y) T23075C(S:Y505H)	45	319	0.14106583072100312	23060	23149
C21618T(S:T19I) (21632,9)(S:DEL25/27)	40	42	0.9523809523809523	21591	21656
A23403G(S:D614G) C23525T(S:H655Y) T23599G(S:N679K)	33	239	0.13807531380753138	23402	23600
T23075C(S:Y505H)	33	355	0.09295774647887324	23072	23148
T23599G(S:N679K) C23604A(S:P681H) C23854A(S:N764K)	17	20	0.85	23592	23856
G22992A(S:S477N) C22995A(S:T478K) A23013C(S:E484A) T23018G(S:F486V) A23055G(S:Q498R) A23063T(S:N501Y)	16	96	0.16666666666666666	22988	23063
T23018G(S:F486V) A23055G(S:Q498R) A23063T(S:N501Y) T23075C(S:Y505H)	15	173	0.08670520231213873	23017	23113
G22992A(S:S477N) C22995A(S:T478K) A23013C(S:E484A) T23018G(S:F486V) A23055G(S:Q498R)	12	99	0.12121212121212122	22978	23058
G22578A(S:G339D)	10	13	0.7692307692307693	22512	22617
