Covariants	Count	Max_count	Freq	Coverage_start	Coverage_end
(21764,6)(S:DEL69/70)	118	124	0.9516129032258065	21674	21817
C25416T(ORF3a:F8F)	79	136	0.5808823529411765	25377	25434
A22420G(S:T286T)	65	116	0.5603448275862069	22307	22434
A24424T(S:Q954H) T24469A(S:N969K)	63	76	0.8289473684210527	24388	24537
C22674T(S:S371F) T22679C(S:S373P) C22686T(S:S375F) A22688G(S:T376A) G22775A(S:D405N)	52	109	0.47706422018348627	22589	22781
C22664A(S:L368I) C22674T(S:S371F) T22679C(S:S373P) C22686T(S:S375F) A22688G(S:T376A) G22775A(S:D405N)	48	109	0.44036697247706424	22658	22781
A23403G(S:D614G)	43	123	0.34959349593495936	23328	23468
T22882G(S:N440K) A22893C(S:K444T) T22917G(S:L452R) T22942A(S:N460K) G22992A(S:S477N) C22995A(S:T478K) A23013C(S:E484A) T23018G(S:F486V) A23055G(S:Q498R) A23063T(S:N501Y) T23075C(S:Y505H)	39	65	0.6	22850	23097
C25000T(S:D1146D)	36	55	0.6545454545454545	24926	25076
C22295A(S:H245N)	27	145	0.18620689655172415	22207	22347
G21987A(S:G142D)	21	33	0.6363636363636364	21949	22097
A23403G(S:D614G) C23525T(S:H655Y) T23599G(S:N679K) C23604A(S:P681H)	20	53	0.37735849056603776	23325	23664
T22200G(S:V213G) C22295A(S:H245N)	18	23	0.782608695652174	22129	22347
C23854A(S:N764K)	17	24	0.7083333333333334	23690	23910
C23525T(S:H655Y)	17	122	0.13934426229508196	23411	23561
C23525T(S:H655Y) G23562A	16	91	0.17582417582417584	23411	23562
C24134A(S:L858I)	13	33	0.3939393939393939	24025	24229
T23385A	12	136	0.08823529411764706	23250	23385
A23403G(S:D614G) C23525T(S:H655Y) T23599G(S:N679K) C23604A(S:P681H) G23608A(S:R682R) T23662C(S:G700G)	12	53	0.22641509433962265	23325	23664
T22882G(S:N440K) A22893C(S:K444T) T22917G(S:L452R) G22992A(S:S477N) C22995A(S:T478K) A23013C(S:E484A) T23018G(S:F486V) A23055G(S:Q498R) A23063T(S:N501Y) T23075C(S:Y505H)	12	65	0.18461538461538463	22850	23097
T22304C(S:Y248H)	11	145	0.07586206896551724	22207	22347
A24854G(S:N1098D)	10	84	0.11904761904761904	24738	24878
