Covariants	Count	Max_count	Freq	Coverage_start	Coverage_end
A23403G(S:D614G)	663	1280	0.51796875	23402	23403
A23403G(S:D614G) C23525T(S:H655Y)	369	574	0.6428571428571429	23402	23525
C21618T(S:T19I) (21632,9)(S:DEL25/27)	292	573	0.5095986038394416	21613	21654
C23525T(S:H655Y)	256	1083	0.2363804247460757	23511	23525
C21618T(S:T19I) (21632,9)(S:DEL25/27) C21721T(S:D53D)	240	377	0.636604774535809	21613	21721
C21721T(S:D53D)	239	752	0.3178191489361702	21718	21721
C23525T(S:H655Y) T23599G(S:N679K) C23604A(S:P681H)	206	338	0.6094674556213018	23524	23605
A23403G(S:D614G) C23525T(S:H655Y) T23599G(S:N679K) C23604A(S:P681H)	120	130	0.9230769230769231	23402	23606
G22578A(S:G339D) G22599A(S:R346K)	78	138	0.5652173913043478	22563	22608
C23525T(S:H655Y) T23599G(S:N679K)	60	437	0.13729977116704806	23516	23599
G22578A(S:G339D) G22599A(S:R346K) T22673C(S:S371L) C22674T(S:S371L) T22679C(S:S373P) C22686T(S:S375F)	38	54	0.7037037037037037	22574	22689
T22673C(S:S371L) C22674T(S:S371L) T22679C(S:S373P) C22686T(S:S375F)	38	95	0.4	22643	22690
A23403G(S:D614G) C23525T(S:H655Y) T23599G(S:N679K)	36	171	0.21052631578947367	23401	23601
G21987A(S:G142D)	27	32	0.84375	21963	21998
C21618T(S:T19I)	24	599	0.04006677796327212	21517	21619
C21721T(S:D53D) A21768C(S:H69P)	20	611	0.03273322422258593	21695	21775
T22200G(S:V213G)	17	26	0.6538461538461539	22192	22201
G22992A(S:S477N) C22995A(S:T478K) A23013C(S:E484A) A23040G(S:Q493R) A23055G(S:Q498R) A23063T(S:N501Y) T23075C(S:Y505H)	13	15	0.8666666666666667	22988	23082
G22599A(S:R346K) T22673C(S:S371L) C22674T(S:S371L) T22679C(S:S373P) C22686T(S:S375F)	12	63	0.19047619047619047	22598	22716
T23599G(S:N679K) C23604A(S:P681H)	12	348	0.034482758620689655	23527	23607
(21632,9)(S:DEL25/27) C21721T(S:D53D)	10	383	0.02610966057441253	21620	21724
