Covariants	Count	Max_count	Freq	Coverage_start	Coverage_end
C22109G(S:Q183E)	18	22	0.8181818181818182	22066	22112
T22942G(S:N460K)	14	24	0.5833333333333334	22937	22943
