Covariants	Count	Max_count	Freq	Coverage_start	Coverage_end
A23403G(S:D614G) G23501T(S:A647S) C23525T(S:H655Y) T23599G(S:N679K) C23604A(S:P681H)	611	1426	0.4284712482468443	23386	23607
C23320T(S:D586D) A23403G(S:D614G) C23525T(S:H655Y) T23599G(S:N679K) C23604A(S:P681H)	301	1389	0.21670266378689704	23250	23607
A23403G(S:D614G) C23525T(S:H655Y) T23599G(S:N679K) C23604A(S:P681H)	211	1426	0.1479663394109397	23384	23607
A22786C(S:R408S) G22813T(S:K417N) T22882G(S:N440K) T22917G(S:L452R) G22992A(S:S477N) C22995A(S:T478K) A23013C(S:E484A) T23018G(S:F486V)	181	264	0.6856060606060606	22778	23024
C21618T(S:T19I) (21632,9)(S:DEL25/27) (21764,6)(S:DEL69/70)	139	190	0.7315789473684211	21565	21900
(23393,'T')(S:INS612) A23403G(S:D614G) C23525T(S:H655Y) T23599G(S:N679K) C23604A(S:P681H)	80	1425	0.056140350877192984	23385	23607
A22786C(S:R408S) G22813T(S:K417N) T22882G(S:N440K) A22893C(S:K444T) T22917G(S:L452R) G22992A(S:S477N) C22995A(S:T478K) A23013C(S:E484A) T23018G(S:F486V)	62	264	0.23484848484848486	22778	23024
T21570G(S:V3G) C21618T(S:T19I) (21632,9)(S:DEL25/27) (21764,6)(S:DEL69/70) C21789T(S:T76I)	28	190	0.14736842105263157	21565	21798
A23403G(S:D614G)	18	1464	0.012295081967213115	23250	23409
T22200G(S:V213G)	15	19	0.7894736842105263	22117	22470
C23525T(S:H655Y) T23599G(S:N679K) C23604A(S:P681H)	12	1446	0.008298755186721992	23520	23607
C23320T(S:D586D) A23403G(S:D614G)	11	1427	0.007708479327259986	23250	23457
