Covariants	Count	Max_count	Freq	Coverage_start	Coverage_end
C25416T(ORF3a:F8F)	365	606	0.6023102310231023	25377	25434
C23525T(S:H655Y) G23562A	176	202	0.8712871287128713	23411	23562
G22317T(S:G252V)	168	418	0.4019138755980861	22207	22332
T23385A	105	205	0.5121951219512195	23250	23385
G22241A(S:V227I)	74	447	0.16554809843400448	22207	22342
(21764,6)(S:DEL69/70)	74	147	0.5034013605442177	21727	21817
T21810C(S:V83A)	64	155	0.4129032258064516	21765	21900
A23403G(S:D614G)	63	95	0.6631578947368421	23325	23439
(22304,'CAAGATGGATGG')(S:INS249QDGW)	36	402	0.08955223880597014	22207	22347
T22200G(S:V213G)	34	56	0.6071428571428571	22129	22232
C25118T(S:L1186F) G25269A	33	56	0.5892857142857143	25117	25269
A24388T A24424T(S:Q954H) T24469A(S:N969K) A24539G	32	65	0.49230769230769234	24387	24539
C25000T(S:D1146D)	30	34	0.8823529411764706	24929	25076
C23854A(S:N764K)	28	33	0.8484848484848485	23690	23910
G21987A(S:G142D) T22099A(S:L179L)	28	29	0.9655172413793104	21949	22099
A24424T(S:Q954H) T24469A(S:N969K)	28	73	0.3835616438356164	24388	24538
C23422G(S:V620V) C23525T(S:H655Y)	27	275	0.09818181818181818	23413	23561
C23525T(S:H655Y)	21	280	0.075	23411	23560
T22882G(S:N440K) G22895C(S:V445P) T22896C(S:V445P) G22898A(S:G446S) T22942G(S:N460K) G22992A(S:S477N) C22995A(S:T478K) A23013C(S:E484A) T23018C(S:F486P) T23019C(S:F486P) T23031C(S:F490S) A23055G(S:Q498R) A23063T(S:N501Y) T23075C(S:Y505H)	21	37	0.5675675675675675	22850	23097
A23403G(S:D614G) C23525T(S:H655Y)	20	27	0.7407407407407407	23325	23551
T22304C(S:Y248H)	18	402	0.04477611940298507	22207	22326
A24652T	18	239	0.07531380753138076	24651	24802
C22674T(S:S371F) T22679C(S:S373P) C22686T(S:S375F) A22688G(S:T376A) G22775A(S:D405N)	18	31	0.5806451612903226	22589	22781
C23601T T23752A(S:S730S)	14	48	0.2916666666666667	23600	23752
T24622A(S:A1020A)	11	199	0.05527638190954774	24471	24622
G21987A(S:G142D) (21990,3)(S:DEL144) C22000A(S:H146Q)	10	43	0.23255813953488372	21949	22098
(24684,'T')(S:INS1042)	10	240	0.041666666666666664	24652	24720
