Covariants	Count	Max_count	Freq	Coverage_start	Coverage_end
C21721T(S:D53D)	13	47	0.2765957446808511	21719	21721
A23403G(S:D614G)	12	52	0.23076923076923078	23378	23404
