Covariants	Count	Max_count	Freq	Coverage_start	Coverage_end
T24469A(S:N969K)	71	95	0.7473684210526316	24452	24532
A23403G(S:D614G)	22	27	0.8148148148148148	23250	23405
C21618T(S:T19I) (21632,9)(S:DEL25/27)	21	149	0.14093959731543623	21598	21642
(25100,1)(S:DEL1181)	15	140	0.10714285714285714	25080	25161
G23948T(S:D796Y)	12	37	0.32432432432432434	23880	23960
