Covariants	Count	Max_count	Freq	Coverage_start	Coverage_end
A23403G(S:D614G)	23	76	0.3026315789473684	23402	23404
C22120A(S:F186L)	10	71	0.14084507042253522	22050	22141
