Covariants	Count	Max_count	Freq	Coverage_start	Coverage_end
A23403G(S:D614G)	237	513	0.4619883040935672	23401	23403
C23525T(S:H655Y)	154	434	0.3548387096774194	23519	23525
A23403G(S:D614G) C23525T(S:H655Y)	85	261	0.32567049808429116	23402	23525
C23525T(S:H655Y) T23599G(S:N679K) C23604A(S:P681H)	61	121	0.5041322314049587	23523	23605
A23055G(S:Q498R) A23063T(S:N501Y) T23075C(S:Y505H)	31	80	0.3875	23050	23116
T23599G(S:N679K) C23604A(S:P681H)	21	124	0.1693548387096774	23527	23607
A23403G(S:D614G) C23525T(S:H655Y) T23599G(S:N679K) C23604A(S:P681H)	20	59	0.3389830508474576	23401	23607
G22992A(S:S477N) C22995A(S:T478K) A23013C(S:E484A) T23018G(S:F486V) A23055G(S:Q498R) A23063T(S:N501Y) T23075C(S:Y505H)	18	22	0.8181818181818182	22988	23084
C23525T(S:H655Y) T23599G(S:N679K)	16	152	0.10526315789473684	23524	23601
A23063T(S:N501Y) T23075C(S:Y505H)	15	94	0.1595744680851064	23060	23143
A23403G(S:D614G) T23599G(S:N679K) C23604A(S:P681H)	14	59	0.23728813559322035	23402	23607
A23013C(S:E484A) T23018G(S:F486V) A23055G(S:Q498R) A23063T(S:N501Y) T23075C(S:Y505H)	13	40	0.325	23006	23091
T23075C(S:Y505H)	13	106	0.12264150943396226	23074	23140
A23403G(S:D614G) C23525T(S:H655Y) T23599G(S:N679K)	13	78	0.16666666666666666	23400	23601
