Covariants	Count	Max_count	Freq	Coverage_start	Coverage_end
(21764,6)(S:DEL69/70)	217	247	0.8785425101214575	21674	21817
C25000T(S:D1146D)	117	156	0.75	24926	25076
A24424T(S:Q954H) T24469A(S:N969K)	107	146	0.7328767123287672	24388	24483
A24775T(S:Q1071H)	100	381	0.26246719160104987	24738	24802
C22674T(S:S371F) T22679C(S:S373P) C22686T(S:S375F) A22688G(S:T376A) G22775A(S:D405N)	64	77	0.8311688311688312	22589	22781
T22200G(S:V213G)	46	53	0.8679245283018868	22161	22243
A24780G(S:K1073R)	41	381	0.10761154855643044	24738	24803
C23525T(S:H655Y) G23562A	35	55	0.6363636363636364	23411	23562
A23403G(S:D614G)	33	84	0.39285714285714285	23325	23468
G22992A(S:S477N) C22995A(S:T478K) A23013C(S:E484A) T23018G(S:F486V) A23055G(S:Q498R) A23063T(S:N501Y) T23075C(S:Y505H)	23	68	0.3382352941176471	22978	23097
C23854A(S:N764K)	22	24	0.9166666666666666	23690	23910
C23525T(S:H655Y)	21	97	0.21649484536082475	23411	23561
T23385A	19	105	0.18095238095238095	23250	23385
A24388T A24424T(S:Q954H) T24469A(S:N969K) A24539G	19	133	0.14285714285714285	24387	24539
C25000T(S:D1146D) T25036C(S:N1158N)	17	156	0.10897435897435898	24926	25038
C25118T(S:L1186F) G25269A	16	138	0.11594202898550725	25117	25269
A23403G(S:D614G) C23525T(S:H655Y)	15	49	0.30612244897959184	23325	23561
T22882G(S:N440K) A22893C(S:K444T) T22917G(S:L452R) T22942A(S:N460K) G22992A(S:S477N) C22995A(S:T478K) A23013C(S:E484A) T23018G(S:F486V) A23055G(S:Q498R) A23063T(S:N501Y) T23075C(S:Y505H)	14	39	0.358974358974359	22850	23096
G21987A(S:G142D) T22099A(S:L179L)	14	19	0.7368421052631579	21949	22099
T22882G(S:N440K) A22893C(S:K444T) T22917G(S:L452R) G22992A(S:S477N) C22995A(S:T478K) A23013C(S:E484A) T23018G(S:F486V) A23055G(S:Q498R) A23063T(S:N501Y) T23075C(S:Y505H)	12	39	0.3076923076923077	22850	23094
(25382,'A')(S:INS1275)	12	782	0.015345268542199489	25306	25518
G21987A(S:G142D)	11	30	0.36666666666666664	21949	22098
A23403G(S:D614G) C23525T(S:H655Y) T23599G(S:N679K) C23604A(S:P681H)	11	16	0.6875	23325	23664
