Covariants	Count	Max_count	Freq	Coverage_start	Coverage_end
A23403G(S:D614G)	51	168	0.30357142857142855	23402	23404
G21770A(S:V70I)	13	54	0.24074074074074073	21735	21799
C21721T(S:D53D)	10	80	0.125	21719	21746
