Covariants	Count	Max_count	Freq	Coverage_start	Coverage_end
C21618T(S:T19I) (21632,9)(S:DEL25/27)	158	216	0.7314814814814815	21613	21650
T24469A(S:N969K)	144	207	0.6956521739130435	24461	24496
A23403G(S:D614G)	125	404	0.3094059405940594	23402	23403
C23525T(S:H655Y)	123	337	0.3649851632047478	23477	23525
A23403G(S:D614G) C23525T(S:H655Y)	94	256	0.3671875	23401	23525
C25000T(S:D1146D)	76	86	0.8837209302325582	24996	25000
A23055G(S:Q498R) A23063T(S:N501Y) T23075C(S:Y505H)	51	178	0.28651685393258425	23054	23116
C21618T(S:T19I) (21632,9)(S:DEL25/27) (21764,6)(S:DEL69/70)	49	94	0.5212765957446809	21613	21789
A24424T(S:Q954H) T24469A(S:N969K)	45	137	0.3284671532846715	24416	24470
A23157T(S:N532I)	44	289	0.1522491349480969	23148	23162
(21764,6)(S:DEL69/70)	43	157	0.27388535031847133	21755	21794
C23525T(S:H655Y) T23599G(S:N679K) C23604A(S:P681H)	42	99	0.42424242424242425	23524	23607
A23013C(S:E484A) T23018G(S:F486V) A23055G(S:Q498R) A23063T(S:N501Y) T23075C(S:Y505H)	34	113	0.3008849557522124	23008	23218
C24393T(S:A944V) A24424T(S:Q954H)	31	189	0.164021164021164	24290	24424
A23403G(S:D614G) C23525T(S:H655Y) T23599G(S:N679K) C23604A(S:P681H)	29	68	0.4264705882352941	23389	23607
G22992A(S:S477N) C22995A(S:T478K) A23013C(S:E484A) T23018G(S:F486V) A23055G(S:Q498R)	29	83	0.3493975903614458	22978	23058
A24424T(S:Q954H)	28	197	0.14213197969543148	24361	24428
G22992A(S:S477N) C22995A(S:T478K) A23013C(S:E484A) T23018G(S:F486V) A23055G(S:Q498R) A23063T(S:N501Y) T23075C(S:Y505H)	26	75	0.3466666666666667	22988	23086
C23854A(S:N764K)	24	47	0.5106382978723404	23822	23854
G22578A(S:G339D)	23	48	0.4791666666666667	22548	22601
T23599G(S:N679K) C23604A(S:P681H)	23	140	0.16428571428571428	23592	23607
T23599G(S:N679K) C23604A(S:P681H) C23854A(S:N764K)	22	23	0.9565217391304348	23592	23854
A23403G(S:D614G) T23599G(S:N679K) C23604A(S:P681H)	21	68	0.3088235294117647	23382	23607
A23063T(S:N501Y) T23075C(S:Y505H)	20	213	0.09389671361502347	23060	23216
C22674T(S:S371F) T22679C(S:S373P) C22686T(S:S375F) A22688G(S:T376A)	15	29	0.5172413793103449	22609	22699
G22992A(S:S477N) C22995A(S:T478K) A23013C(S:E484A) T23018G(S:F486V) A23055G(S:Q498R) A23063T(S:N501Y)	12	76	0.15789473684210525	22978	23067
A23063T(S:N501Y) T23075C(S:Y505H) A23157T(S:N532I)	12	203	0.059113300492610835	23060	23271
C24393T(S:A944V) A24424T(S:Q954H) T24469A(S:N969K)	12	129	0.09302325581395349	24389	24470
