Covariants	Count	Max_count	Freq	Coverage_start	Coverage_end
A23403G(S:D614G)	57	177	0.3220338983050847	23402	23404
C23202A(S:T547K)	15	138	0.10869565217391304	23165	23205
