Covariants	Count	Max_count	Freq	Coverage_start	Coverage_end
T24469A(S:N969K)	340	388	0.8762886597938144	24468	24533
C25000T(S:D1146D)	54	62	0.8709677419354839	24991	25000
