Covariants	Count	Max_count	Freq	Coverage_start	Coverage_end
A23403G(S:D614G)	40	144	0.2777777777777778	23402	23404
G21770A(S:V70I)	13	44	0.29545454545454547	21735	21799
