Covariants	Count	Max_count	Freq	Coverage_start	Coverage_end
A23403G(S:D614G)	516	1229	0.41985353946297804	23402	23403
C21618T(S:T19I) (21632,9)(S:DEL25/27)	414	596	0.6946308724832215	21613	21653
C23525T(S:H655Y)	404	1237	0.3265966046887631	23507	23525
T24469A(S:N969K)	316	364	0.8681318681318682	24462	24503
(21764,6)(S:DEL69/70)	303	602	0.5033222591362126	21757	21780
A23403G(S:D614G) C23525T(S:H655Y)	227	672	0.33779761904761907	23401	23525
C23525T(S:H655Y) T23599G(S:N679K) C23604A(S:P681H)	224	427	0.5245901639344263	23524	23605
C21618T(S:T19I) (21632,9)(S:DEL25/27) (21764,6)(S:DEL69/70)	123	224	0.5491071428571429	21613	21780
T23599G(S:N679K) C23604A(S:P681H)	105	492	0.21341463414634146	23596	23607
A23403G(S:D614G) C23525T(S:H655Y) T23599G(S:N679K) C23604A(S:P681H)	64	195	0.3282051282051282	23402	23606
A23403G(S:D614G) T23599G(S:N679K) C23604A(S:P681H)	56	195	0.28717948717948716	23402	23607
C23525T(S:H655Y) T23599G(S:N679K)	50	498	0.10040160642570281	23524	23600
A23055G(S:Q498R) A23063T(S:N501Y) T23075C(S:Y505H)	37	126	0.29365079365079366	23054	23116
A23013C(S:E484A) T23018G(S:F486V) A23055G(S:Q498R) A23063T(S:N501Y) T23075C(S:Y505H)	36	83	0.43373493975903615	23011	23089
C21618T(S:T19I)	34	633	0.053712480252764615	21544	21620
C23854A(S:N764K)	32	45	0.7111111111111111	23821	23854
(21632,9)(S:DEL25/27)	28	598	0.046822742474916385	21620	21653
A24424T(S:Q954H)	21	51	0.4117647058823529	24357	24428
G22992A(S:S477N) C22995A(S:T478K) A23013C(S:E484A) T23018G(S:F486V) A23055G(S:Q498R) A23063T(S:N501Y) T23075C(S:Y505H)	20	42	0.47619047619047616	22988	23077
A22786C(S:R408S) G22813T(S:K417N)	20	57	0.3508771929824561	22784	22860
T23075C(S:Y505H)	16	154	0.1038961038961039	23074	23159
G22578A(S:G339D) G22599C(S:R346T)	16	31	0.5161290322580645	22552	22608
T22200G(S:V213G)	15	20	0.75	22188	22201
G21987A(S:G142D)	15	22	0.6818181818181818	21941	21997
C25000T(S:D1146D)	15	23	0.6521739130434783	24997	25006
A23403G(S:D614G) C23525T(S:H655Y) T23599G(S:N679K)	13	229	0.056768558951965066	23401	23599
A23063T(S:N501Y) T23075C(S:Y505H)	13	141	0.09219858156028368	23060	23177
T22942A(S:N460K) G22992A(S:S477N) C22995A(S:T478K) A23013C(S:E484A) T23018G(S:F486V)	11	51	0.21568627450980393	22940	23019
G21770A(S:V70I)	10	622	0.01607717041800643	21769	21867
A24424T(S:Q954H) T24469A(S:N969K)	10	26	0.38461538461538464	24419	24480
(21632,9)(S:DEL25/27) (21764,6)(S:DEL69/70)	10	225	0.044444444444444446	21618	21780
