Covariants	Count	Max_count	Freq	Coverage_start	Coverage_end
A23403G(S:D614G)	37	103	0.3592233009708738	23402	23404
G21770A(S:V70I)	12	39	0.3076923076923077	21735	21799
