Covariants	Count	Max_count	Freq	Coverage_start	Coverage_end
C22674T(S:S371F) T22679C(S:S373P) C22686T(S:S375F) A22688G(S:T376A) G22775A(S:D405N)	44	51	0.8627450980392157	22658	22781
T22882G(S:N440K) A22893C(S:K444T) T22917G(S:L452R) T22942A(S:N460K) G22992A(S:S477N) C22995A(S:T478K) A23013C(S:E484A) T23018G(S:F486V) A23055G(S:Q498R) A23063T(S:N501Y) T23075C(S:Y505H)	36	52	0.6923076923076923	22850	23097
C25000T(S:D1146D)	31	45	0.6888888888888889	24926	25076
A24424T(S:Q954H) T24469A(S:N969K)	20	30	0.6666666666666666	24388	24621
T22200G(S:V213G)	12	14	0.8571428571428571	22129	22243
A23403G(S:D614G) C23525T(S:H655Y) T23599G(S:N679K) C23604A(S:P681H)	11	12	0.9166666666666666	23325	23664
C23854A(S:N764K)	11	13	0.8461538461538461	23781	23910
C25000T(S:D1146D) C25047T(S:P1162L)	11	45	0.24444444444444444	24926	25076
(21764,6)(S:DEL69/70) (21810,1)(S:DEL84)	10	30	0.3333333333333333	21674	21832
