Covariants	Count	Max_count	Freq	Coverage_start	Coverage_end
A23403G(S:D614G)	46	153	0.3006535947712418	23402	23404
G21770A(S:V70I)	14	41	0.34146341463414637	21728	21799
