Covariants	Count	Max_count	Freq	Coverage_start	Coverage_end
C22109G(S:Q183E)	23	31	0.7419354838709677	22064	22112
C23266T(S:D568D)	21	405	0.05185185185185185	23244	23266
C22033A(S:F157L)	11	101	0.10891089108910891	22029	22068
