Covariants	Count	Max_count	Freq	Coverage_start	Coverage_end
T23599G(S:N679K) C23604A(S:P681H)	20379	33256	0.6127916766899206	23598	23659
C23854A(S:N764K)	20242	33458	0.6049973100603742	23830	23854
T23599G(S:N679K) C23604A(S:P681H) C23854A(S:N764K)	11866	12335	0.9619781110660721	23598	23854
C23604A(S:P681H)	201	33480	0.006003584229390681	23603	23662
C23604A(S:P681H) C23854A(S:N764K)	152	12449	0.012209816049481886	23603	23854
C23854A(S:N764K) T23875C(S:A771A)	32	24397	0.0013116366766405705	23821	23875
G23832A(S:G757D) C23854A(S:N764K)	27	33458	0.000806981887739853	23822	23856
T23599G(S:N679K) C23604A(S:P681H) C23854A(S:N764K) T23875C(S:A771A)	14	8505	0.0016460905349794238	23592	23876
T23599G(S:N679K) C23604A(S:P681H) C23664T(S:A701V)	13	32733	0.0003971527204961354	23592	23667
C23664T(S:A701V)	13	53731	0.000241945990210493	23650	23734
T23599G(S:N679K) C23604A(S:P681H) C23609T(S:R683W)	12	33256	0.00036083714216983404	23592	23700
G23832C(S:G757A) C23854A(S:N764K)	11	33458	0.00032877039870882896	23792	23874
