Covariants	Count	Max_count	Freq	Coverage_start	Coverage_end
A23403G(S:D614G)	495	777	0.637065637065637	23402	23403
C23525T(S:H655Y)	187	691	0.2706222865412446	23507	23525
A23403G(S:D614G) C23525T(S:H655Y)	182	259	0.7027027027027027	23402	23525
C23525T(S:H655Y) T23599G(S:N679K) C23604A(S:P681H)	178	230	0.7739130434782608	23524	23605
C21618T(S:T19I) (21632,9)(S:DEL25/27)	62	65	0.9538461538461539	21613	21654
C23525T(S:H655Y) T23599G(S:N679K)	47	294	0.1598639455782313	23516	23600
A23403G(S:D614G) C23525T(S:H655Y) T23599G(S:N679K) C23604A(S:P681H)	34	40	0.85	23401	23607
A23403G(S:D614G) C23525T(S:H655Y) T23599G(S:N679K)	15	56	0.26785714285714285	23400	23601
