Covariants	Count	Max_count	Freq	Coverage_start	Coverage_end
T22942G(S:N460K)	44	93	0.4731182795698925	22940	22946
C22109G(S:Q183E)	31	34	0.9117647058823529	22073	22113
