Covariants	Count	Max_count	Freq	Coverage_start	Coverage_end
A23403G(S:D614G)	354	710	0.49859154929577465	23401	23403
A24424T(S:Q954H) T24469A(S:N969K)	211	237	0.890295358649789	24420	24470
A23403G(S:D614G) C23525T(S:H655Y)	205	317	0.6466876971608833	23401	23525
C25000T(S:D1146D)	116	130	0.8923076923076924	24991	25000
C23525T(S:H655Y)	114	546	0.2087912087912088	23507	23525
C23525T(S:H655Y) T23599G(S:N679K) C23604A(S:P681H)	94	162	0.5802469135802469	23524	23605
A24424T(S:Q954H)	75	318	0.2358490566037736	24383	24424
T24469A(S:N969K)	54	291	0.18556701030927836	24461	24527
A23403G(S:D614G) C23525T(S:H655Y) T23599G(S:N679K) C23604A(S:P681H)	53	66	0.803030303030303	23401	23607
C23525T(S:H655Y) T23599G(S:N679K)	23	199	0.11557788944723618	23518	23601
G22992A(S:S477N) C22995A(S:T478K) A23013C(S:E484A) T23018G(S:F486V) A23055G(S:Q498R) A23063T(S:N501Y) T23075C(S:Y505H)	22	24	0.9166666666666666	22988	23088
T25288C(S:S1242S)	20	1416	0.014124293785310734	25211	25294
G22578A(S:G339D)	12	33	0.36363636363636365	22548	22591
T23599G(S:N679K) C23604A(S:P681H)	11	173	0.06358381502890173	23594	23606
G25127A(S:V1189I)	11	1171	0.009393680614859094	25087	25177
C23854A(S:N764K)	10	10	1.0	23781	23854
A23403G(S:D614G) C23525T(S:H655Y) T23599G(S:N679K)	10	83	0.12048192771084337	23400	23601
