Covariants	Count	Max_count	Freq	Coverage_start	Coverage_end
(21764,6)(S:DEL69/70)	89	108	0.8240740740740741	21674	21772
C22674T(S:S371F) T22679C(S:S373P) C22686T(S:S375F) A22688G(S:T376A) G22775A(S:D405N)	48	52	0.9230769230769231	22658	22781
T22200G(S:V213G)	31	35	0.8857142857142857	22129	22243
C25000T(S:D1146D)	23	26	0.8846153846153846	24926	25076
C23525T(S:H655Y) G23562A	22	30	0.7333333333333333	23411	23562
C23854A(S:N764K)	19	19	1.0	23690	23910
T22882G(S:N440K) A22893C(S:K444T) T22917G(S:L452R) T22942A(S:N460K) G22992A(S:S477N) C22995A(S:T478K) A23013C(S:E484A) T23018G(S:F486V) A23055G(S:Q498R) A23063T(S:N501Y) T23075C(S:Y505H)	16	22	0.7272727272727273	22850	23097
A24388T A24424T(S:Q954H) T24469A(S:N969K) A24539G	11	17	0.6470588235294118	24387	24539
A23403G(S:D614G)	10	25	0.4	23356	23468
