Covariants	Count	Max_count	Freq	Coverage_start	Coverage_end
(22304,'CAAGATGGATGG')(S:INS249QDGW)	104	140	0.7428571428571429	22209	22342
(21764,6)(S:DEL69/70)	49	53	0.9245283018867925	21674	21817
T23385A	39	64	0.609375	23250	23385
C23525T(S:H655Y) G23562A	28	70	0.4	23411	23562
C22674T(S:S371F) T22679C(S:S373P) C22686T(S:S375F) A22688G(S:T376A) G22775A(S:D405N)	23	24	0.9583333333333334	22589	22781
T23599G(S:N679K) C23604A(S:P681H)	23	30	0.7666666666666667	23514	23664
A23403G(S:D614G)	15	22	0.6818181818181818	23325	23444
C23525T(S:H655Y) C23557A(S:P665P) G23562A	12	70	0.17142857142857143	23411	23562
C23854A(S:N764K)	12	12	1.0	23690	23910
C25416T(ORF3a:F8F)	11	258	0.04263565891472868	25377	25513
