Covariants	Count	Max_count	Freq	Coverage_start	Coverage_end
A23403G(S:D614G)	773	1621	0.4768661320172733	23402	23403
T24469A(S:N969K)	680	753	0.9030544488711819	24468	24532
C23525T(S:H655Y) T23540C(S:Y660H)	395	1113	0.35489667565139266	23507	23541
A23403G(S:D614G) C23525T(S:H655Y) T23540C(S:Y660H)	237	558	0.42473118279569894	23402	23541
C23525T(S:H655Y) T23540C(S:Y660H) T23599G(S:N679K) C23604A(S:P681H)	193	333	0.5795795795795796	23524	23605
C23525T(S:H655Y)	139	1375	0.10109090909090909	23482	23525
A23403G(S:D614G) C23525T(S:H655Y)	117	752	0.15558510638297873	23401	23525
T23540C(S:Y660H) T23599G(S:N679K) C23604A(S:P681H)	51	352	0.14488636363636365	23527	23607
A23403G(S:D614G) C23525T(S:H655Y) T23540C(S:Y660H) T23599G(S:N679K) C23604A(S:P681H)	49	119	0.4117647058823529	23402	23606
C23525T(S:H655Y) T23540C(S:Y660H) T23599G(S:N679K)	44	403	0.10918114143920596	23524	23599
T23540C(S:Y660H)	29	1132	0.02561837455830389	23497	23541
A23403G(S:D614G) T23540C(S:Y660H) T23599G(S:N679K) C23604A(S:P681H)	28	119	0.23529411764705882	23402	23607
A23403G(S:D614G) T23540C(S:Y660H)	25	558	0.044802867383512544	23401	23548
A25332G(S:D1257G)	23	615	0.03739837398373984	25281	25338
A23403G(S:D614G) C23525T(S:H655Y) T23540C(S:Y660H) T23599G(S:N679K)	22	149	0.1476510067114094	23402	23599
