Covariants	Count	Max_count	Freq	Coverage_start	Coverage_end
C25000T(S:D1146D)	1015	1300	0.7807692307692308	24970	25025
G21987A	99	116	0.853448275862069	21986	22023
A23403G(S:D614G)	41	1101	0.03723887375113533	23402	23403
