Covariants	Count	Max_count	Freq	Coverage_start	Coverage_end
A23403G(S:D614G)	151	442	0.3416289592760181	23402	23403
A23403G(S:D614G) C23525T(S:H655Y)	109	212	0.5141509433962265	23402	23525
C23525T(S:H655Y)	82	387	0.21188630490956073	23507	23525
C23525T(S:H655Y) T23599G(S:N679K) C23604A(S:P681H)	71	121	0.5867768595041323	23524	23605
C21618T(S:T19I) (21632,9)(S:DEL25/27)	68	71	0.9577464788732394	21613	21655
G23282T(S:D574Y) A23403G(S:D614G)	63	185	0.34054054054054056	23279	23403
T24469A(S:N969K)	53	59	0.8983050847457628	24462	24533
A23403G(S:D614G) C23525T(S:H655Y) T23599G(S:N679K) C23604A(S:P681H)	33	46	0.717391304347826	23402	23605
G23282T(S:D574Y) A23403G(S:D614G) C23525T(S:H655Y)	31	74	0.4189189189189189	23278	23525
G23282T(S:D574Y)	21	255	0.08235294117647059	23278	23358
C23525T(S:H655Y) T23599G(S:N679K)	19	147	0.1292517006802721	23507	23601
G23282T(S:D574Y) A23403G(S:D614G) C23525T(S:H655Y) T23599G(S:N679K) C23604A(S:P681H)	10	15	0.6666666666666666	23279	23607
