Covariants	Count	Max_count	Freq	Coverage_start	Coverage_end
T24469A(S:N969K)	1321	1609	0.8210068365444375	24468	24486
A23403G(S:D614G)	992	2828	0.3507779349363508	23400	23403
C23525T(S:H655Y)	906	2308	0.3925476603119584	23511	23525
A23403G(S:D614G) C23525T(S:H655Y)	648	1759	0.36839113132461626	23402	23525
C25000T(S:D1146D)	382	464	0.8232758620689655	24991	25000
T23599G(S:N679K) C23604A(S:P681H)	377	1066	0.35365853658536583	23598	23607
C23854A(S:N764K)	267	475	0.5621052631578948	23811	23854
C23525T(S:H655Y) T23599G(S:N679K) C23604A(S:P681H)	232	536	0.43283582089552236	23524	23604
A24424T(S:Q954H)	231	795	0.29056603773584905	24361	24424
A23055G(S:Q498R) A23063T(S:N501Y) T23075C(S:Y505H)	219	475	0.4610526315789474	23054	23116
A24424T(S:Q954H) T24469A(S:N969K)	209	527	0.396584440227704	24421	24470
T23599G(S:N679K) C23604A(S:P681H) C23854A(S:N764K)	184	198	0.9292929292929293	23598	23854
A23403G(S:D614G) C23525T(S:H655Y) T23599G(S:N679K) C23604A(S:P681H)	130	328	0.39634146341463417	23402	23605
A23403G(S:D614G) T23599G(S:N679K) C23604A(S:P681H)	89	328	0.27134146341463417	23402	23607
A23013C(S:E484A) T23018G(S:F486V) A23055G(S:Q498R) A23063T(S:N501Y) T23075C(S:Y505H)	81	214	0.37850467289719625	23009	23088
G22992A(S:S477N) C22995A(S:T478K) A23013C(S:E484A) T23018G(S:F486V) A23055G(S:Q498R) A23063T(S:N501Y) T23075C(S:Y505H)	63	127	0.49606299212598426	22988	23075
A23403G(S:D614G) C23525T(S:H655Y) T23599G(S:N679K)	62	409	0.15158924205378974	23402	23600
C23525T(S:H655Y) T23599G(S:N679K)	58	657	0.0882800608828006	23521	23599
A23063T(S:N501Y) T23075C(S:Y505H)	54	529	0.10207939508506617	23060	23149
G22992A(S:S477N) C22995A(S:T478K) A23013C(S:E484A) T23018G(S:F486V) A23055G(S:Q498R) A23063T(S:N501Y)	39	156	0.25	22988	23064
T23075C(S:Y505H)	35	570	0.06140350877192982	23074	23166
T23018G(S:F486V) A23055G(S:Q498R) A23063T(S:N501Y) T23075C(S:Y505H)	27	248	0.10887096774193548	23016	23113
T22882G(S:N440K) T22896C(S:V445A) T22917G(S:L452R)	21	67	0.31343283582089554	22881	22923
G22578A(S:G339D)	20	27	0.7407407407407407	22519	22591
G22992A(S:S477N) C22995A(S:T478K) A23013C(S:E484A) T23018G(S:F486V) A23055G(S:Q498R)	11	156	0.07051282051282051	22978	23216
