Covariants	Count	Max_count	Freq	Coverage_start	Coverage_end
(21764,6)(S:DEL69/70)	32	41	0.7804878048780488	21674	21788
C22674T(S:S371F) T22679C(S:S373P) C22686T(S:S375F) A22688G(S:T376A) G22775A(S:D405N)	25	44	0.5681818181818182	22589	22781
G22343C(S:G261R)	24	96	0.25	22307	22347
C25416T(ORF3a:F8F)	22	45	0.4888888888888889	25377	25434
C25000T(S:D1146D)	15	20	0.75	24926	25076
T22200G(S:V213G)	11	22	0.5	22129	22243
