Covariants	Count	Max_count	Freq	Coverage_start	Coverage_end
C21618T(S:T19I) (21632,9)(S:DEL25/27)	53	119	0.44537815126050423	21565	21645
(21569,1)(S:DEL4) C21618T(S:T19I) (21632,9)(S:DEL25/27)	26	119	0.2184873949579832	21565	21650
(25100,1)(S:DEL1181)	11	78	0.14102564102564102	25080	25160
