Covariants	Count	Max_count	Freq	Coverage_start	Coverage_end
C21618T(S:T19I) (21632,9)(S:DEL25/27)	22	78	0.28205128205128205	21565	21645
(25100,1)(S:DEL1181)	16	212	0.07547169811320754	25080	25160
(25100,'A')(S:INS1181)	11	212	0.05188679245283019	25080	25160
