Covariants	Count	Max_count	Freq	Coverage_start	Coverage_end
A23403G(S:D614G)	197	457	0.4310722100656455	23402	23403
C23525T(S:H655Y)	149	431	0.345707656612529	23507	23525
T24469A(S:N969K)	106	127	0.8346456692913385	24462	24532
C21618T(S:T19I) (21632,9)(S:DEL25/27)	79	144	0.5486111111111112	21611	21653
A23403G(S:D614G) C23525T(S:H655Y)	75	247	0.30364372469635625	23401	23525
T23599G(S:N679K) C23604A(S:P681H)	72	209	0.3444976076555024	23596	23607
C23525T(S:H655Y) T23599G(S:N679K) C23604A(S:P681H)	67	140	0.4785714285714286	23524	23607
C21859T(S:N99N)	58	129	0.4496124031007752	21820	21861
(21764,6)(S:DEL69/70)	47	155	0.3032258064516129	21748	21781
C23854A(S:N764K)	47	65	0.7230769230769231	23822	23854
(21764,6)(S:DEL69/70) C21859T(S:N99N)	34	78	0.4358974358974359	21753	21860
C21618T(S:T19I) (21632,9)(S:DEL25/27) (21764,6)(S:DEL69/70)	24	57	0.42105263157894735	21613	21780
C21618T(S:T19I) (21632,9)(S:DEL25/27) C21859T(S:N99N)	21	29	0.7241379310344828	21613	21867
A23403G(S:D614G) T23599G(S:N679K) C23604A(S:P681H)	21	64	0.328125	23402	23606
A23403G(S:D614G) C23525T(S:H655Y) T23599G(S:N679K) C23604A(S:P681H)	21	64	0.328125	23401	23605
C23525T(S:H655Y) T23599G(S:N679K)	19	176	0.10795454545454546	23523	23600
T23599G(S:N679K) C23604A(S:P681H) C23854A(S:N764K)	14	16	0.875	23597	23854
A23403G(S:D614G) C23525T(S:H655Y) T23599G(S:N679K)	14	85	0.16470588235294117	23401	23601
A24424T(S:Q954H)	14	31	0.45161290322580644	24348	24428
C25000T(S:D1146D)	14	27	0.5185185185185185	24991	25000
A23055G(S:Q498R) A23063T(S:N501Y) T23075C(S:Y505H)	12	41	0.2926829268292683	23049	23116
