Covariants	Count	Max_count	Freq	Coverage_start	Coverage_end
A23403G(S:D614G)	58	170	0.3411764705882353	23402	23404
G21770A(S:V70I)	10	48	0.20833333333333334	21735	21799
