Covariants	Count	Max_count	Freq	Coverage_start	Coverage_end
C25000T(S:D1146D)	76	81	0.9382716049382716	24991	25000
A24424T(S:Q954H) T24469A(S:N969K)	70	77	0.9090909090909091	24420	24470
A24424T(S:Q954H)	55	135	0.4074074074074074	24373	24424
A23403G(S:D614G)	39	66	0.5909090909090909	23401	23410
A23403G(S:D614G) C23525T(S:H655Y)	20	25	0.8	23401	23525
T24469A(S:N969K)	20	98	0.20408163265306123	24456	24533
C23525T(S:H655Y)	19	60	0.31666666666666665	23507	23525
C23525T(S:H655Y) T23599G(S:N679K) C23604A(S:P681H)	13	17	0.7647058823529411	23514	23607
C25416T(ORF3a:F8F)	12	13	0.9230769230769231	25382	25467
