Covariants	Count	Max_count	Freq	Coverage_start	Coverage_end
T24469A(S:N969K)	59	67	0.8805970149253731	24452	24533
C21618T(S:T19I) (21632,9)(S:DEL25/27)	13	101	0.12871287128712872	21565	21645
(21569,1)(S:DEL4) C21618T(S:T19I) (21632,9)(S:DEL25/27)	12	43	0.27906976744186046	21565	21648
G23948T(S:D796Y)	11	32	0.34375	23880	23960
