Covariants	Count	Max_count	Freq	Coverage_start	Coverage_end
A23403G(S:D614G)	78	178	0.43820224719101125	23402	23403
G21770A(S:V70I)	14	48	0.2916666666666667	21735	21799
