Covariants	Count	Max_count	Freq	Coverage_start	Coverage_end
A23403G(S:D614G)	26	77	0.33766233766233766	23402	23404
C21721T(S:D53D)	19	86	0.22093023255813954	21716	21721
