Covariants	Count	Max_count	Freq	Coverage_start	Coverage_end
A23403G(S:D614G)	62	129	0.4806201550387597	23402	23404
C21721T(S:D53D)	10	51	0.19607843137254902	21716	21746
