Covariants	Count	Max_count	Freq	Coverage_start	Coverage_end
G22578A(S:G339D) G22599A(S:R346K)	133	256	0.51953125	22571	22608
G22578A(S:G339D) G22599A(S:R346K) T22673C(S:S371L) C22674T(S:S371L) T22679C(S:S373P) C22686T(S:S375F)	65	110	0.5909090909090909	22571	22689
T22673C(S:S371L) C22674T(S:S371L) T22679C(S:S373P) C22686T(S:S375F)	58	175	0.3314285714285714	22643	22704
C25418A(ORF3a:T9K)	47	56	0.8392857142857143	25319	25421
C22686T(S:S375F)	34	211	0.16113744075829384	22681	22766
C21618T(S:T19I) (21632,9)(S:DEL25/27)	25	26	0.9615384615384616	21591	21654
G22578A(S:G339D)	15	271	0.055350553505535055	22485	22579
G22599A(S:R346K) T22673C(S:S371L) C22674T(S:S371L) T22679C(S:S373P) C22686T(S:S375F)	12	118	0.1016949152542373	22592	22706
