Covariants	Count	Max_count	Freq	Coverage_start	Coverage_end
T23599G(S:N679K) C23604A(S:P681H)	606	976	0.6209016393442623	23598	23659
C21618T(S:T19I) (21632,9)(S:DEL25/27)	531	829	0.6405307599517491	21613	21652
C23854A(S:N764K)	448	827	0.5417170495767836	23828	23854
(21764,6)(S:DEL69/70)	446	1129	0.3950398582816652	21755	21780
T23599G(S:N679K) C23604A(S:P681H) C23854A(S:N764K)	331	353	0.9376770538243626	23598	23854
T24469A(S:N969K)	273	461	0.5921908893709328	24461	24470
C21618T(S:T19I) (21632,9)(S:DEL25/27) (21764,6)(S:DEL69/70)	211	516	0.40891472868217055	21615	21780
A24424T(S:Q954H)	208	660	0.3151515151515151	24375	24424
A24424T(S:Q954H) T24469A(S:N969K)	161	433	0.371824480369515	24420	24470
(21632,9)(S:DEL25/27)	26	835	0.031137724550898204	21620	21652
G21987A(S:G142D) A22001G(S:K147E)	23	51	0.45098039215686275	21943	22007
G21770A(S:V70I)	20	1163	0.017196904557179708	21769	21869
C21618T(S:T19I) (21632,9)(S:DEL25/27) G21770A(S:V70I)	17	516	0.03294573643410853	21613	21869
T22200G(S:V213G)	12	31	0.3870967741935484	22147	22201
G21987A(S:G142D) A22001G(S:K147E) T22200G(S:V213G)	10	19	0.5263157894736842	21963	22203
