Covariants	Count	Max_count	Freq	Coverage_start	Coverage_end
A23403G(S:D614G)	46	152	0.3026315789473684	23402	23403
G21770A(S:V70I)	13	58	0.22413793103448276	21733	21799
