Covariants	Count	Max_count	Freq	Coverage_start	Coverage_end
A23403G(S:D614G)	294	667	0.4407796101949025	23402	23406
C23179A	11	597	0.018425460636515914	23167	23208
