Covariants	Count	Max_count	Freq	Coverage_start	Coverage_end
A23403G(S:D614G)	16	39	0.41025641025641024	23380	23404
C21721T(S:D53D)	11	35	0.3142857142857143	21716	21746
