Covariants	Count	Max_count	Freq	Coverage_start	Coverage_end
C22674T(S:S371F) T22679C(S:S373P) C22686T(S:S375F) A22688G(S:T376A) G22775A(S:D405N)	315	343	0.9183673469387755	22657	22781
(21764,6)(S:DEL69/70)	157	215	0.7302325581395349	21674	21817
C25000T(S:D1146D)	121	173	0.6994219653179191	24926	25076
C25521T(ORF3a:F43F)	108	230	0.46956521739130436	25377	25521
A24424T(S:Q954H) T24469A(S:N969K)	93	117	0.7948717948717948	24388	24492
C23854A(S:N764K)	62	62	1.0	23690	23910
T22882G(S:N440K) T22917G(S:L452R) G22992A(S:S477N) C22995A(S:T478K) A23013C(S:E484A) T23018G(S:F486V) A23055G(S:Q498R) A23063T(S:N501Y) T23075C(S:Y505H)	53	130	0.4076923076923077	22850	23097
A23403G(S:D614G)	51	147	0.3469387755102041	23325	23439
G21987A(S:G142D) T22099A(S:L179L)	49	59	0.8305084745762712	21949	22099
T22200G(S:V213G)	47	49	0.9591836734693877	22129	22243
(24866,1)(S:DEL1103) C25000T(S:D1146D)	37	74	0.5	24829	25076
G21987A(S:G142D)	36	90	0.4	21949	22098
C23525T(S:H655Y) G23562A	36	131	0.2748091603053435	23411	23562
(21764,6)(S:DEL69/70) A21875T(S:I105F)	31	172	0.18023255813953487	21674	21900
T22882G(S:N440K) T22896C(S:V445A) T22917G(S:L452R) G22992A(S:S477N) C22995A(S:T478K) A23013C(S:E484A) T23018G(S:F486V) A23055G(S:Q498R) A23063T(S:N501Y) T23075C(S:Y505H)	29	130	0.2230769230769231	22850	23097
A23403G(S:D614G) C23525T(S:H655Y) T23599G(S:N679K) C23604A(S:P681H) (23609,'G')(S:INS684)	28	62	0.45161290322580644	23325	23664
G22992A(S:S477N) C22995A(S:T478K) A23013C(S:E484A) T23018G(S:F486V) A23055G(S:Q498R) A23063T(S:N501Y) T23075C(S:Y505H)	28	158	0.17721518987341772	22978	23098
C22674T(S:S371F) T22679C(S:S373P) C22686T(S:S375F) A22688G(S:T376A)	25	370	0.06756756756756757	22589	22736
T22882G(S:N440K) T22896C(S:V445A) T22917G(S:L452R) A22931T(S:R457W) (22933,1)(S:DEL458) A22935G(S:K458G) G22992A(S:S477N) C22995A(S:T478K) A23013C(S:E484A) T23018G(S:F486V) A23055G(S:Q498R) A23063T(S:N501Y) T23075C(S:Y505H)	25	130	0.19230769230769232	22850	23097
A23403G(S:D614G) C23525T(S:H655Y) T23599G(S:N679K) C23604A(S:P681H)	21	62	0.3387096774193548	23325	23664
A23403G(S:D614G) C23525T(S:H655Y)	21	90	0.23333333333333334	23325	23561
C23525T(S:H655Y) C23604A(S:P681H)	19	94	0.20212765957446807	23411	23751
C23525T(S:H655Y)	15	165	0.09090909090909091	23411	23561
T23385A	12	160	0.075	23250	23385
C23601T T23752A(S:S730S)	11	51	0.21568627450980393	23600	23752
T24725C(S:S1055P)	10	100	0.1	24652	24802
