Covariants	Count	Max_count	Freq	Coverage_start	Coverage_end
T24469A(S:N969K)	152	200	0.76	24452	24532
C21618T(S:T19I) (21632,9)(S:DEL25/27)	40	139	0.28776978417266186	21610	21645
(21569,1)(S:DEL4) C21618T(S:T19I) (21632,9)(S:DEL25/27)	12	70	0.17142857142857143	21565	21649
T24469A(S:N969K) (24488,1)(S:DEL977)	10	200	0.05	24452	24534
