Covariants	Count	Max_count	Freq	Coverage_start	Coverage_end
(21764,6)(S:DEL69/70)	107	132	0.8106060606060606	21674	21817
C22674T(S:S371F) T22679C(S:S373P) C22686T(S:S375F) A22688G(S:T376A) G22775A(S:D405N)	61	71	0.8591549295774648	22589	22781
G21987A(S:G142D) T22099A(S:L179L)	42	63	0.6666666666666666	21949	22099
C25000T(S:D1146D)	32	38	0.8421052631578947	24926	25076
T22882G(S:N440K) A22893C(S:K444T) T22917G(S:L452R) T22942A(S:N460K) G22992A(S:S477N) C22995A(S:T478K) A23013C(S:E484A) T23018G(S:F486V) A23055G(S:Q498R) A23063T(S:N501Y) T23075C(S:Y505H)	24	39	0.6153846153846154	22850	23097
C23525T(S:H655Y) G23562A	18	43	0.4186046511627907	23411	23562
G21987A(S:G142D)	17	86	0.19767441860465115	21949	22098
C22326T(S:S255F)	17	199	0.08542713567839195	22207	22347
G22331A(S:G257S)	16	199	0.08040201005025126	22207	22347
A23403G(S:D614G) C23525T(S:H655Y) T23599G(S:N679K) C23604A(S:P681H)	15	17	0.8823529411764706	23325	23664
T22200G(S:V213G)	14	23	0.6086956521739131	22129	22243
C22674T(S:S371F) T22679C(S:S373P) C22686T(S:S375F) A22688G(S:T376A)	14	92	0.15217391304347827	22589	22736
C23525T(S:H655Y)	14	65	0.2153846153846154	23411	23559
G24620T(S:A1020S)	11	40	0.275	24572	24720
