Covariants	Count	Max_count	Freq	Coverage_start	Coverage_end
C25416T(ORF3a:F8F)	246	320	0.76875	25381	25434
G22317T(S:G252V)	164	346	0.47398843930635837	22207	22347
T21810C(S:V83A)	149	237	0.6286919831223629	21765	21821
T22882G(S:N440K) G22895C(S:V445P) T22896C(S:V445P) G22898A(S:G446S) T22942G(S:N460K) G22992A(S:S477N) C22995A(S:T478K) A23013C(S:E484A) T23018C(S:F486P) T23019C(S:F486P) T23031C(S:F490S) A23055G(S:Q498R) A23063T(S:N501Y) T23075C(S:Y505H)	123	196	0.6275510204081632	22853	23097
C22664A(S:L368I) C22674T(S:S371F) T22679C(S:S373P) C22686T(S:S375F) A22688G(S:T376A) G22775A(S:D405N)	87	151	0.5761589403973509	22659	22781
C25000T(S:D1146D)	79	115	0.6869565217391305	24932	25076
T22200A(S:V213E) G22317T(S:G252V)	79	123	0.6422764227642277	22129	22347
C22674T(S:S371F) T22679C(S:S373P) C22686T(S:S375F) A22688G(S:T376A) G22775A(S:D405N)	50	151	0.33112582781456956	22589	22781
A24424T(S:Q954H) T24469A(S:N969K)	49	54	0.9074074074074074	24388	24537
A23403G(S:D614G)	41	117	0.3504273504273504	23325	23433
A23403G(S:D614G) C23525T(S:H655Y) T23599G(S:N679K) C23604A(S:P681H)	36	47	0.7659574468085106	23325	23664
C23854A(S:N764K)	31	32	0.96875	23690	23910
(21764,6)(S:DEL69/70)	30	225	0.13333333333333333	21674	21817
C21774T(S:S71F) T21810C(S:V83A)	28	237	0.11814345991561181	21674	21900
G22992A(S:S477N) C22995A(S:T478K) A23013C(S:E484A) T23018C(S:F486P) T23019C(S:F486P) T23031C(S:F490S) A23055G(S:Q498R) A23063T(S:N501Y) T23075C(S:Y505H)	22	226	0.09734513274336283	22978	23098
T22200G(S:V213G)	19	136	0.13970588235294118	22129	22339
T23385A	18	135	0.13333333333333333	23250	23385
T22882G(S:N440K) A22893C(S:K444T) T22917G(S:L452R) T22942A(S:N460K) G22992A(S:S477N) C22995A(S:T478K) A23013C(S:E484A) T23018G(S:F486V) A23055G(S:Q498R) A23063T(S:N501Y) T23075C(S:Y505H)	18	196	0.09183673469387756	22850	23097
C23525T(S:H655Y) G23562A	17	92	0.18478260869565216	23411	23562
T22200A(S:V213E)	17	136	0.125	22129	22243
G21987A(S:G142D) (21990,3)(S:DEL144) C22000A(S:H146Q)	17	40	0.425	21949	22098
A23403G(S:D614G) C23525T(S:H655Y)	16	76	0.21052631578947367	23325	23561
T24976C(S:Y1138Y) C25000T(S:D1146D)	15	115	0.13043478260869565	24926	25076
T22882G(S:N440K) G22895C(S:V445P) T22896C(S:V445P) G22898A(S:G446S) T22942G(S:N460K) G22992A(S:S477N) C22995A(S:T478K) A23055G(S:Q498R) A23063T(S:N501Y) T23075C(S:Y505H)	10	196	0.05102040816326531	22850	23197
C23413G C23525T(S:H655Y) T23599G(S:N679K) C23604A(S:P681H)	10	71	0.14084507042253522	23412	23664
