Covariants	Count	Max_count	Freq	Coverage_start	Coverage_end
T24469A(S:N969K)	1493	1714	0.8710618436406068	24468	24487
C21618T(S:T19I) (21632,9)(S:DEL25/27)	698	1107	0.6305329719963866	21616	21647
A23403G(S:D614G)	696	1657	0.420036210018105	23402	23403
(21764,6)(S:DEL69/70)	684	1413	0.4840764331210191	21757	21778
C23525T(S:H655Y)	538	1623	0.3314849044978435	23520	23525
C23525T(S:H655Y) T23599G(S:N679K) C23604A(S:P681H)	293	563	0.5204262877442274	23524	23604
A23403G(S:D614G) C23525T(S:H655Y)	287	888	0.32319819819819817	23402	23525
C21618T(S:T19I) (21632,9)(S:DEL25/27) (21764,6)(S:DEL69/70)	274	523	0.5239005736137667	21615	21780
T23599G(S:N679K) C23604A(S:P681H)	188	699	0.26895565092989987	23597	23605
G25166C(S:E1202Q)	99	407	0.24324324324324326	25165	25168
A23403G(S:D614G) C23525T(S:H655Y) T23599G(S:N679K) C23604A(S:P681H)	91	245	0.37142857142857144	23402	23605
A23055G(S:Q498R) A23063T(S:N501Y) T23075C(S:Y505H)	83	203	0.4088669950738916	23053	23111
C23854A(S:N764K)	72	103	0.6990291262135923	23823	23854
A24424T(S:Q954H)	70	189	0.37037037037037035	24377	24426
C23525T(S:H655Y) T23599G(S:N679K)	68	669	0.10164424514200299	23522	23599
A23403G(S:D614G) T23599G(S:N679K) C23604A(S:P681H)	65	245	0.2653061224489796	23402	23607
C25000T(S:D1146D)	58	77	0.7532467532467533	24993	25000
(21632,9)(S:DEL25/27)	55	1114	0.04937163375224417	21620	21648
T25403C(ORF3a:F4S)	53	213	0.24882629107981222	25352	25404
A24424T(S:Q954H) T24469A(S:N969K)	45	115	0.391304347826087	24420	24470
A23063T(S:N501Y) T23075C(S:Y505H)	41	244	0.1680327868852459	23060	23120
G22992A(S:S477N) C22995A(S:T478K) A23013C(S:E484A) T23018G(S:F486V) A23055G(S:Q498R) A23063T(S:N501Y) T23075C(S:Y505H)	38	67	0.5671641791044776	22988	23075
(21632,9)(S:DEL25/27) (21764,6)(S:DEL69/70)	37	527	0.07020872865275142	21620	21780
A23403G(S:D614G) C23525T(S:H655Y) T23599G(S:N679K)	36	300	0.12	23401	23600
A23013C(S:E484A) T23018G(S:F486V) A23055G(S:Q498R) A23063T(S:N501Y) T23075C(S:Y505H)	36	106	0.33962264150943394	23009	23081
T23075C(S:Y505H)	23	265	0.08679245283018867	23074	23159
T23599G(S:N679K) C23604A(S:P681H) C23854A(S:N764K)	21	25	0.84	23592	23854
G21770A(S:V70I)	13	1481	0.008777852802160702	21769	21867
G22578A(S:G339D) G22599C(S:R346T)	12	23	0.5217391304347826	22535	22599
T22200G(S:V213G)	12	18	0.6666666666666666	22188	22201
T23599G(S:N679K)	11	805	0.013664596273291925	23590	23600
G22992A(S:S477N) C22995A(S:T478K) A23013C(S:E484A) T23018G(S:F486V) A23055G(S:Q498R)	10	79	0.12658227848101267	22978	23196
