Covariants	Count	Max_count	Freq	Coverage_start	Coverage_end
A23403G(S:D614G)	46	145	0.31724137931034485	23402	23404
C21721T(S:D53D)	15	89	0.16853932584269662	21716	21746
