Covariants	Count	Max_count	Freq	Coverage_start	Coverage_end
G22317T(S:G252V)	120	176	0.6818181818181818	22250	22347
T21810C(S:V83A)	60	96	0.625	21806	21825
A23403G(S:D614G)	43	55	0.7818181818181819	23325	23467
C23525T(S:H655Y) G23562A	34	40	0.85	23411	23562
T23385A	30	85	0.35294117647058826	23250	23385
G21987A(S:G142D) (21990,3)(S:DEL144) C22000A(S:H146Q)	19	28	0.6785714285714286	21949	22098
C22674T(S:S371F) T22679C(S:S373P) C22686T(S:S375F) A22688G(S:T376A) G22775A(S:D405N)	17	31	0.5483870967741935	22589	22781
C25416T(ORF3a:F8F)	17	108	0.1574074074074074	25377	25434
(24712,1)(S:DEL1051)	12	64	0.1875	24571	24720
C23601T T23752A(S:S730S)	10	19	0.5263157894736842	23600	23752
