Covariants	Count	Max_count	Freq	Coverage_start	Coverage_end
(21764,6)(S:DEL69/70)	47	52	0.9038461538461539	21674	21817
G22317T(S:G252V)	14	38	0.3684210526315789	22207	22347
