Covariants	Count	Max_count	Freq	Coverage_start	Coverage_end
C21618T(S:T19I) (21632,9)(S:DEL25/27)	89	96	0.9270833333333334	21591	21653
C21618T(S:T19I)	32	135	0.23703703703703705	21504	21622
G21987A(S:G142D)	18	27	0.6666666666666666	21946	21998
T22200G(S:V213G)	10	21	0.47619047619047616	22149	22218
