Covariants	Count	Max_count	Freq	Coverage_start	Coverage_end
C23525T(S:H655Y)	29	106	0.27358490566037735	23524	23525
T23599G(S:N679K)	15	95	0.15789473684210525	23571	23599
C23673T(S:S704L)	13	112	0.11607142857142858	23644	23673
G24161A(S:D867N)	10	146	0.0684931506849315	24160	24199
