Covariants	Count	Max_count	Freq	Coverage_start	Coverage_end
A23403G(S:D614G)	287	542	0.5295202952029521	23402	23403
C23525T(S:H655Y)	169	450	0.37555555555555553	23503	23525
C21618T(S:T19I) (21632,9)(S:DEL25/27)	118	189	0.6243386243386243	21613	21653
(21764,6)(S:DEL69/70) C21789T(S:T76I)	113	219	0.5159817351598174	21755	21793
A23403G(S:D614G) C23525T(S:H655Y)	93	244	0.38114754098360654	23402	23525
C23525T(S:H655Y) T23599G(S:N679K) C23604A(S:P681H)	64	126	0.5079365079365079	23524	23605
G22599A(S:R346K) A22622G(S:N354D) A22633C(S:R357S)	59	148	0.39864864864864863	22598	22634
A22622G(S:N354D) A22633C(S:R357S) G22661T(S:V367F)	43	134	0.3208955223880597	22621	22704
C21789T(S:T76I)	42	259	0.16216216216216217	21787	21855
G22599A(S:R346K) A22622G(S:N354D) A22633C(S:R357S) G22661T(S:V367F)	34	100	0.34	22598	22663
C21618T(S:T19I) (21632,9)(S:DEL25/27) (21764,6)(S:DEL69/70) C21789T(S:T76I)	33	66	0.5	21613	21793
G22599A(S:R346K)	32	193	0.16580310880829016	22521	22601
G22661T(S:V367F)	31	153	0.20261437908496732	22646	22731
A23403G(S:D614G) C23525T(S:H655Y) T23599G(S:N679K) C23604A(S:P681H)	19	55	0.34545454545454546	23402	23607
T23042C(S:S494P) C23054T(S:Q498Y) A23056C(S:Q498Y) A23064C(S:N501T) C23077T(S:Y505Y)	18	28	0.6428571428571429	23041	23141
C23525T(S:H655Y) T23599G(S:N679K)	17	153	0.1111111111111111	23524	23601
T23599G(S:N679K) C23604A(S:P681H)	17	130	0.13076923076923078	23527	23607
A23403G(S:D614G) T23599G(S:N679K) C23604A(S:P681H)	17	55	0.3090909090909091	23400	23607
G22599A(S:R346K) A22622G(S:N354D)	14	160	0.0875	22555	22624
C21618T(S:T19I) (21632,9)(S:DEL25/27) C21789T(S:T76I)	14	66	0.21212121212121213	21613	21861
A23064C(S:N501T) C23077T(S:Y505Y)	10	46	0.21739130434782608	23061	23157
C21618T(S:T19I) (21632,9)(S:DEL25/27) (21764,6)(S:DEL69/70)	10	74	0.13513513513513514	21612	21780
