Covariants	Count	Max_count	Freq	Coverage_start	Coverage_end
A23403G(S:D614G)	246	711	0.3459915611814346	23402	23405
C23179A	13	554	0.023465703971119134	23167	23208
