Covariants	Count	Max_count	Freq	Coverage_start	Coverage_end
A23403G(S:D614G)	40	137	0.291970802919708	23402	23404
G21770A(S:V70I)	14	30	0.4666666666666667	21737	21799
