Covariants	Count	Max_count	Freq	Coverage_start	Coverage_end
C21618T(S:T19I) (21632,9)(S:DEL25/27)	394	491	0.8024439918533605	21616	21645
C23525T(S:H655Y)	138	420	0.32857142857142857	23515	23525
A23403G(S:D614G)	122	364	0.33516483516483514	23402	23403
(21764,6)(S:DEL69/70)	110	669	0.16442451420029897	21754	21780
A23403G(S:D614G) C23525T(S:H655Y)	91	227	0.4008810572687225	23402	23525
C23525T(S:H655Y) T23599G(S:N679K) C23604A(S:P681H)	73	139	0.5251798561151079	23524	23605
C21618T(S:T19I) (21632,9)(S:DEL25/27) (21764,6)(S:DEL69/70)	43	228	0.18859649122807018	21605	21780
T23599G(S:N679K) C23604A(S:P681H)	43	172	0.25	23592	23606
(21632,9)(S:DEL25/27)	38	494	0.07692307692307693	21621	21659
C25000T(S:D1146D)	18	18	1.0	24998	25000
C23525T(S:H655Y) T23599G(S:N679K)	17	169	0.10059171597633136	23521	23601
A23403G(S:D614G) C23525T(S:H655Y) T23599G(S:N679K) C23604A(S:P681H)	17	55	0.3090909090909091	23401	23607
A23403G(S:D614G) T23599G(S:N679K) C23604A(S:P681H)	17	55	0.3090909090909091	23402	23607
A24424T(S:Q954H)	16	36	0.4444444444444444	24364	24428
T24469A(S:N969K)	14	27	0.5185185185185185	24457	24529
A24424T(S:Q954H) T24469A(S:N969K)	11	17	0.6470588235294118	24420	24480
A23055G(S:Q498R) A23063T(S:N501Y) T23075C(S:Y505H)	10	22	0.45454545454545453	23048	23116
C23854A(S:N764K)	10	18	0.5555555555555556	23794	23854
A23403G(S:D614G) C23525T(S:H655Y) T23599G(S:N679K)	10	69	0.14492753623188406	23401	23601
