Covariants	Count	Max_count	Freq	Coverage_start	Coverage_end
(21764,6)(S:DEL69/70)	453	514	0.8813229571984436	21712	21791
C22674T(S:S371F) T22679C(S:S373P) C22686T(S:S375F) A22688G(S:T376A) G22775A(S:D405N)	228	300	0.76	22589	22781
T22200G(S:V213G)	143	163	0.8773006134969326	22197	22243
C25000T(S:D1146D)	108	141	0.7659574468085106	24926	25016
G21987A(S:G142D) T22099A(S:L179L)	103	124	0.8306451612903226	21949	22099
A24424T(S:Q954H) T24469A(S:N969K)	87	111	0.7837837837837838	24388	24537
A23403G(S:D614G)	86	161	0.5341614906832298	23355	23468
T22882G(S:N440K) T22917G(S:L452R) G22992A(S:S477N) C22995A(S:T478K) A23013C(S:E484A) T23018G(S:F486V) A23055G(S:Q498R) A23063T(S:N501Y) T23075C(S:Y505H)	72	115	0.6260869565217392	22850	23097
C23525T(S:H655Y)	67	250	0.268	23473	23561
C23525T(S:H655Y) G23562A	66	161	0.40993788819875776	23411	23562
T23385A	55	219	0.2511415525114155	23250	23385
C22674T(S:S371F) T22679C(S:S373P) C22686T(S:S375F) A22688G(S:T376A) (22726,1)(S:DEL389) A22728C(S:D389S) G22775A(S:D405N)	48	300	0.16	22590	22781
A23403G(S:D614G) C23525T(S:H655Y) T23599G(S:N679K) C23604A(S:P681H)	47	54	0.8703703703703703	23326	23664
C22674T(S:S371F) T22679C(S:S373P) C22686T(S:S375F) A22688G(S:T376A)	40	347	0.11527377521613832	22589	22736
G21987A(S:G142D)	33	185	0.1783783783783784	21970	22098
C23525T(S:H655Y) C23604A(S:P681H)	33	94	0.35106382978723405	23411	23751
C23854A(S:N764K)	32	37	0.8648648648648649	23690	23910
G21987A(S:G142D) (21990,3)(S:DEL144)	26	185	0.14054054054054055	21949	22098
C21618T(S:T19I) (21632,9)(S:DEL25/27)	14	24	0.5833333333333334	21576	21725
(21682,1)(S:DEL41) (21764,6)(S:DEL69/70)	13	506	0.025691699604743084	21674	21832
C22448T	12	341	0.03519061583577713	22207	22448
A23403G(S:D614G) C23525T(S:H655Y)	11	65	0.16923076923076924	23325	23561
A24652T	11	211	0.052132701421800945	24651	24802
C23601T T23752A(S:S730S)	10	35	0.2857142857142857	23600	23752
A24388T A24424T(S:Q954H) T24469A(S:N969K) A24539G	10	107	0.09345794392523364	24387	24539
