Covariants	Count	Max_count	Freq	Coverage_start	Coverage_end
G22317T(S:G252V)	159	265	0.6	22207	22347
C25416T(ORF3a:F8F)	36	69	0.5217391304347826	25377	25434
T21810C(S:V83A)	19	65	0.2923076923076923	21765	21900
G21987A(S:G142D) (21990,3)(S:DEL144) C22000A(S:H146Q)	19	24	0.7916666666666666	21949	22098
T23385A	18	20	0.9	23250	23385
(21764,6)(S:DEL69/70)	16	63	0.25396825396825395	21674	21817
C23185T(S:F541F) (23236,'T')(S:INS559)	15	85	0.17647058823529413	23129	23277
C22674T(S:S371F) T22679C(S:S373P) C22686T(S:S375F) A22688G(S:T376A) G22775A(S:D405N)	11	15	0.7333333333333333	22589	22781
