Covariants	Count	Max_count	Freq	Coverage_start	Coverage_end
A24424T(S:Q954H) T24469A(S:N969K)	189	225	0.84	24420	24472
T24469A(S:N969K)	76	310	0.24516129032258063	24468	24534
A22786C(S:R408S) G22813T(S:K417N)	49	138	0.35507246376811596	22784	22859
G22578A(S:G339D)	48	142	0.3380281690140845	22570	22596
G22578A(S:G339D) C22674T(S:S371F) T22679C(S:S373P) C22686T(S:S375F) A22688G(S:T376A)	36	68	0.5294117647058824	22576	22694
G22775A(S:D405N) A22786C(S:R408S) G22813T(S:K417N)	35	84	0.4166666666666667	22751	22816
C22674T(S:S371F) T22679C(S:S373P) C22686T(S:S375F) A22688G(S:T376A)	23	131	0.17557251908396945	22641	22692
C22686T(S:S375F) A22688G(S:T376A) G22775A(S:D405N) A22786C(S:R408S) G22813T(S:K417N)	22	48	0.4583333333333333	22681	22813
C22674T(S:S371F) T22679C(S:S373P) C22686T(S:S375F) A22688G(S:T376A) G22775A(S:D405N)	16	52	0.3076923076923077	22641	22781
G22813T(S:K417N)	15	153	0.09803921568627451	22812	22877
G24574T(S:L1004F)	15	405	0.037037037037037035	24568	24648
C21618T(S:T19I) (21632,9)(S:DEL25/27)	14	15	0.9333333333333333	21595	21662
C22686T(S:S375F) A22688G(S:T376A) G22775A(S:D405N)	13	93	0.13978494623655913	22681	22778
C22674T(S:S371F) T22679C(S:S373P) C22686T(S:S375F) A22688G(S:T376A) G22775A(S:D405N) A22786C(S:R408S) G22813T(S:K417N)	12	21	0.5714285714285714	22615	22813
C22686T(S:S375F) A22688G(S:T376A)	10	181	0.055248618784530384	22681	22761
