Covariants	Count	Max_count	Freq	Coverage_start	Coverage_end
A23403G(S:D614G)	45	132	0.3409090909090909	23402	23404
C21721T(S:D53D)	14	44	0.3181818181818182	21717	21742
T22054G(S:N164K)	14	129	0.10852713178294573	22053	22055
