Covariants	Count	Max_count	Freq	Coverage_start	Coverage_end
C22109G(S:Q183E)	21	27	0.7777777777777778	22072	22113
T22942G(S:N460K)	17	33	0.5151515151515151	22940	22966
