Covariants	Count	Max_count	Freq	Coverage_start	Coverage_end
C25000T(S:D1146D)	2154	2917	0.7384298937264313	24998	25000
T23599G(S:N679K) C23604A(S:P681H)	899	1529	0.5879659908436887	23598	23659
C23854A(S:N764K)	739	1375	0.5374545454545454	23826	23854
A23055G(S:Q498R) A23063T(S:N501Y) T23075C(S:Y505H)	706	1532	0.4608355091383812	23054	23098
T23599G(S:N679K) C23604A(S:P681H) C23854A(S:N764K)	563	599	0.9398998330550918	23598	23854
T24469A(S:N969K)	334	563	0.5932504440497336	24458	24482
C21618T(S:T19I) (21632,9)(S:DEL25/27)	324	339	0.9557522123893806	21591	21654
A23013C(S:E484A) T23018G(S:F486V) A23055G(S:Q498R) A23063T(S:N501Y) T23075C(S:Y505H)	268	712	0.37640449438202245	23009	23086
A24424T(S:Q954H)	247	823	0.3001215066828676	24364	24424
G22992A(S:S477N) C22995A(S:T478K) A23013C(S:E484A) T23018G(S:F486V) A23055G(S:Q498R) A23063T(S:N501Y) T23075C(S:Y505H)	243	413	0.5883777239709443	22989	23075
T23075C(S:Y505H)	218	1964	0.1109979633401222	23074	23164
A24424T(S:Q954H) T24469A(S:N969K)	201	542	0.37084870848708484	24420	24470
A23063T(S:N501Y) T23075C(S:Y505H)	200	1743	0.11474469305794607	23060	23147
G22992A(S:S477N) C22995A(S:T478K) A23013C(S:E484A) T23018G(S:F486V) A23055G(S:Q498R) A23063T(S:N501Y)	89	452	0.19690265486725664	22984	23064
G22992A(S:S477N) C22995A(S:T478K) A23013C(S:E484A) T23018G(S:F486V) A23055G(S:Q498R)	84	461	0.1822125813449024	22978	23058
C21618T(S:T19I)	81	423	0.19148936170212766	21539	21621
T23018G(S:F486V) A23055G(S:Q498R) A23063T(S:N501Y) T23075C(S:Y505H)	64	780	0.08205128205128205	23017	23099
G21987A(S:G142D)	23	38	0.6052631578947368	21943	22028
G22578A(S:G339D)	19	44	0.4318181818181818	22508	22608
A24880G(S:Q1106Q)	16	3710	0.00431266846361186	24861	24926
C22995A(S:T478K) A23013C(S:E484A) T23018G(S:F486V) A23055G(S:Q498R) A23063T(S:N501Y) T23075C(S:Y505H)	13	447	0.029082774049217	22994	23093
T22200G(S:V213G)	12	20	0.6	22135	22201
C23604A(S:P681H)	11	1532	0.007180156657963447	23602	23662
G22992A(S:S477N) C22995A(S:T478K) A23013C(S:E484A) T23018G(S:F486V) A23055G(S:Q498R) T23075C(S:Y505H)	10	413	0.024213075060532687	22988	23170
A24424T(S:Q954H) A24430G(S:A956A)	10	793	0.012610340479192938	24339	24439
