Covariants	Count	Max_count	Freq	Coverage_start	Coverage_end
C21618T(S:T19I) (21632,9)(S:DEL25/27)	17729	19018	0.9322221053738563	21591	21666
C21440T C21618T(S:T19I) (21632,9)(S:DEL25/27)	222	17941	0.012373892202218382	21439	21671
G21987A(S:G142D) T22200G(S:V213G)	57	68	0.8382352941176471	21893	22243
(21632,9)(S:DEL25/27)	43	19018	0.0022610158796929226	21591	21671
