Covariants	Count	Max_count	Freq	Coverage_start	Coverage_end
A23403G(S:D614G)	57	161	0.35403726708074534	23402	23403
G21770A(S:V70I)	13	30	0.43333333333333335	21735	21799
