Covariants	Count	Max_count	Freq	Coverage_start	Coverage_end
A23403G(S:D614G)	69	211	0.32701421800947866	23402	23404
C21721T(S:D53D)	11	115	0.09565217391304348	21719	21746
G21770A(S:V70I)	10	78	0.1282051282051282	21735	21799
