Covariants	Count	Max_count	Freq	Coverage_start	Coverage_end
A23403G(S:D614G)	17	45	0.37777777777777777	23402	23404
C21721T(S:D53D)	16	33	0.48484848484848486	21719	21746
