Covariants	Count	Max_count	Freq	Coverage_start	Coverage_end
A24424T(S:Q954H) T24469A(S:N969K)	171	194	0.8814432989690721	24420	24470
G23948T(S:D796Y)	130	147	0.8843537414965986	23946	23967
C25000T(S:D1146D)	110	160	0.6875	24991	25000
A24424T(S:Q954H)	80	289	0.2768166089965398	24370	24424
G24858A(S:G1099D)	47	202	0.23267326732673269	24856	24865
T24469A(S:N969K)	42	237	0.17721518987341772	24461	24533
G22992A(S:S477N) C22995A(S:T478K) A23013C(S:E484A) T23018G(S:F486V) A23055G(S:Q498R) A23063T(S:N501Y) T23075C(S:Y505H)	29	34	0.8529411764705882	22988	23082
G24858A(S:G1099D) C25000T(S:D1146D)	22	64	0.34375	24857	25000
C23854A(S:N764K)	18	23	0.782608695652174	23797	23854
A23055G(S:Q498R) A23063T(S:N501Y) T23075C(S:Y505H)	13	54	0.24074074074074073	23054	23116
A23063T(S:N501Y) T23075C(S:Y505H)	13	67	0.19402985074626866	23060	23212
A22786C(S:R408S) G22813T(S:K417N) T22882G(S:N440K)	10	20	0.5	22778	22895
