Covariants	Count	Max_count	Freq	Coverage_start	Coverage_end
A23403G(S:D614G)	44	145	0.30344827586206896	23402	23404
G21770A(S:V70I)	10	17	0.5882352941176471	21733	21799
