Covariants	Count	Max_count	Freq	Coverage_start	Coverage_end
T24469A(S:N969K)	327	397	0.8236775818639799	24468	24496
C25000T(S:D1146D)	60	69	0.8695652173913043	24995	25000
T23599G(S:N679K) C23604A(S:P681H)	60	79	0.759493670886076	23598	23659
A23055G(S:Q498R) A23063T(S:N501Y) T23075C(S:Y505H)	56	148	0.3783783783783784	23054	23077
C21618T(S:T19I) (21632,9)(S:DEL25/27)	47	51	0.9215686274509803	21586	21654
C23854A(S:N764K)	47	64	0.734375	23803	23854
A24424T(S:Q954H)	38	120	0.31666666666666665	24357	24424
A24424T(S:Q954H) T24469A(S:N969K)	34	77	0.44155844155844154	24420	24470
A23063T(S:N501Y) T23075C(S:Y505H)	25	172	0.14534883720930233	23061	23140
T23075C(S:Y505H)	19	188	0.10106382978723404	23074	23153
A23013C(S:E484A) T23018G(S:F486V) A23055G(S:Q498R) A23063T(S:N501Y) T23075C(S:Y505H)	18	58	0.3103448275862069	23006	23096
G22992A(S:S477N) C22995A(S:T478K) A23013C(S:E484A) T23018G(S:F486V) A23055G(S:Q498R) A23063T(S:N501Y) T23075C(S:Y505H)	14	31	0.45161290322580644	22988	23081
G22578A(S:G339D)	13	22	0.5909090909090909	22529	22607
G21987A(S:G142D)	13	35	0.37142857142857144	21984	21987
C21618T(S:T19I)	13	64	0.203125	21541	21620
T23599G(S:N679K) C23604A(S:P681H) C23854A(S:N764K)	12	14	0.8571428571428571	23592	23854
T23031C(S:F490S) A23055G(S:Q498R) A23063T(S:N501Y) T23075C(S:Y505H)	11	93	0.11827956989247312	23030	23112
G22992A(S:S477N) C22995A(S:T478K) A23013C(S:E484A) T23018G(S:F486V) A23055G(S:Q498R) A23063T(S:N501Y)	11	38	0.2894736842105263	22978	23064
