Covariants	Count	Max_count	Freq	Coverage_start	Coverage_end
A23403G(S:D614G)	26	98	0.2653061224489796	23402	23404
C21721T(S:D53D)	10	36	0.2777777777777778	21693	21746
