Covariants	Count	Max_count	Freq	Coverage_start	Coverage_end
T24469A(S:N969K)	394	436	0.9036697247706422	24468	24519
C21618T(S:T19I) (21632,9)(S:DEL25/27)	34	37	0.918918918918919	21591	21654
A23055G(S:Q498R) A23063T(S:N501Y) T23075C(S:Y505H)	29	102	0.28431372549019607	23054	23116
A23013C(S:E484A) T23018G(S:F486V) A23055G(S:Q498R) A23063T(S:N501Y) T23075C(S:Y505H)	28	64	0.4375	23009	23080
A24424T(S:Q954H)	23	47	0.48936170212765956	24373	24424
G22992A(S:S477N) C22995A(S:T478K) A23013C(S:E484A) T23018G(S:F486V) A23055G(S:Q498R) A23063T(S:N501Y) T23075C(S:Y505H)	22	33	0.6666666666666666	22988	23075
T23599G(S:N679K) C23604A(S:P681H)	20	27	0.7407407407407407	23592	23659
G22578A(S:G339D) G22599C(S:R346T)	15	22	0.6818181818181818	22550	22608
A23063T(S:N501Y) T23075C(S:Y505H)	15	117	0.1282051282051282	23060	23116
T23075C(S:Y505H)	13	129	0.10077519379844961	23074	23161
C23854A(S:N764K)	13	19	0.6842105263157895	23794	23874
