Covariants	Count	Max_count	Freq	Coverage_start	Coverage_end
T24469A(S:N969K)	1342	1539	0.8719948018193632	24468	24470
C25000T(S:D1146D)	410	543	0.7550644567219152	24997	25000
G25362T(S:G1267V)	264	733	0.3601637107776262	25357	25362
T23599G(S:N679K) C23604A(S:P681H)	145	304	0.4769736842105263	23592	23659
A24424T(S:Q954H) T24469A(S:N969K)	126	350	0.36	24420	24470
T23822C(S:L754L) C23854A(S:N764K)	117	251	0.46613545816733065	23821	23854
T23599G(S:N679K) C23604A(S:P681H) T23822C(S:L754L) C23854A(S:N764K)	110	125	0.88	23597	23854
A23055G(S:Q498R) A23063T(S:N501Y) T23075C(S:Y505H)	97	191	0.5078534031413613	23054	23140
A24424T(S:Q954H)	92	452	0.20353982300884957	24357	24424
C21618T(S:T19I) (21632,9)(S:DEL25/27)	86	88	0.9772727272727273	21590	21653
T23599G(S:N679K) C23604A(S:P681H) T23822C(S:L754L)	28	153	0.1830065359477124	23592	23822
A23013C(S:E484A) T23018G(S:F486V) A23055G(S:Q498R) A23063T(S:N501Y) T23075C(S:Y505H)	26	69	0.37681159420289856	23006	23075
G22992A(S:S477N) C22995A(S:T478K) A23013C(S:E484A) T23018G(S:F486V) A23055G(S:Q498R) A23063T(S:N501Y) T23075C(S:Y505H)	23	37	0.6216216216216216	22988	23081
C21618T(S:T19I)	22	112	0.19642857142857142	21538	21627
A23063T(S:N501Y) T23075C(S:Y505H)	20	208	0.09615384615384616	23060	23170
T23018G(S:F486V) A23055G(S:Q498R) A23063T(S:N501Y) T23075C(S:Y505H)	20	88	0.22727272727272727	23017	23116
T23822C(S:L754L)	18	298	0.06040268456375839	23748	23822
T23075C(S:Y505H)	12	227	0.05286343612334802	23072	23147
