Covariants	Count	Max_count	Freq	Coverage_start	Coverage_end
C25416T(ORF3a:F8F)	196	269	0.7286245353159851	25377	25434
G22317T(S:G252V)	185	388	0.47680412371134023	22207	22347
C23525T(S:H655Y) G23562A	168	169	0.9940828402366864	23411	23562
(21764,6)(S:DEL69/70)	91	241	0.3775933609958506	21674	21817
T23385A	84	151	0.5562913907284768	23250	23385
A23403G(S:D614G)	46	55	0.8363636363636363	23325	23468
T21810C(S:V83A)	42	256	0.1640625	21765	21825
C21811T(S:V83V)	31	256	0.12109375	21765	21817
A22320G(S:D253G)	29	388	0.07474226804123711	22207	22347
A24652T	24	156	0.15384615384615385	24651	24802
C23525T(S:H655Y)	23	198	0.11616161616161616	23461	23559
G21987A(S:G142D) (21990,3)(S:DEL144) C22000A(S:H146Q)	18	37	0.4864864864864865	21949	22098
T22304C(S:Y248H)	14	366	0.03825136612021858	22207	22347
C23601T T23752A(S:S730S)	14	37	0.3783783783783784	23600	23752
T22200G(S:V213G)	13	25	0.52	22129	22243
T22882G(S:N440K) G22895C(S:V445P) T22896C(S:V445P) G22898A(S:G446S) T22942G(S:N460K) G22992A(S:S477N) C22995A(S:T478K) A23013C(S:E484A) T23018C(S:F486P) T23019C(S:F486P) T23031C(S:F490S) A23055G(S:Q498R) A23063T(S:N501Y) T23075C(S:Y505H)	13	40	0.325	22850	23097
T23287C(S:A575A) T23385A	12	123	0.0975609756097561	23250	23385
C23603T(S:P681S) T23752A(S:S730S)	11	37	0.2972972972972973	23601	23752
C23854A(S:N764K)	11	11	1.0	23692	23910
T22882G(S:N440K) G22895C(S:V445P) T22896C(S:V445P) G22898A(S:G446S) T22942G(S:N460K) G22992A(S:S477N) C22995A(S:T478K) A23013C(S:E484A) G23015A(S:G485S) T23018C(S:F486P) T23019C(S:F486P) T23031C(S:F490S) A23055G(S:Q498R) A23063T(S:N501Y) T23075C(S:Y505H)	10	40	0.25	22850	23097
