Covariants	Count	Max_count	Freq	Coverage_start	Coverage_end
T24469A(S:N969K)	211	551	0.38294010889292196	24468	24469
G22578A(S:G339D)	84	103	0.8155339805825242	22551	22578
A23403G(S:D614G)	59	226	0.2610619469026549	23402	23403
G23258A(S:G566S)	52	205	0.25365853658536586	23234	23258
