Covariants	Count	Max_count	Freq	Coverage_start	Coverage_end
T24469A(S:N969K)	404	457	0.8840262582056893	24468	24532
C23854A(S:N764K)	216	280	0.7714285714285715	23828	23854
C25000T(S:D1146D)	200	243	0.823045267489712	24997	25000
T23599G(S:N679K) C23604A(S:P681H)	170	232	0.7327586206896551	23598	23659
C21618T(S:T19I) (21632,9)(S:DEL25/27)	71	75	0.9466666666666667	21591	21654
T23599G(S:N679K) C23604A(S:P681H) C23854A(S:N764K)	49	52	0.9423076923076923	23596	23854
G21987A(S:G142D)	38	53	0.7169811320754716	21948	21990
T22200G(S:V213G)	15	24	0.625	22150	22200
