Covariants	Count	Max_count	Freq	Coverage_start	Coverage_end
A23403G(S:D614G)	67	176	0.3806818181818182	23402	23404
G21770A(S:V70I)	10	45	0.2222222222222222	21733	21799
