Covariants	Count	Max_count	Freq	Coverage_start	Coverage_end
A23403G(S:D614G)	45	137	0.3284671532846715	23402	23403
C21721T(S:D53D)	10	33	0.30303030303030304	21716	21721
