Covariants	Count	Max_count	Freq	Coverage_start	Coverage_end
G22454A(S:E298K) G22578A(S:G339D) G22599C(S:R346T)	27	34	0.7941176470588235	22432	22618
G21987A(S:G142D)	18	36	0.5	21978	21987
G21987A(S:G142D) T22200G(S:V213G)	10	15	0.6666666666666666	21919	22236
