Covariants	Count	Max_count	Freq	Coverage_start	Coverage_end
T24469A(S:N969K)	45	51	0.8823529411764706	24460	24535
C25416T(ORF3a:F8F)	20	430	0.046511627906976744	25385	25437
(25100,1)(S:DEL1181)	12	199	0.06030150753768844	25080	25160
A23403G(S:D614G)	11	17	0.6470588235294118	23250	23409
