Covariants	Count	Max_count	Freq	Coverage_start	Coverage_end
T24469A(S:N969K)	946	991	0.9545913218970736	24468	24533
C21618T(S:T19I) (21632,9)(S:DEL25/27)	93	94	0.9893617021276596	21584	21654
C21618T(S:T19I)	17	111	0.15315315315315314	21545	21620
