Covariants	Count	Max_count	Freq	Coverage_start	Coverage_end
A23403G(S:D614G)	42	130	0.3230769230769231	23402	23404
C21721T(S:D53D)	18	97	0.18556701030927836	21719	21744
