Covariants	Count	Max_count	Freq	Coverage_start	Coverage_end
T24469A(S:N969K)	48	55	0.8727272727272727	24452	24535
(25100,1)(S:DEL1181)	12	61	0.19672131147540983	25080	25160
