Covariants	Count	Max_count	Freq	Coverage_start	Coverage_end
C25000T(S:D1146D)	628	759	0.8274044795783926	24998	25000
T24469A(S:N969K)	376	462	0.8138528138528138	24468	24487
(21764,6)(S:DEL69/70)	375	681	0.5506607929515418	21755	21780
C21618T(S:T19I) (21632,9)(S:DEL25/27)	326	486	0.6707818930041153	21616	21645
C23854A(S:N764K)	138	181	0.7624309392265194	23826	23854
T23599G(S:N679K) C23604A(S:P681H)	128	168	0.7619047619047619	23592	23659
C21618T(S:T19I) (21632,9)(S:DEL25/27) (21764,6)(S:DEL69/70)	109	195	0.558974358974359	21613	21780
A24424T(S:Q954H)	57	148	0.38513513513513514	24420	24424
A24424T(S:Q954H) T24469A(S:N969K)	44	92	0.4782608695652174	24420	24477
(25429,7)(ORF3a:DEL14/15)	40	51	0.7843137254901961	25357	25437
A23055G(S:Q498R) A23063T(S:N501Y) T23075C(S:Y505H)	40	122	0.32786885245901637	23054	23116
A23013C(S:E484A) T23018G(S:F486V) A23055G(S:Q498R) A23063T(S:N501Y) T23075C(S:Y505H)	33	71	0.4647887323943662	23010	23081
(21632,9)(S:DEL25/27)	31	487	0.06365503080082136	21629	21653
T23599G(S:N679K) C23604A(S:P681H) C23854A(S:N764K)	30	34	0.8823529411764706	23597	23854
G22992A(S:S477N) C22995A(S:T478K) A23013C(S:E484A) T23018G(S:F486V) A23055G(S:Q498R) A23063T(S:N501Y) T23075C(S:Y505H)	23	36	0.6388888888888888	22989	23077
A23063T(S:N501Y) T23075C(S:Y505H)	22	144	0.1527777777777778	23060	23145
T23075C(S:Y505H)	19	165	0.11515151515151516	23072	23160
T22200G(S:V213G)	17	18	0.9444444444444444	22194	22200
T25430G(ORF3a:V13G)	15	234	0.0641025641025641	25334	25431
G22992A(S:S477N) C22995A(S:T478K) A23013C(S:E484A) T23018G(S:F486V) A23055G(S:Q498R) A23063T(S:N501Y)	11	44	0.25	22978	23067
G21770A(S:V70I)	10	721	0.013869625520110958	21769	21867
(21764,6)(S:DEL69/70) G21770A(S:V70I)	10	681	0.014684287812041116	21755	21869
