Covariants	Count	Max_count	Freq	Coverage_start	Coverage_end
A23403G(S:D614G)	50	137	0.36496350364963503	23402	23404
C21721T(S:D53D)	13	79	0.16455696202531644	21719	21742
