Covariants	Count	Max_count	Freq	Coverage_start	Coverage_end
A23403G(S:D614G)	41	130	0.3153846153846154	23402	23404
G21770A(S:V70I)	21	36	0.5833333333333334	21735	21799
