Covariants	Count	Max_count	Freq	Coverage_start	Coverage_end
C25000T(S:D1146D)	174	220	0.7909090909090909	24968	25025
G21987A	17	23	0.7391304347826086	21986	22028
