Covariants	Count	Max_count	Freq	Coverage_start	Coverage_end
A23403G(S:D614G)	60	193	0.31088082901554404	23402	23404
C21721T(S:D53D)	15	59	0.2542372881355932	21716	21746
