Covariants	Count	Max_count	Freq	Coverage_start	Coverage_end
A23403G(S:D614G)	55	201	0.2736318407960199	23402	23404
G22578A(S:G339D)	10	84	0.11904761904761904	22577	22583
