Covariants	Count	Max_count	Freq	Coverage_start	Coverage_end
C21721T(S:D53D)	23	52	0.4423076923076923	21719	21746
A23403G(S:D614G)	14	68	0.20588235294117646	23378	23404
