Covariants	Count	Max_count	Freq	Coverage_start	Coverage_end
T24469A(S:N969K)	1366	1689	0.8087625814091178	24468	24473
A23403G(S:D614G)	926	1912	0.48430962343096234	23402	23403
C23525T(S:H655Y)	643	1696	0.37912735849056606	23507	23525
A23403G(S:D614G) C23525T(S:H655Y)	401	944	0.4247881355932203	23402	23525
C23525T(S:H655Y) T23599G(S:N679K) C23604A(S:P681H)	262	465	0.5634408602150538	23524	23604
T23599G(S:N679K) C23604A(S:P681H)	150	598	0.2508361204013378	23598	23604
C25413T(ORF3a:I7I)	141	252	0.5595238095238095	25385	25413
A24424T(S:Q954H)	135	467	0.2890792291220557	24402	24424
A24424T(S:Q954H) T24469A(S:N969K)	133	277	0.48014440433212996	24420	24470
C23854A(S:N764K)	98	132	0.7424242424242424	23824	23854
C21618T(S:T19I) (21632,9)(S:DEL25/27)	97	105	0.9238095238095239	21591	21654
A23403G(S:D614G) C23525T(S:H655Y) T23599G(S:N679K) C23604A(S:P681H)	87	188	0.4627659574468085	23402	23605
(24223,'T')(S:INS888)	72	309	0.23300970873786409	24220	24278
A23055G(S:Q498R) A23063T(S:N501Y) T23075C(S:Y505H)	49	169	0.28994082840236685	23054	23116
A23013C(S:E484A) T23018G(S:F486V) A23055G(S:Q498R) A23063T(S:N501Y) T23075C(S:Y505H)	48	109	0.44036697247706424	23009	23088
C23525T(S:H655Y) T23599G(S:N679K)	47	537	0.08752327746741155	23523	23599
A23403G(S:D614G) T23599G(S:N679K) C23604A(S:P681H)	45	188	0.2393617021276596	23402	23606
(24223,'T')(S:INS888) A24424T(S:Q954H)	29	134	0.21641791044776118	24219	24428
C21618T(S:T19I)	27	134	0.20149253731343283	21546	21621
G22992A(S:S477N) C22995A(S:T478K) A23013C(S:E484A) T23018G(S:F486V) A23055G(S:Q498R) A23063T(S:N501Y) T23075C(S:Y505H)	27	56	0.48214285714285715	22989	23075
A23403G(S:D614G) C23525T(S:H655Y) T23599G(S:N679K)	24	225	0.10666666666666667	23400	23599
T23599G(S:N679K) C23604A(S:P681H) C23854A(S:N764K)	22	24	0.9166666666666666	23592	23854
T23075C(S:Y505H)	21	205	0.1024390243902439	23074	23126
T22882G(S:N440K) T22917G(S:L452R)	19	92	0.20652173913043478	22881	22920
G21987A(S:G142D)	19	39	0.48717948717948717	21931	21987
A23063T(S:N501Y) T23075C(S:Y505H)	18	186	0.0967741935483871	23062	23140
G22992A(S:S477N) C22995A(S:T478K) A23013C(S:E484A) T23018G(S:F486V) A23055G(S:Q498R) A23063T(S:N501Y)	11	69	0.15942028985507245	22983	23064
C23604A(S:P681H)	10	600	0.016666666666666666	23602	23607
G24131T(S:G857C)	10	28	0.35714285714285715	24127	24140
T21483C(ORF1b:L2672L)	10	23	0.43478260869565216	21482	21568
