Covariants	Count	Max_count	Freq	Coverage_start	Coverage_end
A23403G(S:D614G)	225	379	0.5936675461741425	23402	23403
A23403G(S:D614G) C23525T(S:H655Y)	105	133	0.7894736842105263	23401	23525
C23525T(S:H655Y)	65	271	0.23985239852398524	23507	23525
C23525T(S:H655Y) T23599G(S:N679K) C23604A(S:P681H)	52	73	0.7123287671232876	23521	23605
C21721T(S:D53D)	40	142	0.28169014084507044	21717	21732
C21618T(S:T19I) (21632,9)(S:DEL25/27)	34	111	0.3063063063063063	21613	21653
C21618T(S:T19I) (21632,9)(S:DEL25/27) C21721T(S:D53D)	34	57	0.5964912280701754	21613	21721
C25416T(ORF3a:F8F)	27	145	0.18620689655172415	25322	25418
C21595T(S:V11V)	20	100	0.2	21593	21646
C23525T(S:H655Y) T23599G(S:N679K)	17	93	0.1827956989247312	23514	23599
C21762T(S:A67V) (21764,6)(S:DEL69/70)	16	128	0.125	21712	21780
C21846T(S:T95I)	16	82	0.1951219512195122	21808	21867
C21762T(S:A67V) (21764,6)(S:DEL69/70) C21846T(S:T95I)	15	56	0.26785714285714285	21749	21861
A23403G(S:D614G) C23525T(S:H655Y) T23599G(S:N679K) C23604A(S:P681H)	15	18	0.8333333333333334	23401	23607
C25000T(S:D1146D)	12	12	1.0	24972	25027
