Covariants	Count	Max_count	Freq	Coverage_start	Coverage_end
G25290T(S:C1243F)	25627	32344	0.7923262428889438	25289	25290
T24469A(S:N969K)	18830	19538	0.9637629235336268	24468	24532
G23948T(S:D796Y)	1943	2044	0.950587084148728	23947	23963
G23948T(S:D796Y) G24116A(S:A852T)	17	1373	0.012381646030589949	23941	24122
T24469A(S:N969K) A24479G(S:I973V)	15	19538	0.0007677346708977377	24452	24541
C24575T(S:Q1005*)	15	39756	0.00037730153939028073	24562	24635
G25281C(S:C1240S) G25290T(S:C1243F)	14	32196	0.0004348366256677848	25253	25300
G25290T(S:C1243F) G25299C(S:G1246A)	14	31748	0.00044097265969509893	25253	25318
A24780G(S:K1073R)	13	18632	0.0006977243452125375	24723	24792
T24701C(S:Y1047H)	11	44126	0.00024928613515841	24654	24745
T24688A(S:F1042L)	11	43975	0.00025014212620807277	24654	24751
A24582G(S:Y1007C)	10	42932	0.00023292648840026088	24580	24690
T24747C(S:F1062S)	10	27942	0.00035788418867654427	24706	24747
T25222G(S:F1220L) G25290T(S:C1243F)	10	26579	0.000376236878738854	25217	25308
