Covariants	Count	Max_count	Freq	Coverage_start	Coverage_end
A23403G(S:D614G)	45	138	0.32608695652173914	23402	23404
G21770A(S:V70I)	10	27	0.37037037037037035	21735	21799
