Covariants	Count	Max_count	Freq	Coverage_start	Coverage_end
(21764,6)(S:DEL69/70)	1875	3608	0.5196784922394678	21764	21772
C21618T(S:T19I) (21632,9)(S:DEL25/27)	1735	2699	0.6428306780288996	21616	21645
C21618T(S:T19I) (21632,9)(S:DEL25/27) (21764,6)(S:DEL69/70)	684	1233	0.5547445255474452	21615	21780
C25000T(S:D1146D)	248	294	0.8435374149659864	24997	25000
(21632,9)(S:DEL25/27)	124	2736	0.04532163742690058	21625	21650
A23055G(S:Q498R) A23063T(S:N501Y) T23075C(S:Y505H)	96	250	0.384	23054	23111
(21632,9)(S:DEL25/27) (21764,6)(S:DEL69/70)	72	1255	0.05737051792828685	21620	21780
G21770A(S:V70I)	66	3815	0.01730013106159895	21769	21861
A23013C(S:E484A) T23018G(S:F486V) A23055G(S:Q498R) A23063T(S:N501Y) T23075C(S:Y505H)	58	128	0.453125	23011	23086
A23063T(S:N501Y) T23075C(S:Y505H)	41	291	0.140893470790378	23060	23115
G22992A(S:S477N) C22995A(S:T478K) A23013C(S:E484A) T23018G(S:F486V) A23055G(S:Q498R) A23063T(S:N501Y) T23075C(S:Y505H)	36	61	0.5901639344262295	22988	23075
T23075C(S:Y505H)	35	325	0.1076923076923077	23074	23155
(21764,6)(S:DEL69/70) G21770A(S:V70I)	28	3608	0.007760532150776054	21753	21869
T22200G(S:V213G)	26	29	0.896551724137931	22188	22208
G22578A(S:G339D) G22599C(S:R346T)	26	40	0.65	22570	22601
C21618T(S:T19I) (21632,9)(S:DEL25/27) G21770A(S:V70I)	25	1233	0.0202757502027575	21612	21869
T23018G(S:F486V) A23055G(S:Q498R) A23063T(S:N501Y) T23075C(S:Y505H)	19	148	0.12837837837837837	23016	23116
G22992A(S:S477N) C22995A(S:T478K) A23013C(S:E484A) T23018G(S:F486V) A23055G(S:Q498R) A23063T(S:N501Y)	18	75	0.24	22988	23067
G21987A(S:G142D)	16	19	0.8421052631578947	21949	21989
T22882G(S:N440K) T22917G(S:L452R)	10	31	0.3225806451612903	22867	22923
