Covariants	Count	Max_count	Freq	Coverage_start	Coverage_end
A23403G(S:D614G)	72	175	0.4114285714285714	23402	23403
C21721T(S:D53D)	12	67	0.1791044776119403	21718	21746
