Covariants	Count	Max_count	Freq	Coverage_start	Coverage_end
T24469A(S:N969K)	29	34	0.8529411764705882	24461	24527
G23948T(S:D796Y)	26	26	1.0	23941	23965
A23403G(S:D614G)	20	64	0.3125	23400	23403
C23525T(S:H655Y)	18	54	0.3333333333333333	23478	23525
C25416T(ORF3a:F8F)	18	46	0.391304347826087	25378	25420
A23403G(S:D614G) C23525T(S:H655Y)	16	42	0.38095238095238093	23400	23527
C21618T(S:T19I) (21632,9)(S:DEL25/27)	12	12	1.0	21569	21661
C23525T(S:H655Y) T23599G(S:N679K) C23604A(S:P681H)	12	14	0.8571428571428571	23524	23606
