Covariants	Count	Max_count	Freq	Coverage_start	Coverage_end
A23403G(S:D614G)	806	1912	0.4215481171548117	23402	23403
C23525T(S:H655Y)	664	1948	0.3408624229979466	23514	23525
T24469A(S:N969K)	597	841	0.7098692033293698	24468	24474
C23525T(S:H655Y) T23599G(S:N679K) C23604A(S:P681H)	359	673	0.5334323922734027	23524	23605
A23403G(S:D614G) C23525T(S:H655Y)	335	1032	0.3246124031007752	23402	23525
A24424T(S:Q954H)	280	733	0.3819918144611187	24419	24424
C25413T(ORF3a:I7I)	265	833	0.31812725090036015	25353	25416
T23599G(S:N679K) C23604A(S:P681H)	238	872	0.27293577981651373	23598	23605
C21618T(S:T19I) (21632,9)(S:DEL25/27)	203	302	0.6721854304635762	21616	21652
(21764,6)(S:DEL69/70)	197	378	0.5211640211640212	21755	21780
A24424T(S:Q954H) T24469A(S:N969K)	193	420	0.4595238095238095	24420	24469
C25000T(S:D1146D)	139	177	0.7853107344632768	24997	25000
C23854A(S:N764K)	109	157	0.6942675159235668	23826	23854
A23403G(S:D614G) C23525T(S:H655Y) T23599G(S:N679K) C23604A(S:P681H)	104	287	0.3623693379790941	23402	23606
C23525T(S:H655Y) T23599G(S:N679K)	88	801	0.10986267166042447	23524	23599
A23403G(S:D614G) T23599G(S:N679K) C23604A(S:P681H)	72	287	0.2508710801393728	23402	23606
C21618T(S:T19I) (21632,9)(S:DEL25/27) (21764,6)(S:DEL69/70)	70	133	0.5263157894736842	21613	21780
A23055G(S:Q498R) A23063T(S:N501Y) T23075C(S:Y505H)	52	162	0.32098765432098764	23052	23116
T23599G(S:N679K) C23604A(S:P681H) C23854A(S:N764K)	37	37	1.0	23597	23854
A23403G(S:D614G) C23525T(S:H655Y) T23599G(S:N679K)	30	344	0.0872093023255814	23402	23599
G22992A(S:S477N) C22995A(S:T478K) A23013C(S:E484A) T23018G(S:F486V) A23055G(S:Q498R) A23063T(S:N501Y) T23075C(S:Y505H)	29	54	0.5370370370370371	22988	23077
A23063T(S:N501Y) T23075C(S:Y505H)	28	194	0.14432989690721648	23061	23145
A23013C(S:E484A) T23018G(S:F486V) A23055G(S:Q498R) A23063T(S:N501Y) T23075C(S:Y505H)	27	91	0.2967032967032967	23009	23081
T23599G(S:N679K)	25	1000	0.025	23579	23599
G23282T(S:D574Y)	21	1089	0.01928374655647383	23276	23286
T23075C(S:Y505H)	17	209	0.08133971291866028	23074	23161
(21632,9)(S:DEL25/27)	15	304	0.049342105263157895	21620	21661
G22992A(S:S477N) C22995A(S:T478K) A23013C(S:E484A) T23018G(S:F486V) A23055G(S:Q498R) A23063T(S:N501Y)	13	63	0.20634920634920634	22978	23065
T22200G(S:V213G)	12	13	0.9230769230769231	22188	22200
A22786C(S:R408S) G22813T(S:K417N)	11	25	0.44	22782	22865
T22882G(S:N440K) A22910G(S:N450D) T22917G(S:L452R)	11	55	0.2	22881	22923
G21987A(S:G142D)	10	12	0.8333333333333334	21941	22011
