Covariants	Count	Max_count	Freq	Coverage_start	Coverage_end
C25416T(ORF3a:F8F)	331	563	0.5879218472468917	25381	25434
(21764,6)(S:DEL69/70)	182	456	0.3991228070175439	21675	21794
C23525T(S:H655Y) G23562A	135	153	0.8823529411764706	23411	23562
T23385A	78	191	0.4083769633507853	23250	23385
A22629C(S:K356T) C22674T(S:S371F) T22679C(S:S373P) C22686T(S:S375F) A22688G(S:T376A) G22775A(S:D405N)	59	129	0.4573643410852713	22589	22781
C22674T(S:S371F) T22679C(S:S373P) C22686T(S:S375F) A22688G(S:T376A) G22775A(S:D405N)	54	130	0.4153846153846154	22589	22781
G22331A(S:G257S)	53	365	0.14520547945205478	22307	22347
C25000T(S:D1146D)	51	54	0.9444444444444444	24927	25076
A23403G(S:D614G)	49	105	0.4666666666666667	23325	23468
T22304C(S:Y248H)	46	310	0.14838709677419354	22207	22347
A24424T(S:Q954H) T24469A(S:N969K)	41	87	0.47126436781609193	24388	24537
G22317T(S:G252V)	40	365	0.1095890410958904	22256	22346
T21810C(S:V83A) T21880C(S:F106F)	38	318	0.11949685534591195	21765	21900
G21987A(S:G142D) A22001G(S:K147E) T22016C(S:W152R) C22033A(S:F157L) T22099A(S:L179L)	37	71	0.5211267605633803	21949	22099
A23403G(S:D614G) C23525T(S:H655Y)	30	48	0.625	23325	23561
C23854A(S:N764K)	29	30	0.9666666666666667	23764	23910
G21987A(S:G142D) T22099A(S:L179L)	27	71	0.38028169014084506	21949	22099
T22200G(S:V213G)	27	69	0.391304347826087	22129	22243
T22882G(S:N440K) G22898A(S:G446S) T22942G(S:N460K) G22992A(S:S477N) C22995A(S:T478K) A23013C(S:E484A) T23031C(S:F490S) A23055G(S:Q498R) A23063T(S:N501Y) T23075C(S:Y505H)	26	53	0.49056603773584906	22850	23097
A24388T A24424T(S:Q954H) T24469A(S:N969K) A24539G	26	77	0.33766233766233766	24387	24539
C23601T T23752A(S:S730S)	23	73	0.3150684931506849	23600	23752
C23525T(S:H655Y)	21	226	0.09292035398230089	23413	23552
T23599G(S:N679K) C23604A(S:P681H)	21	36	0.5833333333333334	23579	23664
A22190G(S:I210V) T22200G(S:V213G)	18	69	0.2608695652173913	22128	22243
C22326T(S:S255F)	14	365	0.038356164383561646	22207	22347
A22629C(S:K356T) C22674T(S:S371F) T22679C(S:S373P) C22686T(S:S375F) A22688G(S:T376A)	14	152	0.09210526315789473	22589	22736
A24652T	13	277	0.04693140794223827	24651	24802
(23709,'A')(S:INS717)	11	120	0.09166666666666666	23601	23751
A23403G(S:D614G) C23525T(S:H655Y) T23599G(S:N679K) C23604A(S:P681H)	10	12	0.8333333333333334	23325	23664
T21808C(S:P82P)	10	480	0.020833333333333332	21765	21900
