Covariants	Count	Max_count	Freq	Coverage_start	Coverage_end
A23403G(S:D614G)	77	231	0.3333333333333333	23402	23404
G21770A(S:V70I)	17	75	0.22666666666666666	21723	21799
