Covariants	Count	Max_count	Freq	Coverage_start	Coverage_end
C22674T(S:S371F) T22679C(S:S373P) C22686T(S:S375F) A22688G(S:T376A) G22775A(S:D405N)	142	153	0.9281045751633987	22670	22781
C25513T(ORF3a:L41F)	91	171	0.5321637426900585	25377	25524
(21764,6)(S:DEL69/70)	87	93	0.9354838709677419	21674	21817
C23525T(S:H655Y)	43	85	0.5058823529411764	23411	23537
C23525T(S:H655Y) G23562A	38	40	0.95	23411	23562
T22200G(S:V213G)	31	46	0.6739130434782609	22129	22243
G21987A(S:G142D) T22099A(S:L179L)	28	40	0.7	21952	22099
C22674T(S:S371F) T22679C(S:S373P) C22686T(S:S375F) A22688G(S:T376A)	25	178	0.1404494382022472	22589	22727
T22882G(S:N440K) A22893C(S:K444T) T22917G(S:L452R) G22992A(S:S477N) C22995A(S:T478K) A23013C(S:E484A) T23018G(S:F486V) A23055G(S:Q498R) A23063T(S:N501Y) T23075C(S:Y505H)	20	30	0.6666666666666666	22850	23097
C23854A(S:N764K)	20	22	0.9090909090909091	23690	23910
C25000T(S:D1146D)	20	21	0.9523809523809523	24926	25076
G21987A(S:G142D)	17	59	0.288135593220339	21949	22058
G25395A(ORF3a:M1I)	14	200	0.07	25306	25434
