Covariants	Count	Max_count	Freq	Coverage_start	Coverage_end
C21618T(S:T19I) (21632,9)(S:DEL25/27)	1208	1875	0.6442666666666667	21586	21655
G22992A(S:S477N) C22995A(S:T478K) A23013C(S:E484A) T23018G(S:F486V) A23055G(S:Q498R) A23063T(S:N501Y) T23075C(S:Y505H)	907	1028	0.882295719844358	22989	23081
C21618T(S:T19I) (21632,9)(S:DEL25/27) (21764,6)(S:DEL69/70)	513	583	0.8799313893653516	21615	21798
A23403G(S:D614G) C23525T(S:H655Y) T23599G(S:N679K) C23604A(S:P681H)	388	883	0.43941109852774635	23393	23607
G21987A(S:G142D) T22200G(S:V213G)	354	412	0.8592233009708737	21904	22202
A23403G(S:D614G) C23525T(S:H655Y) A23535G(S:N658S) T23599G(S:N679K) C23604A(S:P681H)	343	883	0.3884484711211778	23384	23606
C25000T(S:D1146D)	267	311	0.8585209003215434	24978	25001
A22786C(S:R408S) G22813T(S:K417N) T22882G(S:N440K) T22917G(S:L452R) G22992A(S:S477N) C22995A(S:T478K) A23013C(S:E484A) T23018G(S:F486V)	126	194	0.6494845360824743	22778	23024
A24424T(S:Q954H) T24469A(S:N969K)	96	108	0.8888888888888888	24413	24496
T22200G(S:V213G)	67	494	0.13562753036437247	22199	22243
T24469A(S:N969K) (24590,1)(S:DEL1011) A24592T(S:Q1010S)	60	68	0.8823529411764706	24452	24772
A22786C(S:R408S) G22813T(S:K417N) T22882G(S:N440K) A22893C(S:K444T) T22917G(S:L452R) T22942A(S:N460K) G22992A(S:S477N) C22995A(S:T478K) A23013C(S:E484A) T23018G(S:F486V)	36	194	0.18556701030927836	22778	23024
(21764,6)(S:DEL69/70)	24	614	0.03908794788273615	21749	21900
A23403G(S:D614G)	16	907	0.017640573318632856	23265	23404
G21987A(S:G142D)	15	426	0.035211267605633804	21893	22098
C23525T(S:H655Y) T23599G(S:N679K) C23604A(S:P681H)	11	892	0.01233183856502242	23520	23607
A23013C(S:E484A) T23018G(S:F486V) A23055G(S:Q498R) A23063T(S:N501Y) T23075C(S:Y505H)	11	1042	0.01055662188099808	23012	23294
T23599G(S:N679K) C23604A(S:P681H) C23854A(S:N764K)	10	11	0.9090909090909091	23584	23910
