Covariants	Count	Max_count	Freq	Coverage_start	Coverage_end
C23525T(S:H655Y)	65	168	0.3869047619047619	23507	23525
A23403G(S:D614G)	41	192	0.21354166666666666	23384	23410
C21618T(S:T19I) (21632,9)(S:DEL25/27)	32	52	0.6153846153846154	21605	21664
A23403G(S:D614G) C23525T(S:H655Y)	27	143	0.1888111888111888	23401	23526
A23403G(S:D614G) C23525T(S:H655Y) T23599G(S:N679K) C23604A(S:P681H)	25	37	0.6756756756756757	23402	23607
T25171C(S:L1203L)	22	105	0.20952380952380953	25166	25196
C23525T(S:H655Y) T23599G(S:N679K) C23604A(S:P681H)	19	53	0.3584905660377358	23519	23607
(21764,6)(S:DEL69/70)	16	65	0.24615384615384617	21753	21791
C21618T(S:T19I) (21632,9)(S:DEL25/27) (21764,6)(S:DEL69/70)	12	37	0.32432432432432434	21612	21794
C23525T(S:H655Y) T23599G(S:N679K)	11	73	0.1506849315068493	23463	23601
