Covariants	Count	Max_count	Freq	Coverage_start	Coverage_end
A23403G(S:D614G)	50	138	0.36231884057971014	23402	23403
G21770A(S:V70I)	10	21	0.47619047619047616	21735	21799
