Covariants	Count	Max_count	Freq	Coverage_start	Coverage_end
A23403G(S:D614G)	43	105	0.4095238095238095	23402	23403
G21770A(S:V70I)	11	24	0.4583333333333333	21723	21799
