Covariants	Count	Max_count	Freq	Coverage_start	Coverage_end
T24469A(S:N969K)	961	1090	0.881651376146789	24468	24496
A23403G(S:D614G)	199	472	0.4216101694915254	23401	23403
C23525T(S:H655Y)	154	451	0.34146341463414637	23521	23525
A23403G(S:D614G) C23525T(S:H655Y)	96	254	0.3779527559055118	23401	23525
A23013C(S:E484A) T23018G(S:F486V) A23055G(S:Q498R) A23063T(S:N501Y) T23075C(S:Y505H)	79	207	0.38164251207729466	23011	23081
C23525T(S:H655Y) T23599G(S:N679K) C23604A(S:P681H)	78	141	0.5531914893617021	23524	23606
A23055G(S:Q498R) A23063T(S:N501Y) T23075C(S:Y505H)	76	311	0.24437299035369775	23054	23116
C25000T(S:D1146D)	76	94	0.8085106382978723	24995	25000
T23599G(S:N679K) C23604A(S:P681H)	75	218	0.3440366972477064	23596	23607
G22992A(S:S477N) C22995A(S:T478K) A23013C(S:E484A) T23018G(S:F486V) A23055G(S:Q498R) A23063T(S:N501Y) T23075C(S:Y505H)	65	114	0.5701754385964912	22989	23075
C23854A(S:N764K)	51	70	0.7285714285714285	23824	23854
C21618T(S:T19I) (21632,9)(S:DEL25/27)	50	76	0.6578947368421053	21614	21651
(21764,6)(S:DEL69/70)	49	92	0.532608695652174	21753	21780
A24424T(S:Q954H)	43	150	0.2866666666666667	24375	24424
A24424T(S:Q954H) T24469A(S:N969K)	40	96	0.4166666666666667	24420	24474
A23063T(S:N501Y) T23075C(S:Y505H)	36	347	0.1037463976945245	23060	23141
T23075C(S:Y505H)	32	379	0.08443271767810026	23074	23157
G22992A(S:S477N) C22995A(S:T478K) A23013C(S:E484A) T23018G(S:F486V) A23055G(S:Q498R) A23063T(S:N501Y)	23	130	0.17692307692307693	22989	23067
A23403G(S:D614G) C23525T(S:H655Y) T23599G(S:N679K) C23604A(S:P681H)	23	60	0.38333333333333336	23402	23606
G22992A(S:S477N) C22995A(S:T478K) A23013C(S:E484A) T23018G(S:F486V) A23055G(S:Q498R)	18	133	0.13533834586466165	22978	23058
C21618T(S:T19I) (21632,9)(S:DEL25/27) (21764,6)(S:DEL69/70)	16	28	0.5714285714285714	21605	21780
T23018G(S:F486V) A23055G(S:Q498R) A23063T(S:N501Y) T23075C(S:Y505H)	15	223	0.06726457399103139	23017	23091
T23599G(S:N679K) C23604A(S:P681H) C23854A(S:N764K)	15	16	0.9375	23592	23854
A23403G(S:D614G) T23599G(S:N679K) C23604A(S:P681H)	15	60	0.25	23400	23607
C23525T(S:H655Y) T23599G(S:N679K)	12	163	0.0736196319018405	23516	23599
T22882G(S:N440K) T22917G(S:L452R)	11	58	0.1896551724137931	22881	22925
