Covariants	Count	Max_count	Freq	Coverage_start	Coverage_end
C22674T(S:S371F) T22679C(S:S373P) C22686T(S:S375F) A22688G(S:T376A) G22775A(S:D405N)	154	158	0.9746835443037974	22589	22781
(21764,6)(S:DEL69/70)	77	84	0.9166666666666666	21674	21817
(25422,1)(ORF3a:DEL11)	69	314	0.2197452229299363	25377	25518
A24424T(S:Q954H) T24469A(S:N969K)	55	61	0.9016393442622951	24388	24537
C23525T(S:H655Y) G23562A	54	89	0.6067415730337079	23411	23562
T22882G(S:N440K) A22893C(S:K444T) T22917G(S:L452R) T22942A(S:N460K) G22992A(S:S477N) C22995A(S:T478K) A23013C(S:E484A) T23018G(S:F486V) A23055G(S:Q498R) A23063T(S:N501Y) T23075C(S:Y505H)	43	122	0.3524590163934426	22850	23097
C23854A(S:N764K)	37	45	0.8222222222222222	23690	23910
T22200G(S:V213G)	27	33	0.8181818181818182	22129	22229
T22882G(S:N440K) T22917G(S:L452R) G22992A(S:S477N) C22995A(S:T478K) A23013C(S:E484A) T23018G(S:F486V) A23055G(S:Q498R) A23063T(S:N501Y) T23075C(S:Y505H)	27	122	0.22131147540983606	22850	23097
A23403G(S:D614G) C23525T(S:H655Y)	24	42	0.5714285714285714	23325	23561
T22882G(S:N440K) T22917G(S:L452R) G22992A(S:S477N) C22995A(S:T478K) G23012T(S:E484S) A23013C(S:E484S) T23018G(S:F486V) A23055G(S:Q498R) A23063T(S:N501Y) T23075C(S:Y505H)	21	122	0.1721311475409836	22850	23097
G21987A(S:G142D) T22099A(S:L179L)	17	17	1.0	21949	22099
T22882G(S:N440K) A22893C(S:K444T) T22917G(S:L452R) T22942A(S:N460K) G22992A(S:S477N) C22995A(S:T478K) A23013C(S:E484A) T23018G(S:F486V) (23034,'T')(S:INS492) A23055G(S:Q498R) A23063T(S:N501Y) T23075C(S:Y505H)	14	122	0.11475409836065574	22850	23097
C23525T(S:H655Y)	14	131	0.10687022900763359	23459	23526
C25000T(S:D1146D)	13	26	0.5	24926	25076
C23525T(S:H655Y) T23599G(S:N679K) C23604A(S:P681H)	11	33	0.3333333333333333	23427	23664
A23403G(S:D614G) C23525T(S:H655Y) T23599G(S:N679K) C23604A(S:P681H)	11	12	0.9166666666666666	23334	23664
G22992A(S:S477N) C22995A(S:T478K) A23013C(S:E484A) T23018G(S:F486V) A23055G(S:Q498R) A23063T(S:N501Y) T23075C(S:Y505H)	10	136	0.07352941176470588	22978	23097
