Covariants	Count	Max_count	Freq	Coverage_start	Coverage_end
C22674T(S:S371F) T22679C(S:S373P) C22686T(S:S375F) A22688G(S:T376A) G22775A(S:D405N)	136	154	0.8831168831168831	22658	22781
(21764,6)(S:DEL69/70)	109	138	0.7898550724637681	21689	21792
C25000T(S:D1146D)	60	83	0.7228915662650602	24926	25076
T22200G(S:V213G)	58	63	0.9206349206349206	22129	22243
C23854A(S:N764K)	51	55	0.9272727272727272	23690	23910
C23525T(S:H655Y) G23562A	44	73	0.6027397260273972	23411	23562
C25350T(S:P1263L)	40	182	0.21978021978021978	25306	25434
A23403G(S:D614G)	39	69	0.5652173913043478	23325	23468
G21987A(S:G142D) T22099A(S:L179L)	37	40	0.925	21949	22099
T23385A	34	107	0.3177570093457944	23250	23385
A24424T(S:Q954H) T24469A(S:N969K)	27	35	0.7714285714285715	24388	24537
C23525T(S:H655Y)	23	105	0.21904761904761905	23438	23561
G21987A(S:G142D)	21	63	0.3333333333333333	21949	22010
C21618T(S:T19I) (21632,9)(S:DEL25/27)	19	22	0.8636363636363636	21576	21725
T22882G(S:N440K) T22917G(S:L452R) G22992A(S:S477N) C22995A(S:T478K) A23013C(S:E484A) T23018G(S:F486V) A23055G(S:Q498R) A23063T(S:N501Y) T23075C(S:Y505H)	17	63	0.2698412698412698	22850	23097
G22992A(S:S477N) C22995A(S:T478K) A23013C(S:E484A) T23018G(S:F486V) A23055G(S:Q498R) A23063T(S:N501Y) T23075C(S:Y505H)	16	81	0.19753086419753085	22978	23097
T22882G(S:N440K) T22917G(S:L452R) T22942G(S:N460K) G22992A(S:S477N) C22995A(S:T478K) A23013C(S:E484A) T23018G(S:F486V) A23055G(S:Q498R) A23063T(S:N501Y) T23075C(S:Y505H)	11	63	0.1746031746031746	22850	23097
T22882G(S:N440K) G22898A(S:G446S) T22917G(S:L452R) G22992A(S:S477N) C22995A(S:T478K) A23013C(S:E484A) T23018G(S:F486V) A23055G(S:Q498R) A23063T(S:N501Y) T23075C(S:Y505H)	11	63	0.1746031746031746	22850	23097
T22882G(S:N440K) A22893C(S:K444T) T22917G(S:L452R) T22942A(S:N460K) G22992A(S:S477N) C22995A(S:T478K) A23013C(S:E484A) T23018G(S:F486V) A23055G(S:Q498R) A23063T(S:N501Y) T23075C(S:Y505H)	10	63	0.15873015873015872	22850	23097
