Covariants	Count	Max_count	Freq	Coverage_start	Coverage_end
G21604T(S:Q14H) C21618T(S:T19I) (21632,9)(S:DEL25/27)	48	55	0.8727272727272727	21591	21654
G21604T(S:Q14H) C21618T(S:T19I)	13	69	0.18840579710144928	21517	21622
T22200G(S:V213G)	11	12	0.9166666666666666	22161	22214
G21604T(S:Q14H)	10	79	0.12658227848101267	21517	21606
G22992A(S:S477N) C22995A(S:T478K) A23013C(S:E484A) A23040G(S:Q493R) A23055G(S:Q498R) A23063T(S:N501Y) T23075C(S:Y505H)	10	11	0.9090909090909091	22988	23075
