Covariants	Count	Max_count	Freq	Coverage_start	Coverage_end
C21618T(S:T19I) (21632,9)(S:DEL25/27)	2102	2870	0.732404181184669	21589	21646
G22992A(S:S477N) C22995A(S:T478K) A23013C(S:E484A) T23018G(S:F486V) A23055G(S:Q498R) A23063T(S:N501Y) T23075C(S:Y505H)	770	865	0.8901734104046243	22987	23085
A24424T(S:Q954H) T24469A(S:N969K)	541	606	0.8927392739273927	24392	24541
(21520,1)(ORF1b:DEL2686) C21618T(S:T19I) (21632,9)(S:DEL25/27)	366	1913	0.1913225300575013	21520	21671
C25000T(S:D1146D)	349	389	0.897172236503856	24899	25000
A23403G(S:D614G) C23525T(S:H655Y) T23599G(S:N679K) C23604A(S:P681H)	263	427	0.6159250585480094	23390	23604
C21575T(S:L5F) C21618T(S:T19I) (21632,9)(S:DEL25/27)	242	2863	0.08452672022354174	21559	21671
C25416T(ORF3a:F8F)	176	807	0.218091697645601	25357	25444
C23280T(S:T573I) A23403G(S:D614G) C23525T(S:H655Y) T23599G(S:N679K) C23604A(S:P681H)	105	404	0.2599009900990099	23270	23607
A25381T(S:T1273T)	77	814	0.0945945945945946	25256	25406
G25563T(ORF3a:Q57H)	46	550	0.08363636363636363	25357	25563
T24469A(S:N969K)	33	636	0.05188679245283019	24459	24541
C25584T(ORF3a:T64T)	26	47	0.5531914893617021	25383	25584
A22786C(S:R408S) G22813T(S:K417N) T22882G(S:N440K) A22893C(S:K444T) G22898A(S:G446S) T22917G(S:L452R) T22942G(S:N460K) G22992A(S:S477N) C22995A(S:T478K) A23013C(S:E484A) T23019C(S:F486S)	19	47	0.40425531914893614	22778	23024
G21987A(S:G142D) T22200G(S:V213G)	17	52	0.3269230769230769	21893	22243
G21987A(S:G142D) A22023T(S:E154V) T22200G(S:V213G)	13	52	0.25	21893	22243
C21618T(S:T19I) (21632,9)(S:DEL25/27) (21633,9)(S:DEL25/27)	13	2870	0.004529616724738676	21565	21671
A22786C(S:R408S) G22813T(S:K417N) T22882G(S:N440K) T22917G(S:L452R) G22992A(S:S477N) C22995A(S:T478K) A23013C(S:E484A) T23018G(S:F486V)	12	47	0.2553191489361702	22778	23024
T23599G(S:N679K) C23604A(S:P681H) C23854A(S:N764K)	12	21	0.5714285714285714	23579	23910
C25416T(ORF3a:F8F) C25584T(ORF3a:T64T)	10	47	0.2127659574468085	25367	25584
