Covariants	Count	Max_count	Freq	Coverage_start	Coverage_end
A23403G(S:D614G)	91	191	0.47643979057591623	23379	23405
C23179A	13	351	0.037037037037037035	23167	23208
