Covariants	Count	Max_count	Freq	Coverage_start	Coverage_end
A23403G(S:D614G)	26	132	0.19696969696969696	23402	23404
C21721T(S:D53D)	15	42	0.35714285714285715	21716	21746
