Covariants	Count	Max_count	Freq	Coverage_start	Coverage_end
C22674T(S:S371F) T22679C(S:S373P) C22686T(S:S375F) A22688G(S:T376A) G22775A(S:D405N)	114	128	0.890625	22658	22781
(21764,6)(S:DEL69/70)	75	80	0.9375	21696	21817
C25000T(S:D1146D)	34	37	0.918918918918919	24926	25076
T22200G(S:V213G)	29	29	1.0	22129	22243
G21987A(S:G142D) T22099A(S:L179L)	26	29	0.896551724137931	21949	22099
T22882G(S:N440K) A22893C(S:K444T) T22917G(S:L452R) T22942A(S:N460K) G22992A(S:S477N) C22995A(S:T478K) A23013C(S:E484A) T23018G(S:F486V) A23055G(S:Q498R) A23063T(S:N501Y) T23075C(S:Y505H)	22	30	0.7333333333333333	22850	23097
A24424T(S:Q954H) T24469A(S:N969K)	22	32	0.6875	24388	24621
C23525T(S:H655Y)	21	83	0.25301204819277107	23411	23561
C23854A(S:N764K)	20	22	0.9090909090909091	23690	23910
A23403G(S:D614G)	19	48	0.3958333333333333	23325	23467
C22674T(S:S371F) T22679C(S:S373P) C22686T(S:S375F) A22688G(S:T376A)	17	146	0.11643835616438356	22589	22736
C23525T(S:H655Y) G23562A	13	40	0.325	23411	23562
G22992A(S:S477N) C22995A(S:T478K) A23013C(S:E484A) T23018G(S:F486V) A23055G(S:Q498R) A23063T(S:N501Y) T23075C(S:Y505H)	12	45	0.26666666666666666	22978	23097
A23403G(S:D614G) C23525T(S:H655Y)	12	30	0.4	23325	23561
T23385A	10	59	0.1694915254237288	23250	23385
A23403G(S:D614G) C23525T(S:H655Y) T23599G(S:N679K) C23604A(S:P681H)	10	16	0.625	23325	23664
