Covariants	Count	Max_count	Freq	Coverage_start	Coverage_end
A23403G(S:D614G)	678	1327	0.5109269027882442	23401	23403
T24469A(S:N969K)	446	703	0.6344238975817923	24468	24522
A23403G(S:D614G) C23525T(S:H655Y)	417	616	0.676948051948052	23402	23525
C23525T(S:H655Y)	240	1115	0.21524663677130046	23517	23525
C23525T(S:H655Y) T23599G(S:N679K) C23604A(S:P681H)	218	352	0.6193181818181818	23524	23605
C21618T(S:T19I) (21632,9)(S:DEL25/27)	187	199	0.9396984924623115	21613	21654
C25000T(S:D1146D)	161	167	0.9640718562874252	24991	25000
A24424T(S:Q954H) T24469A(S:N969K)	158	238	0.6638655462184874	24420	24470
A23403G(S:D614G) C23525T(S:H655Y) T23599G(S:N679K) C23604A(S:P681H)	111	128	0.8671875	23401	23606
A24424T(S:Q954H)	73	369	0.1978319783197832	24383	24424
C25378T(S:Y1272Y)	65	171	0.38011695906432746	25357	25380
C24378T(S:S939F) A24424T(S:Q954H) T24469A(S:N969K)	41	182	0.22527472527472528	24375	24486
G23948T(S:D796Y)	41	50	0.82	23941	23965
C23525T(S:H655Y) T23599G(S:N679K)	38	429	0.08857808857808858	23514	23601
C24378T(S:S939F) A24424T(S:Q954H)	36	312	0.11538461538461539	24373	24424
A23403G(S:D614G) C23525T(S:H655Y) T23599G(S:N679K)	36	169	0.21301775147928995	23401	23599
C24198T(S:A879V)	30	212	0.14150943396226415	24148	24199
C24378T(S:S939F)	27	395	0.06835443037974684	24339	24381
C25433T(ORF3a:T14I)	25	65	0.38461538461538464	25372	25434
G22992A(S:S477N) C22995A(S:T478K) A23013C(S:E484A) A23040G(S:Q493R) A23055G(S:Q498R) A23063T(S:N501Y) T23075C(S:Y505H)	22	27	0.8148148148148148	22988	23082
A24400G(S:G946G) A24424T(S:Q954H)	16	326	0.049079754601226995	24339	24428
A24400G(S:G946G) A24424T(S:Q954H) T24469A(S:N969K)	16	195	0.08205128205128205	24392	24481
T23599G(S:N679K) C23604A(S:P681H)	14	365	0.038356164383561646	23579	23607
C21618T(S:T19I)	13	212	0.06132075471698113	21514	21621
A23040G(S:Q493R) A23055G(S:Q498R) A23063T(S:N501Y) T23075C(S:Y505H)	12	56	0.21428571428571427	23032	23149
A23013C(S:E484A) A23040G(S:Q493R) A23055G(S:Q498R) A23063T(S:N501Y) T23075C(S:Y505H)	11	38	0.2894736842105263	23006	23116
A21768C(S:H69P)	11	208	0.052884615384615384	21685	21775
