Covariants	Count	Max_count	Freq	Coverage_start	Coverage_end
A23403G(S:D614G)	27	77	0.35064935064935066	23402	23404
C21721T(S:D53D)	14	49	0.2857142857142857	21717	21746
