Covariants	Count	Max_count	Freq	Coverage_start	Coverage_end
T21810C(S:V83A)	107	247	0.4331983805668016	21809	21824
C21618T(S:T19I) (21632,9)(S:DEL25/27)	69	150	0.46	21613	21671
C21618T(S:T19I) (21632,9)(S:DEL25/27) T21810C(S:V83A)	56	94	0.5957446808510638	21613	21812
C23854A(S:N764K)	30	39	0.7692307692307693	23781	23854
A23403G(S:D614G)	26	38	0.6842105263157895	23357	23403
G21718T(S:Q52H)	18	256	0.0703125	21705	21746
C21618T(S:T19I) (21632,9)(S:DEL25/27) G21718T(S:Q52H)	12	145	0.08275862068965517	21612	21722
T23599G(S:N679K) C23604A(S:P681H)	11	23	0.4782608695652174	23592	23677
C25000T(S:D1146D)	11	15	0.7333333333333333	24960	25000
