Covariants	Count	Max_count	Freq	Coverage_start	Coverage_end
A23403G(S:D614G)	47	128	0.3671875	23402	23404
G21770A(S:V70I)	12	41	0.2926829268292683	21735	21799
