Covariants	Count	Max_count	Freq	Coverage_start	Coverage_end
C21618T(S:T19I) (21632,9)(S:DEL25/27)	284	371	0.7654986522911051	21615	21652
(21764,6)(S:DEL69/70)	175	335	0.5223880597014925	21755	21780
C21618T(S:T19I) (21632,9)(S:DEL25/27) (21764,6)(S:DEL69/70)	63	115	0.5478260869565217	21613	21780
A23055G(S:Q498R) A23063T(S:N501Y) T23075C(S:Y505H)	43	110	0.39090909090909093	23054	23116
A23013C(S:E484A) T23018G(S:F486V) A23055G(S:Q498R) A23063T(S:N501Y) T23075C(S:Y505H)	27	61	0.4426229508196721	23011	23081
G22992A(S:S477N) C22995A(S:T478K) A23013C(S:E484A) T23018G(S:F486V) A23055G(S:Q498R) A23063T(S:N501Y) T23075C(S:Y505H)	20	30	0.6666666666666666	22988	23075
T23075C(S:Y505H)	16	142	0.11267605633802817	23074	23150
C21618T(S:T19I)	15	386	0.038860103626943004	21538	21622
(21632,9)(S:DEL25/27)	13	373	0.03485254691689008	21620	21654
A23063T(S:N501Y) T23075C(S:Y505H)	13	124	0.10483870967741936	23060	23152
