Covariants	Count	Max_count	Freq	Coverage_start	Coverage_end
A23403G(S:D614G)	52	152	0.34210526315789475	23402	23404
G21770A(S:V70I)	18	70	0.2571428571428571	21735	21799
