Covariants	Count	Max_count	Freq	Coverage_start	Coverage_end
C21618T(S:T19I) (21632,9)(S:DEL25/27)	36190	43453	0.8328538881089913	21616	21650
C25416T(ORF3a:F8F)	32542	33172	0.9810080791028578	25385	25437
T24469A(S:N969K)	15979	26253	0.6086542490382052	24461	24469
C25000T(S:D1146D)	13880	17185	0.8076811172534187	24999	25000
A24424T(S:Q954H)	11735	37282	0.3147631564830213	24420	24424
A24424T(S:Q954H) T24469A(S:N969K)	9467	24965	0.3792108952533547	24423	24469
C21721T(S:D53D)	7985	23866	0.3345763848152183	21719	21721
C21618T(S:T19I)	7009	50828	0.13789643503580704	21548	21618
C21618T(S:T19I) (21632,9)(S:DEL25/27) C21721T(S:D53D)	5985	15354	0.3898007033997655	21617	21721
(21632,9)(S:DEL25/27) C21721T(S:D53D)	438	15491	0.02827448195726551	21620	21721
(21632,9)(S:DEL25/27)	252	43590	0.0057811424638678595	21620	21645
C21618T(S:T19I) T21633C(S:L24S)	214	43676	0.004899716091217144	21534	21633
A25358G(S:K1266E) C25416T(ORF3a:F8F)	61	26646	0.0022892741874953088	25357	25440
T24460C(S:L966L) T24469A(S:N969K)	50	26220	0.0019069412662090007	24456	24522
T24414C(S:V951A) A24424T(S:Q954H)	36	36687	0.0009812740207703	24307	24424
A24424T(S:Q954H) T24459A	32	26082	0.0012268997776244152	24361	24459
T24469A(S:N969K) G24526A(S:E988E)	29	18814	0.0015414053364515787	24455	24540
A24424T(S:Q954H) T24460C(S:L966L) T24469A(S:N969K)	22	24965	0.0008812337272181053	24417	24471
A24778G C25000T(S:D1146D)	15	4012	0.0037387836490528413	24776	25006
C21618T(S:T19I) (21631,9)(S:DEL24/26)	15	43453	0.00034520056152624677	21598	21657
C21587T(S:P9S) C21618T(S:T19I) (21632,9)(S:DEL25/27)	15	34216	0.00043839139583820433	21577	21662
C25416T(ORF3a:F8F) T25428C(ORF3a:T12T)	14	33172	0.0004220426866031593	25366	25440
T24414C(S:V951A) A24424T(S:Q954H) T24469A(S:N969K)	13	24370	0.0005334427574887156	24383	24486
A25372G(S:L1270L) C25416T(ORF3a:F8F)	13	30852	0.0004213665240503047	25371	25442
G24357A(S:G932D) T24469A(S:N969K)	12	22403	0.0005356425478730527	24339	24528
C21618T(S:T19I) (21632,9)(S:DEL25/27) T21671C(S:Y37H)	11	38815	0.0002833955944866675	21606	21671
G21641T(S:A27S) C21721T(S:D53D)	10	17871	0.0005595657769570813	21640	21732
