Covariants	Count	Max_count	Freq	Coverage_start	Coverage_end
G23948T(S:D796Y)	16	40	0.4	23880	23961
(25100,1)(S:DEL1181)	16	141	0.11347517730496454	25080	25160
T24469A(S:N969K)	15	18	0.8333333333333334	24452	24536
A25335C(S:E1258A) A25336T(S:E1258A) G25337T(S:D1259S) A25338C(S:D1259S) C25339A(S:D1259S) A25341T(S:D1260V) C25342T(S:D1260V) T25343G(S:S1261V) C25344T(S:S1261V) T25345A(S:S1261V) G25346A(S:E1262N) G25348C(S:E1262N) C25349A(S:P1263I) C25350T(S:P1263I) A25351T(S:P1263I) G25352C(S:V1264Q) T25353A(S:V1264Q) G25354A(S:V1264Q) C25355A(S:L1265K) T25356A(S:L1265K) C25357A(S:L1265K) A25358G(S:K1266E) G25361A(S:G1267I) G25362T(S:G1267I) A25363T(S:G1267I) T25365A(S:V1268D) A25367C(S:K1269R) A25368G(S:K1269R) A25369C(S:K1269R) T25370C(S:L1270L) A25372C(S:L1270L) C25373A(S:H1271N) T25376G(S:Y1272E) C25378G(S:Y1272E) A25379G(S:T1273V) C25380T(S:T1273V) A25381T(S:T1273V) T25382G(S:*1274A) A25383C(S:*1274A) A25384C(S:*1274A) C25386A C25390T T25394A(ORF3a:M1K) G25395A(ORF3a:M1K) G25396T(ORF3a:D2*) A25397G(ORF3a:D2*) T25398A(ORF3a:D2*) T25399A(ORF3a:L3I) G25401C(ORF3a:L3I) T25403C(ORF3a:F4S) A25405C(ORF3a:M5H) T25406A(ORF3a:M5H) G25407T(ORF3a:M5H) A25408C(ORF3a:R6R) A25411T(ORF3a:I7S) T25412C(ORF3a:I7S) C25413T(ORF3a:I7S) T25414C(ORF3a:F8P) T25415C(ORF3a:F8P) C25416A(ORF3a:F8P) C25418G(ORF3a:T9R) T25421C(ORF3a:I10T) G25423T(ORF3a:G11W) A25425G(ORF3a:G11W) C25427A(ORF3a:T12K) T25428A(ORF3a:T12K)	12	256	0.046875	25332	25428
A25347C(S:E1262A) G25348T(S:E1262A) C25349T(S:P1263S) G25354T(S:V1264V) C25355G(S:L1265V) C25357A(S:L1265V) A25360C(S:K1266N) G25361A(S:G1267I) G25362T(S:G1267I) A25363T(S:G1267I) G25364C(S:V1268Q) T25365A(S:V1268Q) C25366A(S:V1268Q) T25370G(S:L1270E) T25371A(S:L1270E) C25373A(S:H1271I) A25374T(S:H1271I) T25376G(S:Y1272D) A25379C(S:T1273R) C25380G(S:T1273R) A25381C(S:T1273R) T25382C(S:*1274L) A25383T(S:*1274L) A25384C(S:*1274L) C25386A G25387T A25388G C25390G T25391G A25393T(ORF3a:M1C) T25394G(ORF3a:M1C) G25395C(ORF3a:M1C) G25396C(ORF3a:D2Q) T25398A(ORF3a:D2Q) T25399G(ORF3a:L3E) T25400A(ORF3a:L3E) G25401A(ORF3a:L3E) T25406A(ORF3a:M5K) G25407A(ORF3a:M5K) A25408T(ORF3a:R6*) T25415C(ORF3a:F8S) C25416T(ORF3a:F8S) A25417C(ORF3a:T9H) C25418A(ORF3a:T9H) A25419T(ORF3a:T9H) A25420C(ORF3a:I10R) T25421G(ORF3a:I10R) T25422A(ORF3a:I10R) G25423T(ORF3a:G11S) G25424C(ORF3a:G11S) A25425T(ORF3a:G11S) A25426C(ORF3a:T12P) T25428A(ORF3a:T12P) G25429A(ORF3a:V13R) T25430G(ORF3a:V13R)	11	301	0.036544850498338874	25344	25430
