Covariants	Count	Max_count	Freq	Coverage_start	Coverage_end
A23403G(S:D614G)	39	102	0.38235294117647056	23402	23404
C21721T(S:D53D)	15	109	0.13761467889908258	21719	21721
