Covariants	Count	Max_count	Freq	Coverage_start	Coverage_end
A23403G(S:D614G)	27	88	0.3068181818181818	23402	23404
C21721T(S:D53D)	12	49	0.24489795918367346	21719	21744
