Covariants	Count	Max_count	Freq	Coverage_start	Coverage_end
A23403G(S:D614G)	55	142	0.3873239436619718	23402	23403
G21770A(S:V70I)	17	52	0.3269230769230769	21735	21799
G24620T(S:A1020S)	11	356	0.03089887640449438	24594	24622
