Covariants	Count	Max_count	Freq	Coverage_start	Coverage_end
A23403G(S:D614G)	53	162	0.3271604938271605	23402	23404
G21770A(S:V70I)	12	38	0.3157894736842105	21735	21799
