Covariants	Count	Max_count	Freq	Coverage_start	Coverage_end
A23403G(S:D614G)	36	106	0.33962264150943394	23402	23404
C21721T(S:D53D)	14	109	0.12844036697247707	21718	21746
