Covariants	Count	Max_count	Freq	Coverage_start	Coverage_end
C25416T(ORF3a:F8F)	135	310	0.43548387096774194	25377	25434
G22317T(S:G252V)	87	309	0.2815533980582524	22298	22347
A24424T(S:Q954H) T24469A(S:N969K)	86	103	0.8349514563106796	24388	24537
C22674T(S:S371F) T22679C(S:S373P) C22686T(S:S375F) A22688G(S:T376A) G22775A(S:D405N)	85	110	0.7727272727272727	22658	22781
C25000T(S:D1146D)	51	57	0.8947368421052632	24926	25076
T22200G(S:V213G)	49	68	0.7205882352941176	22129	22243
G21987A(S:G142D) T22099A(S:L179L)	30	31	0.967741935483871	21949	22099
C25513T(ORF3a:L41F)	28	261	0.10727969348659004	25377	25527
C22314T(S:P251L)	23	309	0.0744336569579288	22207	22347
(21764,6)(S:DEL69/70)	22	53	0.41509433962264153	21674	21817
C23854A(S:N764K)	20	29	0.6896551724137931	23690	23910
A23403G(S:D614G) C23525T(S:H655Y)	18	87	0.20689655172413793	23325	23561
A23403G(S:D614G) C23525T(S:H655Y) T23599G(S:N679K) C23604A(S:P681H)	18	51	0.35294117647058826	23326	23664
A23403G(S:D614G)	18	115	0.1565217391304348	23325	23439
T21810C(S:V83A)	17	57	0.2982456140350877	21765	21900
G21987A(S:G142D)	16	64	0.25	21949	22098
A24673G(S:S1037S)	15	142	0.1056338028169014	24572	24720
A23403G(S:D614G) G23417C(S:E619Q) C23525T(S:H655Y) T23599G(S:N679K) C23604A(S:P681H)	14	51	0.27450980392156865	23325	23664
G21987A(S:G142D) (21990,3)(S:DEL144) (21998,'A')(S:INS147) C22000A(S:H146K)	13	64	0.203125	21949	22098
C22664A(S:L368I) C22674T(S:S371F) T22679C(S:S373P) C22686T(S:S375F) A22688G(S:T376A) G22775A(S:D405N)	12	109	0.11009174311926606	22589	22781
T22882G(S:N440K) G22895C(S:V445P) T22896C(S:V445P) G22898A(S:G446S) T22942G(S:N460K) G22992A(S:S477N) C22995A(S:T478K) A23013C(S:E484A) T23018C(S:F486P) T23019C(S:F486P) T23031C(S:F490S) A23055G(S:Q498R) A23063T(S:N501Y) T23075C(S:Y505H)	11	27	0.4074074074074074	22850	23097
A23403G(S:D614G) G23417C(S:E619Q) C23496T(S:T645I) C23525T(S:H655Y)	10	87	0.11494252873563218	23325	23561
G23948T(S:D796Y)	10	17	0.5882352941176471	23880	24003
