Covariants	Count	Max_count	Freq	Coverage_start	Coverage_end
C25000T(S:D1146D)	1578	1990	0.792964824120603	24971	25000
G21987A	49	63	0.7777777777777778	21986	22029
A23403G(S:D614G)	23	774	0.029715762273901807	23380	23403
