Covariants	Count	Max_count	Freq	Coverage_start	Coverage_end
A23403G(S:D614G)	46	124	0.3709677419354839	23402	23404
C21721T(S:D53D)	12	103	0.11650485436893204	21719	21746
