Covariants	Count	Max_count	Freq	Coverage_start	Coverage_end
A23403G(S:D614G)	41	124	0.33064516129032256	23378	23403
G21770A(S:V70I)	11	37	0.2972972972972973	21735	21799
