Covariants	Count	Max_count	Freq	Coverage_start	Coverage_end
T23599G(S:N679K) C23604A(S:P681H) C23644G C23854A(S:N764K)	2946	6288	0.4685114503816794	23587	23910
T23599G(S:N679K) C23604A(S:P681H) C23854A(S:N764K)	2828	6288	0.44974554707379133	23597	23854
C23854A(S:N764K)	101	6460	0.01563467492260062	23825	23910
C23644G C23854A(S:N764K)	64	6395	0.010007818608287724	23643	23910
T23599G(S:N679K) C23604A(S:P681H)	49	6333	0.007737249328912048	23579	23660
T23599G(S:N679K) C23604A(S:P681H) C23854A(S:N764K) G23867C	19	6124	0.0031025473546701502	23579	23867
T23599G(S:N679K) C23604A(S:P681H) C23643G C23854A(S:N764K)	19	6288	0.0030216284987277355	23579	23910
T23599G(S:N679K) C23604A(S:P681H) C23644G C23854A(S:N764K) G23867C	18	6124	0.002939255388634879	23579	23910
T23599G(S:N679K) C23604A(S:P681H) C23644G A23723C(S:S721R) C23854A(S:N764K)	11	6288	0.0017493638676844784	23579	23910
T23599G(S:N679K) C23604A(S:P681H) C23644G A23767G(S:S735S) C23854A(S:N764K)	11	6288	0.0017493638676844784	23579	23910
T23599G(S:N679K) C23604A(S:P681H) C23644G A23760G(S:K733R) C23854A(S:N764K)	10	6288	0.0015903307888040711	23579	23910
