Covariants	Count	Max_count	Freq	Coverage_start	Coverage_end
T22882G(S:N440K) A22893C(S:K444T) T22917G(S:L452R) T22942A(S:N460K) G22992A(S:S477N) C22995A(S:T478K) A23013C(S:E484A) T23018G(S:F486V) A23055G(S:Q498R) A23063T(S:N501Y) T23075C(S:Y505H)	33	50	0.66	22850	23097
A23403G(S:D614G) C23525T(S:H655Y)	31	66	0.4696969696969697	23325	23561
C22674T(S:S371F) T22679C(S:S373P) C22686T(S:S375F) A22688G(S:T376A) G22775A(S:D405N)	26	28	0.9285714285714286	22589	22781
A23403G(S:D614G) C23525T(S:H655Y) T23599G(S:N679K) C23604A(S:P681H)	23	28	0.8214285714285714	23325	23664
A23403G(S:D614G)	22	88	0.25	23372	23468
T23599G(S:N679K) C23604A(S:P681H)	20	51	0.39215686274509803	23514	23664
C23525T(S:H655Y) G23562A	16	67	0.23880597014925373	23411	23562
A24424T(S:Q954H) T24469A(S:N969K)	16	23	0.6956521739130435	24388	24537
T22882G(S:N440K) A22893C(S:K444T) T22917G(S:L452R) G22992A(S:S477N) C22995A(S:T478K) A23013C(S:E484A) T23018G(S:F486V) A23055G(S:Q498R) A23063T(S:N501Y) T23075C(S:Y505H)	12	50	0.24	22850	23097
C25000T(S:D1146D)	12	12	1.0	24926	25076
(21764,6)(S:DEL69/70)	10	16	0.625	21674	21817
