Covariants	Count	Max_count	Freq	Coverage_start	Coverage_end
A23403G(S:D614G)	81	235	0.3446808510638298	23402	23404
G21770A(S:V70I)	13	41	0.3170731707317073	21735	21799
