Covariants	Count	Max_count	Freq	Coverage_start	Coverage_end
A23403G(S:D614G)	182	502	0.36254980079681276	23402	23405
C23179A	10	458	0.021834061135371178	23166	23208
