Covariants	Count	Max_count	Freq	Coverage_start	Coverage_end
A23403G(S:D614G)	48	155	0.3096774193548387	23402	23404
C21721T(S:D53D)	30	102	0.29411764705882354	21719	21721
