Covariants	Count	Max_count	Freq	Coverage_start	Coverage_end
A23403G(S:D614G)	47	142	0.33098591549295775	23402	23404
G21770A(S:V70I)	11	23	0.4782608695652174	21735	21799
