Covariants	Count	Max_count	Freq	Coverage_start	Coverage_end
A23403G(S:D614G)	115	314	0.3662420382165605	23402	23406
C23179A	14	410	0.03414634146341464	23167	23208
