Covariants	Count	Max_count	Freq	Coverage_start	Coverage_end
A23403G(S:D614G)	50	127	0.3937007874015748	23402	23403
C21721T(S:D53D)	20	88	0.22727272727272727	21719	21746
