Covariants	Count	Max_count	Freq	Coverage_start	Coverage_end
A23403G(S:D614G)	77	193	0.39896373056994816	23402	23404
G21770A(S:V70I)	18	53	0.33962264150943394	21735	21799
