Covariants	Count	Max_count	Freq	Coverage_start	Coverage_end
A23403G(S:D614G)	65	207	0.3140096618357488	23402	23403
G21770A(S:V70I)	11	49	0.22448979591836735	21726	21799
