Covariants	Count	Max_count	Freq	Coverage_start	Coverage_end
C22033A(S:F157L)	16	85	0.18823529411764706	22029	22067
C22109G(S:Q183E)	14	24	0.5833333333333334	22066	22113
