Covariants	Count	Max_count	Freq	Coverage_start	Coverage_end
(21764,6)(S:DEL69/70)	186	241	0.7717842323651453	21674	21817
C22674T(S:S371F) T22679C(S:S373P) C22686T(S:S375F) A22688G(S:T376A) G22775A(S:D405N)	86	116	0.7413793103448276	22589	22781
A23403G(S:D614G) C23525T(S:H655Y)	54	78	0.6923076923076923	23325	23561
C25000T(S:D1146D)	47	82	0.573170731707317	24926	25076
C23525T(S:H655Y) G23562A	40	66	0.6060606060606061	23411	23562
C23854A(S:N764K)	34	36	0.9444444444444444	23690	23910
T22882G(S:N440K) A22893C(S:K444T) T22917G(S:L452R) T22942A(S:N460K) G22992A(S:S477N) C22995A(S:T478K) A23013C(S:E484A) T23018G(S:F486V) A23055G(S:Q498R) A23063T(S:N501Y) T23075C(S:Y505H)	34	89	0.38202247191011235	22851	23097
A24424T(S:Q954H) T24469A(S:N969K)	33	48	0.6875	24388	24621
T22200G(S:V213G)	28	47	0.5957446808510638	22129	22243
(21682,1)(S:DEL41) (21764,6)(S:DEL69/70)	27	240	0.1125	21674	21817
G22317T(S:G252V)	22	187	0.11764705882352941	22207	22347
T22882G(S:N440K) T22917G(S:L452R) G22992A(S:S477N) C22995A(S:T478K) A23013C(S:E484A) T23018G(S:F486V) A23055G(S:Q498R) A23063T(S:N501Y) T23075C(S:Y505H)	19	89	0.21348314606741572	22850	23097
T23385A	17	104	0.16346153846153846	23250	23385
C22674T(S:S371F) T22679C(S:S373P) C22686T(S:S375F) A22688G(S:T376A)	15	135	0.1111111111111111	22620	22736
C22674T(S:S371F) T22679C(S:S373P) C22686T(S:S375F) A22688G(S:T376A) A22701T(S:Y380F) G22703C(S:G381R) G22775A(S:D405N)	14	116	0.1206896551724138	22589	22781
C25000T(S:D1146D) A25050G(S:D1163G)	14	82	0.17073170731707318	24926	25076
(25506,1)(ORF3a:DEL39)	14	308	0.045454545454545456	25306	25518
C23601T T23752A(S:S730S)	13	22	0.5909090909090909	23600	23752
(25351,1)(S:DEL1264)	13	219	0.0593607305936073	25306	25518
(21764,6)(S:DEL69/70) C21807T(S:P82L)	12	241	0.04979253112033195	21674	21900
A23403G(S:D614G) C23525T(S:H655Y) T23599G(S:N679K) C23604A(S:P681H)	11	14	0.7857142857142857	23325	23664
T22882G(S:N440K) A22893T(S:K444M) T22917G(S:L452R) T22942A(S:N460K) G22992A(S:S477N) C22995A(S:T478K) A23013C(S:E484A) T23018G(S:F486V) A23055G(S:Q498R) A23063T(S:N501Y) T23075C(S:Y505H)	10	89	0.11235955056179775	22850	23097
