Covariants	Count	Max_count	Freq	Coverage_start	Coverage_end
T24469A(S:N969K)	1387	1576	0.8800761421319797	24468	24471
A23403G(S:D614G)	267	636	0.419811320754717	23402	23403
C21618T(S:T19I) (21632,9)(S:DEL25/27)	174	245	0.710204081632653	21616	21648
(21764,6)(S:DEL69/70)	155	299	0.5183946488294314	21754	21779
C23525T(S:H655Y)	129	626	0.20607028753993611	23522	23525
A23403G(S:D614G) C23525T(S:H655Y)	80	354	0.22598870056497175	23401	23525
C23525T(S:H655Y) A23558G(S:I666V) T23599G(S:N679K) C23604A(S:P681H)	78	217	0.35944700460829493	23524	23606
C23525T(S:H655Y) A23558G(S:I666V)	73	442	0.16515837104072398	23524	23558
A24424T(S:Q954H)	68	204	0.3333333333333333	24394	24424
C25416T(ORF3a:F8F)	62	179	0.3463687150837989	25340	25418
C25000T(S:D1146D)	55	72	0.7638888888888888	24995	25000
C25114T(S:D1184D)	51	264	0.19318181818181818	25109	25160
A24424T(S:Q954H) T24469A(S:N969K)	46	127	0.36220472440944884	24420	24470
C21618T(S:T19I) (21632,9)(S:DEL25/27) (21764,6)(S:DEL69/70)	46	103	0.44660194174757284	21613	21780
A23403G(S:D614G) C23525T(S:H655Y) A23558G(S:I666V)	43	234	0.18376068376068377	23402	23558
C23525T(S:H655Y) T23599G(S:N679K) C23604A(S:P681H)	35	217	0.16129032258064516	23524	23606
A23558G(S:I666V) T23599G(S:N679K) C23604A(S:P681H)	31	235	0.13191489361702127	23527	23605
T23599G(S:N679K) C23604A(S:P681H)	22	242	0.09090909090909091	23597	23607
C23525T(S:H655Y) A23558G(S:I666V) T23599G(S:N679K)	21	256	0.08203125	23519	23599
A23055G(S:Q498R) A23063T(S:N501Y) T23075C(S:Y505H)	20	88	0.22727272727272727	23048	23106
A23403G(S:D614G) A23558G(S:I666V) T23599G(S:N679K) C23604A(S:P681H)	19	94	0.20212765957446807	23402	23607
A23403G(S:D614G) C23525T(S:H655Y) A23558G(S:I666V) T23599G(S:N679K) C23604A(S:P681H)	18	94	0.19148936170212766	23402	23606
G23948T(S:D796Y)	16	19	0.8421052631578947	23913	23971
G22992A(S:S477N) C22995A(S:T478K) A23013C(S:E484A) T23018G(S:F486V) A23055G(S:Q498R) A23063T(S:N501Y) T23075C(S:Y505H)	14	32	0.4375	22988	23077
A23013C(S:E484A) T23018G(S:F486V) A23055G(S:Q498R) A23063T(S:N501Y) T23075C(S:Y505H)	13	52	0.25	23010	23091
C23525T(S:H655Y) T23599G(S:N679K)	11	256	0.04296875	23521	23601
(21632,9)(S:DEL25/27)	11	245	0.044897959183673466	21618	21657
(23099,'T')(S:INS514) C23103T(S:S514F)	10	112	0.08928571428571429	23087	23162
