Covariants	Count	Max_count	Freq	Coverage_start	Coverage_end
C23525T(S:H655Y)	40416	72886	0.5545097823999122	23524	23525
A23403G(S:D614G)	19432	166064	0.11701512669814047	23402	23403
A23403G(S:D614G) C23525T(S:H655Y)	3185	31909	0.09981509918831677	23402	23525
T22882G(S:N440K)	668	4722	0.14146548072850487	22881	22883
G21987A(S:G142D)	505	832	0.6069711538461539	21986	22011
A23040G(S:Q493R)	450	948	0.47468354430379744	23018	23045
G22992A(S:S477N) C22995A(S:T478K)	345	1268	0.27208201892744477	22967	22997
G21641T(S:A27S)	286	887	0.322435174746336	21640	21676
C22674T(S:S371F)	249	328	0.7591463414634146	22633	22674
A23013C(S:E484A) A23040G	105	922	0.113882863340564	23012	23040
G22578A(S:G339D)	91	422	0.2156398104265403	22552	22578
G22992A(S:S477N)	44	1306	0.033690658499234305	22964	22992
T22882G(S:N440K) A23040G(S:Q493R)	40	275	0.14545454545454545	22880	23047
T23521C C23525T(S:H655Y)	19	72671	0.0002614522987161316	23519	23549
T22882G(S:N440K) G22992A(S:S477N) C22995A(S:T478K)	15	451	0.03325942350332594	22879	22998
T22882G(S:N440K) A23013C(S:E484A) A23040G	11	275	0.04	22880	23040
