Covariants	Count	Max_count	Freq	Coverage_start	Coverage_end
A23403G(S:D614G)	31	117	0.26495726495726496	23402	23404
C21721T(S:D53D)	10	35	0.2857142857142857	21716	21746
