Covariants	Count	Max_count	Freq	Coverage_start	Coverage_end
A23403G(S:D614G)	64	180	0.35555555555555557	23402	23404
G21770A(S:V70I)	10	68	0.14705882352941177	21735	21799
