Covariants	Count	Max_count	Freq	Coverage_start	Coverage_end
A23403G(S:D614G)	47	142	0.33098591549295775	23402	23406
C23202T(S:T547I)	12	323	0.03715170278637771	23177	23208
