Covariants	Count	Max_count	Freq	Coverage_start	Coverage_end
C25000T(S:D1146D)	1178	1565	0.7527156549520767	24995	25000
C21618T(S:T19I) (21632,9)(S:DEL25/27)	139	142	0.9788732394366197	21584	21653
C21618T(S:T19I)	58	201	0.2885572139303483	21547	21620
G21987A(S:G142D)	33	69	0.4782608695652174	21949	21987
G21987A(S:G142D) T22200G(S:V213G)	15	22	0.6818181818181818	21968	22201
G21987A(S:G142D) A22046T(S:S162C)	10	51	0.19607843137254902	21973	22070
T22200G(S:V213G)	10	28	0.35714285714285715	22053	22224
