Covariants	Count	Max_count	Freq	Coverage_start	Coverage_end
C25000T(S:D1146D)	195	277	0.703971119133574	24998	25000
(25312,1)(S:DEL1251)	113	131	0.8625954198473282	25309	25317
A23055G(S:Q498R) A23063T(S:N501Y) T23075C(S:Y505H)	62	162	0.38271604938271603	23054	23116
A23013C(S:E484A) T23018G(S:F486V) A23055G(S:Q498R) A23063T(S:N501Y) T23075C(S:Y505H)	34	87	0.39080459770114945	23009	23087
A23063T(S:N501Y) T23075C(S:Y505H)	32	197	0.16243654822335024	23060	23157
G22992A(S:S477N) C22995A(S:T478K) A23013C(S:E484A) T23018G(S:F486V) A23055G(S:Q498R) A23063T(S:N501Y) T23075C(S:Y505H)	31	49	0.6326530612244898	22989	23075
G25112T(S:D1184Y)	26	181	0.143646408839779	25037	25112
G22578A(S:G339D) G22599C(S:R346T)	18	24	0.75	22546	22599
T23075C(S:Y505H)	15	214	0.07009345794392523	23074	23157
C21618T(S:T19I) (21632,9)(S:DEL25/27)	14	15	0.9333333333333333	21581	21654
G22992A(S:S477N) C22995A(S:T478K) A23013C(S:E484A) T23018G(S:F486V) A23055G(S:Q498R) A23063T(S:N501Y)	13	56	0.23214285714285715	22988	23065
C25000T(S:D1146D) G25112T(S:D1184Y)	13	85	0.15294117647058825	24991	25114
G21987A(S:G142D)	10	14	0.7142857142857143	21941	22021
