Covariants	Count	Max_count	Freq	Coverage_start	Coverage_end
C21618T(S:T19I) (21632,9)(S:DEL25/27)	1560	1655	0.9425981873111783	21616	21649
(21632,9)(S:DEL25/27)	133	1733	0.07674552798615118	21621	21655
