Covariants	Count	Max_count	Freq	Coverage_start	Coverage_end
A23403G(S:D614G)	33	96	0.34375	23402	23404
C21721T(S:D53D)	13	72	0.18055555555555555	21716	21721
