Covariants	Count	Max_count	Freq	Coverage_start	Coverage_end
A23403G(S:D614G)	3716	11149	0.33330343528567585	23402	23403
C23525T(S:H655Y)	3398	9128	0.37226117440841366	23512	23525
A23403G(S:D614G) C23525T(S:H655Y)	2284	6963	0.328019531811001	23402	23525
C23525T(S:H655Y) T23599G(S:N679K) C23604A(S:P681H)	1108	2575	0.43029126213592234	23524	23604
A23403G(S:D614G) C23525T(S:H655Y) T23599G(S:N679K) C23604A(S:P681H)	711	1701	0.41798941798941797	23402	23605
A23403G(S:D614G) T23599G(S:N679K) C23604A(S:P681H)	414	1701	0.24338624338624337	23402	23605
T23599G(S:N679K) C23604A(S:P681H)	275	2603	0.10564733000384172	23527	23607
C23525T(S:H655Y) T23599G(S:N679K)	220	3043	0.07229707525468287	23521	23599
A23403G(S:D614G) C23525T(S:H655Y) T23599G(S:N679K)	206	2039	0.10102991662579695	23402	23601
G22578A(S:G339D) G22599C(S:R346T)	34	56	0.6071428571428571	22535	22607
T22882G(S:N440K) T22917G(S:L452R)	28	175	0.16	22871	22920
A22786C(S:R408S) G22813T(S:K417N)	22	100	0.22	22778	22860
T23599G(S:N679K)	20	3071	0.0065125366330185605	23411	23600
A23013C(S:E484A) T23018G(S:F486V) A23055G(S:Q498R) A23063T(S:N501Y) T23075C(S:Y505H)	11	72	0.1527777777777778	22996	23091
A22893C(S:K444T) T22917G(S:L452R)	11	217	0.05069124423963134	22887	22986
T22917G(S:L452R) G22992A(S:S477N) C22995A(S:T478K) A23013C(S:E484A) T23018G(S:F486V) A23055G(S:Q498R) A23063T(S:N501Y) T23075C(S:Y505H)	10	54	0.18518518518518517	22907	23081
T22882G(S:N440K) T22917G(S:L452R) T22942A(S:N460K)	10	146	0.0684931506849315	22844	22945
A22786C(S:R408S) G22813T(S:K417N) T22882G(S:N440K)	10	75	0.13333333333333333	22784	22882
