Covariants	Count	Max_count	Freq	Coverage_start	Coverage_end
A24424T(S:Q954H) T24469A(S:N969K)	11772	12894	0.9129827826896231	24423	24469
A23403G(S:D614G)	10501	16595	0.6327809581199156	23402	23403
A24424T(S:Q954H)	8193	21214	0.3862072216460828	24423	24424
C23525T(S:H655Y)	3898	13855	0.281342475640563	23523	23525
C25000T(S:D1146D)	3798	4022	0.9443063152660368	24999	25000
C23525T(S:H655Y) T23599G(S:N679K) C23604A(S:P681H)	3796	4892	0.7759607522485691	23524	23604
A23403G(S:D614G) C23525T(S:H655Y)	3541	5483	0.6458143352179464	23402	23525
T24469A(S:N969K)	3264	15901	0.2052701087981888	24461	24470
C23525T(S:H655Y) T23599G(S:N679K)	850	6033	0.14089176197579978	23523	23599
A23403G(S:D614G) C23525T(S:H655Y) T23599G(S:N679K) C23604A(S:P681H)	765	970	0.788659793814433	23402	23604
A23403G(S:D614G) C23525T(S:H655Y) T23599G(S:N679K)	263	1289	0.20403413498836306	23402	23599
G22992A(S:S477N) C22995A(S:T478K) A23013C(S:E484A) T23018G(S:F486V) A23055G(S:Q498R) A23063T(S:N501Y) T23075C(S:Y505H)	250	293	0.8532423208191127	22989	23075
A23013C(S:E484A) T23018G(S:F486V) A23055G(S:Q498R) A23063T(S:N501Y) T23075C(S:Y505H)	244	555	0.43963963963963965	23011	23078
A23055G(S:Q498R) A23063T(S:N501Y) T23075C(S:Y505H)	179	773	0.2315653298835705	23054	23100
A23063T(S:N501Y) T23075C(S:Y505H)	120	898	0.133630289532294	23062	23147
T23599G(S:N679K) C23604A(S:P681H)	93	4924	0.018887083671811536	23527	23604
T23075C(S:Y505H)	52	959	0.054223149113660066	23074	23155
G22992A(S:S477N) C22995A(S:T478K) A23013C(S:E484A) T23018G(S:F486V) A23055G(S:Q498R) A23063T(S:N501Y)	49	345	0.14202898550724638	22989	23064
C23525T(S:H655Y) C23604A(S:P681H)	42	4892	0.008585445625511038	23522	23604
T23018G(S:F486V) A23055G(S:Q498R) A23063T(S:N501Y) T23075C(S:Y505H)	28	599	0.04674457429048414	23017	23116
A23403G(S:D614G) T23599G(S:N679K) C23604A(S:P681H)	24	970	0.024742268041237112	23396	23607
T23599G(S:N679K)	15	6065	0.00247320692497939	23526	23599
A23403G(S:D614G) T23466G(S:V635G) C23525T(S:H655Y)	13	5483	0.0023709648002918113	23398	23541
C22995A(S:T478K) A23013C(S:E484A) T23018G(S:F486V) A23055G(S:Q498R) A23063T(S:N501Y) T23075C(S:Y505H)	12	385	0.03116883116883117	22994	23094
