Covariants	Count	Max_count	Freq	Coverage_start	Coverage_end
T24469A(S:N969K)	55	77	0.7142857142857143	24452	24532
(25100,1)(S:DEL1181)	24	209	0.11483253588516747	25080	25160
(25100,'A')(S:INS1181)	11	209	0.05263157894736842	25080	25160
