Covariants	Count	Max_count	Freq	Coverage_start	Coverage_end
(21764,6)(S:DEL69/70)	75	99	0.7575757575757576	21674	21817
T22200G(S:V213G)	30	30	1.0	22129	22243
C25000T(S:D1146D)	27	31	0.8709677419354839	24928	25076
A24424T(S:Q954H) T24469A(S:N969K)	24	25	0.96	24388	24538
T25422C(ORF3a:I10I)	19	155	0.12258064516129032	25377	25456
T22882G(S:N440K) A22893C(S:K444T) T22917G(S:L452R) T22942A(S:N460K) G22992A(S:S477N) C22995A(S:T478K) A23013C(S:E484A) T23018G(S:F486V) A23055G(S:Q498R) A23063T(S:N501Y) T23075C(S:Y505H)	16	23	0.6956521739130435	22850	23097
(21690,'C')(S:INS44) (21764,6)(S:DEL69/70)	11	99	0.1111111111111111	21674	21792
C22674T(S:S371F) T22679C(S:S373P) C22686T(S:S375F) A22688G(S:T376A) G22775A(S:D405N)	10	11	0.9090909090909091	22589	22781
