Covariants	Count	Max_count	Freq	Coverage_start	Coverage_end
G23948T(S:D796Y)	20	46	0.43478260869565216	23880	23960
A23403G(S:D614G)	16	19	0.8421052631578947	23250	23410
C25416T(ORF3a:F8F)	11	13	0.8461538461538461	25357	25438
