Covariants	Count	Max_count	Freq	Coverage_start	Coverage_end
C22109G(S:Q183E)	16	19	0.8421052631578947	22066	22113
T22942G(S:N460K)	15	26	0.5769230769230769	22940	22946
