Covariants	Count	Max_count	Freq	Coverage_start	Coverage_end
T24469A(S:N969K)	68	82	0.8292682926829268	24452	24532
A23403G(S:D614G)	11	17	0.6470588235294118	23250	23412
