Covariants	Count	Max_count	Freq	Coverage_start	Coverage_end
A23403G(S:D614G)	75	164	0.4573170731707317	23402	23404
C22109G(S:Q183E)	14	37	0.3783783783783784	22108	22113
G21718T(S:Q52H)	13	67	0.19402985074626866	21716	21744
