Covariants	Count	Max_count	Freq	Coverage_start	Coverage_end
C21618T(S:T19I) (21632,9)(S:DEL25/27)	311	502	0.6195219123505976	21616	21645
(21764,6)(S:DEL69/70)	307	633	0.4849921011058452	21757	21780
C21618T(S:T19I) (21632,9)(S:DEL25/27) (21764,6)(S:DEL69/70)	148	263	0.5627376425855514	21613	21780
A23403G(S:D614G)	63	137	0.45985401459854014	23402	23403
C23525T(S:H655Y)	42	131	0.32061068702290074	23499	23525
C23525T(S:H655Y) T23599G(S:N679K) C23604A(S:P681H)	25	49	0.5102040816326531	23524	23607
(21632,9)(S:DEL25/27)	20	505	0.039603960396039604	21620	21653
A22786C(S:R408S) G22813T(S:K417N)	20	79	0.25316455696202533	22782	22860
A23403G(S:D614G) C23525T(S:H655Y)	20	74	0.2702702702702703	23402	23528
(21632,9)(S:DEL25/27) (21764,6)(S:DEL69/70)	11	264	0.041666666666666664	21618	21794
T22843A(S:D427E) T22876A(S:S438S)	11	119	0.09243697478991597	22831	22882
T22882G(S:N440K) A22893C(S:K444T) T22917G(S:L452R) T22942A(S:N460K)	11	108	0.10185185185185185	22881	22944
