Covariants	Count	Max_count	Freq	Coverage_start	Coverage_end
A23403G(S:D614G)	25	81	0.30864197530864196	23402	23404
C23439T(S:A626V)	11	117	0.09401709401709402	23437	23461
