Covariants	Count	Max_count	Freq	Coverage_start	Coverage_end
C21618T(S:T19I) (21632,9)(S:DEL25/27)	43	55	0.7818181818181819	21583	21659
A22786C(S:R408S) G22813T(S:K417N) T22882G(S:N440K)	12	22	0.5454545454545454	22778	22888
C23123T(S:P521S)	10	14	0.7142857142857143	23095	23176
