Covariants	Count	Max_count	Freq	Coverage_start	Coverage_end
C25416T(ORF3a:F8F)	32	392	0.08163265306122448	25385	25437
T24469A(S:N969K)	22	32	0.6875	24452	24538
(25100,1)(S:DEL1181)	17	207	0.0821256038647343	25080	25160
A23403G(S:D614G)	16	20	0.8	23276	23403
T21585G(S:L8C) G21586T(S:L8C) C21588A(S:P9H) A21589T(S:P9H) C21590G(S:L10A) T21591C(S:L10A) G21593T(S:V11C) T21594G(S:V11C) T21596A(S:S12K) C21597A(S:S12K) T21598A(S:S12K) A21599T(S:S13L) G21600T(S:S13L) T21601A(S:S13L) G21604T(S:Q14H) T21605A(S:C15I) G21606T(S:C15I) G21608T(S:V16L) T21610G(S:V16L) A21611G(S:N17E) T21613G(S:N17E) C21614G(S:L18E) T21615A(S:L18E) T21616A(S:L18E) A21617T(S:T19Y) C21618A(S:T19Y) A21619C(S:T19Y) C21621A(S:T20K) C21622A(S:T20K) A21623T(S:R21S) G21624C(S:R21S) A21625C(S:R21S) C21627A(S:T22N) C21629T(S:Q23S) A21630C(S:Q23S) T21632G(S:L24V) A21634T(S:L24V) C21635G(S:P25V) C21636T(S:P25V) C21638T(S:P26F) C21639T(S:P26F) T21640C(S:P26F) G21641C(S:A27L) C21642T(S:A27L) A21645T(S:Y28F) A21647T(S:T29F) C21648T(S:T29F) A21651T(S:N30I) C21654G(S:S31*) T21655A(S:S31*) T21656C(S:F32H) T21657A(S:F32H) C21658T(S:F32H) A21659G(S:T33E) C21660A(S:T33E) A21661G(S:T33E) C21662T(S:R34*) G21663A(S:R34*) T21664A(S:R34*)	14	101	0.13861386138613863	21580	21664
