Covariants	Count	Max_count	Freq	Coverage_start	Coverage_end
A23403G(S:D614G)	51	178	0.28651685393258425	23402	23404
G21770A(S:V70I)	19	49	0.3877551020408163	21735	21799
