Covariants	Count	Max_count	Freq	Coverage_start	Coverage_end
A23403G(S:D614G)	32	79	0.4050632911392405	23402	23404
C21721T(S:D53D)	10	52	0.19230769230769232	21716	21746
