Covariants	Count	Max_count	Freq	Coverage_start	Coverage_end
T24469A(S:N969K)	2149	3334	0.6445710857828434	24461	24470
A24424T(S:Q954H)	1231	4482	0.2746541722445337	24403	24424
A24424T(S:Q954H) T24469A(S:N969K)	1053	3142	0.3351368555060471	24421	24469
A23055G(S:Q498R) A23063T(S:N501Y) T23075C(S:Y505H)	922	2948	0.31275440976933516	23054	23116
A23013C(S:E484A) T23018G(S:F486V) A23055G(S:Q498R) A23063T(S:N501Y) T23075C(S:Y505H)	660	1780	0.3707865168539326	23011	23081
G22992A(S:S477N) C22995A(S:T478K) A23013C(S:E484A) T23018G(S:F486V) A23055G(S:Q498R) A23063T(S:N501Y) T23075C(S:Y505H)	626	1075	0.5823255813953488	22989	23075
A23063T(S:N501Y) T23075C(S:Y505H)	424	3359	0.12622804406073235	23062	23149
G22992A(S:S477N) C22995A(S:T478K) A23013C(S:E484A) T23018G(S:F486V) A23055G(S:Q498R)	260	1128	0.23049645390070922	22978	23058
T23075C(S:Y505H)	258	3619	0.07129041171594364	23074	23127
T23018G(S:F486V) A23055G(S:Q498R) A23063T(S:N501Y) T23075C(S:Y505H)	179	1967	0.09100152516522624	23017	23096
G22992A(S:S477N) C22995A(S:T478K) A23013C(S:E484A) T23018G(S:F486V) A23055G(S:Q498R) A23063T(S:N501Y)	162	1114	0.14542190305206462	22988	23063
A22486T(S:V308V) G22578A(S:G339D) G22599C(S:R346T)	61	95	0.6421052631578947	22481	22601
T22200G(S:V213G)	58	60	0.9666666666666667	22194	22201
A22486T(S:V308V) C22674T(S:S371F) T22679C(S:S373P) C22686T(S:S375F) A22688G(S:T376A)	24	32	0.75	22465	22704
C22995A(S:T478K) A23013C(S:E484A) T23018G(S:F486V) A23055G(S:Q498R) A23063T(S:N501Y) T23075C(S:Y505H)	20	1158	0.017271157167530225	22994	23075
G22992A(S:S477N) C22995A(S:T478K) A23013C(S:E484A) T23018G(S:F486V) A23055G(S:Q498R) T23075C(S:Y505H)	18	1075	0.01674418604651163	22988	23077
T24289C(S:I909I)	13	4513	0.0028805672501661865	24269	24299
A23013C(S:E484A) T23018G(S:F486V) A23055G(S:Q498R) T23075C(S:Y505H)	12	1780	0.006741573033707865	23006	23107
G22578A(S:G339D) G22599C(S:R346T) C22674T(S:S371F) T22679C(S:S373P) C22686T(S:S375F) A22688G(S:T376A)	10	49	0.20408163265306123	22573	22706
