Covariants	Count	Max_count	Freq	Coverage_start	Coverage_end
T24469A(S:N969K)	714	831	0.8592057761732852	24468	24496
A23403G(S:D614G)	357	1124	0.31761565836298933	23402	23403
C23525T(S:H655Y)	352	1129	0.31178033658104515	23513	23525
A23403G(S:D614G) C23525T(S:H655Y)	182	641	0.2839313572542902	23402	23525
C23525T(S:H655Y) T23599G(S:N679K) C23604A(S:P681H)	75	339	0.22123893805309736	23524	23606
C23525T(S:H655Y) G23587A(S:Q675Q) T23599G(S:N679K) C23604A(S:P681H)	74	339	0.2182890855457227	23524	23606
A23403G(S:D614G) C23453T(S:P631S)	66	938	0.07036247334754797	23402	23454
T23599G(S:N679K) C23604A(S:P681H)	50	378	0.13227513227513227	23592	23607
C23453T(S:P631S) C23525T(S:H655Y)	45	892	0.05044843049327354	23452	23525
C21618T(S:T19I) (21632,9)(S:DEL25/27)	44	47	0.9361702127659575	21591	21653
C25000T(S:D1146D)	38	44	0.8636363636363636	24991	25000
G23587A(S:Q675Q) T23599G(S:N679K) C23604A(S:P681H)	33	376	0.08776595744680851	23579	23607
A24424T(S:Q954H)	30	116	0.25862068965517243	24395	24424
A23403G(S:D614G) C23525T(S:H655Y) G23587A(S:Q675Q) T23599G(S:N679K) C23604A(S:P681H)	28	167	0.16766467065868262	23400	23606
A24424T(S:Q954H) T24469A(S:N969K)	28	80	0.35	24420	24476
A23403G(S:D614G) T23599G(S:N679K) C23604A(S:P681H)	25	167	0.1497005988023952	23400	23607
A23403G(S:D614G) C23453T(S:P631S) C23525T(S:H655Y)	25	641	0.0390015600624025	23400	23525
A23403G(S:D614G) C23525T(S:H655Y) T23599G(S:N679K) C23604A(S:P681H)	20	167	0.11976047904191617	23401	23605
C23525T(S:H655Y) T23599G(S:N679K)	20	396	0.050505050505050504	23507	23601
A23055G(S:Q498R) A23063T(S:N501Y) T23075C(S:Y505H)	20	54	0.37037037037037035	23054	23116
A23403G(S:D614G) G23587A(S:Q675Q) T23599G(S:N679K) C23604A(S:P681H)	18	167	0.10778443113772455	23394	23607
C23525T(S:H655Y) G23587A(S:Q675Q) T23599G(S:N679K)	17	396	0.04292929292929293	23521	23599
C23453T(S:P631S)	17	1226	0.013866231647634585	23448	23457
G24236T(S:A892S)	16	77	0.2077922077922078	24233	24280
C23525T(S:H655Y) G23587A(S:Q675Q)	14	557	0.025134649910233394	23497	23587
C23453T(S:P631S) C23525T(S:H655Y) T23599G(S:N679K) C23604A(S:P681H)	14	246	0.056910569105691054	23449	23607
C21618T(S:T19I)	14	64	0.21875	21541	21622
A23013C(S:E484A) T23018G(S:F486V) A23055G(S:Q498R) A23063T(S:N501Y) T23075C(S:Y505H)	13	27	0.48148148148148145	23010	23096
T23075C(S:Y505H)	11	76	0.14473684210526316	23072	23154
A23063T(S:N501Y) T23075C(S:Y505H)	11	65	0.16923076923076924	23060	23116
