Covariants	Count	Max_count	Freq	Coverage_start	Coverage_end
G25088T(S:V1176F)	38	158	0.24050632911392406	25080	25160
T24469A(S:N969K)	30	38	0.7894736842105263	24452	24532
T25180C(S:Y1206Y)	22	62	0.3548387096774194	25080	25180
C21618T(S:T19I) (21632,9)(S:DEL25/27)	13	54	0.24074074074074073	21565	21647
