Covariants	Count	Max_count	Freq	Coverage_start	Coverage_end
A23403G(S:D614G)	40	97	0.41237113402061853	23402	23404
C21721T(S:D53D)	17	46	0.3695652173913043	21719	21746
