Covariants	Count	Max_count	Freq	Coverage_start	Coverage_end
G22992A(S:S477N) C22995A(S:T478K) A23013C(S:E484A) T23018G(S:F486V) A23055G(S:Q498R) A23063T(S:N501Y) T23075C(S:Y505H)	480	744	0.6451612903225806	22988	23107
A23403G(S:D614G) C23525T(S:H655Y) T23599G(S:N679K) C23604A(S:P681H)	463	638	0.725705329153605	23384	23604
C25000T(S:D1146D)	259	284	0.9119718309859155	24975	25001
G22992A(S:S477N) C22995A(S:T478K) A23013C(S:E484A) T23019C(S:F486S) T23031C(S:F490S) A23055G(S:Q498R) A23063T(S:N501Y) T23075C(S:Y505H)	176	744	0.23655913978494625	22987	23137
C21618T(S:T19I) (21632,9)(S:DEL25/27) (21664,4)(S:DEL35)	126	396	0.3181818181818182	21579	21671
T24469A(S:N969K)	119	287	0.4146341463414634	24465	24541
C21618T(S:T19I) (21632,9)(S:DEL25/27)	109	397	0.27455919395465994	21579	21671
A24424T(S:Q954H) T24469A(S:N969K)	88	145	0.6068965517241379	24398	24541
C21618T(S:T19I) (21632,9)(S:DEL25/27) (21764,6)(S:DEL69/70)	84	140	0.6	21612	21783
C23291T(S:R577C) A23403G(S:D614G) C23525T(S:H655Y) T23599G(S:N679K) C23604A(S:P681H)	77	609	0.12643678160919541	23285	23606
G24390T(S:S943I) A24424T(S:Q954H) T24469A(S:N969K)	46	144	0.3194444444444444	24198	24533
C21618T(S:T19I) (21632,9)(S:DEL25/27) (21732,1)(S:DEL58) (21764,6)(S:DEL69/70)	41	140	0.29285714285714287	21606	21900
A22786C(S:R408S) G22813T(S:K417N) T22882G(S:N440K) T22917G(S:L452R) G22992A(S:S477N) C22995A(S:T478K) A23013C(S:E484A) T23018G(S:F486V)	39	57	0.6842105263157895	22778	23023
A23403G(S:D614G)	15	664	0.022590361445783132	23272	23405
A22786C(S:R408S) G22813T(S:K417N) T22882G(S:N440K) A22893C(S:K444T) T22917G(S:L452R) T22942A(S:N460K) G22992A(S:S477N) C22995A(S:T478K) A23013C(S:E484A) T23018G(S:F486V)	14	57	0.24561403508771928	22778	23024
C23525T(S:H655Y) T23599G(S:N679K) C23604A(S:P681H)	11	643	0.017107309486780714	23501	23607
