Covariants	Count	Max_count	Freq	Coverage_start	Coverage_end
T24469A(S:N969K)	245	272	0.9007352941176471	24468	24533
G23948T(S:D796Y)	90	99	0.9090909090909091	23946	23966
