Covariants	Count	Max_count	Freq	Coverage_start	Coverage_end
A23403G(S:D614G)	559	1272	0.43946540880503143	23402	23403
C23525T(S:H655Y)	417	1193	0.3495389773679799	23516	23525
C21618T(S:T19I) C21622T(S:T20T) (21632,9)(S:DEL25/27)	381	735	0.5183673469387755	21614	21652
(21764,6)(S:DEL69/70)	274	842	0.3254156769596199	21758	21780
T24469A(S:N969K)	270	296	0.9121621621621622	24468	24533
A23403G(S:D614G) C23525T(S:H655Y)	232	675	0.3437037037037037	23402	23525
C23525T(S:H655Y) T23599G(S:N679K) C23604A(S:P681H)	189	373	0.5067024128686327	23524	23605
(21764,6)(S:DEL69/70) T21790C(S:T76T)	169	787	0.21473951715374842	21759	21790
C21618T(S:T19I) (21632,9)(S:DEL25/27)	120	735	0.16326530612244897	21605	21652
A23403G(S:D614G) C23525T(S:H655Y) T23599G(S:N679K) C23604A(S:P681H)	84	165	0.509090909090909	23402	23605
C21618T(S:T19I) C21622T(S:T20T) (21632,9)(S:DEL25/27) (21764,6)(S:DEL69/70)	82	295	0.27796610169491526	21611	21780
C21618T(S:T19I) C21622T(S:T20T) (21632,9)(S:DEL25/27) (21764,6)(S:DEL69/70) T21790C(S:T76T)	77	276	0.27898550724637683	21611	21791
T21790C(S:T76T)	76	923	0.08234019501625135	21788	21856
T23599G(S:N679K) C23604A(S:P681H)	56	390	0.14358974358974358	23527	23606
C25000T(S:D1146D)	50	60	0.8333333333333334	24991	25000
C23525T(S:H655Y) T23599G(S:N679K)	41	442	0.09276018099547512	23524	23599
A23403G(S:D614G) T23599G(S:N679K) C23604A(S:P681H)	38	165	0.23030303030303031	23402	23605
A23403G(S:D614G) C23525T(S:H655Y) T23599G(S:N679K)	23	200	0.115	23400	23599
C21618T(S:T19I) C21622T(S:T20T) (21632,9)(S:DEL25/27) T21790C(S:T76T)	22	276	0.07971014492753623	21605	21864
A23055G(S:Q498R) A23063T(S:N501Y) T23075C(S:Y505H)	20	66	0.30303030303030304	23054	23116
A23013C(S:E484A) T23018G(S:F486V) A23055G(S:Q498R) A23063T(S:N501Y) T23075C(S:Y505H)	18	40	0.45	23010	23085
G21770A(S:V70I)	13	892	0.014573991031390135	21769	21861
A22786C(S:R408S) G22813T(S:K417N)	11	23	0.4782608695652174	22779	22863
T23075C(S:Y505H)	10	83	0.12048192771084337	23072	23166
T22882G(S:N440K) T22917G(S:L452R)	10	51	0.19607843137254902	22857	22921
