Covariants	Count	Max_count	Freq	Coverage_start	Coverage_end
A23403G(S:D614G)	78	214	0.3644859813084112	23402	23403
G21770A(S:V70I)	16	57	0.2807017543859649	21735	21799
