Covariants	Count	Max_count	Freq	Coverage_start	Coverage_end
A23403G(S:D614G)	529	1019	0.5191364082433758	23402	23403
C21618T(S:T19I) (21632,9)(S:DEL25/27)	357	512	0.697265625	21614	21652
C23525T(S:H655Y)	324	826	0.3922518159806295	23512	23525
(21764,6)(S:DEL69/70)	281	576	0.4878472222222222	21755	21780
A23403G(S:D614G) C23525T(S:H655Y)	190	451	0.4212860310421286	23402	23525
C23525T(S:H655Y) T23599G(S:N679K) C23604A(S:P681H)	114	211	0.5402843601895735	23524	23605
C21618T(S:T19I) (21632,9)(S:DEL25/27) (21764,6)(S:DEL69/70)	113	203	0.5566502463054187	21613	21780
T23599G(S:N679K) C23604A(S:P681H) A23623C(S:V687V)	111	148	0.75	23598	23659
C23854A(S:N764K)	106	155	0.6838709677419355	23824	23854
A23403G(S:D614G) C23525T(S:H655Y) T23599G(S:N679K) C23604A(S:P681H)	35	87	0.40229885057471265	23401	23606
T23599G(S:N679K) C23604A(S:P681H) A23623C(S:V687V) C23854A(S:N764K)	31	33	0.9393939393939394	23598	23854
C23525T(S:H655Y) T23599G(S:N679K)	30	252	0.11904761904761904	23520	23599
A23403G(S:D614G) T23599G(S:N679K) C23604A(S:P681H)	30	87	0.3448275862068966	23402	23607
T23599G(S:N679K) C23604A(S:P681H)	26	369	0.07046070460704607	23586	23607
(21632,9)(S:DEL25/27)	16	515	0.031067961165048542	21620	21652
A23623C(S:V687V)	15	165	0.09090909090909091	23618	23661
C21618T(S:T19I)	13	525	0.024761904761904763	21538	21620
T22200G(S:V213G)	12	12	1.0	22192	22208
(21632,9)(S:DEL25/27) (21764,6)(S:DEL69/70)	10	204	0.049019607843137254	21620	21780
