Covariants	Count	Max_count	Freq	Coverage_start	Coverage_end
A23403G(S:D614G)	62	176	0.3522727272727273	23402	23403
G21770A(S:V70I)	14	43	0.32558139534883723	21735	21799
