Covariants	Count	Max_count	Freq	Coverage_start	Coverage_end
C22674T(S:S371F) T22679C(S:S373P) C22686T(S:S375F) A22688G(S:T376A) G22775A(S:D405N)	229	290	0.7896551724137931	22589	22781
C25000T(S:D1146D)	89	163	0.5460122699386503	24959	25076
T22882G(S:N440K) A22893C(S:K444T) T22917G(S:L452R) T22942A(S:N460K) G22992A(S:S477N) C22995A(S:T478K) A23013C(S:E484A) T23018G(S:F486V) A23055G(S:Q498R) A23063T(S:N501Y) T23075C(S:Y505H)	88	164	0.5365853658536586	22850	23097
A24424T(S:Q954H) T24469A(S:N969K)	85	98	0.8673469387755102	24388	24538
A24952G(S:I1130M) C25000T(S:D1146D)	50	162	0.30864197530864196	24926	25170
(21764,6)(S:DEL69/70)	49	54	0.9074074074074074	21674	21807
T22200G(S:V213G)	43	43	1.0	22129	22243
C22674T(S:S371F) T22679C(S:S373P) C22686T(S:S375F) A22688G(S:T376A) G22775A(S:D405N) T22777C(S:D405N)	39	290	0.13448275862068965	22589	22781
T22882G(S:N440K) T22917G(S:L452R) G22992A(S:S477N) C22995A(S:T478K) A23013C(S:E484A) T23018G(S:F486V) A23055G(S:Q498R) A23063T(S:N501Y) T23075C(S:Y505H)	32	164	0.1951219512195122	22850	23097
A23403G(S:D614G) C23525T(S:H655Y) T23599G(S:N679K) C23604A(S:P681H)	26	33	0.7878787878787878	23325	23664
C23854A(S:N764K)	26	28	0.9285714285714286	23690	23910
A23403G(S:D614G) C23525T(S:H655Y)	25	61	0.4098360655737705	23325	23561
C23525T(S:H655Y) G23562A	24	70	0.34285714285714286	23411	23562
G22992A(S:S477N) C22995A(S:T478K) A23013C(S:E484A) T23018G(S:F486V) A23055G(S:Q498R) A23063T(S:N501Y) T23075C(S:Y505H)	22	189	0.1164021164021164	22978	23097
T23385A	18	103	0.17475728155339806	23250	23385
A23403G(S:D614G)	18	83	0.21686746987951808	23325	23468
T25514C(ORF3a:L41P)	15	453	0.033112582781456956	25377	25527
C23525T(S:H655Y) T23599G(S:N679K) C23604A(S:P681H)	11	45	0.24444444444444444	23513	23663
T22882G(S:N440K) A22893C(S:K444T) T22917G(S:L452R) G22992A(S:S477N) C22995A(S:T478K) A23013C(S:E484A) T23018G(S:F486V) A23055G(S:Q498R) A23063T(S:N501Y) T23075C(S:Y505H)	11	164	0.06707317073170732	22850	23097
G21987A(S:G142D)	10	33	0.30303030303030304	21949	22098
G21987A(S:G142D) T22099A(S:L179L)	10	14	0.7142857142857143	21949	22099
