Covariants	Count	Max_count	Freq	Coverage_start	Coverage_end
C25416T(ORF3a:F8F)	119	655	0.18167938931297709	25381	25468
C22674T(S:S371F) T22679C(S:S373P) C22686T(S:S375F) A22688G(S:T376A) G22775A(S:D405N)	105	109	0.963302752293578	22589	22781
C23525T(S:H655Y) G23562A	73	87	0.8390804597701149	23411	23562
A23403G(S:D614G) C23525T(S:H655Y)	63	81	0.7777777777777778	23325	23553
A23403G(S:D614G)	38	121	0.3140495867768595	23325	23467
(21764,6)(S:DEL69/70)	34	69	0.4927536231884058	21674	21817
A24424T(S:Q954H) T24469A(S:N969K)	32	41	0.7804878048780488	24388	24610
T23385A	26	147	0.17687074829931973	23250	23385
(21764,6)(S:DEL69/70) C21789T(S:T76I)	25	69	0.36231884057971014	21675	21817
C23854A(S:N764K)	24	26	0.9230769230769231	23772	23910
T22200G(S:V213G)	21	23	0.9130434782608695	22128	22243
C23601T T23752A(S:S730S)	17	160	0.10625	23600	23752
C25000T(S:D1146D)	17	32	0.53125	24926	25076
C22314T(S:P251L) (22342,2)(S:DEL261)	14	126	0.1111111111111111	22207	22449
(22212,'T')(S:INS218) G22331A(S:G257S)	12	108	0.1111111111111111	22207	22449
C25118T(S:L1186F) G25269A	12	44	0.2727272727272727	25117	25269
G22331A(S:G257S)	11	128	0.0859375	22306	22449
T22882G(S:N440K) A22910G(S:N450D) T22917G(S:L452R) G22992A(S:S477N) C22995A(S:T478K) A23013C(S:E484A) T23018G(S:F486V) A23055G(S:Q498R) A23063T(S:N501Y) T23075C(S:Y505H)	10	14	0.7142857142857143	22850	23097
