Covariants	Count	Max_count	Freq	Coverage_start	Coverage_end
A23403G(S:D614G)	34	109	0.3119266055045872	23402	23404
G21770A(S:V70I)	11	34	0.3235294117647059	21735	21799
