Covariants	Count	Max_count	Freq	Coverage_start	Coverage_end
A23403G(S:D614G) C23525T(S:H655Y) T23599G(S:N679K) C23604A(S:P681H)	212	277	0.7653429602888087	23385	23606
T24469A(S:N969K)	71	175	0.4057142857142857	24452	24541
C25416T(ORF3a:F8F)	57	414	0.13768115942028986	25357	25434
T23599G(S:N679K) C23604A(S:P681H) C23854A(S:N764K)	35	59	0.5932203389830508	23588	23910
A24424T(S:Q954H) T24469A(S:N969K)	33	52	0.6346153846153846	24313	24541
T25129C(S:V1189V)	24	411	0.058394160583941604	25080	25220
C21618T(S:T19I) (21632,9)(S:DEL25/27) (21764,6)(S:DEL69/70)	23	31	0.7419354838709677	21565	21900
A22786C(S:R408S) G22813T(S:K417N) T22882G(S:N440K) A22893C(S:K444T) T22917G(S:L452R) T22942A(S:N460K) G22992A(S:S477N) C22995A(S:T478K) A23013C(S:E484A) T23018G(S:F486V)	16	25	0.64	22778	23024
T24469A(S:N969K) T24628A(S:A1022A) (24684,2)(S:DEL1042)	12	119	0.10084033613445378	24452	24810
G25204T(S:W1214C)	11	410	0.026829268292682926	25080	25434
G24215T(S:G885C) A24424T(S:Q954H) T24469A(S:N969K)	10	50	0.2	24198	24541
