Covariants	Count	Max_count	Freq	Coverage_start	Coverage_end
C23525T(S:H655Y)	327	902	0.3625277161862528	23497	23525
A23403G(S:D614G)	309	1018	0.30353634577603145	23400	23403
(25350,2)(S:DEL1264)	287	619	0.46365105008077545	25331	25356
A23403G(S:D614G) C23525T(S:H655Y)	239	674	0.3545994065281899	23402	23525
T24469A(S:N969K)	171	184	0.9293478260869565	24468	24534
T23599G(S:N679K) C23604A(S:P681H)	137	414	0.3309178743961353	23597	23607
C25416T(ORF3a:F8F)	120	257	0.4669260700389105	25341	25418
C23525T(S:H655Y) T23599G(S:N679K) C23604A(S:P681H)	102	245	0.4163265306122449	23524	23607
A23403G(S:D614G) C23525T(S:H655Y) T23599G(S:N679K) C23604A(S:P681H)	76	148	0.5135135135135135	23401	23605
C25000T(S:D1146D)	71	83	0.8554216867469879	24981	25000
C23854A(S:N764K)	49	105	0.4666666666666667	23804	23856
T23599G(S:N679K) C23604A(S:P681H) C23854A(S:N764K)	46	50	0.92	23592	23854
A23403G(S:D614G) T23599G(S:N679K) C23604A(S:P681H)	39	148	0.2635135135135135	23401	23605
(25350,2)(S:DEL1264) C25416T(ORF3a:F8F)	31	256	0.12109375	25255	25420
A23403G(S:D614G) C23525T(S:H655Y) T23599G(S:N679K)	28	185	0.15135135135135136	23401	23601
C23525T(S:H655Y) T23599G(S:N679K)	25	303	0.08250825082508251	23497	23601
(25350,2)(S:DEL1264) A25351T(S:P1263P)	10	619	0.01615508885298869	25253	25357
