Covariants	Count	Max_count	Freq	Coverage_start	Coverage_end
A23403G(S:D614G)	56	142	0.39436619718309857	23402	23404
G21770A(S:V70I)	10	34	0.29411764705882354	21735	21799
