Covariants	Count	Max_count	Freq	Coverage_start	Coverage_end
T22942G(S:N460K)	45	92	0.4891304347826087	22940	22946
G23236T(S:K558N)	13	447	0.029082774049217	23212	23282
A22101T(S:E180V)	11	29	0.3793103448275862	22052	22103
G22992A(S:S477N) C22995G(S:T478R)	10	12	0.8333333333333334	22968	22998
