Covariants	Count	Max_count	Freq	Coverage_start	Coverage_end
A23403G(S:D614G)	17	41	0.4146341463414634	23402	23404
C21721T(S:D53D)	10	26	0.38461538461538464	21716	21746
