Covariants	Count	Max_count	Freq	Coverage_start	Coverage_end
A23403G(S:D614G)	36	114	0.3157894736842105	23402	23404
C21721T(S:D53D)	14	73	0.1917808219178082	21719	21746
