Covariants	Count	Max_count	Freq	Coverage_start	Coverage_end
A23055G(S:Q498R) A23063T(S:N501Y) T23075C(S:Y505H)	493	1183	0.4167371090448014	23049	23119
T23599G(S:N679K) C23604A(S:P681H)	350	578	0.6055363321799307	23598	23644
C23854A(S:N764K)	239	479	0.4989561586638831	23845	23854
A23013C(S:E484A) T23018G(S:F486V) A23055G(S:Q498R) A23063T(S:N501Y) T23075C(S:Y505H)	225	593	0.3794266441821248	23012	23086
T23599G(S:N679K) C23604A(S:P681H) C23854A(S:N764K)	204	217	0.9400921658986175	23597	23854
T23075C(S:Y505H)	185	1552	0.11920103092783506	23074	23170
G22992A(S:S477N) C22995A(S:T478K) A23013C(S:E484A) T23018G(S:F486V) A23055G(S:Q498R) A23063T(S:N501Y) T23075C(S:Y505H)	176	355	0.49577464788732395	22989	23081
A23063T(S:N501Y) T23075C(S:Y505H)	168	1356	0.12389380530973451	23060	23142
C21618T(S:T19I) (21632,9)(S:DEL25/27)	163	168	0.9702380952380952	21591	21652
G22992A(S:S477N) C22995A(S:T478K) A23013C(S:E484A) T23018G(S:F486V) A23055G(S:Q498R)	79	376	0.21010638297872342	22961	23057
G22578A(S:G339D) G22599C(S:R346T)	77	190	0.4052631578947368	22548	22608
G21987A(S:G142D)	75	146	0.5136986301369864	21985	21987
C21618T(S:T19I)	68	243	0.27983539094650206	21540	21620
T22200G(S:V213G)	63	120	0.525	22163	22218
G22992A(S:S477N) C22995A(S:T478K) A23013C(S:E484A) T23018G(S:F486V) A23055G(S:Q498R) A23063T(S:N501Y)	60	367	0.16348773841961853	22977	23064
T23018G(S:F486V) A23055G(S:Q498R) A23063T(S:N501Y) T23075C(S:Y505H)	58	652	0.08895705521472393	23017	23096
G21987A(S:G142D) T22200G(S:V213G)	53	58	0.9137931034482759	21978	22201
C22448T(S:L296F) G22578A(S:G339D)	36	132	0.2727272727272727	22436	22591
G22992A(S:S477N) C22995A(S:T478K) A23013C(S:E484A) T23018G(S:F486V)	23	384	0.059895833333333336	22962	23045
C22674T(S:S371F) T22679C(S:S373P) C22686T(S:S375F) A22688G(S:T376A)	23	68	0.3382352941176471	22652	22699
G22578A(S:G339D)	15	191	0.07853403141361257	22548	22603
C22995A(S:T478K) A23013C(S:E484A) T23018G(S:F486V) A23055G(S:Q498R) A23063T(S:N501Y) T23075C(S:Y505H)	10	369	0.02710027100271003	22992	23093
