Covariants	Count	Max_count	Freq	Coverage_start	Coverage_end
C21618T(S:T19I) (21632,9)(S:DEL25/27)	34	85	0.4	21565	21645
T24469A(S:N969K)	17	21	0.8095238095238095	24452	24539
(21569,1)(S:DEL4) C21618T(S:T19I) (21632,9)(S:DEL25/27)	15	85	0.17647058823529413	21565	21646
