Covariants	Count	Max_count	Freq	Coverage_start	Coverage_end
T22942G(S:N460K)	45	81	0.5555555555555556	22940	22946
C22109G(S:Q183E)	21	23	0.9130434782608695	22077	22113
