Covariants	Count	Max_count	Freq	Coverage_start	Coverage_end
C25000T(S:D1146D)	209	226	0.9247787610619469	24997	25000
C21618T(S:T19I) (21632,9)(S:DEL25/27)	208	228	0.9122807017543859	21613	21654
A24424T(S:Q954H) T24469A(S:N969K)	207	229	0.9039301310043668	24420	24470
A23403G(S:D614G)	185	399	0.46365914786967416	23401	23403
T24469A(S:N969K)	165	408	0.40441176470588236	24464	24533
G21987A(S:G142D)	127	175	0.7257142857142858	21984	21987
A23403G(S:D614G) C23525T(S:H655Y)	120	199	0.6030150753768844	23401	23525
T22200G(S:V213G)	113	148	0.7635135135135135	22192	22201
A24424T(S:Q954H)	106	348	0.3045977011494253	24419	24424
C23525T(S:H655Y)	85	375	0.22666666666666666	23514	23525
G23948T(S:D796Y)	80	87	0.9195402298850575	23946	23965
C23525T(S:H655Y) T23599G(S:N679K) C23604A(S:P681H)	71	120	0.5916666666666667	23521	23605
G22992A(S:S477N) C22995A(S:T478K) A23013C(S:E484A) A23040G(S:Q493R) A23055G(S:Q498R) A23063T(S:N501Y) T23075C(S:Y505H)	53	93	0.5698924731182796	22988	23075
A23403G(S:D614G) C23525T(S:H655Y) T23599G(S:N679K) C23604A(S:P681H)	43	47	0.9148936170212766	23401	23605
A23040G(S:Q493R) A23055G(S:Q498R) A23063T(S:N501Y) T23075C(S:Y505H)	29	180	0.16111111111111112	23038	23104
A23063T(S:N501Y) T23075C(S:Y505H)	29	222	0.13063063063063063	23060	23149
C21618T(S:T19I)	28	258	0.10852713178294573	21527	21620
A23055G(S:Q498R) A23063T(S:N501Y) T23075C(S:Y505H)	28	191	0.14659685863874344	23052	23149
G22992A(S:S477N) C22995A(S:T478K) A23013C(S:E484A) (23016,2)(S:DEL486) A23040G(S:Q493R) A23055G(S:Q498R) A23063T(S:N501Y) T23075C(S:Y505H)	27	93	0.2903225806451613	22988	23075
G21987A(S:G142D) T22200G(S:V213G)	26	32	0.8125	21976	22208
A23013C(S:E484A) A23040G(S:Q493R) A23055G(S:Q498R) A23063T(S:N501Y) T23075C(S:Y505H)	20	130	0.15384615384615385	23008	23111
A23013C(S:E484A) (23016,2)(S:DEL486) A23040G(S:Q493R) A23055G(S:Q498R) A23063T(S:N501Y) T23075C(S:Y505H)	15	130	0.11538461538461539	23006	23104
T23075C(S:Y505H)	14	237	0.05907172995780591	23073	23149
C23525T(S:H655Y) T23599G(S:N679K)	12	147	0.08163265306122448	23514	23601
C23854A(S:N764K)	12	14	0.8571428571428571	23826	23871
A23403G(S:D614G) C23525T(S:H655Y) T23599G(S:N679K)	10	60	0.16666666666666666	23395	23600
