Covariants	Count	Max_count	Freq	Coverage_start	Coverage_end
C21618T(S:T19I) (21632,9)(S:DEL25/27)	46962	48806	0.9622177601114617	21616	21645
C23854A(S:N764K)	10156	17779	0.5712357275437314	23830	23854
T23599G(S:N679K) C23604A(S:P681H)	8727	16173	0.5396030421072158	23598	23659
G21987A(S:G142D)	7123	11125	0.6402696629213483	21986	21987
T23599G(S:N679K) C23604A(S:P681H) C23854A(S:N764K)	7022	7279	0.9646929523286165	23598	23854
C21618T(S:T19I)	4414	53453	0.08257721736852937	21548	21618
T22200G(S:V213G)	2998	5862	0.5114295462299556	22163	22200
G21987A(S:G142D) T22200G(S:V213G)	2646	3155	0.8386687797147385	21986	22200
(21632,9)(S:DEL25/27)	1055	49075	0.021497707590422823	21620	21649
C21618T(S:T19I) T21633C(S:L24S)	133	48944	0.002717391304347826	21536	21633
C23604A(S:P681H)	86	16264	0.00528775209050664	23603	23662
C23604A(S:P681H) C23854A(S:N764K)	63	7322	0.008604206500956023	23602	23854
T21596A(S:S12T)	48	52742	0.0009100906298585567	21527	21600
T21596A(S:S12T) C21618T(S:T19I) (21632,9)(S:DEL25/27)	36	40956	0.0008789920890711983	21583	21654
T22200G(S:V213G) (22218,1)(S:DEL220)	30	4283	0.007004436142890497	22162	22227
C21587T(S:P9S) C21618T(S:T19I) (21632,9)(S:DEL25/27)	26	31353	0.0008292667368353906	21582	21663
G21641T(S:A27S)	21	54890	0.0003825833485152122	21640	21727
G21987A(S:G142D) C22079A(S:Q173K)	21	7967	0.0026358729760261076	21973	22083
G21987A(S:G142D) T22200G(S:V213G) (22218,1)(S:DEL220)	18	2201	0.00817810086324398	21940	22227
C21618T(S:T19I) (21631,9)(S:DEL24/26)	18	48806	0.00036880711387944105	21607	21668
C22079A(S:Q173K) T22200G(S:V213G)	16	4970	0.0032193158953722333	22074	22201
C21618T(S:T19I) (21632,9)(S:DEL25/27) A21692G(S:R44G)	13	29869	0.0004352338544979745	21613	21727
(21524,'G')(ORF1b:INS2687) C21618T(S:T19I) (21632,9)(S:DEL25/27)	13	3299	0.003940588056986966	21495	21668
C21618T(S:T19I) A21625G(S:R21R) (21632,9)(S:DEL25/27)	12	48806	0.0002458714092529607	21593	21656
C21618T(S:T19I) (21632,9)(S:DEL25/27) T21679C(S:P39P)	12	29911	0.0004011901975861723	21612	21709
T21582G(S:L7*) C21618T(S:T19I) (21632,9)(S:DEL25/27)	12	29108	0.00041225779854335576	21565	21671
T23599G(S:N679K)	11	16173	0.000680145922216039	23598	23678
T21752C(S:W64R)	11	51349	0.00021422033535219772	21748	21769
T21856C(S:S98S)	10	36777	0.0002719090736057862	21815	21861
C21618T(S:T19I) (21632,9)(S:DEL25/27) T21838C(S:F92F)	10	13542	0.000738443361394181	21605	21851
C21618T(S:T19I) C21627G(S:T22S) (21632,9)(S:DEL25/27)	10	48806	0.00020489284104413392	21593	21741
