Covariants	Count	Max_count	Freq	Coverage_start	Coverage_end
A23403G(S:D614G)	39	108	0.3611111111111111	23402	23404
G21718T(S:Q52H)	17	54	0.3148148148148148	21717	21746
