Covariants	Count	Max_count	Freq	Coverage_start	Coverage_end
A23403G(S:D614G)	624	1308	0.47706422018348627	23402	23403
A23403G(S:D614G) C23525T(S:H655Y)	380	631	0.6022187004754358	23402	23525
C23525T(S:H655Y)	249	1105	0.2253393665158371	23514	23525
C23525T(S:H655Y) T23599G(S:N679K) C23604A(S:P681H)	179	340	0.5264705882352941	23521	23606
A23403G(S:D614G) C23525T(S:H655Y) T23599G(S:N679K) C23604A(S:P681H)	118	151	0.7814569536423841	23402	23606
G23948T(S:D796Y)	114	122	0.9344262295081968	23946	23966
T24469A(S:N969K)	107	159	0.6729559748427673	24468	24533
C25416T(ORF3a:F8F)	98	154	0.6363636363636364	25381	25418
C23525T(S:H655Y) T23599G(S:N679K)	46	430	0.10697674418604651	23514	23599
C21618T(S:T19I) (21632,9)(S:DEL25/27)	46	59	0.7796610169491526	21612	21653
C25000T(S:D1146D)	43	46	0.9347826086956522	24972	25000
A24424T(S:Q954H) T24469A(S:N969K)	41	42	0.9761904761904762	24420	24477
A23403G(S:D614G) C23525T(S:H655Y) T23599G(S:N679K)	36	193	0.18652849740932642	23401	23599
A24424T(S:Q954H)	30	76	0.39473684210526316	24342	24424
A23055G(S:Q498R) A23063T(S:N501Y) T23075C(S:Y505H)	12	50	0.24	23048	23162
G22992A(S:S477N) C22995A(S:T478K) A23013C(S:E484A) A23040G(S:Q493R) A23055G(S:Q498R) A23063T(S:N501Y) T23075C(S:Y505H)	12	20	0.6	22988	23082
T24750C(S:L1063S)	12	149	0.08053691275167785	24727	24759
C21618T(S:T19I)	12	72	0.16666666666666666	21495	21622
G21987A(S:G142D)	10	13	0.7692307692307693	21943	22014
