Covariants	Count	Max_count	Freq	Coverage_start	Coverage_end
C21618T(S:T19I) (21632,9)(S:DEL25/27)	184	273	0.673992673992674	21613	21650
A23403G(S:D614G)	161	348	0.46264367816091956	23402	23403
(21764,6)(S:DEL69/70)	157	307	0.511400651465798	21763	21780
C23525T(S:H655Y)	69	335	0.20597014925373133	23497	23525
C21618T(S:T19I) (21632,9)(S:DEL25/27) (21764,6)(S:DEL69/70)	63	112	0.5625	21615	21780
C23525T(S:H655Y) (23529,3)(S:DEL657)	59	292	0.20205479452054795	23507	23537
C25000T(S:D1146D)	46	62	0.7419354838709677	24995	25000
A23403G(S:D614G) C23525T(S:H655Y)	45	166	0.2710843373493976	23400	23525
C23525T(S:H655Y) T23599G(S:N679K) C23604A(S:P681H)	39	89	0.43820224719101125	23524	23605
A23403G(S:D614G) C23525T(S:H655Y) (23529,3)(S:DEL657)	22	135	0.16296296296296298	23401	23543
C23525T(S:H655Y) (23529,3)(S:DEL657) T23599G(S:N679K) C23604A(S:P681H)	15	89	0.16853932584269662	23518	23606
T23599G(S:N679K) C23604A(S:P681H)	12	96	0.125	23586	23607
T22882G(S:N440K) T22917G(S:L452R)	11	27	0.4074074074074074	22869	22925
C21618T(S:T19I)	10	283	0.0353356890459364	21541	21622
