Covariants	Count	Max_count	Freq	Coverage_start	Coverage_end
C21618T(S:T19I) (21632,9)(S:DEL25/27)	40	93	0.43010752688172044	21565	21645
(21569,1)(S:DEL4) C21618T(S:T19I) (21632,9)(S:DEL25/27)	19	93	0.20430107526881722	21565	21645
T23599G(S:N679K) C23604A(S:P681H)	14	46	0.30434782608695654	23588	23659
(25100,1)(S:DEL1181)	10	148	0.06756756756756757	25080	25160
