REGION	POS	REF	ALT	REF_DP	REF_RV	REF_QUAL	ALT_DP	ALT_RV	ALT_QUAL	ALT_FREQ	TOTAL_DP	PVAL	PASS	GFF_FEATURE	REF_CODON	REF_AA	ALT_CODON	ALT_AA	POS_AA
NC_045512.2	1983	T	C	20	0	39	1	0	33	0.047619	21	0.512195	FALSE	NA	NA	NA	NA	NA	NA
NC_045512.2	2110	C	T	12	10	48	1	1	39	0.0769231	13	0.52	FALSE	NA	NA	NA	NA	NA	NA
NC_045512.2	14257	T	C	0	0	0	1	1	39	1	1	1	FALSE	NA	NA	NA	NA	NA	NA
NC_045512.2	15714	C	T	0	0	0	8	4	38	1	8	0.0001554	TRUE	NA	NA	NA	NA	NA	NA
NC_045512.2	16520	A	G	7	0	38	1	0	31	0.125	8	0.533333	FALSE	NA	NA	NA	NA	NA	NA
NC_045512.2	16935	G	A	2	2	57	3	1	36	0.6	5	0.119048	FALSE	NA	NA	NA	NA	NA	NA
NC_045512.2	21252	T	C	0	0	0	1	1	38	1	1	1	FALSE	NA	NA	NA	NA	NA	NA
NC_045512.2	21770	G	A	1	1	39	2	2	33	0.666667	3	0.3	FALSE	NA	NA	NA	NA	NA	NA
NC_045512.2	23403	A	G	0	0	0	6	2	45	1	6	0.0021645	TRUE	NA	NA	NA	NA	NA	NA
NC_045512.2	23480	T	G	13	13	41	1	1	27	0.0714286	14	0.518519	FALSE	NA	NA	NA	NA	NA	NA
NC_045512.2	23525	C	T	0	0	0	1	1	38	1	1	1	FALSE	NA	NA	NA	NA	NA	NA
NC_045512.2	25584	C	T	0	0	0	1	1	39	1	1	1	FALSE	NA	NA	NA	NA	NA	NA
NC_045512.2	27889	C	T	3	2	38	23	19	38	0.884615	26	1.32118e-11	TRUE	NA	NA	NA	NA	NA	NA
NC_045512.2	28271	A	T	0	0	0	23	23	38	1	23	2.42912e-13	TRUE	NA	NA	NA	NA	NA	NA
NC_045512.2	28363	A	T	0	0	0	10	0	36	1	10	1.08251e-05	TRUE	NA	NA	NA	NA	NA	NA
NC_045512.2	28370	A	G	0	0	0	5	0	36	1	5	0.00793651	TRUE	NA	NA	NA	NA	NA	NA
NC_045512.2	28681	G	T	14	2	45	28	11	46	0.666667	42	5.18616e-12	TRUE	NA	NA	NA	NA	NA	NA
NC_045512.2	28721	A	G	43	17	37	1	1	27	0.0227273	44	0.505747	FALSE	NA	NA	NA	NA	NA	NA
NC_045512.2	28724	C	T	42	16	38	1	0	39	0.0232558	43	0.505882	FALSE	NA	NA	NA	NA	NA	NA
NC_045512.2	28759	T	C	49	42	42	1	1	78	0.02	50	0.505051	FALSE	NA	NA	NA	NA	NA	NA
NC_045512.2	28883	G	C	0	0	0	1	0	39	1	1	1	FALSE	NA	NA	NA	NA	NA	NA
NC_045512.2	29298	A	G	19	1	42	1	0	28	0.05	20	0.512821	FALSE	NA	NA	NA	NA	NA	NA
NC_045512.2	29592	C	T	8	0	42	1	0	39	0.111111	9	0.529412	FALSE	NA	NA	NA	NA	NA	NA
