REGION	POS	REF	ALT	REF_DP	REF_RV	REF_QUAL	ALT_DP	ALT_RV	ALT_QUAL	ALT_FREQ	TOTAL_DP	PVAL	PASS	GFF_FEATURE	REF_CODON	REF_AA	ALT_CODON	ALT_AA	POS_AA
NC_045512.2	3258	A	T	42	16	44	1	0	39	0.0232558	43	0.505882	FALSE	NA	NA	NA	NA	NA	NA
NC_045512.2	4184	G	A	0	0	0	4	1	48	1	4	0.0285714	FALSE	NA	NA	NA	NA	NA	NA
NC_045512.2	4841	G	T	113	86	39	14	4	38	0.110236	127	4.42374e-05	TRUE	NA	NA	NA	NA	NA	NA
NC_045512.2	6070	C	A	29	16	40	7	7	44	0.194444	36	0.00627697	TRUE	NA	NA	NA	NA	NA	NA
NC_045512.2	9344	C	T	0	0	0	1	0	39	1	1	1	FALSE	NA	NA	NA	NA	NA	NA
NC_045512.2	10340	C	T	147	135	42	1	1	39	0.00675676	148	0.501695	FALSE	NA	NA	NA	NA	NA	NA
NC_045512.2	11502	G	T	27	3	39	1	0	33	0.0357143	28	0.509091	FALSE	NA	NA	NA	NA	NA	NA
NC_045512.2	12100	C	T	27	0	43	3	0	39	0.1	30	0.124888	FALSE	NA	NA	NA	NA	NA	NA
NC_045512.2	12160	G	A	0	0	0	5	1	36	1	5	0.00793651	TRUE	NA	NA	NA	NA	NA	NA
NC_045512.2	14257	T	C	5	3	54	2	1	39	0.285714	7	0.269231	FALSE	NA	NA	NA	NA	NA	NA
NC_045512.2	15229	G	A	9	9	37	2	2	38	0.181818	11	0.261905	FALSE	NA	NA	NA	NA	NA	NA
NC_045512.2	15714	C	T	0	0	0	61	31	40	1	61	5.21795e-36	TRUE	NA	NA	NA	NA	NA	NA
NC_045512.2	15792	A	T	446	423	42	1	1	38	0.00223714	447	0.50056	FALSE	NA	NA	NA	NA	NA	NA
NC_045512.2	16935	G	A	4	3	46	7	6	38	0.636364	11	0.00283798	TRUE	NA	NA	NA	NA	NA	NA
NC_045512.2	16945	G	T	35	29	44	12	11	42	0.255319	47	0.000125429	TRUE	NA	NA	NA	NA	NA	NA
NC_045512.2	21770	G	A	0	0	0	7	7	37	1	7	0.000582751	TRUE	NA	NA	NA	NA	NA	NA
NC_045512.2	23403	A	G	0	0	0	7	4	38	1	7	0.000582751	TRUE	NA	NA	NA	NA	NA	NA
NC_045512.2	24933	G	T	2	2	39	2	1	39	0.5	4	0.285714	FALSE	NA	NA	NA	NA	NA	NA
NC_045512.2	25791	C	T	34	1	40	1	0	39	0.0285714	35	0.507246	FALSE	NA	NA	NA	NA	NA	NA
NC_045512.2	27807	C	T	0	0	0	1	1	39	1	1	1	FALSE	NA	NA	NA	NA	NA	NA
NC_045512.2	27889	C	T	10	6	40	14	13	41	0.583333	24	5.74065e-06	TRUE	NA	NA	NA	NA	NA	NA
NC_045512.2	27893	C	T	17	14	40	4	3	38	0.190476	21	0.0590994	FALSE	NA	NA	NA	NA	NA	NA
NC_045512.2	28271	A	T	0	0	0	109	109	38	1	109	8.79584e-65	TRUE	NA	NA	NA	NA	NA	NA
NC_045512.2	28363	A	T	0	0	0	7	0	35	1	7	0.000582751	TRUE	NA	NA	NA	NA	NA	NA
NC_045512.2	28681	G	T	67	17	42	89	14	40	0.570513	156	3.40694e-35	TRUE	NA	NA	NA	NA	NA	NA
NC_045512.2	28708	C	T	115	64	39	3	0	39	0.0254237	118	0.124993	FALSE	NA	NA	NA	NA	NA	NA
NC_045512.2	28724	C	T	155	75	39	11	8	37	0.0662651	166	0.000425593	TRUE	NA	NA	NA	NA	NA	NA
NC_045512.2	28883	G	C	0	0	0	1	0	35	1	1	1	FALSE	NA	NA	NA	NA	NA	NA
