REGION	POS	REF	ALT	REF_DP	REF_RV	REF_QUAL	ALT_DP	ALT_RV	ALT_QUAL	ALT_FREQ	TOTAL_DP	PVAL	PASS	GFF_FEATURE	REF_CODON	REF_AA	ALT_CODON	ALT_AA	POS_AA
NC_045512.2	241	C	T	0	0	0	1	1	34	1	1	1	FALSE	NA	NA	NA	NA	NA	NA
NC_045512.2	890	G	T	18	18	32	1	1	26	0.0526316	19	0.513514	FALSE	NA	NA	NA	NA	NA	NA
NC_045512.2	4913	G	T	4	2	34	1	0	34	0.2	5	0.555556	FALSE	NA	NA	NA	NA	NA	NA
NC_045512.2	8253	T	A	43	5	33	1	0	34	0.0227273	44	0.505747	FALSE	NA	NA	NA	NA	NA	NA
NC_045512.2	9534	C	T	0	0	0	1	1	34	1	1	1	FALSE	NA	NA	NA	NA	NA	NA
NC_045512.2	13642	T	C	313	154	42	1	0	34	0.00318471	314	0.500797	FALSE	NA	NA	NA	NA	NA	NA
NC_045512.2	16194	T	C	174	79	36	1	1	34	0.00571429	175	0.501433	FALSE	NA	NA	NA	NA	NA	NA
NC_045512.2	16275	A	T	157	157	33	1	1	34	0.00632911	158	0.501587	FALSE	NA	NA	NA	NA	NA	NA
NC_045512.2	16816	C	G	116	34	40	1	0	26	0.00854701	117	0.753219	FALSE	NA	NA	NA	NA	NA	NA
NC_045512.2	16847	A	T	78	56	35	1	1	34	0.0126582	79	0.503185	FALSE	NA	NA	NA	NA	NA	NA
NC_045512.2	17137	T	A	66	12	34	1	0	26	0.0149254	67	0.503759	FALSE	NA	NA	NA	NA	NA	NA
NC_045512.2	17410	C	T	0	0	0	16	16	33	1	16	3.32734e-09	TRUE	NA	NA	NA	NA	NA	NA
NC_045512.2	17677	A	T	383	128	36	1	0	26	0.00260417	384	0.938313	FALSE	NA	NA	NA	NA	NA	NA
NC_045512.2	18262	A	G	2	0	30	1	0	34	0.333333	3	0.6	FALSE	NA	NA	NA	NA	NA	NA
NC_045512.2	18333	A	T	7	1	31	1	0	26	0.125	8	0.533333	FALSE	NA	NA	NA	NA	NA	NA
NC_045512.2	18703	G	T	0	0	0	59	59	33	1	59	8.21129e-35	TRUE	NA	NA	NA	NA	NA	NA
NC_045512.2	19595	T	A	61	33	38	1	1	26	0.016129	62	0.504065	FALSE	NA	NA	NA	NA	NA	NA
NC_045512.2	21463	G	T	24	0	34	1	0	34	0.04	25	0.510204	FALSE	NA	NA	NA	NA	NA	NA
NC_045512.2	22000	C	A	0	0	0	2	0	34	1	2	0.333333	FALSE	NA	NA	NA	NA	NA	NA
NC_045512.2	22101	A	T	3	3	34	3	3	31	0.5	6	0.121212	FALSE	NA	NA	NA	NA	NA	NA
NC_045512.2	22109	C	G	0	0	0	2	2	34	1	2	0.333333	FALSE	NA	NA	NA	NA	NA	NA
NC_045512.2	22361	G	T	4	2	34	1	1	34	0.2	5	0.555556	FALSE	NA	NA	NA	NA	NA	NA
NC_045512.2	22942	T	G	0	0	0	3	2	34	1	3	0.1	FALSE	NA	NA	NA	NA	NA	NA
NC_045512.2	26577	C	G	0	0	0	14	14	34	1	14	4.98547e-08	TRUE	NA	NA	NA	NA	NA	NA
NC_045512.2	26858	C	T	0	0	0	6	6	32	1	6	0.0021645	TRUE	NA	NA	NA	NA	NA	NA
NC_045512.2	27165	G	T	4	4	34	1	0	34	0.2	5	0.555556	FALSE	NA	NA	NA	NA	NA	NA
NC_045512.2	27384	T	C	0	0	0	2	0	34	1	2	0.333333	FALSE	NA	NA	NA	NA	NA	NA
NC_045512.2	27807	C	T	0	0	0	50	50	33	1	50	1.98233e-29	TRUE	NA	NA	NA	NA	NA	NA
NC_045512.2	28615	A	G	40	0	34	1	0	26	0.0243902	41	0.506173	FALSE	NA	NA	NA	NA	NA	NA
NC_045512.2	29386	C	T	16	8	38	13	10	34	0.448276	29	2.77188e-05	TRUE	NA	NA	NA	NA	NA	NA
