REGION	POS	REF	ALT	REF_DP	REF_RV	REF_QUAL	ALT_DP	ALT_RV	ALT_QUAL	ALT_FREQ	TOTAL_DP	PVAL	PASS	GFF_FEATURE	REF_CODON	REF_AA	ALT_CODON	ALT_AA	POS_AA
NC_045512.2	3867	A	G	190	42	41	1	0	39	0.0052356	191	0.501312	FALSE	NA	NA	NA	NA	NA	NA
NC_045512.2	15714	C	T	0	0	0	29	16	40	1	29	6.65175e-17	TRUE	NA	NA	NA	NA	NA	NA
NC_045512.2	16892	T	G	80	17	41	1	0	39	0.0123457	81	0.503106	FALSE	NA	NA	NA	NA	NA	NA
NC_045512.2	16903	G	T	51	14	40	2	0	39	0.0377358	53	0.252381	FALSE	NA	NA	NA	NA	NA	NA
NC_045512.2	17410	C	T	0	0	0	2	1	39	1	2	0.333333	FALSE	NA	NA	NA	NA	NA	NA
NC_045512.2	18999	A	G	3	0	39	1	0	38	0.25	4	0.571429	FALSE	NA	NA	NA	NA	NA	NA
NC_045512.2	19013	A	T	31	0	40	1	0	39	0.03125	32	0.507937	FALSE	NA	NA	NA	NA	NA	NA
NC_045512.2	19031	A	G	42	4	40	1	0	38	0.0232558	43	0.505882	FALSE	NA	NA	NA	NA	NA	NA
NC_045512.2	20249	A	G	23	1	45	1	0	39	0.0416667	24	0.510638	FALSE	NA	NA	NA	NA	NA	NA
NC_045512.2	23403	A	G	0	0	0	8	4	37	1	8	0.0001554	TRUE	NA	NA	NA	NA	NA	NA
NC_045512.2	25584	C	T	0	0	0	5	5	36	1	5	0.00793651	TRUE	NA	NA	NA	NA	NA	NA
NC_045512.2	27382	G	C	0	0	0	1	0	37	1	1	1	FALSE	NA	NA	NA	NA	NA	NA
NC_045512.2	27384	T	C	0	0	0	17	5	38	1	17	8.57043e-10	TRUE	NA	NA	NA	NA	NA	NA
NC_045512.2	27867	A	C	216	45	44	1	0	36	0.00460829	217	0.501155	FALSE	NA	NA	NA	NA	NA	NA
NC_045512.2	28271	A	T	0	0	0	4	4	39	1	4	0.0285714	FALSE	NA	NA	NA	NA	NA	NA
NC_045512.2	28311	C	T	0	0	0	1	0	39	1	1	1	FALSE	NA	NA	NA	NA	NA	NA
NC_045512.2	28363	A	T	0	0	0	20	0	37	1	20	1.45089e-11	TRUE	NA	NA	NA	NA	NA	NA
NC_045512.2	28391	C	T	81	53	45	2	2	38	0.0240964	83	0.251515	FALSE	NA	NA	NA	NA	NA	NA
NC_045512.2	29868	G	A	0	0	0	1	0	24	1	1	1	FALSE	NA	NA	NA	NA	NA	NA
NC_045512.2	29898	A	T	11702	1114	35	1	0	25	8.54482e-05	11703	1	FALSE	NA	NA	NA	NA	NA	NA
