REGION	POS	REF	ALT	REF_DP	REF_RV	REF_QUAL	ALT_DP	ALT_RV	ALT_QUAL	ALT_FREQ	TOTAL_DP	PVAL	PASS	GFF_FEATURE	REF_CODON	REF_AA	ALT_CODON	ALT_AA	POS_AA
NC_045512.2	15714	C	T	0	0	0	2	1	39	1	2	0.333333	FALSE	NA	NA	NA	NA	NA	NA
NC_045512.2	15781	A	C	22	19	44	1	1	39	0.0434783	23	0.511111	FALSE	NA	NA	NA	NA	NA	NA
NC_045512.2	23403	A	G	0	0	0	2	0	37	1	2	0.333333	FALSE	NA	NA	NA	NA	NA	NA
NC_045512.2	28271	A	T	0	0	0	16	16	39	1	16	3.32734e-09	TRUE	NA	NA	NA	NA	NA	NA
NC_045512.2	28681	G	T	26	8	46	1	1	39	0.037037	27	0.509434	FALSE	NA	NA	NA	NA	NA	NA
NC_045512.2	29266	G	T	1	0	38	2	1	38	0.666667	3	0.3	FALSE	NA	NA	NA	NA	NA	NA
