REGION	POS	REF	ALT	REF_DP	REF_RV	REF_QUAL	ALT_DP	ALT_RV	ALT_QUAL	ALT_FREQ	TOTAL_DP	PVAL	PASS	GFF_FEATURE	REF_CODON	REF_AA	ALT_CODON	ALT_AA	POS_AA
NC_045512.2	23371	T	A	45	7	36	1	0	26	0.0217391	46	0.505495	FALSE	NA	NA	NA	NA	NA	NA
NC_045512.2	23403	A	G	0	0	0	7	6	34	1	7	0.000582751	TRUE	NA	NA	NA	NA	NA	NA
NC_045512.2	23490	T	G	117	111	35	1	1	34	0.00847458	118	0.502128	FALSE	NA	NA	NA	NA	NA	NA
NC_045512.2	28312	C	T	0	0	0	8	0	34	1	8	0.0001554	TRUE	NA	NA	NA	NA	NA	NA
NC_045512.2	28664	A	T	66	6	33	1	0	26	0.0149254	67	0.503759	FALSE	NA	NA	NA	NA	NA	NA
NC_045512.2	28681	G	T	2	0	34	6	4	32	0.75	8	0.00559441	TRUE	NA	NA	NA	NA	NA	NA
NC_045512.2	28708	C	T	7	2	34	1	0	34	0.125	8	0.533333	FALSE	NA	NA	NA	NA	NA	NA
NC_045512.2	29866	A	+AC	1	0	34	1	0	20	1	1	1	FALSE	NA	NA	NA	NA	NA	NA
