REGION	POS	REF	ALT	REF_DP	REF_RV	REF_QUAL	ALT_DP	ALT_RV	ALT_QUAL	ALT_FREQ	TOTAL_DP	PVAL	PASS	GFF_FEATURE	REF_CODON	REF_AA	ALT_CODON	ALT_AA	POS_AA
NC_045512.2	241	C	T	0	0	0	1	0	34	1	1	1	FALSE	NA	NA	NA	NA	NA	NA
NC_045512.2	11956	C	T	1	0	34	1	0	34	0.5	2	0.666667	FALSE	NA	NA	NA	NA	NA	NA
NC_045512.2	13659	G	T	65	48	36	1	1	26	0.0151515	66	0.503817	FALSE	NA	NA	NA	NA	NA	NA
NC_045512.2	16878	A	T	0	0	0	1	1	34	1	1	1	FALSE	NA	NA	NA	NA	NA	NA
NC_045512.2	19326	A	G	0	0	0	2	1	30	1	2	0.333333	FALSE	NA	NA	NA	NA	NA	NA
NC_045512.2	21198	T	A	23	14	33	1	0	34	0.0416667	24	0.510638	FALSE	NA	NA	NA	NA	NA	NA
NC_045512.2	21546	T	C	20	16	37	1	1	34	0.047619	21	0.512195	FALSE	NA	NA	NA	NA	NA	NA
NC_045512.2	22033	C	A	16	3	36	1	0	34	0.0588235	17	0.515152	FALSE	NA	NA	NA	NA	NA	NA
NC_045512.2	22109	C	G	0	0	0	9	9	34	1	9	4.11353e-05	TRUE	NA	NA	NA	NA	NA	NA
NC_045512.2	22317	G	T	0	0	0	2	0	34	1	2	0.333333	FALSE	NA	NA	NA	NA	NA	NA
NC_045512.2	25584	C	T	0	0	0	2	2	30	1	2	0.333333	FALSE	NA	NA	NA	NA	NA	NA
NC_045512.2	26270	C	T	0	0	0	1	0	34	1	1	1	FALSE	NA	NA	NA	NA	NA	NA
NC_045512.2	26577	C	G	0	0	0	12	11	34	1	12	7.39602e-07	TRUE	NA	NA	NA	NA	NA	NA
NC_045512.2	26805	T	A	38	26	35	1	1	34	0.025641	39	0.506494	FALSE	NA	NA	NA	NA	NA	NA
NC_045512.2	26814	G	T	45	29	35	1	1	26	0.0217391	46	0.505495	FALSE	NA	NA	NA	NA	NA	NA
NC_045512.2	26858	C	T	0	0	0	11	11	34	1	11	2.83514e-06	TRUE	NA	NA	NA	NA	NA	NA
NC_045512.2	27332	T	C	0	0	0	1	0	26	1	1	1	FALSE	NA	NA	NA	NA	NA	NA
NC_045512.2	27807	C	T	0	0	0	29	29	34	1	29	6.65175e-17	TRUE	NA	NA	NA	NA	NA	NA
NC_045512.2	29666	C	T	67	28	39	3	0	31	0.0428571	70	0.12498	FALSE	NA	NA	NA	NA	NA	NA
