REGION	POS	REF	ALT	REF_DP	REF_RV	REF_QUAL	ALT_DP	ALT_RV	ALT_QUAL	ALT_FREQ	TOTAL_DP	PVAL	PASS	GFF_FEATURE	REF_CODON	REF_AA	ALT_CODON	ALT_AA	POS_AA
NC_045512.2	3604	C	T	1	0	39	1	1	39	0.5	2	0.666667	FALSE	NA	NA	NA	NA	NA	NA
NC_045512.2	10358	A	G	24	24	38	1	1	39	0.04	25	0.510204	FALSE	NA	NA	NA	NA	NA	NA
NC_045512.2	12160	G	A	0	0	0	2	2	39	1	2	0.333333	FALSE	NA	NA	NA	NA	NA	NA
NC_045512.2	14007	A	G	22	22	38	1	1	33	0.0434783	23	0.511111	FALSE	NA	NA	NA	NA	NA	NA
NC_045512.2	15668	A	G	61	0	35	1	0	39	0.016129	62	0.504065	FALSE	NA	NA	NA	NA	NA	NA
NC_045512.2	15714	C	T	0	0	0	31	19	40	1	31	4.29712e-18	TRUE	NA	NA	NA	NA	NA	NA
NC_045512.2	16362	C	T	12	12	41	1	1	39	0.0769231	13	0.52	FALSE	NA	NA	NA	NA	NA	NA
NC_045512.2	17410	C	T	0	0	0	1	1	39	1	1	1	FALSE	NA	NA	NA	NA	NA	NA
NC_045512.2	17852	C	G	1	1	38	1	1	37	0.5	2	0.666667	FALSE	NA	NA	NA	NA	NA	NA
NC_045512.2	18744	C	T	0	0	0	1	1	39	1	1	1	FALSE	NA	NA	NA	NA	NA	NA
NC_045512.2	21770	G	A	0	0	0	2	2	33	1	2	0.333333	FALSE	NA	NA	NA	NA	NA	NA
NC_045512.2	23403	A	G	0	0	0	9	3	47	1	9	4.11353e-05	TRUE	NA	NA	NA	NA	NA	NA
NC_045512.2	25584	C	T	0	0	0	1	1	32	1	1	1	FALSE	NA	NA	NA	NA	NA	NA
NC_045512.2	25916	C	T	3	3	39	1	1	37	0.25	4	0.571429	FALSE	NA	NA	NA	NA	NA	NA
NC_045512.2	27839	T	C	117	4	41	1	0	39	0.00847458	118	0.502128	FALSE	NA	NA	NA	NA	NA	NA
NC_045512.2	27889	C	T	0	0	0	100	76	40	1	100	2.20876e-59	TRUE	NA	NA	NA	NA	NA	NA
NC_045512.2	28254	A	C	110	101	43	2	2	39	0.0178571	112	0.251121	FALSE	NA	NA	NA	NA	NA	NA
NC_045512.2	28271	A	T	0	0	0	75	75	38	1	75	2.15457e-44	TRUE	NA	NA	NA	NA	NA	NA
NC_045512.2	28330	A	G	0	0	0	4	0	37	1	4	0.0285714	FALSE	NA	NA	NA	NA	NA	NA
NC_045512.2	28363	A	T	0	0	0	11	0	37	1	11	2.83514e-06	TRUE	NA	NA	NA	NA	NA	NA
NC_045512.2	28370	A	G	0	0	0	4	0	39	1	4	0.0285714	FALSE	NA	NA	NA	NA	NA	NA
NC_045512.2	28744	C	T	46	32	41	1	1	39	0.0212766	47	0.505376	FALSE	NA	NA	NA	NA	NA	NA
NC_045512.2	28775	C	T	33	33	37	1	1	38	0.0294118	34	0.507463	FALSE	NA	NA	NA	NA	NA	NA
NC_045512.2	29510	A	C	0	0	0	1	1	38	1	1	1	FALSE	NA	NA	NA	NA	NA	NA
NC_045512.2	29868	G	A	0	0	0	1	0	31	1	1	1	FALSE	NA	NA	NA	NA	NA	NA
