REGION	POS	REF	ALT	REF_DP	REF_RV	REF_QUAL	ALT_DP	ALT_RV	ALT_QUAL	ALT_FREQ	TOTAL_DP	PVAL	PASS	GFF_FEATURE	REF_CODON	REF_AA	ALT_CODON	ALT_AA	POS_AA
NC_045512.2	9611	C	T	10	0	38	4	0	39	0.285714	14	0.057037	FALSE	NA	NA	NA	NA	NA	NA
NC_045512.2	11584	T	C	5	5	38	1	1	39	0.166667	6	0.545455	FALSE	NA	NA	NA	NA	NA	NA
NC_045512.2	12160	G	A	0	0	0	7	6	38	1	7	0.000582751	TRUE	NA	NA	NA	NA	NA	NA
NC_045512.2	14257	T	C	9	6	43	1	1	39	0.1	10	0.526316	FALSE	NA	NA	NA	NA	NA	NA
NC_045512.2	14479	C	A	8	0	38	2	0	38	0.2	10	0.263158	FALSE	NA	NA	NA	NA	NA	NA
NC_045512.2	15714	C	T	0	0	0	12	9	41	1	12	7.39602e-07	TRUE	NA	NA	NA	NA	NA	NA
NC_045512.2	15802	T	C	39	39	39	1	1	39	0.025	40	0.506329	FALSE	NA	NA	NA	NA	NA	NA
NC_045512.2	16931	T	C	27	17	44	1	1	37	0.0357143	28	0.509091	FALSE	NA	NA	NA	NA	NA	NA
NC_045512.2	16961	C	A	43	39	44	1	1	39	0.0227273	44	0.505747	FALSE	NA	NA	NA	NA	NA	NA
NC_045512.2	17189	G	A	7	2	38	1	1	35	0.125	8	0.533333	FALSE	NA	NA	NA	NA	NA	NA
NC_045512.2	17815	G	T	2	0	53	1	1	38	0.333333	3	0.6	FALSE	NA	NA	NA	NA	NA	NA
NC_045512.2	19088	T	A	16	5	40	1	0	38	0.0588235	17	0.515152	FALSE	NA	NA	NA	NA	NA	NA
NC_045512.2	19770	T	C	2	2	39	2	2	33	0.5	4	0.285714	FALSE	NA	NA	NA	NA	NA	NA
NC_045512.2	21770	G	A	0	0	0	1	1	38	1	1	1	FALSE	NA	NA	NA	NA	NA	NA
NC_045512.2	23403	A	G	0	0	0	5	1	37	1	5	0.00793651	TRUE	NA	NA	NA	NA	NA	NA
NC_045512.2	25584	C	T	0	0	0	1	1	38	1	1	1	FALSE	NA	NA	NA	NA	NA	NA
NC_045512.2	25862	G	A	17	9	43	1	1	33	0.0555556	18	0.514286	FALSE	NA	NA	NA	NA	NA	NA
NC_045512.2	27301	A	G	43	2	41	1	0	36	0.0227273	44	0.505747	FALSE	NA	NA	NA	NA	NA	NA
NC_045512.2	27807	C	T	0	0	0	1	1	39	1	1	1	FALSE	NA	NA	NA	NA	NA	NA
NC_045512.2	27889	C	T	0	0	0	42	37	39	1	42	1.19125e-24	TRUE	NA	NA	NA	NA	NA	NA
NC_045512.2	27942	C	T	51	41	43	1	1	29	0.0192308	52	0.504854	FALSE	NA	NA	NA	NA	NA	NA
NC_045512.2	28254	A	T	50	49	41	1	0	39	0.0196078	51	0.50495	FALSE	NA	NA	NA	NA	NA	NA
NC_045512.2	28271	A	T	0	0	0	30	30	38	1	30	1.69112e-17	TRUE	NA	NA	NA	NA	NA	NA
NC_045512.2	28330	A	G	1	1	38	1	0	38	0.5	2	0.666667	FALSE	NA	NA	NA	NA	NA	NA
NC_045512.2	28363	A	T	0	0	0	6	0	35	1	6	0.0021645	TRUE	NA	NA	NA	NA	NA	NA
NC_045512.2	28370	A	G	0	0	0	3	0	39	1	3	0.1	FALSE	NA	NA	NA	NA	NA	NA
NC_045512.2	28681	G	T	26	9	45	5	1	45	0.16129	31	0.0285606	FALSE	NA	NA	NA	NA	NA	NA
NC_045512.2	28731	A	T	29	10	40	1	0	39	0.0333333	30	0.508475	FALSE	NA	NA	NA	NA	NA	NA
NC_045512.2	29128	T	C	0	0	0	1	0	39	1	1	1	FALSE	NA	NA	NA	NA	NA	NA
