REGION	POS	REF	ALT	REF_DP	REF_RV	REF_QUAL	ALT_DP	ALT_RV	ALT_QUAL	ALT_FREQ	TOTAL_DP	PVAL	PASS	GFF_FEATURE	REF_CODON	REF_AA	ALT_CODON	ALT_AA	POS_AA
NC_045512.2	15738	C	A	0	0	0	1	0	27	1	1	1	FALSE	NA	NA	NA	NA	NA	NA
NC_045512.2	22674	C	T	0	0	0	1	1	38	1	1	1	FALSE	NA	NA	NA	NA	NA	NA
NC_045512.2	23403	A	G	0	0	0	2	1	39	1	2	0.333333	FALSE	NA	NA	NA	NA	NA	NA
NC_045512.2	25584	C	T	0	0	0	4	4	36	1	4	0.0285714	FALSE	NA	NA	NA	NA	NA	NA
NC_045512.2	27356	T	C	23	11	38	1	1	39	0.0416667	24	0.510638	FALSE	NA	NA	NA	NA	NA	NA
NC_045512.2	27390	G	T	2	2	38	12	11	39	0.857143	14	5.23474e-06	TRUE	NA	NA	NA	NA	NA	NA
NC_045512.2	27889	C	T	0	0	0	155	126	40	1	155	2.11749e-92	TRUE	NA	NA	NA	NA	NA	NA
NC_045512.2	28271	A	T	0	0	0	9	9	38	1	9	4.11353e-05	TRUE	NA	NA	NA	NA	NA	NA
NC_045512.2	28330	A	G	0	0	0	1	0	38	1	1	1	FALSE	NA	NA	NA	NA	NA	NA
NC_045512.2	28363	A	T	0	0	0	9	0	35	1	9	4.11353e-05	TRUE	NA	NA	NA	NA	NA	NA
NC_045512.2	28370	A	G	0	0	0	2	0	38	1	2	0.333333	FALSE	NA	NA	NA	NA	NA	NA
