REGION	POS	REF	ALT	REF_DP	REF_RV	REF_QUAL	ALT_DP	ALT_RV	ALT_QUAL	ALT_FREQ	TOTAL_DP	PVAL	PASS	GFF_FEATURE	REF_CODON	REF_AA	ALT_CODON	ALT_AA	POS_AA
NC_045512.2	5720	G	A	30	6	44	21	0	38	0.411765	51	4.44005e-08	TRUE	NA	NA	NA	NA	NA	NA
NC_045512.2	8004	T	G	0	0	0	1	0	39	1	1	1	FALSE	NA	NA	NA	NA	NA	NA
NC_045512.2	9693	C	T	7	5	38	6	2	45	0.461538	13	0.00968944	TRUE	NA	NA	NA	NA	NA	NA
NC_045512.2	12730	T	A	5	3	36	2	1	39	0.285714	7	0.269231	FALSE	NA	NA	NA	NA	NA	NA
NC_045512.2	12970	C	T	65	0	39	1	0	39	0.0151515	66	0.503817	FALSE	NA	NA	NA	NA	NA	NA
NC_045512.2	12975	T	C	210	1	39	1	0	37	0.00473934	211	0.501188	FALSE	NA	NA	NA	NA	NA	NA
NC_045512.2	13002	T	C	282	25	41	1	0	39	0.00353357	283	0.500885	FALSE	NA	NA	NA	NA	NA	NA
NC_045512.2	13064	T	C	209	143	41	1	1	37	0.0047619	210	0.501193	FALSE	NA	NA	NA	NA	NA	NA
NC_045512.2	15714	C	T	0	0	0	21	4	38	1	21	3.71569e-12	TRUE	NA	NA	NA	NA	NA	NA
NC_045512.2	15738	C	T	0	0	0	71	11	38	1	71	5.3671e-42	TRUE	NA	NA	NA	NA	NA	NA
NC_045512.2	16342	T	C	0	0	0	15	13	41	1	15	1.28935e-08	TRUE	NA	NA	NA	NA	NA	NA
NC_045512.2	16878	A	T	8	1	38	1	1	39	0.111111	9	0.529412	FALSE	NA	NA	NA	NA	NA	NA
NC_045512.2	17410	C	T	0	0	0	2	2	39	1	2	0.333333	FALSE	NA	NA	NA	NA	NA	NA
NC_045512.2	17468	T	C	14	0	39	1	0	33	0.0666667	15	0.517241	FALSE	NA	NA	NA	NA	NA	NA
NC_045512.2	17859	T	C	0	0	0	3	3	38	1	3	0.1	FALSE	NA	NA	NA	NA	NA	NA
NC_045512.2	21718	G	T	5	2	38	4	2	39	0.444444	9	0.0529412	FALSE	NA	NA	NA	NA	NA	NA
NC_045512.2	22109	C	G	0	0	0	3	3	38	1	3	0.1	FALSE	NA	NA	NA	NA	NA	NA
NC_045512.2	22113	G	T	2	2	39	1	1	39	0.333333	3	0.6	FALSE	NA	NA	NA	NA	NA	NA
NC_045512.2	23202	C	T	15	14	41	2	2	39	0.117647	17	0.257576	FALSE	NA	NA	NA	NA	NA	NA
NC_045512.2	23222	G	C	2	2	39	1	1	34	0.333333	3	0.6	FALSE	NA	NA	NA	NA	NA	NA
NC_045512.2	23403	A	G	0	0	0	14	2	38	1	14	4.98547e-08	TRUE	NA	NA	NA	NA	NA	NA
NC_045512.2	27384	T	C	0	0	0	3	2	38	1	3	0.1	FALSE	NA	NA	NA	NA	NA	NA
NC_045512.2	27915	G	T	0	0	0	22	20	38	1	22	9.50526e-13	TRUE	NA	NA	NA	NA	NA	NA
NC_045512.2	28271	A	T	0	0	0	143	143	38	1	143	3.41251e-85	TRUE	NA	NA	NA	NA	NA	NA
NC_045512.2	28363	A	T	0	0	0	5	0	35	1	5	0.00793651	TRUE	NA	NA	NA	NA	NA	NA
NC_045512.2	28447	A	G	4	3	48	2	2	39	0.333333	6	0.272727	FALSE	NA	NA	NA	NA	NA	NA
NC_045512.2	29284	C	T	163	3	40	1	0	37	0.00609756	164	0.501529	FALSE	NA	NA	NA	NA	NA	NA
NC_045512.2	29299	A	G	160	17	42	1	0	39	0.00621118	161	0.501558	FALSE	NA	NA	NA	NA	NA	NA
