REGION	POS	REF	ALT	REF_DP	REF_RV	REF_QUAL	ALT_DP	ALT_RV	ALT_QUAL	ALT_FREQ	TOTAL_DP	PVAL	PASS	GFF_FEATURE	REF_CODON	REF_AA	ALT_CODON	ALT_AA	POS_AA
NC_045512.2	3573	G	A	18	3	47	1	0	37	0.0526316	19	0.513514	FALSE	NA	NA	NA	NA	NA	NA
NC_045512.2	4184	G	A	0	0	0	1	0	37	1	1	1	FALSE	NA	NA	NA	NA	NA	NA
NC_045512.2	5375	G	A	12	0	38	2	0	39	0.142857	14	0.259259	FALSE	NA	NA	NA	NA	NA	NA
NC_045512.2	9627	C	+T	83	15	51	2	0	20	0.0240964	83	0.257557	FALSE	NA	NA	NA	NA	NA	NA
NC_045512.2	9634	A	T	82	17	51	1	0	38	0.0120482	83	0.50303	FALSE	NA	NA	NA	NA	NA	NA
NC_045512.2	12160	G	A	13	7	41	2	1	39	0.133333	15	0.258621	FALSE	NA	NA	NA	NA	NA	NA
NC_045512.2	15714	C	T	0	0	0	60	33	40	1	60	2.07007e-35	TRUE	NA	NA	NA	NA	NA	NA
NC_045512.2	15774	C	T	342	275	40	1	1	39	0.00291545	343	0.50073	FALSE	NA	NA	NA	NA	NA	NA
NC_045512.2	15796	C	G	307	290	42	1	1	39	0.00324675	308	0.500813	FALSE	NA	NA	NA	NA	NA	NA
NC_045512.2	16872	A	G	83	36	38	1	1	39	0.0119048	84	0.502994	FALSE	NA	NA	NA	NA	NA	NA
NC_045512.2	16897	G	T	53	8	42	1	0	39	0.0185185	54	0.504673	FALSE	NA	NA	NA	NA	NA	NA
NC_045512.2	17574	T	C	7	6	43	1	1	39	0.125	8	0.533333	FALSE	NA	NA	NA	NA	NA	NA
NC_045512.2	21721	C	T	1	0	39	1	1	39	0.5	2	0.666667	FALSE	NA	NA	NA	NA	NA	NA
NC_045512.2	21770	G	A	2	2	39	2	2	37	0.5	4	0.285714	FALSE	NA	NA	NA	NA	NA	NA
NC_045512.2	23403	A	G	0	0	0	19	5	38	1	19	5.65847e-11	TRUE	NA	NA	NA	NA	NA	NA
NC_045512.2	24026	C	A	8	1	39	1	0	39	0.111111	9	0.529412	FALSE	NA	NA	NA	NA	NA	NA
NC_045512.2	27828	C	T	1	0	39	1	0	39	0.5	2	0.666667	FALSE	NA	NA	NA	NA	NA	NA
NC_045512.2	27889	C	T	11	9	41	2	2	39	0.153846	13	0.26	FALSE	NA	NA	NA	NA	NA	NA
NC_045512.2	28253	C	-A	161	154	41	2	0	20	0.0124224	161	0.506987	FALSE	NA	NA	NA	NA	NA	NA
NC_045512.2	28271	A	T	0	0	0	104	104	38	1	104	8.79842e-62	TRUE	NA	NA	NA	NA	NA	NA
NC_045512.2	28363	A	T	0	0	0	5	0	34	1	5	0.00793651	TRUE	NA	NA	NA	NA	NA	NA
NC_045512.2	28370	A	G	0	0	0	3	1	38	1	3	0.1	FALSE	NA	NA	NA	NA	NA	NA
NC_045512.2	28681	G	T	75	16	45	1	0	39	0.0131579	76	0.503311	FALSE	NA	NA	NA	NA	NA	NA
NC_045512.2	28708	C	T	45	23	39	3	1	39	0.0625	48	0.124958	FALSE	NA	NA	NA	NA	NA	NA
NC_045512.2	28724	C	T	56	22	38	4	1	39	0.0666667	60	0.0614092	FALSE	NA	NA	NA	NA	NA	NA
NC_045512.2	28731	A	T	53	12	39	1	0	39	0.0185185	54	0.504673	FALSE	NA	NA	NA	NA	NA	NA
NC_045512.2	28748	C	A	82	70	43	1	1	37	0.0120482	83	0.50303	FALSE	NA	NA	NA	NA	NA	NA
