REGION	POS	REF	ALT	REF_DP	REF_RV	REF_QUAL	ALT_DP	ALT_RV	ALT_QUAL	ALT_FREQ	TOTAL_DP	PVAL	PASS	GFF_FEATURE	REF_CODON	REF_AA	ALT_CODON	ALT_AA	POS_AA
NC_045512.2	241	C	T	0	0	0	1	0	34	1	1	1	FALSE	NA	NA	NA	NA	NA	NA
NC_045512.2	2112	T	A	26	14	36	1	1	34	0.037037	27	0.509434	FALSE	NA	NA	NA	NA	NA	NA
NC_045512.2	4855	A	T	7	0	32	1	0	26	0.125	8	0.533333	FALSE	NA	NA	NA	NA	NA	NA
NC_045512.2	4888	T	C	4	0	34	1	0	34	0.2	5	0.555556	FALSE	NA	NA	NA	NA	NA	NA
NC_045512.2	6952	T	A	17	0	34	1	0	26	0.0555556	18	0.514286	FALSE	NA	NA	NA	NA	NA	NA
NC_045512.2	7018	T	A	71	32	37	1	1	26	0.0138889	72	0.503497	FALSE	NA	NA	NA	NA	NA	NA
NC_045512.2	7027	G	A	57	45	34	1	0	26	0.0172414	58	0.504348	FALSE	NA	NA	NA	NA	NA	NA
NC_045512.2	10449	C	A	0	0	0	1	1	34	1	1	1	FALSE	NA	NA	NA	NA	NA	NA
NC_045512.2	10456	C	T	21	21	33	1	1	34	0.0454545	22	0.511628	FALSE	NA	NA	NA	NA	NA	NA
NC_045512.2	13616	A	C	59	9	34	1	0	26	0.0166667	60	0.504202	FALSE	NA	NA	NA	NA	NA	NA
NC_045512.2	13972	T	G	9	4	33	1	1	26	0.1	10	0.526316	FALSE	NA	NA	NA	NA	NA	NA
NC_045512.2	16164	T	G	36	15	35	1	0	27	0.027027	37	0.506849	FALSE	NA	NA	NA	NA	NA	NA
NC_045512.2	17119	C	T	29	4	42	12	0	34	0.292683	41	0.000111682	TRUE	NA	NA	NA	NA	NA	NA
NC_045512.2	17410	C	T	0	0	0	14	11	34	1	14	4.98547e-08	TRUE	NA	NA	NA	NA	NA	NA
NC_045512.2	17637	A	C	286	10	34	1	0	26	0.00348432	287	0.876308	FALSE	NA	NA	NA	NA	NA	NA
NC_045512.2	17649	C	A	218	32	35	1	0	26	0.00456621	219	0.876714	FALSE	NA	NA	NA	NA	NA	NA
NC_045512.2	17659	T	G	281	51	36	1	0	26	0.0035461	282	0.876331	FALSE	NA	NA	NA	NA	NA	NA
NC_045512.2	17724	A	T	352	330	35	1	1	34	0.00283286	353	0.500709	FALSE	NA	NA	NA	NA	NA	NA
NC_045512.2	17739	A	T	367	361	34	1	1	26	0.00271739	368	0.938349	FALSE	NA	NA	NA	NA	NA	NA
NC_045512.2	18686	G	T	173	146	36	1	1	26	0.00574713	174	0.752161	FALSE	NA	NA	NA	NA	NA	NA
NC_045512.2	18703	G	T	134	132	34	59	59	34	0.305699	193	1.0718e-20	TRUE	NA	NA	NA	NA	NA	NA
NC_045512.2	18725	A	C	64	64	34	1	1	26	0.0153846	65	0.503876	FALSE	NA	NA	NA	NA	NA	NA
NC_045512.2	19326	A	G	0	0	0	10	7	35	1	10	1.08251e-05	TRUE	NA	NA	NA	NA	NA	NA
NC_045512.2	21208	A	T	13	11	36	1	1	34	0.0714286	14	0.518519	FALSE	NA	NA	NA	NA	NA	NA
NC_045512.2	22108	A	T	0	0	0	1	1	34	1	1	1	FALSE	NA	NA	NA	NA	NA	NA
NC_045512.2	22109	C	G	0	0	0	1	1	34	1	1	1	FALSE	NA	NA	NA	NA	NA	NA
NC_045512.2	26577	C	G	0	0	0	10	10	32	1	10	1.08251e-05	TRUE	NA	NA	NA	NA	NA	NA
NC_045512.2	26858	C	T	0	0	0	3	3	31	1	3	0.1	FALSE	NA	NA	NA	NA	NA	NA
