REGION	POS	REF	ALT	REF_DP	REF_RV	REF_QUAL	ALT_DP	ALT_RV	ALT_QUAL	ALT_FREQ	TOTAL_DP	PVAL	PASS	GFF_FEATURE	REF_CODON	REF_AA	ALT_CODON	ALT_AA	POS_AA
NC_045512.2	1820	G	A	1	1	38	1	1	38	0.5	2	0.666667	FALSE	NA	NA	NA	NA	NA	NA
NC_045512.2	4184	G	A	0	0	0	1	0	39	1	1	1	FALSE	NA	NA	NA	NA	NA	NA
NC_045512.2	11195	C	T	25	10	42	1	0	39	0.0384615	26	0.509804	FALSE	NA	NA	NA	NA	NA	NA
NC_045512.2	12160	G	A	0	0	0	10	8	38	1	10	1.08251e-05	TRUE	NA	NA	NA	NA	NA	NA
NC_045512.2	12310	G	A	2	1	58	1	1	39	0.333333	3	0.6	FALSE	NA	NA	NA	NA	NA	NA
NC_045512.2	13003	A	G	46	3	39	1	0	37	0.0212766	47	0.505376	FALSE	NA	NA	NA	NA	NA	NA
NC_045512.2	15693	A	T	168	5	40	1	0	38	0.00591716	169	0.501484	FALSE	NA	NA	NA	NA	NA	NA
NC_045512.2	15714	C	T	0	0	0	32	16	41	1	32	1.09133e-18	TRUE	NA	NA	NA	NA	NA	NA
NC_045512.2	16293	C	T	29	10	45	3	2	38	0.09375	32	0.124902	FALSE	NA	NA	NA	NA	NA	NA
NC_045512.2	16616	C	A	10	6	37	1	0	39	0.0909091	11	0.52381	FALSE	NA	NA	NA	NA	NA	NA
NC_045512.2	16865	T	A	90	28	42	1	0	27	0.010989	91	0.502762	FALSE	NA	NA	NA	NA	NA	NA
NC_045512.2	20315	T	C	12	9	40	1	1	31	0.0769231	13	0.52	FALSE	NA	NA	NA	NA	NA	NA
NC_045512.2	21770	G	A	0	0	0	1	1	37	1	1	1	FALSE	NA	NA	NA	NA	NA	NA
NC_045512.2	22578	G	A	0	0	0	1	0	38	1	1	1	FALSE	NA	NA	NA	NA	NA	NA
NC_045512.2	23403	A	G	0	0	0	11	6	42	1	11	2.83514e-06	TRUE	NA	NA	NA	NA	NA	NA
NC_045512.2	25584	C	T	0	0	0	3	3	36	1	3	0.1	FALSE	NA	NA	NA	NA	NA	NA
NC_045512.2	27285	T	C	22	0	38	1	0	39	0.0434783	23	0.511111	FALSE	NA	NA	NA	NA	NA	NA
NC_045512.2	27846	T	C	112	5	40	1	0	39	0.00884956	113	0.502222	FALSE	NA	NA	NA	NA	NA	NA
NC_045512.2	27889	C	T	0	0	0	72	54	41	1	72	1.35116e-42	TRUE	NA	NA	NA	NA	NA	NA
NC_045512.2	28271	A	T	0	0	0	38	38	38	1	38	2.90165e-22	TRUE	NA	NA	NA	NA	NA	NA
NC_045512.2	28330	A	G	3	0	38	4	0	37	0.571429	7	0.048951	FALSE	NA	NA	NA	NA	NA	NA
NC_045512.2	28361	G	T	23	0	38	1	0	39	0.0416667	24	0.510638	FALSE	NA	NA	NA	NA	NA	NA
NC_045512.2	28363	A	T	0	0	0	10	0	37	1	10	1.08251e-05	TRUE	NA	NA	NA	NA	NA	NA
NC_045512.2	28370	A	G	0	0	0	1	1	38	1	1	1	FALSE	NA	NA	NA	NA	NA	NA
NC_045512.2	28654	A	G	84	5	41	1	0	33	0.0117647	85	0.502959	FALSE	NA	NA	NA	NA	NA	NA
NC_045512.2	28725	C	T	79	31	41	5	4	38	0.0595238	84	0.0302975	FALSE	NA	NA	NA	NA	NA	NA
