REGION	POS	REF	ALT	REF_DP	REF_RV	REF_QUAL	ALT_DP	ALT_RV	ALT_QUAL	ALT_FREQ	TOTAL_DP	PVAL	PASS	GFF_FEATURE	REF_CODON	REF_AA	ALT_CODON	ALT_AA	POS_AA
NC_045512.2	12121	A	G	1	0	37	2	0	36	0.666667	3	0.3	FALSE	NA	NA	NA	NA	NA	NA
NC_045512.2	15714	C	T	1	0	78	17	8	40	0.944444	18	3.96688e-09	TRUE	NA	NA	NA	NA	NA	NA
NC_045512.2	19053	T	C	64	15	39	1	0	37	0.0153846	65	0.503876	FALSE	NA	NA	NA	NA	NA	NA
NC_045512.2	27889	C	T	0	0	0	71	62	40	1	71	5.3671e-42	TRUE	NA	NA	NA	NA	NA	NA
NC_045512.2	28271	A	T	0	0	0	124	124	38	1	124	8.73604e-74	TRUE	NA	NA	NA	NA	NA	NA
NC_045512.2	28330	A	G	0	0	0	3	0	37	1	3	0.1	FALSE	NA	NA	NA	NA	NA	NA
NC_045512.2	28708	C	T	67	31	40	1	0	39	0.0147059	68	0.503704	FALSE	NA	NA	NA	NA	NA	NA
NC_045512.2	29656	T	A	29	14	38	1	1	38	0.0333333	30	0.508475	FALSE	NA	NA	NA	NA	NA	NA
