REGION	POS	REF	ALT	REF_DP	REF_RV	REF_QUAL	ALT_DP	ALT_RV	ALT_QUAL	ALT_FREQ	TOTAL_DP	PVAL	PASS	GFF_FEATURE	REF_CODON	REF_AA	ALT_CODON	ALT_AA	POS_AA
NC_045512.2	6156	A	C	14	14	33	1	1	26	0.0666667	15	0.517241	FALSE	NA	NA	NA	NA	NA	NA
NC_045512.2	6391	A	C	15	5	38	1	0	34	0.0625	16	0.516129	FALSE	NA	NA	NA	NA	NA	NA
NC_045512.2	10447	G	A	0	0	0	1	0	34	1	1	1	FALSE	NA	NA	NA	NA	NA	NA
NC_045512.2	11075	T	C	11	11	34	1	1	26	0.0833333	12	0.521739	FALSE	NA	NA	NA	NA	NA	NA
NC_045512.2	12376	T	C	7	7	34	1	1	34	0.125	8	0.533333	FALSE	NA	NA	NA	NA	NA	NA
NC_045512.2	12970	C	T	0	0	0	3	3	34	1	3	0.1	FALSE	NA	NA	NA	NA	NA	NA
NC_045512.2	14240	A	G	4	2	34	1	1	34	0.2	5	0.555556	FALSE	NA	NA	NA	NA	NA	NA
NC_045512.2	17410	C	T	6	5	34	10	10	33	0.625	16	0.000180555	TRUE	NA	NA	NA	NA	NA	NA
NC_045512.2	17676	C	T	400	126	34	6	4	31	0.0147783	406	0.0154512	FALSE	NA	NA	NA	NA	NA	NA
NC_045512.2	17684	A	G	243	82	33	1	0	26	0.00409836	244	0.876538	FALSE	NA	NA	NA	NA	NA	NA
NC_045512.2	17685	T	G	231	87	34	1	0	34	0.00431034	232	0.50108	FALSE	NA	NA	NA	NA	NA	NA
NC_045512.2	17712	A	C	641	536	37	2	2	30	0.00311042	643	0.250195	FALSE	NA	NA	NA	NA	NA	NA
NC_045512.2	17742	T	C	336	328	34	1	1	26	0.00296736	337	0.938427	FALSE	NA	NA	NA	NA	NA	NA
NC_045512.2	18639	A	T	116	21	35	1	0	34	0.00854701	117	0.502146	FALSE	NA	NA	NA	NA	NA	NA
NC_045512.2	18703	G	T	149	145	34	3	3	34	0.0197368	152	0.124996	FALSE	NA	NA	NA	NA	NA	NA
NC_045512.2	19326	A	G	0	0	0	8	7	42	1	8	0.0001554	TRUE	NA	NA	NA	NA	NA	NA
NC_045512.2	21718	G	T	0	0	0	1	0	34	1	1	1	FALSE	NA	NA	NA	NA	NA	NA
NC_045512.2	23240	C	A	29	9	36	1	0	34	0.0333333	30	0.508475	FALSE	NA	NA	NA	NA	NA	NA
NC_045512.2	23277	C	T	61	47	38	1	1	34	0.016129	62	0.504065	FALSE	NA	NA	NA	NA	NA	NA
NC_045512.2	25572	C	T	0	0	0	1	1	34	1	1	1	FALSE	NA	NA	NA	NA	NA	NA
NC_045512.2	26775	G	A	22	14	34	1	0	26	0.0434783	23	0.511111	FALSE	NA	NA	NA	NA	NA	NA
NC_045512.2	26858	C	T	0	0	0	2	2	34	1	2	0.333333	FALSE	NA	NA	NA	NA	NA	NA
NC_045512.2	27807	C	T	0	0	0	19	19	33	1	19	5.65847e-11	TRUE	NA	NA	NA	NA	NA	NA
