REGION	POS	REF	ALT	REF_DP	REF_RV	REF_QUAL	ALT_DP	ALT_RV	ALT_QUAL	ALT_FREQ	TOTAL_DP	PVAL	PASS	GFF_FEATURE	REF_CODON	REF_AA	ALT_CODON	ALT_AA	POS_AA
NC_045512.2	4184	G	A	0	0	0	2	2	39	1	2	0.333333	FALSE	NA	NA	NA	NA	NA	NA
NC_045512.2	10321	T	-A	40	27	41	1	0	20	0.025	40	0.5125	FALSE	NA	NA	NA	NA	NA	NA
NC_045512.2	12160	G	A	12	8	38	3	2	39	0.2	15	0.124521	FALSE	NA	NA	NA	NA	NA	NA
NC_045512.2	15670	G	T	74	0	37	1	0	39	0.0133333	75	0.503356	FALSE	NA	NA	NA	NA	NA	NA
NC_045512.2	15714	C	T	0	0	0	22	12	40	1	22	9.50526e-13	TRUE	NA	NA	NA	NA	NA	NA
NC_045512.2	15770	C	A	163	123	40	1	1	39	0.00609756	164	0.501529	FALSE	NA	NA	NA	NA	NA	NA
NC_045512.2	21520	G	T	2	2	39	1	1	39	0.333333	3	0.6	FALSE	NA	NA	NA	NA	NA	NA
NC_045512.2	21544	G	T	1	1	39	2	2	39	0.666667	3	0.3	FALSE	NA	NA	NA	NA	NA	NA
NC_045512.2	21721	C	T	6	5	39	1	1	39	0.142857	7	0.538462	FALSE	NA	NA	NA	NA	NA	NA
NC_045512.2	21770	G	A	10	10	38	2	2	35	0.166667	12	0.26087	FALSE	NA	NA	NA	NA	NA	NA
NC_045512.2	23403	A	G	0	0	0	28	9	38	1	28	2.61483e-16	TRUE	NA	NA	NA	NA	NA	NA
NC_045512.2	25207	C	T	32	2	44	1	0	39	0.030303	33	0.507692	FALSE	NA	NA	NA	NA	NA	NA
NC_045512.2	27474	A	T	0	0	0	1	1	39	1	1	1	FALSE	NA	NA	NA	NA	NA	NA
NC_045512.2	27889	C	T	4	3	47	4	4	39	0.5	8	0.0512821	FALSE	NA	NA	NA	NA	NA	NA
NC_045512.2	28175	A	T	309	79	42	1	0	37	0.00322581	310	0.500808	FALSE	NA	NA	NA	NA	NA	NA
NC_045512.2	28243	T	C	453	423	39	1	1	33	0.00220264	454	0.500551	FALSE	NA	NA	NA	NA	NA	NA
NC_045512.2	28253	C	-A	212	200	42	2	0	20	0.00943396	212	0.693675	FALSE	NA	NA	NA	NA	NA	NA
NC_045512.2	28271	A	T	0	0	0	119	118	38	1	119	8.76386e-71	TRUE	NA	NA	NA	NA	NA	NA
NC_045512.2	28333	C	T	3	0	38	2	0	39	0.4	5	0.277778	FALSE	NA	NA	NA	NA	NA	NA
NC_045512.2	28654	A	C	122	8	41	1	0	39	0.00813008	123	0.502041	FALSE	NA	NA	NA	NA	NA	NA
NC_045512.2	28675	A	G	148	27	43	1	1	39	0.00671141	149	0.501684	FALSE	NA	NA	NA	NA	NA	NA
NC_045512.2	28720	C	T	91	39	42	1	1	39	0.0108696	92	0.502732	FALSE	NA	NA	NA	NA	NA	NA
NC_045512.2	28724	C	T	104	48	42	2	0	39	0.0188679	106	0.251185	FALSE	NA	NA	NA	NA	NA	NA
NC_045512.2	28753	A	G	125	113	43	1	1	39	0.00793651	126	0.501992	FALSE	NA	NA	NA	NA	NA	NA
NC_045512.2	29363	C	T	168	123	43	1	1	35	0.00591716	169	0.501484	FALSE	NA	NA	NA	NA	NA	NA
NC_045512.2	29364	C	T	181	136	43	1	1	39	0.00549451	182	0.501377	FALSE	NA	NA	NA	NA	NA	NA
NC_045512.2	29377	T	-A	234	218	43	1	0	20	0.0042735	234	0.877395	FALSE	NA	NA	NA	NA	NA	NA
NC_045512.2	29393	A	-AG	136	134	39	3	0	20	0.0220588	136	0.322188	FALSE	NA	NA	NA	NA	NA	NA
