REGION	POS	REF	ALT	REF_DP	REF_RV	REF_QUAL	ALT_DP	ALT_RV	ALT_QUAL	ALT_FREQ	TOTAL_DP	PVAL	PASS	GFF_FEATURE	REF_CODON	REF_AA	ALT_CODON	ALT_AA	POS_AA
NC_045512.2	4184	G	A	0	0	0	2	1	58	1	2	0.333333	FALSE	NA	NA	NA	NA	NA	NA
NC_045512.2	8483	T	C	80	7	39	1	0	39	0.0123457	81	0.503106	FALSE	NA	NA	NA	NA	NA	NA
NC_045512.2	12160	G	A	0	0	0	8	6	38	1	8	0.0001554	TRUE	NA	NA	NA	NA	NA	NA
NC_045512.2	14257	T	C	1	1	39	1	1	33	0.5	2	0.666667	FALSE	NA	NA	NA	NA	NA	NA
NC_045512.2	15714	C	T	0	0	0	27	15	39	1	27	1.02725e-15	TRUE	NA	NA	NA	NA	NA	NA
NC_045512.2	16935	G	A	5	3	45	9	8	36	0.642857	14	0.000427155	TRUE	NA	NA	NA	NA	NA	NA
NC_045512.2	17241	T	C	1	1	39	1	1	38	0.5	2	0.666667	FALSE	NA	NA	NA	NA	NA	NA
NC_045512.2	22674	C	T	0	0	0	1	1	36	1	1	1	FALSE	NA	NA	NA	NA	NA	NA
NC_045512.2	23403	A	G	0	0	0	29	16	38	1	29	6.65175e-17	TRUE	NA	NA	NA	NA	NA	NA
NC_045512.2	24599	A	G	10	5	42	1	1	39	0.0909091	11	0.52381	FALSE	NA	NA	NA	NA	NA	NA
NC_045512.2	25229	G	A	18	4	39	1	1	39	0.0526316	19	0.513514	FALSE	NA	NA	NA	NA	NA	NA
NC_045512.2	26153	G	T	22	10	41	1	1	39	0.0434783	23	0.511111	FALSE	NA	NA	NA	NA	NA	NA
NC_045512.2	26842	G	A	4	4	39	1	1	39	0.2	5	0.555556	FALSE	NA	NA	NA	NA	NA	NA
NC_045512.2	27384	T	C	42	30	37	1	0	37	0.0232558	43	0.505882	FALSE	NA	NA	NA	NA	NA	NA
NC_045512.2	27889	C	T	16	13	37	40	34	44	0.714286	56	1.63935e-17	TRUE	NA	NA	NA	NA	NA	NA
NC_045512.2	28271	A	T	0	0	0	75	75	38	1	75	2.15457e-44	TRUE	NA	NA	NA	NA	NA	NA
NC_045512.2	28363	A	T	0	0	0	2	0	33	1	2	0.333333	FALSE	NA	NA	NA	NA	NA	NA
NC_045512.2	28370	A	G	0	0	0	3	0	38	1	3	0.1	FALSE	NA	NA	NA	NA	NA	NA
NC_045512.2	28371	G	T	3	0	38	2	0	39	0.4	5	0.277778	FALSE	NA	NA	NA	NA	NA	NA
NC_045512.2	28681	G	T	94	21	43	21	6	46	0.182609	115	1.92276e-07	TRUE	NA	NA	NA	NA	NA	NA
NC_045512.2	28724	C	T	109	54	41	7	2	37	0.0603448	116	0.00733915	TRUE	NA	NA	NA	NA	NA	NA
NC_045512.2	28798	G	A	2	1	38	1	0	38	0.333333	3	0.6	FALSE	NA	NA	NA	NA	NA	NA
NC_045512.2	29281	C	T	153	4	39	1	0	35	0.00649351	154	0.501629	FALSE	NA	NA	NA	NA	NA	NA
NC_045512.2	29510	A	C	0	0	0	1	0	38	1	1	1	FALSE	NA	NA	NA	NA	NA	NA
