REGION	POS	REF	ALT	REF_DP	REF_RV	REF_QUAL	ALT_DP	ALT_RV	ALT_QUAL	ALT_FREQ	TOTAL_DP	PVAL	PASS	GFF_FEATURE	REF_CODON	REF_AA	ALT_CODON	ALT_AA	POS_AA
NC_045512.2	3598	T	A	46	28	45	1	0	35	0.0212766	47	0.505376	FALSE	NA	NA	NA	NA	NA	NA
NC_045512.2	4184	G	A	0	0	0	3	3	51	1	3	0.1	FALSE	NA	NA	NA	NA	NA	NA
NC_045512.2	4818	G	A	19	11	40	1	0	39	0.05	20	0.512821	FALSE	NA	NA	NA	NA	NA	NA
NC_045512.2	5194	G	A	8	8	38	1	1	35	0.111111	9	0.529412	FALSE	NA	NA	NA	NA	NA	NA
NC_045512.2	5827	A	G	14	14	38	1	1	39	0.0666667	15	0.517241	FALSE	NA	NA	NA	NA	NA	NA
NC_045512.2	9344	C	T	0	0	0	2	1	38	1	2	0.333333	FALSE	NA	NA	NA	NA	NA	NA
NC_045512.2	15166	T	C	18	15	41	1	0	39	0.0526316	19	0.513514	FALSE	NA	NA	NA	NA	NA	NA
NC_045512.2	15714	C	T	0	0	0	46	24	40	1	46	4.8686e-27	TRUE	NA	NA	NA	NA	NA	NA
NC_045512.2	15781	A	G	261	241	42	1	1	39	0.00381679	262	0.500956	FALSE	NA	NA	NA	NA	NA	NA
NC_045512.2	16884	T	C	92	31	40	1	1	39	0.0107527	93	0.502703	FALSE	NA	NA	NA	NA	NA	NA
NC_045512.2	20933	G	-T	26	26	39	4	0	20	0.153846	26	0.0803536	FALSE	NA	NA	NA	NA	NA	NA
NC_045512.2	21766	A	C	0	0	0	1	1	39	1	1	1	FALSE	NA	NA	NA	NA	NA	NA
NC_045512.2	21770	G	A	0	0	0	4	4	37	1	4	0.0285714	FALSE	NA	NA	NA	NA	NA	NA
NC_045512.2	22578	G	A	0	0	0	1	0	38	1	1	1	FALSE	NA	NA	NA	NA	NA	NA
NC_045512.2	23126	G	T	19	2	42	1	0	33	0.05	20	0.512821	FALSE	NA	NA	NA	NA	NA	NA
NC_045512.2	23403	A	G	0	0	0	6	3	38	1	6	0.0021645	TRUE	NA	NA	NA	NA	NA	NA
NC_045512.2	27889	C	T	0	0	0	96	82	41	1	96	5.54047e-57	TRUE	NA	NA	NA	NA	NA	NA
NC_045512.2	28254	A	C	1	1	38	8	8	38	0.888889	9	0.000370218	TRUE	NA	NA	NA	NA	NA	NA
NC_045512.2	28271	A	T	0	0	0	1	1	31	1	1	1	FALSE	NA	NA	NA	NA	NA	NA
NC_045512.2	28363	A	T	0	0	0	22	0	38	1	22	9.50526e-13	TRUE	NA	NA	NA	NA	NA	NA
NC_045512.2	28655	G	A	69	1	40	1	0	39	0.0142857	70	0.503597	FALSE	NA	NA	NA	NA	NA	NA
NC_045512.2	29284	C	T	9	0	38	6	0	38	0.4	15	0.0105364	FALSE	NA	NA	NA	NA	NA	NA
NC_045512.2	29317	T	C	18	5	46	4	0	39	0.181818	22	0.059274	FALSE	NA	NA	NA	NA	NA	NA
NC_045512.2	29666	C	T	0	0	0	7	5	38	1	7	0.000582751	TRUE	NA	NA	NA	NA	NA	NA
