REGION	POS	REF	ALT	REF_DP	REF_RV	REF_QUAL	ALT_DP	ALT_RV	ALT_QUAL	ALT_FREQ	TOTAL_DP	PVAL	PASS	GFF_FEATURE	REF_CODON	REF_AA	ALT_CODON	ALT_AA	POS_AA
NC_045512.2	2003	C	T	4	0	39	1	0	39	0.2	5	0.555556	FALSE	NA	NA	NA	NA	NA	NA
NC_045512.2	4184	G	A	0	0	0	1	1	39	1	1	1	FALSE	NA	NA	NA	NA	NA	NA
NC_045512.2	8521	T	C	12	7	41	3	1	38	0.2	15	0.124521	FALSE	NA	NA	NA	NA	NA	NA
NC_045512.2	9344	C	T	0	0	0	1	0	39	1	1	1	FALSE	NA	NA	NA	NA	NA	NA
NC_045512.2	10624	A	C	62	41	39	1	0	38	0.015873	63	0.504	FALSE	NA	NA	NA	NA	NA	NA
NC_045512.2	10625	G	C	63	48	41	1	1	38	0.015625	64	0.503937	FALSE	NA	NA	NA	NA	NA	NA
NC_045512.2	12160	G	A	12	6	40	1	0	37	0.0769231	13	0.52	FALSE	NA	NA	NA	NA	NA	NA
NC_045512.2	15714	C	T	0	0	0	25	12	41	1	25	1.58215e-14	TRUE	NA	NA	NA	NA	NA	NA
NC_045512.2	16292	G	A	40	9	40	1	0	39	0.0243902	41	0.506173	FALSE	NA	NA	NA	NA	NA	NA
NC_045512.2	16328	A	G	36	29	37	1	1	38	0.027027	37	0.506849	FALSE	NA	NA	NA	NA	NA	NA
NC_045512.2	16837	G	A	77	2	41	1	0	37	0.0128205	78	0.503226	FALSE	NA	NA	NA	NA	NA	NA
NC_045512.2	17410	C	T	0	0	0	2	2	37	1	2	0.333333	FALSE	NA	NA	NA	NA	NA	NA
NC_045512.2	19093	G	C	18	8	40	1	0	39	0.0526316	19	0.513514	FALSE	NA	NA	NA	NA	NA	NA
NC_045512.2	21766	A	C	14	12	40	1	1	39	0.0666667	15	0.517241	FALSE	NA	NA	NA	NA	NA	NA
NC_045512.2	21768	A	G	13	11	41	1	1	39	0.0714286	14	0.518519	FALSE	NA	NA	NA	NA	NA	NA
NC_045512.2	23403	A	G	0	0	0	8	3	36	1	8	0.0001554	TRUE	NA	NA	NA	NA	NA	NA
NC_045512.2	25584	C	T	0	0	0	4	4	38	1	4	0.0285714	FALSE	NA	NA	NA	NA	NA	NA
NC_045512.2	26126	A	G	32	5	39	2	0	37	0.0588235	34	0.253731	FALSE	NA	NA	NA	NA	NA	NA
NC_045512.2	27382	G	C	4	2	39	1	1	37	0.2	5	0.555556	FALSE	NA	NA	NA	NA	NA	NA
NC_045512.2	27889	C	T	59	43	41	13	9	38	0.180556	72	7.40819e-05	TRUE	NA	NA	NA	NA	NA	NA
NC_045512.2	28150	T	C	165	2	40	2	0	37	0.011976	167	0.250751	FALSE	NA	NA	NA	NA	NA	NA
NC_045512.2	28201	C	T	95	48	38	1	1	39	0.0104167	96	0.502618	FALSE	NA	NA	NA	NA	NA	NA
NC_045512.2	28215	T	C	117	80	43	1	1	38	0.00847458	118	0.502128	FALSE	NA	NA	NA	NA	NA	NA
NC_045512.2	28271	A	T	0	0	0	52	52	38	1	52	1.26337e-30	TRUE	NA	NA	NA	NA	NA	NA
NC_045512.2	28311	C	T	0	0	0	2	0	39	1	2	0.333333	FALSE	NA	NA	NA	NA	NA	NA
NC_045512.2	28330	A	G	36	1	40	1	0	38	0.027027	37	0.506849	FALSE	NA	NA	NA	NA	NA	NA
NC_045512.2	28363	A	T	0	0	0	12	0	36	1	12	7.39602e-07	TRUE	NA	NA	NA	NA	NA	NA
NC_045512.2	28402	A	G	67	43	38	1	0	38	0.0147059	68	0.503704	FALSE	NA	NA	NA	NA	NA	NA
NC_045512.2	28724	C	T	30	12	38	4	4	37	0.117647	34	0.0605052	FALSE	NA	NA	NA	NA	NA	NA
