REGION	POS	REF	ALT	REF_DP	REF_RV	REF_QUAL	ALT_DP	ALT_RV	ALT_QUAL	ALT_FREQ	TOTAL_DP	PVAL	PASS	GFF_FEATURE	REF_CODON	REF_AA	ALT_CODON	ALT_AA	POS_AA
NC_045512.2	2067	T	C	25	10	41	1	0	36	0.0384615	26	0.509804	FALSE	NA	NA	NA	NA	NA	NA
NC_045512.2	3037	C	T	0	0	0	1	1	38	1	1	1	FALSE	NA	NA	NA	NA	NA	NA
NC_045512.2	5080	T	C	6	1	45	1	0	39	0.142857	7	0.538462	FALSE	NA	NA	NA	NA	NA	NA
NC_045512.2	9424	A	G	0	0	0	1	1	39	1	1	1	FALSE	NA	NA	NA	NA	NA	NA
NC_045512.2	12160	G	A	0	0	0	2	2	39	1	2	0.333333	FALSE	NA	NA	NA	NA	NA	NA
NC_045512.2	15714	C	T	0	0	0	14	5	41	1	14	4.98547e-08	TRUE	NA	NA	NA	NA	NA	NA
NC_045512.2	15776	T	G	74	60	42	1	1	35	0.0133333	75	0.503356	FALSE	NA	NA	NA	NA	NA	NA
NC_045512.2	17154	T	C	11	2	42	1	0	39	0.0833333	12	0.521739	FALSE	NA	NA	NA	NA	NA	NA
NC_045512.2	20813	A	G	36	0	38	1	0	38	0.027027	37	0.506849	FALSE	NA	NA	NA	NA	NA	NA
NC_045512.2	23185	C	T	0	0	0	2	2	38	1	2	0.333333	FALSE	NA	NA	NA	NA	NA	NA
NC_045512.2	23403	A	G	0	0	0	2	0	39	1	2	0.333333	FALSE	NA	NA	NA	NA	NA	NA
NC_045512.2	27382	G	C	51	43	40	1	0	39	0.0192308	52	0.504854	FALSE	NA	NA	NA	NA	NA	NA
NC_045512.2	27384	T	C	54	45	40	4	3	37	0.0689655	58	0.0613698	FALSE	NA	NA	NA	NA	NA	NA
NC_045512.2	27829	T	A	19	0	39	1	0	37	0.05	20	0.512821	FALSE	NA	NA	NA	NA	NA	NA
NC_045512.2	27888	A	G	117	97	39	1	0	39	0.00847458	118	0.502128	FALSE	NA	NA	NA	NA	NA	NA
NC_045512.2	27889	C	T	82	68	39	33	25	41	0.286957	115	9.26686e-12	TRUE	NA	NA	NA	NA	NA	NA
NC_045512.2	28194	C	A	45	27	38	1	0	37	0.0217391	46	0.505495	FALSE	NA	NA	NA	NA	NA	NA
NC_045512.2	28253	C	-A	49	47	41	2	0	20	0.0408163	49	0.262832	FALSE	NA	NA	NA	NA	NA	NA
NC_045512.2	28271	A	T	0	0	0	32	32	38	1	32	1.09133e-18	TRUE	NA	NA	NA	NA	NA	NA
NC_045512.2	28330	A	G	12	0	38	3	0	38	0.2	15	0.124521	FALSE	NA	NA	NA	NA	NA	NA
NC_045512.2	28363	A	T	0	0	0	13	1	37	1	13	1.92297e-07	TRUE	NA	NA	NA	NA	NA	NA
NC_045512.2	28681	G	A	38	9	49	1	0	39	0.025641	39	0.506494	FALSE	NA	NA	NA	NA	NA	NA
NC_045512.2	28724	C	T	14	7	38	9	2	43	0.391304	23	0.000922167	TRUE	NA	NA	NA	NA	NA	NA
NC_045512.2	29616	G	T	111	23	42	5	1	38	0.0431034	116	0.0305648	FALSE	NA	NA	NA	NA	NA	NA
