REGION	POS	REF	ALT	REF_DP	REF_RV	REF_QUAL	ALT_DP	ALT_RV	ALT_QUAL	ALT_FREQ	TOTAL_DP	PVAL	PASS	GFF_FEATURE	REF_CODON	REF_AA	ALT_CODON	ALT_AA	POS_AA
NC_045512.2	5302	A	-TTG	1	0	24	1	0	20	1	1	1	FALSE	NA	NA	NA	NA	NA	NA
NC_045512.2	5357	G	A	0	0	0	1	0	22	1	1	1	FALSE	NA	NA	NA	NA	NA	NA
NC_045512.2	17410	C	T	0	0	0	1	0	33	1	1	1	FALSE	NA	NA	NA	NA	NA	NA
NC_045512.2	29505	T	A	18	0	29	1	0	23	0.0526316	19	0.513514	FALSE	NA	NA	NA	NA	NA	NA
NC_045512.2	29510	A	C	0	0	0	19	0	28	1	19	5.65847e-11	TRUE	NA	NA	NA	NA	NA	NA
NC_045512.2	29546	C	-A	19	0	30	1	0	20	0.0526316	19	0.526316	FALSE	NA	NA	NA	NA	NA	NA
NC_045512.2	29576	T	-TC	14	0	31	1	0	20	0.0714286	14	0.535714	FALSE	NA	NA	NA	NA	NA	NA
NC_045512.2	29579	G	C	10	0	29	1	0	27	0.0909091	11	0.52381	FALSE	NA	NA	NA	NA	NA	NA
NC_045512.2	29580	C	+TT	10	0	27	1	0	20	0.1	10	0.55	FALSE	NA	NA	NA	NA	NA	NA
NC_045512.2	29581	T	C	9	0	28	1	0	30	0.1	10	0.526316	FALSE	NA	NA	NA	NA	NA	NA
NC_045512.2	29614	C	+A	4	0	27	1	0	20	0.25	4	0.625	FALSE	NA	NA	NA	NA	NA	NA
