REGION	POS	REF	ALT	REF_DP	REF_RV	REF_QUAL	ALT_DP	ALT_RV	ALT_QUAL	ALT_FREQ	TOTAL_DP	PVAL	PASS	GFF_FEATURE	REF_CODON	REF_AA	ALT_CODON	ALT_AA	POS_AA
NC_045512.2	4841	G	A	133	89	39	1	1	36	0.00746269	134	0.501873	FALSE	NA	NA	NA	NA	NA	NA
NC_045512.2	5480	G	A	25	24	41	1	1	36	0.0384615	26	0.509804	FALSE	NA	NA	NA	NA	NA	NA
NC_045512.2	8621	A	G	1	0	39	1	1	39	0.5	2	0.666667	FALSE	NA	NA	NA	NA	NA	NA
NC_045512.2	9652	G	T	26	6	38	1	0	38	0.037037	27	0.509434	FALSE	NA	NA	NA	NA	NA	NA
NC_045512.2	10355	T	A	20	20	39	1	1	30	0.047619	21	0.512195	FALSE	NA	NA	NA	NA	NA	NA
NC_045512.2	12139	T	-AC	3	2	39	1	0	20	0.333333	3	0.666667	FALSE	NA	NA	NA	NA	NA	NA
NC_045512.2	12160	G	A	7	6	38	1	1	39	0.125	8	0.533333	FALSE	NA	NA	NA	NA	NA	NA
NC_045512.2	15714	C	T	0	0	0	33	15	38	1	33	2.7703e-19	TRUE	NA	NA	NA	NA	NA	NA
NC_045512.2	16852	G	T	37	5	44	3	0	39	0.075	40	0.124938	FALSE	NA	NA	NA	NA	NA	NA
NC_045512.2	21716	C	A	6	4	45	1	0	39	0.142857	7	0.538462	FALSE	NA	NA	NA	NA	NA	NA
NC_045512.2	21721	C	T	6	4	45	1	0	38	0.142857	7	0.538462	FALSE	NA	NA	NA	NA	NA	NA
NC_045512.2	23403	A	G	0	0	0	15	8	38	1	15	1.28935e-08	TRUE	NA	NA	NA	NA	NA	NA
NC_045512.2	23525	C	T	0	0	0	1	1	39	1	1	1	FALSE	NA	NA	NA	NA	NA	NA
NC_045512.2	24556	A	T	39	0	38	1	0	39	0.025	40	0.506329	FALSE	NA	NA	NA	NA	NA	NA
NC_045512.2	27371	C	T	6	4	45	1	0	39	0.142857	7	0.538462	FALSE	NA	NA	NA	NA	NA	NA
NC_045512.2	27889	C	T	0	0	0	1	0	37	1	1	1	FALSE	NA	NA	NA	NA	NA	NA
NC_045512.2	28242	G	A	347	326	39	1	1	39	0.00287356	348	0.500719	FALSE	NA	NA	NA	NA	NA	NA
NC_045512.2	28253	C	-A	120	111	43	1	0	20	0.00833333	120	0.755195	FALSE	NA	NA	NA	NA	NA	NA
NC_045512.2	28271	A	T	0	0	0	70	70	38	1	70	2.13172e-41	TRUE	NA	NA	NA	NA	NA	NA
NC_045512.2	28426	T	G	4	1	60	1	0	38	0.2	5	0.555556	FALSE	NA	NA	NA	NA	NA	NA
NC_045512.2	28654	A	T	73	1	40	6	0	38	0.0759494	79	0.01472	FALSE	NA	NA	NA	NA	NA	NA
NC_045512.2	28677	C	T	100	9	41	1	0	39	0.00990099	101	0.502488	FALSE	NA	NA	NA	NA	NA	NA
NC_045512.2	28720	C	T	61	24	39	1	0	38	0.016129	62	0.504065	FALSE	NA	NA	NA	NA	NA	NA
