REGION	POS	REF	ALT	REF_DP	REF_RV	REF_QUAL	ALT_DP	ALT_RV	ALT_QUAL	ALT_FREQ	TOTAL_DP	PVAL	PASS	GFF_FEATURE	REF_CODON	REF_AA	ALT_CODON	ALT_AA	POS_AA
NC_045512.2	5730	C	T	5	3	39	1	0	30	0.166667	6	0.545455	FALSE	NA	NA	NA	NA	NA	NA
NC_045512.2	8657	A	C	0	0	0	1	1	30	1	1	1	FALSE	NA	NA	NA	NA	NA	NA
NC_045512.2	9344	C	T	0	0	0	1	1	39	1	1	1	FALSE	NA	NA	NA	NA	NA	NA
NC_045512.2	10308	G	T	3	2	37	1	1	39	0.25	4	0.571429	FALSE	NA	NA	NA	NA	NA	NA
NC_045512.2	10667	T	A	5	5	37	2	2	38	0.285714	7	0.269231	FALSE	NA	NA	NA	NA	NA	NA
NC_045512.2	10895	A	G	0	0	0	1	0	37	1	1	1	FALSE	NA	NA	NA	NA	NA	NA
NC_045512.2	13919	A	G	10	1	46	1	0	39	0.0909091	11	0.52381	FALSE	NA	NA	NA	NA	NA	NA
NC_045512.2	14276	G	T	4	4	39	1	1	37	0.2	5	0.555556	FALSE	NA	NA	NA	NA	NA	NA
NC_045512.2	14283	A	G	4	4	39	1	1	30	0.2	5	0.555556	FALSE	NA	NA	NA	NA	NA	NA
NC_045512.2	15714	C	T	0	0	0	2	2	38	1	2	0.333333	FALSE	NA	NA	NA	NA	NA	NA
NC_045512.2	16052	A	C	35	7	38	1	0	36	0.0277778	36	0.507042	FALSE	NA	NA	NA	NA	NA	NA
NC_045512.2	16091	A	G	50	45	40	1	1	30	0.0196078	51	0.50495	FALSE	NA	NA	NA	NA	NA	NA
NC_045512.2	16525	T	G	3	0	37	1	1	25	0.25	4	0.571429	FALSE	NA	NA	NA	NA	NA	NA
NC_045512.2	16935	G	A	2	2	38	1	1	38	0.333333	3	0.6	FALSE	NA	NA	NA	NA	NA	NA
NC_045512.2	17410	C	T	0	0	0	1	1	39	1	1	1	FALSE	NA	NA	NA	NA	NA	NA
NC_045512.2	17809	A	-T	4	1	37	1	0	20	0.25	4	0.625	FALSE	NA	NA	NA	NA	NA	NA
NC_045512.2	18700	T	C	4	0	38	1	0	30	0.2	5	0.555556	FALSE	NA	NA	NA	NA	NA	NA
NC_045512.2	20222	A	G	2	0	39	1	0	32	0.333333	3	0.6	FALSE	NA	NA	NA	NA	NA	NA
NC_045512.2	22297	T	C	0	0	0	1	1	39	1	1	1	FALSE	NA	NA	NA	NA	NA	NA
NC_045512.2	23403	A	G	0	0	0	1	0	39	1	1	1	FALSE	NA	NA	NA	NA	NA	NA
NC_045512.2	27423	A	G	2	2	39	1	1	30	0.333333	3	0.6	FALSE	NA	NA	NA	NA	NA	NA
NC_045512.2	27857	G	T	49	4	46	1	0	33	0.02	50	0.505051	FALSE	NA	NA	NA	NA	NA	NA
NC_045512.2	27889	C	T	0	0	0	15	13	38	1	15	1.28935e-08	TRUE	NA	NA	NA	NA	NA	NA
NC_045512.2	28260	A	G	14	14	37	1	1	27	0.0666667	15	0.517241	FALSE	NA	NA	NA	NA	NA	NA
NC_045512.2	28271	A	T	0	0	0	11	11	38	1	11	2.83514e-06	TRUE	NA	NA	NA	NA	NA	NA
NC_045512.2	28372	T	G	3	1	36	1	0	24	0.25	4	0.571429	FALSE	NA	NA	NA	NA	NA	NA
NC_045512.2	28681	G	T	6	2	38	2	1	39	0.25	8	0.266667	FALSE	NA	NA	NA	NA	NA	NA
