REGION	POS	REF	ALT	REF_DP	REF_RV	REF_QUAL	ALT_DP	ALT_RV	ALT_QUAL	ALT_FREQ	TOTAL_DP	PVAL	PASS	GFF_FEATURE	REF_CODON	REF_AA	ALT_CODON	ALT_AA	POS_AA
NC_045512.2	6364	G	C	46	5	38	1	0	26	0.0212766	47	0.505376	FALSE	NA	NA	NA	NA	NA	NA
NC_045512.2	9534	C	T	0	0	0	1	1	26	1	1	1	FALSE	NA	NA	NA	NA	NA	NA
NC_045512.2	10447	G	A	0	0	0	3	2	31	1	3	0.1	FALSE	NA	NA	NA	NA	NA	NA
NC_045512.2	12970	C	T	0	0	0	1	1	34	1	1	1	FALSE	NA	NA	NA	NA	NA	NA
NC_045512.2	14550	A	T	0	0	0	1	0	26	1	1	1	FALSE	NA	NA	NA	NA	NA	NA
NC_045512.2	17612	A	G	62	1	34	23	0	32	0.270588	85	2.46383e-08	TRUE	NA	NA	NA	NA	NA	NA
NC_045512.2	17649	C	G	349	42	35	1	0	34	0.00285714	350	0.500715	FALSE	NA	NA	NA	NA	NA	NA
NC_045512.2	17675	T	C	295	95	34	2	2	34	0.00673401	297	0.250422	FALSE	NA	NA	NA	NA	NA	NA
NC_045512.2	17728	G	T	539	510	36	1	1	26	0.00185185	540	0.984678	FALSE	NA	NA	NA	NA	NA	NA
NC_045512.2	17739	A	T	497	494	34	1	1	34	0.00200803	498	0.500503	FALSE	NA	NA	NA	NA	NA	NA
NC_045512.2	17751	T	C	168	168	31	1	1	34	0.00591716	169	0.501484	FALSE	NA	NA	NA	NA	NA	NA
NC_045512.2	25584	C	T	0	0	0	2	2	30	1	2	0.333333	FALSE	NA	NA	NA	NA	NA	NA
NC_045512.2	25599	G	T	5	5	34	2	2	34	0.285714	7	0.269231	FALSE	NA	NA	NA	NA	NA	NA
NC_045512.2	26745	T	A	62	3	36	1	0	34	0.015873	63	0.504	FALSE	NA	NA	NA	NA	NA	NA
NC_045512.2	26858	C	T	0	0	0	9	9	34	1	9	4.11353e-05	TRUE	NA	NA	NA	NA	NA	NA
NC_045512.2	27728	T	G	22	8	32	1	1	26	0.0434783	23	0.511111	FALSE	NA	NA	NA	NA	NA	NA
NC_045512.2	27807	C	T	0	0	0	29	29	33	1	29	6.65175e-17	TRUE	NA	NA	NA	NA	NA	NA
NC_045512.2	28726	T	A	43	43	35	1	1	34	0.0227273	44	0.505747	FALSE	NA	NA	NA	NA	NA	NA
NC_045512.2	29631	A	G	23	6	39	1	0	34	0.0416667	24	0.510638	FALSE	NA	NA	NA	NA	NA	NA
