REGION	POS	REF	ALT	REF_DP	REF_RV	REF_QUAL	ALT_DP	ALT_RV	ALT_QUAL	ALT_FREQ	TOTAL_DP	PVAL	PASS	GFF_FEATURE	REF_CODON	REF_AA	ALT_CODON	ALT_AA	POS_AA
NC_045512.2	1085	G	T	5	0	38	1	0	39	0.166667	6	0.545455	FALSE	NA	NA	NA	NA	NA	NA
NC_045512.2	1674	A	C	29	0	37	1	0	28	0.0333333	30	0.508475	FALSE	NA	NA	NA	NA	NA	NA
NC_045512.2	4817	G	A	34	19	38	1	0	35	0.0285714	35	0.507246	FALSE	NA	NA	NA	NA	NA	NA
NC_045512.2	9700	C	T	13	10	43	8	7	37	0.380952	21	0.00212971	TRUE	NA	NA	NA	NA	NA	NA
NC_045512.2	10235	A	G	11	0	45	1	0	37	0.0833333	12	0.521739	FALSE	NA	NA	NA	NA	NA	NA
NC_045512.2	11526	T	C	6	3	38	1	0	39	0.142857	7	0.538462	FALSE	NA	NA	NA	NA	NA	NA
NC_045512.2	13337	A	G	4	3	38	3	2	39	0.428571	7	0.122378	FALSE	NA	NA	NA	NA	NA	NA
NC_045512.2	15714	C	T	0	0	0	8	4	36	1	8	0.0001554	TRUE	NA	NA	NA	NA	NA	NA
NC_045512.2	15763	C	A	53	28	41	1	1	30	0.0185185	54	0.504673	FALSE	NA	NA	NA	NA	NA	NA
NC_045512.2	16117	G	C	18	18	38	1	1	39	0.0526316	19	0.513514	FALSE	NA	NA	NA	NA	NA	NA
NC_045512.2	16665	G	T	20	20	38	1	1	39	0.047619	21	0.512195	FALSE	NA	NA	NA	NA	NA	NA
NC_045512.2	17410	C	T	0	0	0	2	2	38	1	2	0.333333	FALSE	NA	NA	NA	NA	NA	NA
NC_045512.2	19044	T	C	5	1	38	1	0	38	0.166667	6	0.545455	FALSE	NA	NA	NA	NA	NA	NA
NC_045512.2	19676	A	G	22	10	43	1	1	31	0.0434783	23	0.511111	FALSE	NA	NA	NA	NA	NA	NA
NC_045512.2	19686	A	-C	21	14	39	1	0	20	0.047619	21	0.52381	FALSE	NA	NA	NA	NA	NA	NA
NC_045512.2	22102	A	-GG	2	1	39	1	0	20	0.5	2	0.75	FALSE	NA	NA	NA	NA	NA	NA
NC_045512.2	23403	A	G	0	0	0	19	7	37	1	19	5.65847e-11	TRUE	NA	NA	NA	NA	NA	NA
NC_045512.2	23438	G	A	48	22	39	1	1	39	0.0204082	49	0.505155	FALSE	NA	NA	NA	NA	NA	NA
NC_045512.2	26858	C	T	0	0	0	1	1	31	1	1	1	FALSE	NA	NA	NA	NA	NA	NA
NC_045512.2	27384	T	C	0	0	0	1	1	37	1	1	1	FALSE	NA	NA	NA	NA	NA	NA
NC_045512.2	28271	A	T	0	0	0	51	51	38	1	51	5.00489e-30	TRUE	NA	NA	NA	NA	NA	NA
NC_045512.2	28363	A	T	0	0	0	7	0	35	1	7	0.000582751	TRUE	NA	NA	NA	NA	NA	NA
NC_045512.2	28370	A	G	0	0	0	7	0	38	1	7	0.000582751	TRUE	NA	NA	NA	NA	NA	NA
NC_045512.2	28469	T	C	15	15	38	1	1	36	0.0625	16	0.516129	FALSE	NA	NA	NA	NA	NA	NA
NC_045512.2	29628	G	T	36	13	43	3	1	39	0.0769231	39	0.124935	FALSE	NA	NA	NA	NA	NA	NA
