REGION	POS	REF	ALT	REF_DP	REF_RV	REF_QUAL	ALT_DP	ALT_RV	ALT_QUAL	ALT_FREQ	TOTAL_DP	PVAL	PASS	GFF_FEATURE	REF_CODON	REF_AA	ALT_CODON	ALT_AA	POS_AA
NC_045512.2	670	T	G	0	0	0	11	0	38	1	11	2.83514e-06	TRUE	NA	NA	NA	NA	NA	NA
NC_045512.2	1700	T	C	36	36	37	1	1	38	0.027027	37	0.506849	FALSE	NA	NA	NA	NA	NA	NA
NC_045512.2	5231	T	G	4	4	38	1	1	33	0.2	5	0.555556	FALSE	NA	NA	NA	NA	NA	NA
NC_045512.2	5866	C	T	14	14	38	1	1	37	0.0666667	15	0.517241	FALSE	NA	NA	NA	NA	NA	NA
NC_045512.2	6965	T	C	2	0	38	1	0	39	0.333333	3	0.6	FALSE	NA	NA	NA	NA	NA	NA
NC_045512.2	7139	C	T	39	0	36	1	0	37	0.025	40	0.506329	FALSE	NA	NA	NA	NA	NA	NA
NC_045512.2	8760	C	T	72	1	37	1	0	37	0.0136986	73	0.503448	FALSE	NA	NA	NA	NA	NA	NA
NC_045512.2	9222	A	G	49	0	37	1	0	34	0.02	50	0.505051	FALSE	NA	NA	NA	NA	NA	NA
NC_045512.2	9271	T	C	55	55	38	1	1	36	0.0178571	56	0.504505	FALSE	NA	NA	NA	NA	NA	NA
NC_045512.2	9273	G	A	55	55	38	1	1	39	0.0178571	56	0.504505	FALSE	NA	NA	NA	NA	NA	NA
NC_045512.2	9274	A	G	54	54	38	2	2	38	0.0357143	56	0.252252	FALSE	NA	NA	NA	NA	NA	NA
NC_045512.2	9278	G	A	54	54	38	1	1	39	0.0181818	55	0.504587	FALSE	NA	NA	NA	NA	NA	NA
NC_045512.2	11140	A	C	2	0	39	1	0	27	0.333333	3	0.6	FALSE	NA	NA	NA	NA	NA	NA
NC_045512.2	12483	T	C	51	4	48	1	0	39	0.0192308	52	0.504854	FALSE	NA	NA	NA	NA	NA	NA
NC_045512.2	14240	A	G	2	1	36	1	1	38	0.333333	3	0.6	FALSE	NA	NA	NA	NA	NA	NA
NC_045512.2	14377	T	C	7	7	38	1	1	39	0.125	8	0.533333	FALSE	NA	NA	NA	NA	NA	NA
NC_045512.2	17410	C	T	0	0	0	20	20	38	1	20	1.45089e-11	TRUE	NA	NA	NA	NA	NA	NA
NC_045512.2	17799	A	G	11	11	37	1	1	38	0.0833333	12	0.521739	FALSE	NA	NA	NA	NA	NA	NA
NC_045512.2	17988	G	A	13	0	38	1	0	39	0.0714286	14	0.518519	FALSE	NA	NA	NA	NA	NA	NA
NC_045512.2	21618	C	T	0	0	0	1	1	39	1	1	1	FALSE	NA	NA	NA	NA	NA	NA
NC_045512.2	22195	T	A	2	0	36	1	0	38	0.333333	3	0.6	FALSE	NA	NA	NA	NA	NA	NA
NC_045512.2	22200	T	A	0	0	0	2	0	36	1	2	0.333333	FALSE	NA	NA	NA	NA	NA	NA
NC_045512.2	27759	A	G	74	21	38	1	0	38	0.0133333	75	0.503356	FALSE	NA	NA	NA	NA	NA	NA
