REGION	POS	REF	ALT	REF_DP	REF_RV	REF_QUAL	ALT_DP	ALT_RV	ALT_QUAL	ALT_FREQ	TOTAL_DP	PVAL	PASS	GFF_FEATURE	REF_CODON	REF_AA	ALT_CODON	ALT_AA	POS_AA
NC_045512.2	4184	G	A	0	0	0	1	0	39	1	1	1	FALSE	NA	NA	NA	NA	NA	NA
NC_045512.2	9344	C	T	0	0	0	2	1	39	1	2	0.333333	FALSE	NA	NA	NA	NA	NA	NA
NC_045512.2	12143	G	A	9	2	39	1	1	39	0.1	10	0.526316	FALSE	NA	NA	NA	NA	NA	NA
NC_045512.2	13333	T	A	26	13	39	1	1	37	0.037037	27	0.509434	FALSE	NA	NA	NA	NA	NA	NA
NC_045512.2	15698	T	C	75	12	41	1	0	38	0.0131579	76	0.503311	FALSE	NA	NA	NA	NA	NA	NA
NC_045512.2	15714	C	T	0	0	0	11	4	38	1	11	2.83514e-06	TRUE	NA	NA	NA	NA	NA	NA
NC_045512.2	15720	C	T	0	0	0	8	2	38	1	8	0.0001554	TRUE	NA	NA	NA	NA	NA	NA
NC_045512.2	15782	A	G	112	97	44	1	1	39	0.00884956	113	0.502222	FALSE	NA	NA	NA	NA	NA	NA
NC_045512.2	17410	C	T	0	0	0	3	2	39	1	3	0.1	FALSE	NA	NA	NA	NA	NA	NA
NC_045512.2	20225	A	T	24	0	38	1	0	39	0.04	25	0.510204	FALSE	NA	NA	NA	NA	NA	NA
NC_045512.2	23403	A	G	0	0	0	10	3	37	1	10	1.08251e-05	TRUE	NA	NA	NA	NA	NA	NA
NC_045512.2	24629	A	C	25	13	40	2	1	38	0.0740741	27	0.254717	FALSE	NA	NA	NA	NA	NA	NA
NC_045512.2	25832	T	C	10	2	38	2	1	39	0.166667	12	0.26087	FALSE	NA	NA	NA	NA	NA	NA
NC_045512.2	26389	G	A	2	0	37	1	0	39	0.333333	3	0.6	FALSE	NA	NA	NA	NA	NA	NA
NC_045512.2	27382	G	C	0	0	0	1	1	38	1	1	1	FALSE	NA	NA	NA	NA	NA	NA
NC_045512.2	27384	T	C	0	0	0	6	1	38	1	6	0.0021645	TRUE	NA	NA	NA	NA	NA	NA
NC_045512.2	28271	A	T	0	0	0	93	93	38	1	93	3.49021e-55	TRUE	NA	NA	NA	NA	NA	NA
NC_045512.2	28363	A	T	0	0	0	9	0	37	1	9	4.11353e-05	TRUE	NA	NA	NA	NA	NA	NA
NC_045512.2	28370	A	G	0	0	0	6	0	39	1	6	0.0021645	TRUE	NA	NA	NA	NA	NA	NA
NC_045512.2	29334	A	G	70	21	40	1	0	39	0.0140845	71	0.503546	FALSE	NA	NA	NA	NA	NA	NA
NC_045512.2	29348	G	T	73	29	39	1	1	39	0.0135135	74	0.503401	FALSE	NA	NA	NA	NA	NA	NA
NC_045512.2	29510	A	C	0	0	0	1	1	36	1	1	1	FALSE	NA	NA	NA	NA	NA	NA
NC_045512.2	29686	C	T	1	1	39	38	38	38	0.974359	39	2.86585e-21	TRUE	NA	NA	NA	NA	NA	NA
