REGION	POS	REF	ALT	REF_DP	REF_RV	REF_QUAL	ALT_DP	ALT_RV	ALT_QUAL	ALT_FREQ	TOTAL_DP	PVAL	PASS	GFF_FEATURE	REF_CODON	REF_AA	ALT_CODON	ALT_AA	POS_AA
NC_045512.2	4184	G	A	0	0	0	3	1	37	1	3	0.1	FALSE	NA	NA	NA	NA	NA	NA
NC_045512.2	4796	T	C	73	7	44	1	0	39	0.0135135	74	0.503401	FALSE	NA	NA	NA	NA	NA	NA
NC_045512.2	6979	T	G	11	8	42	2	2	38	0.153846	13	0.26	FALSE	NA	NA	NA	NA	NA	NA
NC_045512.2	9424	A	G	0	0	0	1	1	39	1	1	1	FALSE	NA	NA	NA	NA	NA	NA
NC_045512.2	11169	T	A	18	8	49	1	0	27	0.0526316	19	0.513514	FALSE	NA	NA	NA	NA	NA	NA
NC_045512.2	12160	G	A	0	0	0	7	5	44	1	7	0.000582751	TRUE	NA	NA	NA	NA	NA	NA
NC_045512.2	12184	T	A	22	21	40	1	0	38	0.0434783	23	0.511111	FALSE	NA	NA	NA	NA	NA	NA
NC_045512.2	14583	C	T	28	28	37	1	1	39	0.0344828	29	0.508772	FALSE	NA	NA	NA	NA	NA	NA
NC_045512.2	15714	C	T	0	0	0	37	23	38	1	37	1.14539e-21	TRUE	NA	NA	NA	NA	NA	NA
NC_045512.2	16016	T	C	93	10	40	1	0	38	0.0106383	94	0.502674	FALSE	NA	NA	NA	NA	NA	NA
NC_045512.2	16556	A	G	81	28	45	1	0	37	0.0121951	82	0.503067	FALSE	NA	NA	NA	NA	NA	NA
NC_045512.2	17238	A	G	3	2	38	1	0	39	0.25	4	0.571429	FALSE	NA	NA	NA	NA	NA	NA
NC_045512.2	17410	C	T	0	0	0	8	8	38	1	8	0.0001554	TRUE	NA	NA	NA	NA	NA	NA
NC_045512.2	22674	C	T	0	0	0	1	1	37	1	1	1	FALSE	NA	NA	NA	NA	NA	NA
NC_045512.2	23403	A	G	0	0	0	20	6	38	1	20	1.45089e-11	TRUE	NA	NA	NA	NA	NA	NA
NC_045512.2	26709	G	A	0	0	0	2	0	39	1	2	0.333333	FALSE	NA	NA	NA	NA	NA	NA
NC_045512.2	27384	T	C	62	44	39	1	1	39	0.015873	63	0.504	FALSE	NA	NA	NA	NA	NA	NA
NC_045512.2	27807	C	T	0	0	0	3	2	39	1	3	0.1	FALSE	NA	NA	NA	NA	NA	NA
NC_045512.2	27889	C	T	20	14	41	24	22	38	0.545455	44	1.02776e-09	TRUE	NA	NA	NA	NA	NA	NA
NC_045512.2	28195	G	T	118	65	39	1	0	38	0.00840336	119	0.50211	FALSE	NA	NA	NA	NA	NA	NA
NC_045512.2	28261	C	G	89	89	38	1	1	39	0.0111111	90	0.502793	FALSE	NA	NA	NA	NA	NA	NA
NC_045512.2	28271	A	T	0	0	0	65	65	38	1	65	2.10377e-38	TRUE	NA	NA	NA	NA	NA	NA
NC_045512.2	28330	A	G	20	1	40	2	0	38	0.0909091	22	0.255814	FALSE	NA	NA	NA	NA	NA	NA
NC_045512.2	28363	A	T	0	0	0	6	1	37	1	6	0.0021645	TRUE	NA	NA	NA	NA	NA	NA
NC_045512.2	28370	A	G	0	0	0	5	0	38	1	5	0.00793651	TRUE	NA	NA	NA	NA	NA	NA
NC_045512.2	28653	A	G	69	11	42	1	0	39	0.0142857	70	0.503597	FALSE	NA	NA	NA	NA	NA	NA
NC_045512.2	28724	C	T	63	31	39	4	2	38	0.0597015	67	0.0615279	FALSE	NA	NA	NA	NA	NA	NA
