REGION	POS	REF	ALT	REF_DP	REF_RV	REF_QUAL	ALT_DP	ALT_RV	ALT_QUAL	ALT_FREQ	TOTAL_DP	PVAL	PASS	GFF_FEATURE	REF_CODON	REF_AA	ALT_CODON	ALT_AA	POS_AA
NC_045512.2	1677	A	G	8	0	39	1	0	39	0.111111	9	0.529412	FALSE	NA	NA	NA	NA	NA	NA
NC_045512.2	3348	T	C	2	2	39	1	1	39	0.333333	3	0.6	FALSE	NA	NA	NA	NA	NA	NA
NC_045512.2	12741	C	T	8	5	58	1	1	39	0.111111	9	0.529412	FALSE	NA	NA	NA	NA	NA	NA
NC_045512.2	13983	T	C	15	13	42	2	2	38	0.117647	17	0.257576	FALSE	NA	NA	NA	NA	NA	NA
NC_045512.2	15714	C	T	0	0	0	7	5	39	1	7	0.000582751	TRUE	NA	NA	NA	NA	NA	NA
NC_045512.2	16061	A	C	14	1	41	1	0	27	0.0666667	15	0.517241	FALSE	NA	NA	NA	NA	NA	NA
NC_045512.2	23403	A	G	0	0	0	3	2	38	1	3	0.1	FALSE	NA	NA	NA	NA	NA	NA
NC_045512.2	26746	G	A	6	0	39	1	0	39	0.142857	7	0.538462	FALSE	NA	NA	NA	NA	NA	NA
NC_045512.2	27384	T	C	9	7	43	2	1	39	0.181818	11	0.261905	FALSE	NA	NA	NA	NA	NA	NA
NC_045512.2	27889	C	T	1	1	36	24	22	40	0.96	25	3.95536e-13	TRUE	NA	NA	NA	NA	NA	NA
NC_045512.2	28271	A	T	0	0	0	24	24	38	1	24	6.20201e-14	TRUE	NA	NA	NA	NA	NA	NA
NC_045512.2	28330	A	G	1	0	39	1	0	38	0.5	2	0.666667	FALSE	NA	NA	NA	NA	NA	NA
NC_045512.2	28363	A	T	0	0	0	6	0	37	1	6	0.0021645	TRUE	NA	NA	NA	NA	NA	NA
NC_045512.2	28370	A	G	0	0	0	1	0	39	1	1	1	FALSE	NA	NA	NA	NA	NA	NA
NC_045512.2	29666	C	T	16	13	53	1	1	38	0.0588235	17	0.515152	FALSE	NA	NA	NA	NA	NA	NA
