REGION	POS	REF	ALT	REF_DP	REF_RV	REF_QUAL	ALT_DP	ALT_RV	ALT_QUAL	ALT_FREQ	TOTAL_DP	PVAL	PASS	GFF_FEATURE	REF_CODON	REF_AA	ALT_CODON	ALT_AA	POS_AA
NC_045512.2	4126	G	A	2	0	39	1	0	39	0.333333	3	0.6	FALSE	NA	NA	NA	NA	NA	NA
NC_045512.2	4184	G	A	0	0	0	1	1	39	1	1	1	FALSE	NA	NA	NA	NA	NA	NA
NC_045512.2	7814	T	C	20	1	42	1	0	39	0.047619	21	0.512195	FALSE	NA	NA	NA	NA	NA	NA
NC_045512.2	12160	G	A	0	0	0	1	1	39	1	1	1	FALSE	NA	NA	NA	NA	NA	NA
NC_045512.2	12310	G	A	0	0	0	1	1	39	1	1	1	FALSE	NA	NA	NA	NA	NA	NA
NC_045512.2	13141	T	A	0	0	0	1	1	39	1	1	1	FALSE	NA	NA	NA	NA	NA	NA
NC_045512.2	14553	A	T	20	13	39	2	2	38	0.0909091	22	0.255814	FALSE	NA	NA	NA	NA	NA	NA
NC_045512.2	15714	C	T	0	0	0	31	18	38	1	31	4.29712e-18	TRUE	NA	NA	NA	NA	NA	NA
NC_045512.2	16616	C	A	7	5	44	2	0	38	0.222222	9	0.264706	FALSE	NA	NA	NA	NA	NA	NA
NC_045512.2	16935	G	A	96	71	41	11	9	38	0.102804	107	0.000392789	TRUE	NA	NA	NA	NA	NA	NA
NC_045512.2	17410	C	T	0	0	0	15	14	38	1	15	1.28935e-08	TRUE	NA	NA	NA	NA	NA	NA
NC_045512.2	18743	A	G	22	10	41	1	0	39	0.0434783	23	0.511111	FALSE	NA	NA	NA	NA	NA	NA
NC_045512.2	22326	C	T	0	0	0	1	1	39	1	1	1	FALSE	NA	NA	NA	NA	NA	NA
NC_045512.2	23403	A	G	0	0	0	12	9	38	1	12	7.39602e-07	TRUE	NA	NA	NA	NA	NA	NA
NC_045512.2	26819	T	C	10	9	38	3	3	38	0.230769	13	0.124348	FALSE	NA	NA	NA	NA	NA	NA
NC_045512.2	27393	C	T	75	70	40	1	1	39	0.0131579	76	0.503311	FALSE	NA	NA	NA	NA	NA	NA
NC_045512.2	27402	T	C	55	52	42	1	1	33	0.0178571	56	0.504505	FALSE	NA	NA	NA	NA	NA	NA
NC_045512.2	27513	C	T	2	1	58	2	2	39	0.5	4	0.285714	FALSE	NA	NA	NA	NA	NA	NA
NC_045512.2	27600	C	T	14	1	38	1	1	38	0.0666667	15	0.517241	FALSE	NA	NA	NA	NA	NA	NA
NC_045512.2	27691	A	T	13	13	38	1	1	38	0.0714286	14	0.518519	FALSE	NA	NA	NA	NA	NA	NA
NC_045512.2	27807	C	T	0	0	0	1	1	39	1	1	1	FALSE	NA	NA	NA	NA	NA	NA
NC_045512.2	27889	C	T	0	0	0	106	85	40	1	106	5.55151e-63	TRUE	NA	NA	NA	NA	NA	NA
NC_045512.2	28271	A	T	0	0	0	101	101	38	1	101	5.54937e-60	TRUE	NA	NA	NA	NA	NA	NA
NC_045512.2	28330	A	G	5	0	38	2	0	37	0.285714	7	0.269231	FALSE	NA	NA	NA	NA	NA	NA
NC_045512.2	28363	A	T	0	0	0	6	0	35	1	6	0.0021645	TRUE	NA	NA	NA	NA	NA	NA
NC_045512.2	28370	A	G	0	0	0	1	0	39	1	1	1	FALSE	NA	NA	NA	NA	NA	NA
NC_045512.2	28681	G	T	103	19	44	13	2	44	0.112069	116	9.0624e-05	TRUE	NA	NA	NA	NA	NA	NA
NC_045512.2	28719	G	A	101	56	41	1	0	38	0.00980392	102	0.502463	FALSE	NA	NA	NA	NA	NA	NA
NC_045512.2	28991	C	A	41	12	38	1	0	27	0.0238095	42	0.506024	FALSE	NA	NA	NA	NA	NA	NA
NC_045512.2	29666	C	T	122	101	50	1	0	39	0.00813008	123	0.502041	FALSE	NA	NA	NA	NA	NA	NA
