REGION	POS	REF	ALT	REF_DP	REF_RV	REF_QUAL	ALT_DP	ALT_RV	ALT_QUAL	ALT_FREQ	TOTAL_DP	PVAL	PASS	GFF_FEATURE	REF_CODON	REF_AA	ALT_CODON	ALT_AA	POS_AA
NC_045512.2	1677	A	C	12	0	38	1	0	38	0.0769231	13	0.52	FALSE	NA	NA	NA	NA	NA	NA
NC_045512.2	1684	C	T	16	0	38	3	0	39	0.157895	19	0.12471	FALSE	NA	NA	NA	NA	NA	NA
NC_045512.2	5406	T	C	5	2	38	1	1	39	0.166667	6	0.545455	FALSE	NA	NA	NA	NA	NA	NA
NC_045512.2	7824	A	-T	4	0	39	1	0	20	0.25	4	0.625	FALSE	NA	NA	NA	NA	NA	NA
NC_045512.2	7869	C	T	1	1	39	1	1	39	0.5	2	0.666667	FALSE	NA	NA	NA	NA	NA	NA
NC_045512.2	9734	T	C	5	5	38	2	2	39	0.285714	7	0.269231	FALSE	NA	NA	NA	NA	NA	NA
NC_045512.2	12469	C	T	0	0	0	1	1	39	1	1	1	FALSE	NA	NA	NA	NA	NA	NA
NC_045512.2	13983	T	C	16	16	44	1	1	38	0.0588235	17	0.515152	FALSE	NA	NA	NA	NA	NA	NA
NC_045512.2	15714	C	T	0	0	0	14	9	38	1	14	4.98547e-08	TRUE	NA	NA	NA	NA	NA	NA
NC_045512.2	16616	C	A	15	6	41	1	0	39	0.0625	16	0.516129	FALSE	NA	NA	NA	NA	NA	NA
NC_045512.2	18583	G	A	0	0	0	1	1	39	1	1	1	FALSE	NA	NA	NA	NA	NA	NA
NC_045512.2	21770	G	A	0	0	0	1	1	35	1	1	1	FALSE	NA	NA	NA	NA	NA	NA
NC_045512.2	23403	A	G	0	0	0	11	6	38	1	11	2.83514e-06	TRUE	NA	NA	NA	NA	NA	NA
NC_045512.2	25193	A	G	6	0	38	1	0	39	0.142857	7	0.538462	FALSE	NA	NA	NA	NA	NA	NA
NC_045512.2	25584	C	T	0	0	0	1	1	39	1	1	1	FALSE	NA	NA	NA	NA	NA	NA
NC_045512.2	27382	G	C	26	23	38	1	1	39	0.037037	27	0.509434	FALSE	NA	NA	NA	NA	NA	NA
NC_045512.2	27807	C	T	0	0	0	1	1	39	1	1	1	FALSE	NA	NA	NA	NA	NA	NA
NC_045512.2	27889	C	T	6	5	50	29	21	40	0.828571	35	6.84287e-14	TRUE	NA	NA	NA	NA	NA	NA
NC_045512.2	28271	A	T	0	0	0	28	28	39	1	28	2.61483e-16	TRUE	NA	NA	NA	NA	NA	NA
NC_045512.2	28329	G	T	6	0	38	1	0	39	0.142857	7	0.538462	FALSE	NA	NA	NA	NA	NA	NA
NC_045512.2	28333	C	T	7	0	37	1	0	39	0.125	8	0.533333	FALSE	NA	NA	NA	NA	NA	NA
NC_045512.2	28363	A	T	0	0	0	4	0	38	1	4	0.0285714	FALSE	NA	NA	NA	NA	NA	NA
NC_045512.2	28370	A	G	0	0	0	5	0	39	1	5	0.00793651	TRUE	NA	NA	NA	NA	NA	NA
NC_045512.2	28469	T	C	8	7	39	1	1	38	0.111111	9	0.529412	FALSE	NA	NA	NA	NA	NA	NA
NC_045512.2	28678	T	-G	34	5	40	1	0	20	0.0294118	34	0.514706	FALSE	NA	NA	NA	NA	NA	NA
NC_045512.2	28681	G	T	33	7	43	2	0	39	0.0571429	35	0.253623	FALSE	NA	NA	NA	NA	NA	NA
