REGION	POS	REF	ALT	REF_DP	REF_RV	REF_QUAL	ALT_DP	ALT_RV	ALT_QUAL	ALT_FREQ	TOTAL_DP	PVAL	PASS	GFF_FEATURE	REF_CODON	REF_AA	ALT_CODON	ALT_AA	POS_AA
NC_045512.2	670	T	G	1	1	68	1	1	34	0.5	2	0.666667	FALSE	NA	NA	NA	NA	NA	NA
NC_045512.2	2770	T	C	0	0	0	3	3	34	1	3	0.1	FALSE	NA	NA	NA	NA	NA	NA
NC_045512.2	2832	A	G	0	0	0	2	2	34	1	2	0.333333	FALSE	NA	NA	NA	NA	NA	NA
NC_045512.2	5386	T	G	0	0	0	3	0	34	1	3	0.1	FALSE	NA	NA	NA	NA	NA	NA
NC_045512.2	6512	A	-GTT	1	1	34	1	0	20	1	1	1	FALSE	NA	NA	NA	NA	NA	NA
NC_045512.2	8393	G	A	5	0	34	2	0	34	0.285714	7	0.269231	FALSE	NA	NA	NA	NA	NA	NA
NC_045512.2	10029	C	T	0	0	0	1	1	34	1	1	1	FALSE	NA	NA	NA	NA	NA	NA
NC_045512.2	15714	C	T	0	0	0	1	0	34	1	1	1	FALSE	NA	NA	NA	NA	NA	NA
NC_045512.2	17572	G	C	0	0	0	3	3	34	1	3	0.1	FALSE	NA	NA	NA	NA	NA	NA
NC_045512.2	19489	T	C	1	1	34	1	0	68	0.5	2	0.666667	FALSE	NA	NA	NA	NA	NA	NA
NC_045512.2	21618	C	T	0	0	0	4	4	34	1	4	0.0285714	FALSE	NA	NA	NA	NA	NA	NA
NC_045512.2	21846	C	T	0	0	0	1	0	68	1	1	1	FALSE	NA	NA	NA	NA	NA	NA
NC_045512.2	22673	T	C	0	0	0	4	4	34	1	4	0.0285714	FALSE	NA	NA	NA	NA	NA	NA
NC_045512.2	22674	C	T	0	0	0	4	4	34	1	4	0.0285714	FALSE	NA	NA	NA	NA	NA	NA
NC_045512.2	22679	T	C	0	0	0	4	4	34	1	4	0.0285714	FALSE	NA	NA	NA	NA	NA	NA
NC_045512.2	22686	C	T	0	0	0	4	4	34	1	4	0.0285714	FALSE	NA	NA	NA	NA	NA	NA
NC_045512.2	23525	C	T	0	0	0	3	3	34	1	3	0.1	FALSE	NA	NA	NA	NA	NA	NA
NC_045512.2	23599	T	G	0	0	0	2	0	68	1	2	0.333333	FALSE	NA	NA	NA	NA	NA	NA
NC_045512.2	23604	C	A	0	0	0	2	0	68	1	2	0.333333	FALSE	NA	NA	NA	NA	NA	NA
NC_045512.2	23673	C	T	0	0	0	2	2	34	1	2	0.333333	FALSE	NA	NA	NA	NA	NA	NA
NC_045512.2	26025	T	C	0	0	0	2	0	34	1	2	0.333333	FALSE	NA	NA	NA	NA	NA	NA
NC_045512.2	26270	C	T	0	0	0	3	3	34	1	3	0.1	FALSE	NA	NA	NA	NA	NA	NA
NC_045512.2	26709	G	A	0	0	0	4	0	31	1	4	0.0285714	FALSE	NA	NA	NA	NA	NA	NA
NC_045512.2	27807	C	T	0	0	0	2	2	34	1	2	0.333333	FALSE	NA	NA	NA	NA	NA	NA
NC_045512.2	28311	C	T	0	0	0	3	0	34	1	3	0.1	FALSE	NA	NA	NA	NA	NA	NA
NC_045512.2	28361	G	-GAGAACGCA	2	1	51	2	0	20	1	2	0.6	FALSE	NA	NA	NA	NA	NA	NA
NC_045512.2	29550	C	G	0	0	0	1	0	34	1	1	1	FALSE	NA	NA	NA	NA	NA	NA
NC_045512.2	29785	T	A	0	0	0	1	1	34	1	1	1	FALSE	NA	NA	NA	NA	NA	NA
NC_045512.2	29817	T	C	0	0	0	1	1	34	1	1	1	FALSE	NA	NA	NA	NA	NA	NA
