REGION	POS	REF	ALT	REF_DP	REF_RV	REF_QUAL	ALT_DP	ALT_RV	ALT_QUAL	ALT_FREQ	TOTAL_DP	PVAL	PASS	GFF_FEATURE	REF_CODON	REF_AA	ALT_CODON	ALT_AA	POS_AA
NC_045512.2	1188	C	A	84	63	37	1	1	38	0.0117647	85	0.502959	FALSE	NA	NA	NA	NA	NA	NA
NC_045512.2	9344	C	T	0	0	0	1	0	39	1	1	1	FALSE	NA	NA	NA	NA	NA	NA
NC_045512.2	9616	T	C	117	0	38	1	0	39	0.00847458	118	0.502128	FALSE	NA	NA	NA	NA	NA	NA
NC_045512.2	10323	A	T	107	64	39	1	1	32	0.00925926	108	0.502326	FALSE	NA	NA	NA	NA	NA	NA
NC_045512.2	12160	G	A	0	0	0	12	8	42	1	12	7.39602e-07	TRUE	NA	NA	NA	NA	NA	NA
NC_045512.2	13912	A	G	82	7	41	1	0	37	0.0120482	83	0.50303	FALSE	NA	NA	NA	NA	NA	NA
NC_045512.2	14583	C	T	57	55	41	1	1	37	0.0172414	58	0.504348	FALSE	NA	NA	NA	NA	NA	NA
NC_045512.2	15694	C	A	456	8	39	1	0	39	0.00218818	457	0.500548	FALSE	NA	NA	NA	NA	NA	NA
NC_045512.2	15714	C	T	0	0	0	84	44	41	1	84	8.69664e-50	TRUE	NA	NA	NA	NA	NA	NA
NC_045512.2	15745	A	G	455	108	39	1	1	38	0.00219298	456	0.500549	FALSE	NA	NA	NA	NA	NA	NA
NC_045512.2	16263	T	A	60	1	39	1	0	39	0.0163934	61	0.504132	FALSE	NA	NA	NA	NA	NA	NA
NC_045512.2	16339	A	G	58	46	40	2	2	39	0.0333333	60	0.252101	FALSE	NA	NA	NA	NA	NA	NA
NC_045512.2	16354	A	G	70	65	43	1	1	39	0.0140845	71	0.503546	FALSE	NA	NA	NA	NA	NA	NA
NC_045512.2	16868	A	C	198	69	40	1	0	28	0.00502513	199	0.751889	FALSE	NA	NA	NA	NA	NA	NA
NC_045512.2	21770	G	A	0	0	0	4	4	37	1	4	0.0285714	FALSE	NA	NA	NA	NA	NA	NA
NC_045512.2	23403	A	G	0	0	0	19	5	38	1	19	5.65847e-11	TRUE	NA	NA	NA	NA	NA	NA
NC_045512.2	23525	C	T	0	0	0	1	0	39	1	1	1	FALSE	NA	NA	NA	NA	NA	NA
NC_045512.2	25187	T	A	15	0	37	1	0	31	0.0625	16	0.516129	FALSE	NA	NA	NA	NA	NA	NA
NC_045512.2	26709	G	A	0	0	0	1	0	39	1	1	1	FALSE	NA	NA	NA	NA	NA	NA
NC_045512.2	26840	G	A	8	6	48	1	1	39	0.111111	9	0.529412	FALSE	NA	NA	NA	NA	NA	NA
NC_045512.2	27807	C	T	0	0	0	1	1	37	1	1	1	FALSE	NA	NA	NA	NA	NA	NA
NC_045512.2	27889	C	T	0	0	0	125	106	40	1	125	2.19278e-74	TRUE	NA	NA	NA	NA	NA	NA
NC_045512.2	28214	C	T	298	156	42	1	0	37	0.00334448	299	0.500838	FALSE	NA	NA	NA	NA	NA	NA
NC_045512.2	28215	T	C	329	193	43	1	0	39	0.0030303	330	0.500759	FALSE	NA	NA	NA	NA	NA	NA
NC_045512.2	28271	A	T	0	0	0	202	202	38	1	202	1.2202e-120	TRUE	NA	NA	NA	NA	NA	NA
NC_045512.2	28363	A	T	0	0	0	11	0	36	1	11	2.83514e-06	TRUE	NA	NA	NA	NA	NA	NA
NC_045512.2	28681	G	T	96	14	43	22	4	41	0.186441	118	8.94032e-08	TRUE	NA	NA	NA	NA	NA	NA
