REGION	POS	REF	ALT	REF_DP	REF_RV	REF_QUAL	ALT_DP	ALT_RV	ALT_QUAL	ALT_FREQ	TOTAL_DP	PVAL	PASS	GFF_FEATURE	REF_CODON	REF_AA	ALT_CODON	ALT_AA	POS_AA
NC_045512.2	4783	A	G	76	4	39	1	0	39	0.012987	77	0.503268	FALSE	NA	NA	NA	NA	NA	NA
NC_045512.2	5400	C	T	9	1	42	1	0	39	0.1	10	0.526316	FALSE	NA	NA	NA	NA	NA	NA
NC_045512.2	8509	A	G	26	12	40	1	0	39	0.037037	27	0.509434	FALSE	NA	NA	NA	NA	NA	NA
NC_045512.2	8514	T	C	30	17	39	1	0	39	0.0322581	31	0.508197	FALSE	NA	NA	NA	NA	NA	NA
NC_045512.2	15714	C	T	0	0	0	20	8	38	1	20	1.45089e-11	TRUE	NA	NA	NA	NA	NA	NA
NC_045512.2	17410	C	T	0	0	0	2	2	39	1	2	0.333333	FALSE	NA	NA	NA	NA	NA	NA
NC_045512.2	20617	T	G	10	7	42	4	3	36	0.285714	14	0.057037	FALSE	NA	NA	NA	NA	NA	NA
NC_045512.2	21762	C	T	9	6	43	1	0	39	0.1	10	0.526316	FALSE	NA	NA	NA	NA	NA	NA
NC_045512.2	21770	G	A	14	13	41	3	3	36	0.176471	17	0.124633	FALSE	NA	NA	NA	NA	NA	NA
NC_045512.2	23202	C	A	7	7	39	1	1	39	0.125	8	0.533333	FALSE	NA	NA	NA	NA	NA	NA
NC_045512.2	23403	A	G	0	0	0	12	6	40	1	12	7.39602e-07	TRUE	NA	NA	NA	NA	NA	NA
NC_045512.2	24106	C	T	4	4	48	1	1	39	0.2	5	0.555556	FALSE	NA	NA	NA	NA	NA	NA
NC_045512.2	25584	C	T	0	0	0	2	2	38	1	2	0.333333	FALSE	NA	NA	NA	NA	NA	NA
NC_045512.2	28199	T	A	100	60	39	1	1	39	0.00990099	101	0.502488	FALSE	NA	NA	NA	NA	NA	NA
NC_045512.2	28271	A	T	0	0	0	69	69	38	1	69	8.46597e-41	TRUE	NA	NA	NA	NA	NA	NA
NC_045512.2	28363	A	T	0	0	0	4	0	38	1	4	0.0285714	FALSE	NA	NA	NA	NA	NA	NA
NC_045512.2	28370	A	G	0	0	0	11	0	37	1	11	2.83514e-06	TRUE	NA	NA	NA	NA	NA	NA
NC_045512.2	29360	T	C	129	82	42	1	1	37	0.00769231	130	0.501931	FALSE	NA	NA	NA	NA	NA	NA
NC_045512.2	29363	C	T	129	79	41	1	1	33	0.00769231	130	0.501931	FALSE	NA	NA	NA	NA	NA	NA
