REGION	POS	REF	ALT	REF_DP	REF_RV	REF_QUAL	ALT_DP	ALT_RV	ALT_QUAL	ALT_FREQ	TOTAL_DP	PVAL	PASS	GFF_FEATURE	REF_CODON	REF_AA	ALT_CODON	ALT_AA	POS_AA
NC_045512.2	5386	T	G	1	0	38	1	0	38	0.5	2	0.666667	FALSE	NA	NA	NA	NA	NA	NA
NC_045512.2	7385	A	T	0	0	0	1	0	39	1	1	1	FALSE	NA	NA	NA	NA	NA	NA
NC_045512.2	10449	C	A	0	0	0	1	0	37	1	1	1	FALSE	NA	NA	NA	NA	NA	NA
NC_045512.2	15714	C	T	32	23	41	16	11	38	0.333333	48	4.08578e-06	TRUE	NA	NA	NA	NA	NA	NA
NC_045512.2	16879	A	G	78	32	39	1	0	39	0.0126582	79	0.503185	FALSE	NA	NA	NA	NA	NA	NA
NC_045512.2	16972	T	A	73	71	40	1	1	39	0.0135135	74	0.503401	FALSE	NA	NA	NA	NA	NA	NA
NC_045512.2	16974	T	C	27	25	42	2	2	38	0.0689655	29	0.254386	FALSE	NA	NA	NA	NA	NA	NA
NC_045512.2	17119	C	T	6	0	38	1	0	39	0.142857	7	0.538462	FALSE	NA	NA	NA	NA	NA	NA
NC_045512.2	17797	G	A	11	3	42	1	1	39	0.0833333	12	0.521739	FALSE	NA	NA	NA	NA	NA	NA
NC_045512.2	21169	A	T	16	8	38	1	1	37	0.0588235	17	0.515152	FALSE	NA	NA	NA	NA	NA	NA
NC_045512.2	21770	G	A	10	9	50	1	1	39	0.0909091	11	0.52381	FALSE	NA	NA	NA	NA	NA	NA
NC_045512.2	23403	A	G	0	0	0	9	5	39	1	9	4.11353e-05	TRUE	NA	NA	NA	NA	NA	NA
NC_045512.2	24130	C	A	0	0	0	1	1	39	1	1	1	FALSE	NA	NA	NA	NA	NA	NA
NC_045512.2	27382	G	C	19	14	38	1	1	39	0.05	20	0.512821	FALSE	NA	NA	NA	NA	NA	NA
NC_045512.2	27384	T	C	19	14	38	1	1	39	0.05	20	0.512821	FALSE	NA	NA	NA	NA	NA	NA
NC_045512.2	28221	G	C	39	32	47	1	1	39	0.025	40	0.506329	FALSE	NA	NA	NA	NA	NA	NA
NC_045512.2	28233	G	A	43	31	38	1	1	39	0.0227273	44	0.505747	FALSE	NA	NA	NA	NA	NA	NA
NC_045512.2	28271	A	T	0	0	0	20	20	38	1	20	1.45089e-11	TRUE	NA	NA	NA	NA	NA	NA
NC_045512.2	28363	A	T	0	0	0	2	0	35	1	2	0.333333	FALSE	NA	NA	NA	NA	NA	NA
NC_045512.2	28370	A	G	0	0	0	1	0	37	1	1	1	FALSE	NA	NA	NA	NA	NA	NA
