REGION	POS	REF	ALT	REF_DP	REF_RV	REF_QUAL	ALT_DP	ALT_RV	ALT_QUAL	ALT_FREQ	TOTAL_DP	PVAL	PASS	GFF_FEATURE	REF_CODON	REF_AA	ALT_CODON	ALT_AA	POS_AA
NC_045512.2	8021	G	A	66	0	35	1	0	37	0.0149254	67	0.503759	FALSE	NA	NA	NA	NA	NA	NA
NC_045512.2	8051	A	G	68	29	36	1	0	37	0.0144928	69	0.50365	FALSE	NA	NA	NA	NA	NA	NA
NC_045512.2	8139	C	T	51	20	39	1	1	25	0.0192308	52	0.504854	FALSE	NA	NA	NA	NA	NA	NA
NC_045512.2	8243	C	A	79	65	43	1	1	25	0.0125	80	0.503145	FALSE	NA	NA	NA	NA	NA	NA
NC_045512.2	9344	C	T	0	0	0	16	12	37	1	16	3.32734e-09	TRUE	NA	NA	NA	NA	NA	NA
NC_045512.2	9397	A	G	53	30	35	1	0	37	0.0185185	54	0.504673	FALSE	NA	NA	NA	NA	NA	NA
NC_045512.2	9424	A	G	0	0	0	18	7	35	1	18	2.20382e-10	TRUE	NA	NA	NA	NA	NA	NA
NC_045512.2	9534	C	T	0	0	0	1	1	37	1	1	1	FALSE	NA	NA	NA	NA	NA	NA
NC_045512.2	21716	C	G	0	0	0	3	0	33	1	3	0.1	FALSE	NA	NA	NA	NA	NA	NA
NC_045512.2	21960	T	C	0	0	0	1	1	37	1	1	1	FALSE	NA	NA	NA	NA	NA	NA
NC_045512.2	25319	T	C	29	3	38	1	0	37	0.0333333	30	0.508475	FALSE	NA	NA	NA	NA	NA	NA
NC_045512.2	25354	G	A	507	5	35	1	0	37	0.0019685	508	0.500493	FALSE	NA	NA	NA	NA	NA	NA
NC_045512.2	25387	G	C	379	212	39	1	0	25	0.00263158	380	0.938322	FALSE	NA	NA	NA	NA	NA	NA
NC_045512.2	25389	A	C	376	212	38	1	0	25	0.00265252	377	0.938328	FALSE	NA	NA	NA	NA	NA	NA
NC_045512.2	25403	T	C	385	224	37	1	1	37	0.00259067	386	0.500649	FALSE	NA	NA	NA	NA	NA	NA
NC_045512.2	25411	A	C	335	216	37	1	0	37	0.00297619	336	0.500745	FALSE	NA	NA	NA	NA	NA	NA
NC_045512.2	25430	T	G	346	183	37	1	1	25	0.00288184	347	0.9384	FALSE	NA	NA	NA	NA	NA	NA
NC_045512.2	25440	G	T	371	219	37	1	1	25	0.00268817	372	0.938339	FALSE	NA	NA	NA	NA	NA	NA
NC_045512.2	25454	A	T	352	218	37	1	0	37	0.00283286	353	0.500709	FALSE	NA	NA	NA	NA	NA	NA
NC_045512.2	25462	A	C	287	182	37	1	0	25	0.00347222	288	0.876303	FALSE	NA	NA	NA	NA	NA	NA
NC_045512.2	25477	G	T	299	189	38	1	0	25	0.00333333	300	0.938126	FALSE	NA	NA	NA	NA	NA	NA
NC_045512.2	25541	T	G	162	128	36	1	1	25	0.00613497	163	0.752308	FALSE	NA	NA	NA	NA	NA	NA
NC_045512.2	25544	C	T	196	160	39	1	1	25	0.00507614	197	0.751908	FALSE	NA	NA	NA	NA	NA	NA
NC_045512.2	25571	C	A	84	74	39	1	1	25	0.0117647	85	0.502959	FALSE	NA	NA	NA	NA	NA	NA
NC_045512.2	25584	C	T	0	0	0	29	29	35	1	29	6.65175e-17	TRUE	NA	NA	NA	NA	NA	NA
NC_045512.2	26060	C	T	0	0	0	1	1	25	1	1	1	FALSE	NA	NA	NA	NA	NA	NA
NC_045512.2	26140	G	A	11	8	35	1	0	37	0.0833333	12	0.521739	FALSE	NA	NA	NA	NA	NA	NA
NC_045512.2	26270	C	T	0	0	0	1	1	25	1	1	1	FALSE	NA	NA	NA	NA	NA	NA
