REGION	POS	REF	ALT	REF_DP	REF_RV	REF_QUAL	ALT_DP	ALT_RV	ALT_QUAL	ALT_FREQ	TOTAL_DP	PVAL	PASS	GFF_FEATURE	REF_CODON	REF_AA	ALT_CODON	ALT_AA	POS_AA
NC_045512.2	1214	C	G	75	73	40	1	1	39	0.0131579	76	0.503311	FALSE	NA	NA	NA	NA	NA	NA
NC_045512.2	3037	C	T	0	0	0	2	2	34	1	2	0.333333	FALSE	NA	NA	NA	NA	NA	NA
NC_045512.2	4184	G	A	0	0	0	7	3	36	1	7	0.000582751	TRUE	NA	NA	NA	NA	NA	NA
NC_045512.2	12501	C	T	51	50	41	1	1	38	0.0192308	52	0.504854	FALSE	NA	NA	NA	NA	NA	NA
NC_045512.2	14285	T	C	19	18	38	1	1	39	0.05	20	0.512821	FALSE	NA	NA	NA	NA	NA	NA
NC_045512.2	14474	G	A	35	0	38	1	0	39	0.0277778	36	0.507042	FALSE	NA	NA	NA	NA	NA	NA
NC_045512.2	14501	T	A	129	17	47	1	0	36	0.00769231	130	0.501931	FALSE	NA	NA	NA	NA	NA	NA
NC_045512.2	15709	A	G	112	7	39	1	0	39	0.00884956	113	0.502222	FALSE	NA	NA	NA	NA	NA	NA
NC_045512.2	15714	C	T	0	0	0	58	27	40	1	58	3.25668e-34	TRUE	NA	NA	NA	NA	NA	NA
NC_045512.2	15769	G	A	291	168	44	1	1	31	0.00342466	292	0.500858	FALSE	NA	NA	NA	NA	NA	NA
NC_045512.2	15800	A	T	227	222	40	1	1	27	0.00438596	228	0.876647	FALSE	NA	NA	NA	NA	NA	NA
NC_045512.2	16051	A	G	248	49	39	1	1	39	0.00401606	249	0.501006	FALSE	NA	NA	NA	NA	NA	NA
NC_045512.2	16097	A	G	265	242	41	1	1	33	0.0037594	266	0.500942	FALSE	NA	NA	NA	NA	NA	NA
NC_045512.2	16362	C	T	25	24	41	1	1	30	0.0384615	26	0.509804	FALSE	NA	NA	NA	NA	NA	NA
NC_045512.2	16664	A	T	43	43	38	1	1	39	0.0227273	44	0.505747	FALSE	NA	NA	NA	NA	NA	NA
NC_045512.2	17410	C	T	0	0	0	2	2	38	1	2	0.333333	FALSE	NA	NA	NA	NA	NA	NA
NC_045512.2	20268	A	G	78	30	39	1	1	39	0.0126582	79	0.503185	FALSE	NA	NA	NA	NA	NA	NA
NC_045512.2	20286	T	C	77	41	40	1	0	37	0.0128205	78	0.503226	FALSE	NA	NA	NA	NA	NA	NA
NC_045512.2	20321	A	T	84	58	40	1	0	39	0.0117647	85	0.502959	FALSE	NA	NA	NA	NA	NA	NA
NC_045512.2	20522	A	T	34	2	41	1	0	37	0.0285714	35	0.507246	FALSE	NA	NA	NA	NA	NA	NA
NC_045512.2	20844	C	T	22	3	38	1	0	39	0.0434783	23	0.511111	FALSE	NA	NA	NA	NA	NA	NA
NC_045512.2	23403	A	G	0	0	0	39	23	38	1	39	7.34834e-23	TRUE	NA	NA	NA	NA	NA	NA
NC_045512.2	28198	G	C	80	50	38	1	1	30	0.0123457	81	0.503106	FALSE	NA	NA	NA	NA	NA	NA
NC_045512.2	28213	A	C	76	33	45	1	0	38	0.012987	77	0.503268	FALSE	NA	NA	NA	NA	NA	NA
NC_045512.2	28271	A	T	0	0	0	34	34	38	1	34	7.02913e-20	TRUE	NA	NA	NA	NA	NA	NA
NC_045512.2	28311	C	T	0	0	0	1	0	39	1	1	1	FALSE	NA	NA	NA	NA	NA	NA
NC_045512.2	28363	A	T	0	0	0	4	0	36	1	4	0.0285714	FALSE	NA	NA	NA	NA	NA	NA
