REGION	POS	REF	ALT	REF_DP	REF_RV	REF_QUAL	ALT_DP	ALT_RV	ALT_QUAL	ALT_FREQ	TOTAL_DP	PVAL	PASS	GFF_FEATURE	REF_CODON	REF_AA	ALT_CODON	ALT_AA	POS_AA
NC_045512.2	16616	C	A	0	0	0	2	0	39	1	2	0.333333	FALSE	NA	NA	NA	NA	NA	NA
NC_045512.2	21770	G	A	0	0	0	3	3	38	1	3	0.1	FALSE	NA	NA	NA	NA	NA	NA
NC_045512.2	27889	C	T	0	0	0	1	1	39	1	1	1	FALSE	NA	NA	NA	NA	NA	NA
NC_045512.2	28189	T	G	77	47	38	1	0	38	0.0128205	78	0.503226	FALSE	NA	NA	NA	NA	NA	NA
NC_045512.2	28271	A	T	0	0	0	53	52	38	1	53	3.18851e-31	TRUE	NA	NA	NA	NA	NA	NA
NC_045512.2	28694	A	G	59	37	40	1	1	37	0.0166667	60	0.504202	FALSE	NA	NA	NA	NA	NA	NA
NC_045512.2	28737	C	T	98	55	42	1	0	31	0.010101	99	0.502538	FALSE	NA	NA	NA	NA	NA	NA
NC_045512.2	29280	C	T	105	2	39	1	0	39	0.00943396	106	0.50237	FALSE	NA	NA	NA	NA	NA	NA
NC_045512.2	29358	C	A	36	16	40	1	1	39	0.027027	37	0.506849	FALSE	NA	NA	NA	NA	NA	NA
NC_045512.2	29666	C	T	11	7	56	3	2	39	0.214286	14	0.124444	FALSE	NA	NA	NA	NA	NA	NA
