REGION	POS	REF	ALT	REF_DP	REF_RV	REF_QUAL	ALT_DP	ALT_RV	ALT_QUAL	ALT_FREQ	TOTAL_DP	PVAL	PASS	GFF_FEATURE	REF_CODON	REF_AA	ALT_CODON	ALT_AA	POS_AA
NC_045512.2	3301	A	G	7	4	38	1	1	27	0.125	8	0.533333	FALSE	NA	NA	NA	NA	NA	NA
NC_045512.2	4184	G	A	0	0	0	1	1	39	1	1	1	FALSE	NA	NA	NA	NA	NA	NA
NC_045512.2	10213	T	C	2	0	57	1	0	30	0.333333	3	0.6	FALSE	NA	NA	NA	NA	NA	NA
NC_045512.2	10544	C	A	6	0	38	1	0	33	0.142857	7	0.538462	FALSE	NA	NA	NA	NA	NA	NA
NC_045512.2	11188	A	G	19	2	38	1	1	30	0.05	20	0.512821	FALSE	NA	NA	NA	NA	NA	NA
NC_045512.2	11795	T	C	1	0	38	1	0	28	0.5	2	0.666667	FALSE	NA	NA	NA	NA	NA	NA
NC_045512.2	12767	G	A	4	4	37	1	1	30	0.2	5	0.555556	FALSE	NA	NA	NA	NA	NA	NA
NC_045512.2	12966	T	G	5	0	39	1	0	39	0.166667	6	0.545455	FALSE	NA	NA	NA	NA	NA	NA
NC_045512.2	14272	G	+N	1	1	29	1	0	20	1	1	1	FALSE	NA	NA	NA	NA	NA	NA
NC_045512.2	14593	G	A	4	4	39	1	1	30	0.2	5	0.555556	FALSE	NA	NA	NA	NA	NA	NA
NC_045512.2	15714	C	T	0	0	0	9	7	38	1	9	4.11353e-05	TRUE	NA	NA	NA	NA	NA	NA
NC_045512.2	15738	C	T	16	7	39	1	0	30	0.0588235	17	0.515152	FALSE	NA	NA	NA	NA	NA	NA
NC_045512.2	16009	G	C	20	1	48	1	0	30	0.047619	21	0.512195	FALSE	NA	NA	NA	NA	NA	NA
NC_045512.2	16617	T	C	6	5	37	1	0	30	0.142857	7	0.538462	FALSE	NA	NA	NA	NA	NA	NA
NC_045512.2	17410	C	T	0	0	0	1	0	38	1	1	1	FALSE	NA	NA	NA	NA	NA	NA
NC_045512.2	19058	G	C	7	2	38	1	1	37	0.125	8	0.533333	FALSE	NA	NA	NA	NA	NA	NA
NC_045512.2	19664	T	G	3	3	38	1	1	39	0.25	4	0.571429	FALSE	NA	NA	NA	NA	NA	NA
NC_045512.2	23111	C	T	3	0	39	1	0	30	0.25	4	0.571429	FALSE	NA	NA	NA	NA	NA	NA
NC_045512.2	23403	A	G	0	0	0	2	1	34	1	2	0.333333	FALSE	NA	NA	NA	NA	NA	NA
NC_045512.2	23948	G	T	0	0	0	1	1	39	1	1	1	FALSE	NA	NA	NA	NA	NA	NA
NC_045512.2	24304	T	C	3	0	38	1	0	27	0.25	4	0.571429	FALSE	NA	NA	NA	NA	NA	NA
NC_045512.2	25584	C	T	0	0	0	3	3	38	1	3	0.1	FALSE	NA	NA	NA	NA	NA	NA
NC_045512.2	26391	G	T	0	0	0	1	0	30	1	1	1	FALSE	NA	NA	NA	NA	NA	NA
NC_045512.2	27405	T	C	8	7	37	1	1	30	0.111111	9	0.529412	FALSE	NA	NA	NA	NA	NA	NA
NC_045512.2	27807	C	T	0	0	0	1	1	77	1	1	1	FALSE	NA	NA	NA	NA	NA	NA
NC_045512.2	27889	C	T	2	2	38	20	18	42	0.909091	22	2.40483e-10	TRUE	NA	NA	NA	NA	NA	NA
NC_045512.2	28271	A	T	0	0	0	4	4	38	1	4	0.0285714	FALSE	NA	NA	NA	NA	NA	NA
NC_045512.2	29289	T	+C	10	0	37	1	0	20	0.1	10	0.55	FALSE	NA	NA	NA	NA	NA	NA
