REGION	POS	REF	ALT	REF_DP	REF_RV	REF_QUAL	ALT_DP	ALT_RV	ALT_QUAL	ALT_FREQ	TOTAL_DP	PVAL	PASS	GFF_FEATURE	REF_CODON	REF_AA	ALT_CODON	ALT_AA	POS_AA
NC_045512.2	1792	T	A	10	7	52	1	1	39	0.0909091	11	0.52381	FALSE	NA	NA	NA	NA	NA	NA
NC_045512.2	3622	C	T	22	18	36	1	1	39	0.0434783	23	0.511111	FALSE	NA	NA	NA	NA	NA	NA
NC_045512.2	5810	G	T	4	4	38	1	1	39	0.2	5	0.555556	FALSE	NA	NA	NA	NA	NA	NA
NC_045512.2	15714	C	T	0	0	0	20	10	42	1	20	1.45089e-11	TRUE	NA	NA	NA	NA	NA	NA
NC_045512.2	16973	A	T	17	17	38	1	1	39	0.0555556	18	0.514286	FALSE	NA	NA	NA	NA	NA	NA
NC_045512.2	17410	C	T	0	0	0	1	1	39	1	1	1	FALSE	NA	NA	NA	NA	NA	NA
NC_045512.2	23403	A	G	0	0	0	9	3	38	1	9	4.11353e-05	TRUE	NA	NA	NA	NA	NA	NA
NC_045512.2	23470	T	C	34	25	42	1	1	39	0.0285714	35	0.507246	FALSE	NA	NA	NA	NA	NA	NA
NC_045512.2	25584	C	T	0	0	0	1	1	37	1	1	1	FALSE	NA	NA	NA	NA	NA	NA
NC_045512.2	26858	C	T	0	0	0	1	1	39	1	1	1	FALSE	NA	NA	NA	NA	NA	NA
NC_045512.2	26896	A	G	0	0	0	1	1	39	1	1	1	FALSE	NA	NA	NA	NA	NA	NA
NC_045512.2	28271	A	T	0	0	0	109	109	38	1	109	8.79584e-65	TRUE	NA	NA	NA	NA	NA	NA
NC_045512.2	28363	A	T	0	0	0	13	0	36	1	13	1.92297e-07	TRUE	NA	NA	NA	NA	NA	NA
NC_045512.2	28370	A	G	0	0	0	6	1	38	1	6	0.0021645	TRUE	NA	NA	NA	NA	NA	NA
NC_045512.2	28715	A	G	67	33	42	1	0	38	0.0147059	68	0.503704	FALSE	NA	NA	NA	NA	NA	NA
NC_045512.2	28720	C	T	75	33	39	1	0	38	0.0131579	76	0.503311	FALSE	NA	NA	NA	NA	NA	NA
NC_045512.2	28724	C	T	81	34	41	2	0	39	0.0240964	83	0.251515	FALSE	NA	NA	NA	NA	NA	NA
NC_045512.2	28735	T	C	83	36	43	1	0	39	0.0119048	84	0.502994	FALSE	NA	NA	NA	NA	NA	NA
NC_045512.2	29043	A	G	36	18	39	1	1	38	0.027027	37	0.506849	FALSE	NA	NA	NA	NA	NA	NA
NC_045512.2	29443	A	G	8	7	37	1	1	39	0.111111	9	0.529412	FALSE	NA	NA	NA	NA	NA	NA
NC_045512.2	29649	A	C	57	23	44	1	0	37	0.0172414	58	0.504348	FALSE	NA	NA	NA	NA	NA	NA
NC_045512.2	29686	C	T	49	48	40	1	1	39	0.02	50	0.505051	FALSE	NA	NA	NA	NA	NA	NA
