REGION	POS	REF	ALT	REF_DP	REF_RV	REF_QUAL	ALT_DP	ALT_RV	ALT_QUAL	ALT_FREQ	TOTAL_DP	PVAL	PASS	GFF_FEATURE	REF_CODON	REF_AA	ALT_CODON	ALT_AA	POS_AA
NC_045512.2	10613	G	T	17	13	42	1	0	39	0.0555556	18	0.514286	FALSE	NA	NA	NA	NA	NA	NA
NC_045512.2	13682	A	G	3	3	52	1	1	39	0.25	4	0.571429	FALSE	NA	NA	NA	NA	NA	NA
NC_045512.2	15714	C	T	0	0	0	22	14	38	1	22	9.50526e-13	TRUE	NA	NA	NA	NA	NA	NA
NC_045512.2	16903	G	A	9	1	37	1	0	39	0.1	10	0.526316	FALSE	NA	NA	NA	NA	NA	NA
NC_045512.2	17410	C	T	0	0	0	1	1	37	1	1	1	FALSE	NA	NA	NA	NA	NA	NA
NC_045512.2	21721	C	T	2	2	58	2	1	39	0.5	4	0.285714	FALSE	NA	NA	NA	NA	NA	NA
NC_045512.2	23403	A	G	0	0	0	3	2	37	1	3	0.1	FALSE	NA	NA	NA	NA	NA	NA
NC_045512.2	24557	G	T	9	0	37	1	0	39	0.1	10	0.526316	FALSE	NA	NA	NA	NA	NA	NA
NC_045512.2	25789	T	C	2	0	39	1	0	38	0.333333	3	0.6	FALSE	NA	NA	NA	NA	NA	NA
NC_045512.2	27889	C	T	12	11	41	13	11	44	0.52	25	1.98034e-05	TRUE	NA	NA	NA	NA	NA	NA
NC_045512.2	28165	A	G	104	9	39	1	1	39	0.00952381	105	0.502392	FALSE	NA	NA	NA	NA	NA	NA
NC_045512.2	28271	A	T	0	0	0	48	48	38	1	48	3.10797e-28	TRUE	NA	NA	NA	NA	NA	NA
NC_045512.2	28330	A	G	6	0	38	1	0	38	0.142857	7	0.538462	FALSE	NA	NA	NA	NA	NA	NA
NC_045512.2	28363	A	T	0	0	0	4	0	37	1	4	0.0285714	FALSE	NA	NA	NA	NA	NA	NA
NC_045512.2	28708	C	T	16	7	40	1	0	39	0.0588235	17	0.515152	FALSE	NA	NA	NA	NA	NA	NA
NC_045512.2	28724	C	T	16	7	40	2	0	39	0.111111	18	0.257143	FALSE	NA	NA	NA	NA	NA	NA
NC_045512.2	28776	C	-A	10	10	37	1	0	20	0.1	10	0.55	FALSE	NA	NA	NA	NA	NA	NA
