REGION	POS	REF	ALT	REF_DP	REF_RV	REF_QUAL	ALT_DP	ALT_RV	ALT_QUAL	ALT_FREQ	TOTAL_DP	PVAL	PASS	GFF_FEATURE	REF_CODON	REF_AA	ALT_CODON	ALT_AA	POS_AA
NC_045512.2	9639	A	G	11	3	50	1	0	36	0.0833333	12	0.521739	FALSE	NA	NA	NA	NA	NA	NA
NC_045512.2	15714	C	T	0	0	0	27	17	39	1	27	1.02725e-15	TRUE	NA	NA	NA	NA	NA	NA
NC_045512.2	15787	A	G	194	182	43	1	1	37	0.00512821	195	0.501285	FALSE	NA	NA	NA	NA	NA	NA
NC_045512.2	17410	C	T	0	0	0	1	1	38	1	1	1	FALSE	NA	NA	NA	NA	NA	NA
NC_045512.2	17553	A	T	4	4	47	1	1	37	0.2	5	0.555556	FALSE	NA	NA	NA	NA	NA	NA
NC_045512.2	21249	G	A	1	1	39	2	2	39	0.666667	3	0.3	FALSE	NA	NA	NA	NA	NA	NA
NC_045512.2	23403	A	G	0	0	0	4	0	37	1	4	0.0285714	FALSE	NA	NA	NA	NA	NA	NA
NC_045512.2	25584	C	T	0	0	0	2	2	38	1	2	0.333333	FALSE	NA	NA	NA	NA	NA	NA
NC_045512.2	27384	T	C	0	0	0	1	0	39	1	1	1	FALSE	NA	NA	NA	NA	NA	NA
NC_045512.2	28268	A	+C	48	48	38	1	0	20	0.0208333	48	0.510417	FALSE	NA	NA	NA	NA	NA	NA
NC_045512.2	28271	A	T	1	1	39	43	43	38	0.977273	44	3.35257e-24	TRUE	NA	NA	NA	NA	NA	NA
NC_045512.2	28363	A	T	0	0	0	1	0	39	1	1	1	FALSE	NA	NA	NA	NA	NA	NA
NC_045512.2	28677	C	T	8	2	50	1	1	39	0.111111	9	0.529412	FALSE	NA	NA	NA	NA	NA	NA
NC_045512.2	29051	C	+A	6	6	36	1	0	20	0.166667	6	0.583333	FALSE	NA	NA	NA	NA	NA	NA
