REGION	POS	REF	ALT	REF_DP	REF_RV	REF_QUAL	ALT_DP	ALT_RV	ALT_QUAL	ALT_FREQ	TOTAL_DP	PVAL	PASS	GFF_FEATURE	REF_CODON	REF_AA	ALT_CODON	ALT_AA	POS_AA
NC_045512.2	5762	T	C	20	7	43	1	0	32	0.047619	21	0.512195	FALSE	NA	NA	NA	NA	NA	NA
NC_045512.2	9344	C	T	0	0	0	1	0	39	1	1	1	FALSE	NA	NA	NA	NA	NA	NA
NC_045512.2	9424	A	G	0	0	0	2	2	39	1	2	0.333333	FALSE	NA	NA	NA	NA	NA	NA
NC_045512.2	10229	A	G	66	1	39	1	0	34	0.0149254	67	0.503759	FALSE	NA	NA	NA	NA	NA	NA
NC_045512.2	11518	C	A	41	16	40	1	1	39	0.0238095	42	0.506024	FALSE	NA	NA	NA	NA	NA	NA
NC_045512.2	12160	G	A	0	0	0	22	12	40	1	22	9.50526e-13	TRUE	NA	NA	NA	NA	NA	NA
NC_045512.2	13712	A	G	4	4	39	3	3	38	0.428571	7	0.122378	FALSE	NA	NA	NA	NA	NA	NA
NC_045512.2	14257	T	C	0	0	0	8	7	38	1	8	0.0001554	TRUE	NA	NA	NA	NA	NA	NA
NC_045512.2	15714	C	T	0	0	0	13	9	38	1	13	1.92297e-07	TRUE	NA	NA	NA	NA	NA	NA
NC_045512.2	16342	T	C	0	0	0	2	2	38	1	2	0.333333	FALSE	NA	NA	NA	NA	NA	NA
NC_045512.2	16935	G	A	39	29	44	1	1	38	0.025	40	0.506329	FALSE	NA	NA	NA	NA	NA	NA
NC_045512.2	21724	G	T	0	0	0	4	0	39	1	4	0.0285714	FALSE	NA	NA	NA	NA	NA	NA
NC_045512.2	21770	G	A	0	0	0	1	1	33	1	1	1	FALSE	NA	NA	NA	NA	NA	NA
NC_045512.2	23403	A	G	0	0	0	41	12	38	1	41	4.70827e-24	TRUE	NA	NA	NA	NA	NA	NA
NC_045512.2	23500	T	C	84	82	39	1	1	38	0.0117647	85	0.502959	FALSE	NA	NA	NA	NA	NA	NA
NC_045512.2	25330	T	G	15	15	38	1	1	39	0.0625	16	0.516129	FALSE	NA	NA	NA	NA	NA	NA
NC_045512.2	27692	T	A	11	10	45	1	1	39	0.0833333	12	0.521739	FALSE	NA	NA	NA	NA	NA	NA
NC_045512.2	27889	C	T	0	0	0	1	1	35	1	1	1	FALSE	NA	NA	NA	NA	NA	NA
NC_045512.2	28271	A	T	0	0	0	69	69	38	1	69	8.46597e-41	TRUE	NA	NA	NA	NA	NA	NA
NC_045512.2	28681	G	T	98	24	43	52	8	43	0.346667	150	1.24405e-18	TRUE	NA	NA	NA	NA	NA	NA
NC_045512.2	28762	A	T	146	145	39	5	5	38	0.0331126	151	0.0307257	FALSE	NA	NA	NA	NA	NA	NA
NC_045512.2	29370	C	T	225	183	44	21	18	45	0.0853659	246	3.19025e-07	TRUE	NA	NA	NA	NA	NA	NA
NC_045512.2	29510	A	C	0	0	0	1	0	39	1	1	1	FALSE	NA	NA	NA	NA	NA	NA
NC_045512.2	29868	G	A	0	0	0	1	0	29	1	1	1	FALSE	NA	NA	NA	NA	NA	NA
