REGION	POS	REF	ALT	REF_DP	REF_RV	REF_QUAL	ALT_DP	ALT_RV	ALT_QUAL	ALT_FREQ	TOTAL_DP	PVAL	PASS	GFF_FEATURE	REF_CODON	REF_AA	ALT_CODON	ALT_AA	POS_AA
NC_045512.2	2114	T	C	32	31	41	1	1	32	0.030303	33	0.507692	FALSE	NA	NA	NA	NA	NA	NA
NC_045512.2	15714	C	T	0	0	0	11	9	38	1	11	2.83514e-06	TRUE	NA	NA	NA	NA	NA	NA
NC_045512.2	20361	T	C	53	53	38	1	1	39	0.0185185	54	0.504673	FALSE	NA	NA	NA	NA	NA	NA
NC_045512.2	24902	A	G	3	0	37	1	0	39	0.25	4	0.571429	FALSE	NA	NA	NA	NA	NA	NA
NC_045512.2	25584	C	T	0	0	0	2	2	38	1	2	0.333333	FALSE	NA	NA	NA	NA	NA	NA
NC_045512.2	26116	G	A	24	1	38	1	0	39	0.04	25	0.510204	FALSE	NA	NA	NA	NA	NA	NA
NC_045512.2	27281	G	T	4	0	39	2	0	39	0.333333	6	0.272727	FALSE	NA	NA	NA	NA	NA	NA
NC_045512.2	27840	T	C	171	6	41	1	0	37	0.00581395	172	0.501458	FALSE	NA	NA	NA	NA	NA	NA
NC_045512.2	27889	C	T	0	0	0	83	72	41	1	83	3.45795e-49	TRUE	NA	NA	NA	NA	NA	NA
NC_045512.2	28212	G	A	39	23	39	1	0	39	0.025	40	0.506329	FALSE	NA	NA	NA	NA	NA	NA
NC_045512.2	28271	A	T	0	0	0	20	20	38	1	20	1.45089e-11	TRUE	NA	NA	NA	NA	NA	NA
NC_045512.2	28330	A	G	0	0	0	4	0	38	1	4	0.0285714	FALSE	NA	NA	NA	NA	NA	NA
NC_045512.2	28363	A	T	0	0	0	9	0	36	1	9	4.11353e-05	TRUE	NA	NA	NA	NA	NA	NA
NC_045512.2	28681	G	T	9	1	42	6	2	50	0.4	15	0.0105364	FALSE	NA	NA	NA	NA	NA	NA
NC_045512.2	28732	C	T	12	2	44	2	0	39	0.142857	14	0.259259	FALSE	NA	NA	NA	NA	NA	NA
NC_045512.2	29080	T	C	26	23	44	2	2	38	0.0714286	28	0.254545	FALSE	NA	NA	NA	NA	NA	NA
