REGION	POS	REF	ALT	REF_DP	REF_RV	REF_QUAL	ALT_DP	ALT_RV	ALT_QUAL	ALT_FREQ	TOTAL_DP	PVAL	PASS	GFF_FEATURE	REF_CODON	REF_AA	ALT_CODON	ALT_AA	POS_AA
NC_045512.2	15714	C	T	0	0	0	5	2	38	1	5	0.00793651	TRUE	NA	NA	NA	NA	NA	NA
NC_045512.2	15738	C	T	0	0	0	7	1	38	1	7	0.000582751	TRUE	NA	NA	NA	NA	NA	NA
NC_045512.2	27384	T	C	0	0	0	3	2	38	1	3	0.1	FALSE	NA	NA	NA	NA	NA	NA
NC_045512.2	28271	A	T	0	0	0	51	51	38	1	51	5.00489e-30	TRUE	NA	NA	NA	NA	NA	NA
NC_045512.2	28746	T	C	14	13	43	1	1	38	0.0666667	15	0.517241	FALSE	NA	NA	NA	NA	NA	NA
NC_045512.2	29269	C	T	11	0	38	16	0	38	0.592593	27	8.78294e-07	TRUE	NA	NA	NA	NA	NA	NA
NC_045512.2	29364	C	A	78	48	44	1	0	39	0.0126582	79	0.503185	FALSE	NA	NA	NA	NA	NA	NA
