REGION	POS	REF	ALT	REF_DP	REF_RV	REF_QUAL	ALT_DP	ALT_RV	ALT_QUAL	ALT_FREQ	TOTAL_DP	PVAL	PASS	GFF_FEATURE	REF_CODON	REF_AA	ALT_CODON	ALT_AA	POS_AA
NC_045512.2	15216	C	A	10	10	41	1	1	39	0.0909091	11	0.52381	FALSE	NA	NA	NA	NA	NA	NA
NC_045512.2	15714	C	T	0	0	0	24	12	38	1	24	6.20201e-14	TRUE	NA	NA	NA	NA	NA	NA
NC_045512.2	23403	A	G	0	0	0	2	1	39	1	2	0.333333	FALSE	NA	NA	NA	NA	NA	NA
NC_045512.2	28363	A	T	0	0	0	2	0	38	1	2	0.333333	FALSE	NA	NA	NA	NA	NA	NA
NC_045512.2	28396	G	T	0	0	0	8	3	40	1	8	0.0001554	TRUE	NA	NA	NA	NA	NA	NA
NC_045512.2	28672	T	C	16	3	44	2	1	38	0.111111	18	0.257143	FALSE	NA	NA	NA	NA	NA	NA
NC_045512.2	28724	C	T	1	0	39	11	2	38	0.916667	12	8.87523e-06	TRUE	NA	NA	NA	NA	NA	NA
