REGION	POS	REF	ALT	REF_DP	REF_RV	REF_QUAL	ALT_DP	ALT_RV	ALT_QUAL	ALT_FREQ	TOTAL_DP	PVAL	PASS	GFF_FEATURE	REF_CODON	REF_AA	ALT_CODON	ALT_AA	POS_AA
NC_045512.2	1758	C	T	0	0	0	2	1	38	1	2	0.333333	FALSE	NA	NA	NA	NA	NA	NA
NC_045512.2	3037	C	T	0	0	0	1	1	39	1	1	1	FALSE	NA	NA	NA	NA	NA	NA
NC_045512.2	4184	G	A	0	0	0	2	1	39	1	2	0.333333	FALSE	NA	NA	NA	NA	NA	NA
NC_045512.2	12160	G	A	0	0	0	1	0	37	1	1	1	FALSE	NA	NA	NA	NA	NA	NA
NC_045512.2	13715	A	G	9	9	39	1	1	39	0.1	10	0.526316	FALSE	NA	NA	NA	NA	NA	NA
NC_045512.2	15681	A	G	180	5	39	1	0	38	0.00552486	181	0.501385	FALSE	NA	NA	NA	NA	NA	NA
NC_045512.2	15714	C	T	0	0	0	40	20	38	1	40	1.86034e-23	TRUE	NA	NA	NA	NA	NA	NA
NC_045512.2	16090	T	A	111	98	40	1	1	39	0.00892857	112	0.502242	FALSE	NA	NA	NA	NA	NA	NA
NC_045512.2	16616	C	A	20	12	42	2	1	39	0.0909091	22	0.255814	FALSE	NA	NA	NA	NA	NA	NA
NC_045512.2	16617	T	C	26	19	43	1	0	38	0.037037	27	0.509434	FALSE	NA	NA	NA	NA	NA	NA
NC_045512.2	16935	G	A	17	12	46	7	6	37	0.291667	24	0.00550319	TRUE	NA	NA	NA	NA	NA	NA
NC_045512.2	17792	A	G	11	7	37	1	1	38	0.0833333	12	0.521739	FALSE	NA	NA	NA	NA	NA	NA
NC_045512.2	21770	G	A	0	0	0	1	1	37	1	1	1	FALSE	NA	NA	NA	NA	NA	NA
NC_045512.2	22018	G	T	8	1	43	2	0	39	0.2	10	0.263158	FALSE	NA	NA	NA	NA	NA	NA
NC_045512.2	22578	G	A	0	0	0	2	0	38	1	2	0.333333	FALSE	NA	NA	NA	NA	NA	NA
NC_045512.2	23403	A	G	0	0	0	6	1	37	1	6	0.0021645	TRUE	NA	NA	NA	NA	NA	NA
NC_045512.2	25584	C	T	0	0	0	3	3	38	1	3	0.1	FALSE	NA	NA	NA	NA	NA	NA
NC_045512.2	27385	T	C	30	22	38	1	1	38	0.0322581	31	0.508197	FALSE	NA	NA	NA	NA	NA	NA
NC_045512.2	27612	C	T	4	1	38	1	1	39	0.2	5	0.555556	FALSE	NA	NA	NA	NA	NA	NA
NC_045512.2	27889	C	T	0	0	0	45	36	39	1	45	1.92627e-26	TRUE	NA	NA	NA	NA	NA	NA
NC_045512.2	28271	A	T	0	0	0	52	52	38	1	52	1.26337e-30	TRUE	NA	NA	NA	NA	NA	NA
NC_045512.2	28370	A	G	0	0	0	3	0	39	1	3	0.1	FALSE	NA	NA	NA	NA	NA	NA
NC_045512.2	28426	T	C	13	8	44	4	3	36	0.235294	17	0.0581623	FALSE	NA	NA	NA	NA	NA	NA
NC_045512.2	28681	G	T	71	21	51	12	1	37	0.144578	83	0.000171607	TRUE	NA	NA	NA	NA	NA	NA
NC_045512.2	29690	G	T	43	43	38	1	1	39	0.0227273	44	0.505747	FALSE	NA	NA	NA	NA	NA	NA
