REGION	POS	REF	ALT	REF_DP	REF_RV	REF_QUAL	ALT_DP	ALT_RV	ALT_QUAL	ALT_FREQ	TOTAL_DP	PVAL	PASS	GFF_FEATURE	REF_CODON	REF_AA	ALT_CODON	ALT_AA	POS_AA
NC_045512.2	7018	T	C	17	7	36	2	1	34	0.105263	19	0.256757	FALSE	NA	NA	NA	NA	NA	NA
NC_045512.2	8254	A	T	13	1	32	1	0	26	0.0714286	14	0.518519	FALSE	NA	NA	NA	NA	NA	NA
NC_045512.2	16878	A	T	0	0	0	1	1	34	1	1	1	FALSE	NA	NA	NA	NA	NA	NA
NC_045512.2	17119	C	T	20	1	35	5	0	34	0.2	25	0.0278622	FALSE	NA	NA	NA	NA	NA	NA
NC_045512.2	17608	G	C	15	0	36	1	0	34	0.0625	16	0.516129	FALSE	NA	NA	NA	NA	NA	NA
NC_045512.2	17610	T	C	61	0	34	1	0	34	0.016129	62	0.504065	FALSE	NA	NA	NA	NA	NA	NA
NC_045512.2	17653	A	G	339	53	37	1	0	34	0.00294118	340	0.500736	FALSE	NA	NA	NA	NA	NA	NA
NC_045512.2	17661	T	C	361	55	36	1	1	34	0.00276243	362	0.500692	FALSE	NA	NA	NA	NA	NA	NA
NC_045512.2	17662	T	A	261	73	35	1	0	34	0.00381679	262	0.500956	FALSE	NA	NA	NA	NA	NA	NA
NC_045512.2	17704	A	G	223	111	34	1	0	34	0.00446429	224	0.501119	FALSE	NA	NA	NA	NA	NA	NA
NC_045512.2	17739	A	T	516	511	34	2	2	30	0.003861	518	0.250242	FALSE	NA	NA	NA	NA	NA	NA
NC_045512.2	17741	G	A	536	532	34	1	1	34	0.0018622	537	0.500466	FALSE	NA	NA	NA	NA	NA	NA
NC_045512.2	18351	T	C	17	13	39	1	1	26	0.0555556	18	0.514286	FALSE	NA	NA	NA	NA	NA	NA
NC_045512.2	18726	T	A	29	29	33	1	1	34	0.0333333	30	0.508475	FALSE	NA	NA	NA	NA	NA	NA
NC_045512.2	19326	A	G	0	0	0	4	2	49	1	4	0.0285714	FALSE	NA	NA	NA	NA	NA	NA
NC_045512.2	21810	T	C	0	0	0	1	1	34	1	1	1	FALSE	NA	NA	NA	NA	NA	NA
NC_045512.2	22033	C	A	3	2	40	2	0	34	0.4	5	0.277778	FALSE	NA	NA	NA	NA	NA	NA
NC_045512.2	22109	C	G	0	0	0	1	1	34	1	1	1	FALSE	NA	NA	NA	NA	NA	NA
NC_045512.2	22942	T	G	0	0	0	1	1	34	1	1	1	FALSE	NA	NA	NA	NA	NA	NA
NC_045512.2	27684	C	G	11	0	32	1	0	34	0.0833333	12	0.521739	FALSE	NA	NA	NA	NA	NA	NA
NC_045512.2	27708	G	A	10	3	34	1	0	34	0.0909091	11	0.52381	FALSE	NA	NA	NA	NA	NA	NA
NC_045512.2	27807	C	T	0	0	0	18	18	34	1	18	2.20382e-10	TRUE	NA	NA	NA	NA	NA	NA
NC_045512.2	27810	T	A	5	5	34	1	1	34	0.166667	6	0.545455	FALSE	NA	NA	NA	NA	NA	NA
NC_045512.2	29386	C	T	0	0	0	1	0	34	1	1	1	FALSE	NA	NA	NA	NA	NA	NA
NC_045512.2	29657	A	T	69	12	34	1	1	34	0.0142857	70	0.503597	FALSE	NA	NA	NA	NA	NA	NA
NC_045512.2	29690	G	T	89	79	38	1	1	26	0.0111111	90	0.502793	FALSE	NA	NA	NA	NA	NA	NA
