REGION	POS	REF	ALT	REF_DP	REF_RV	REF_QUAL	ALT_DP	ALT_RV	ALT_QUAL	ALT_FREQ	TOTAL_DP	PVAL	PASS	GFF_FEATURE	REF_CODON	REF_AA	ALT_CODON	ALT_AA	POS_AA
NC_045512.2	1681	G	A	28	0	38	1	0	39	0.0344828	29	0.508772	FALSE	NA	NA	NA	NA	NA	NA
NC_045512.2	7804	T	A	3	0	39	1	0	39	0.25	4	0.571429	FALSE	NA	NA	NA	NA	NA	NA
NC_045512.2	11274	T	C	3	3	35	1	1	39	0.25	4	0.571429	FALSE	NA	NA	NA	NA	NA	NA
NC_045512.2	12160	G	A	0	0	0	3	3	39	1	3	0.1	FALSE	NA	NA	NA	NA	NA	NA
NC_045512.2	15714	C	T	0	0	0	6	4	38	1	6	0.0021645	TRUE	NA	NA	NA	NA	NA	NA
NC_045512.2	16040	A	T	12	3	41	1	0	38	0.0769231	13	0.52	FALSE	NA	NA	NA	NA	NA	NA
NC_045512.2	16100	A	G	10	10	38	1	1	39	0.0909091	11	0.52381	FALSE	NA	NA	NA	NA	NA	NA
NC_045512.2	16935	G	A	0	0	0	2	1	38	1	2	0.333333	FALSE	NA	NA	NA	NA	NA	NA
NC_045512.2	19093	G	T	12	6	42	1	1	29	0.0769231	13	0.52	FALSE	NA	NA	NA	NA	NA	NA
NC_045512.2	19145	C	T	3	3	39	1	1	37	0.25	4	0.571429	FALSE	NA	NA	NA	NA	NA	NA
NC_045512.2	21770	G	A	0	0	0	2	2	39	1	2	0.333333	FALSE	NA	NA	NA	NA	NA	NA
NC_045512.2	23403	A	G	0	0	0	7	3	38	1	7	0.000582751	TRUE	NA	NA	NA	NA	NA	NA
NC_045512.2	27384	T	C	3	2	34	1	0	39	0.25	4	0.571429	FALSE	NA	NA	NA	NA	NA	NA
NC_045512.2	27889	C	T	54	43	38	45	36	42	0.454545	99	5.29736e-17	TRUE	NA	NA	NA	NA	NA	NA
NC_045512.2	27915	G	T	66	52	39	9	8	38	0.12	75	0.00161081	TRUE	NA	NA	NA	NA	NA	NA
NC_045512.2	28174	A	T	118	31	45	1	0	39	0.00840336	119	0.50211	FALSE	NA	NA	NA	NA	NA	NA
NC_045512.2	28181	T	A	91	47	41	1	0	39	0.0108696	92	0.502732	FALSE	NA	NA	NA	NA	NA	NA
NC_045512.2	28271	A	T	0	0	0	79	79	38	1	79	8.63707e-47	TRUE	NA	NA	NA	NA	NA	NA
NC_045512.2	28363	A	T	0	0	0	2	0	38	1	2	0.333333	FALSE	NA	NA	NA	NA	NA	NA
NC_045512.2	28681	G	T	32	7	43	18	3	40	0.36	50	7.1798e-07	TRUE	NA	NA	NA	NA	NA	NA
NC_045512.2	29510	A	C	0	0	0	1	0	39	1	1	1	FALSE	NA	NA	NA	NA	NA	NA
NC_045512.2	29648	G	T	36	14	46	1	0	39	0.027027	37	0.506849	FALSE	NA	NA	NA	NA	NA	NA
