REGION	POS	REF	ALT	REF_DP	REF_RV	REF_QUAL	ALT_DP	ALT_RV	ALT_QUAL	ALT_FREQ	TOTAL_DP	PVAL	PASS	GFF_FEATURE	REF_CODON	REF_AA	ALT_CODON	ALT_AA	POS_AA
NC_045512.2	3610	T	A	19	14	42	1	1	30	0.05	20	0.512821	FALSE	NA	NA	NA	NA	NA	NA
NC_045512.2	4184	G	A	0	0	0	1	1	39	1	1	1	FALSE	NA	NA	NA	NA	NA	NA
NC_045512.2	7905	C	T	4	4	57	1	1	37	0.2	5	0.555556	FALSE	NA	NA	NA	NA	NA	NA
NC_045512.2	11134	T	C	4	0	39	1	0	39	0.2	5	0.555556	FALSE	NA	NA	NA	NA	NA	NA
NC_045512.2	15706	A	T	49	1	38	1	0	33	0.02	50	0.505051	FALSE	NA	NA	NA	NA	NA	NA
NC_045512.2	15714	C	T	0	0	0	24	15	45	1	24	6.20201e-14	TRUE	NA	NA	NA	NA	NA	NA
NC_045512.2	15759	A	G	136	46	43	1	0	36	0.00729927	137	0.501832	FALSE	NA	NA	NA	NA	NA	NA
NC_045512.2	15766	G	A	152	64	45	1	1	33	0.00653595	153	0.501639	FALSE	NA	NA	NA	NA	NA	NA
NC_045512.2	15790	T	A	169	164	39	2	2	33	0.0116959	171	0.250733	FALSE	NA	NA	NA	NA	NA	NA
NC_045512.2	16915	C	T	2	0	39	3	2	38	0.6	5	0.119048	FALSE	NA	NA	NA	NA	NA	NA
NC_045512.2	16935	G	A	10	10	37	3	2	38	0.230769	13	0.124348	FALSE	NA	NA	NA	NA	NA	NA
NC_045512.2	17483	C	T	85	5	44	1	0	33	0.0116279	86	0.502924	FALSE	NA	NA	NA	NA	NA	NA
NC_045512.2	17558	G	A	67	57	47	1	1	29	0.0147059	68	0.503704	FALSE	NA	NA	NA	NA	NA	NA
NC_045512.2	23403	A	G	0	0	0	8	3	38	1	8	0.0001554	TRUE	NA	NA	NA	NA	NA	NA
NC_045512.2	25584	C	T	0	0	0	3	3	38	1	3	0.1	FALSE	NA	NA	NA	NA	NA	NA
NC_045512.2	27807	C	T	0	0	0	1	1	39	1	1	1	FALSE	NA	NA	NA	NA	NA	NA
NC_045512.2	27889	C	T	0	0	0	4	2	39	1	4	0.0285714	FALSE	NA	NA	NA	NA	NA	NA
NC_045512.2	28271	A	T	0	0	0	27	27	38	1	27	1.02725e-15	TRUE	NA	NA	NA	NA	NA	NA
NC_045512.2	28363	A	T	0	0	0	4	0	38	1	4	0.0285714	FALSE	NA	NA	NA	NA	NA	NA
NC_045512.2	28370	A	G	0	0	0	1	0	37	1	1	1	FALSE	NA	NA	NA	NA	NA	NA
NC_045512.2	28462	C	T	3	3	39	1	1	39	0.25	4	0.571429	FALSE	NA	NA	NA	NA	NA	NA
NC_045512.2	28681	G	T	8	3	43	68	9	43	0.894737	76	2.13865e-34	TRUE	NA	NA	NA	NA	NA	NA
NC_045512.2	28763	G	A	80	78	40	1	1	33	0.0123457	81	0.503106	FALSE	NA	NA	NA	NA	NA	NA
NC_045512.2	29339	C	T	30	9	38	1	1	33	0.0322581	31	0.508197	FALSE	NA	NA	NA	NA	NA	NA
