REGION	POS	REF	ALT	REF_DP	REF_RV	REF_QUAL	ALT_DP	ALT_RV	ALT_QUAL	ALT_FREQ	TOTAL_DP	PVAL	PASS	GFF_FEATURE	REF_CODON	REF_AA	ALT_CODON	ALT_AA	POS_AA
NC_045512.2	5114	A	G	4	0	38	1	0	39	0.2	5	0.555556	FALSE	NA	NA	NA	NA	NA	NA
NC_045512.2	7319	A	G	9	9	38	1	1	39	0.1	10	0.526316	FALSE	NA	NA	NA	NA	NA	NA
NC_045512.2	8541	C	T	26	16	38	3	2	39	0.103448	29	0.12488	FALSE	NA	NA	NA	NA	NA	NA
NC_045512.2	9692	G	T	73	46	45	1	1	30	0.0135135	74	0.503401	FALSE	NA	NA	NA	NA	NA	NA
NC_045512.2	12160	G	A	0	0	0	3	3	51	1	3	0.1	FALSE	NA	NA	NA	NA	NA	NA
NC_045512.2	15714	C	T	0	0	0	42	32	38	1	42	1.19125e-24	TRUE	NA	NA	NA	NA	NA	NA
NC_045512.2	16260	C	T	37	0	40	2	0	38	0.0512821	39	0.253247	FALSE	NA	NA	NA	NA	NA	NA
NC_045512.2	17410	C	T	0	0	0	2	2	38	1	2	0.333333	FALSE	NA	NA	NA	NA	NA	NA
NC_045512.2	20906	C	T	1	0	78	1	1	30	0.5	2	0.666667	FALSE	NA	NA	NA	NA	NA	NA
NC_045512.2	23403	A	G	0	0	0	10	5	38	1	10	1.08251e-05	TRUE	NA	NA	NA	NA	NA	NA
NC_045512.2	23476	A	G	35	27	42	3	3	38	0.0789474	38	0.124932	FALSE	NA	NA	NA	NA	NA	NA
NC_045512.2	25287	G	A	11	11	42	1	1	38	0.0833333	12	0.521739	FALSE	NA	NA	NA	NA	NA	NA
NC_045512.2	25584	C	T	0	0	0	4	4	36	1	4	0.0285714	FALSE	NA	NA	NA	NA	NA	NA
NC_045512.2	26479	T	C	12	8	46	1	1	39	0.0769231	13	0.52	FALSE	NA	NA	NA	NA	NA	NA
NC_045512.2	26709	G	A	0	0	0	1	0	39	1	1	1	FALSE	NA	NA	NA	NA	NA	NA
NC_045512.2	27391	A	G	8	7	37	1	1	39	0.111111	9	0.529412	FALSE	NA	NA	NA	NA	NA	NA
NC_045512.2	27889	C	T	0	0	0	22	17	38	1	22	9.50526e-13	TRUE	NA	NA	NA	NA	NA	NA
NC_045512.2	27898	A	T	15	13	38	1	1	39	0.0625	16	0.516129	FALSE	NA	NA	NA	NA	NA	NA
NC_045512.2	28126	A	T	27	0	37	3	0	37	0.1	30	0.124888	FALSE	NA	NA	NA	NA	NA	NA
NC_045512.2	28151	T	C	337	9	40	1	0	37	0.00295858	338	0.500741	FALSE	NA	NA	NA	NA	NA	NA
NC_045512.2	28201	C	G	180	108	38	1	1	34	0.00552486	181	0.501385	FALSE	NA	NA	NA	NA	NA	NA
NC_045512.2	28268	A	+C	136	134	38	1	0	20	0.00735294	136	0.754585	FALSE	NA	NA	NA	NA	NA	NA
NC_045512.2	28271	A	T	1	1	27	126	124	38	0.992126	127	1.75436e-73	TRUE	NA	NA	NA	NA	NA	NA
NC_045512.2	28363	A	T	0	0	0	8	0	37	1	8	0.0001554	TRUE	NA	NA	NA	NA	NA	NA
NC_045512.2	28370	A	G	0	0	0	9	1	38	1	9	4.11353e-05	TRUE	NA	NA	NA	NA	NA	NA
NC_045512.2	28724	C	T	84	43	39	1	0	37	0.0117647	85	0.502959	FALSE	NA	NA	NA	NA	NA	NA
