REGION	POS	REF	ALT	REF_DP	REF_RV	REF_QUAL	ALT_DP	ALT_RV	ALT_QUAL	ALT_FREQ	TOTAL_DP	PVAL	PASS	GFF_FEATURE	REF_CODON	REF_AA	ALT_CODON	ALT_AA	POS_AA
NC_045512.2	1777	A	G	2	2	36	1	1	39	0.333333	3	0.6	FALSE	NA	NA	NA	NA	NA	NA
NC_045512.2	5180	G	A	0	0	0	1	1	39	1	1	1	FALSE	NA	NA	NA	NA	NA	NA
NC_045512.2	9735	T	C	1	1	39	1	1	39	0.5	2	0.666667	FALSE	NA	NA	NA	NA	NA	NA
NC_045512.2	12160	G	A	0	0	0	1	1	35	1	1	1	FALSE	NA	NA	NA	NA	NA	NA
NC_045512.2	13616	A	G	6	0	38	1	0	39	0.142857	7	0.538462	FALSE	NA	NA	NA	NA	NA	NA
NC_045512.2	14311	G	A	0	0	0	1	1	39	1	1	1	FALSE	NA	NA	NA	NA	NA	NA
NC_045512.2	15714	C	T	0	0	0	5	4	38	1	5	0.00793651	TRUE	NA	NA	NA	NA	NA	NA
NC_045512.2	16342	T	C	10	9	36	3	2	37	0.230769	13	0.124348	FALSE	NA	NA	NA	NA	NA	NA
NC_045512.2	16935	G	A	10	9	40	5	4	38	0.333333	15	0.0252874	FALSE	NA	NA	NA	NA	NA	NA
NC_045512.2	22578	G	A	0	0	0	1	0	38	1	1	1	FALSE	NA	NA	NA	NA	NA	NA
NC_045512.2	23403	A	G	0	0	0	3	1	38	1	3	0.1	FALSE	NA	NA	NA	NA	NA	NA
NC_045512.2	27889	C	T	0	0	0	8	8	38	1	8	0.0001554	TRUE	NA	NA	NA	NA	NA	NA
NC_045512.2	28271	A	T	0	0	0	2	2	38	1	2	0.333333	FALSE	NA	NA	NA	NA	NA	NA
NC_045512.2	28681	G	T	12	3	39	10	3	36	0.454545	22	0.000337263	TRUE	NA	NA	NA	NA	NA	NA
NC_045512.2	28881	G	A	0	0	0	1	1	39	1	1	1	FALSE	NA	NA	NA	NA	NA	NA
