REGION	POS	REF	ALT	REF_DP	REF_RV	REF_QUAL	ALT_DP	ALT_RV	ALT_QUAL	ALT_FREQ	TOTAL_DP	PVAL	PASS	GFF_FEATURE	REF_CODON	REF_AA	ALT_CODON	ALT_AA	POS_AA
NC_045512.2	1738	G	T	11	7	49	1	0	39	0.0833333	12	0.521739	FALSE	NA	NA	NA	NA	NA	NA
NC_045512.2	2007	T	C	34	3	46	1	0	39	0.0285714	35	0.507246	FALSE	NA	NA	NA	NA	NA	NA
NC_045512.2	3037	C	T	0	0	0	1	1	39	1	1	1	FALSE	NA	NA	NA	NA	NA	NA
NC_045512.2	5720	G	A	0	0	0	7	0	38	1	7	0.000582751	TRUE	NA	NA	NA	NA	NA	NA
NC_045512.2	13339	T	G	19	8	45	3	1	52	0.136364	22	0.124787	FALSE	NA	NA	NA	NA	NA	NA
NC_045512.2	15714	C	T	0	0	0	16	7	38	1	16	3.32734e-09	TRUE	NA	NA	NA	NA	NA	NA
NC_045512.2	15738	C	T	0	0	0	53	5	38	1	53	3.18851e-31	TRUE	NA	NA	NA	NA	NA	NA
NC_045512.2	15760	G	A	201	73	42	9	3	42	0.0428571	210	0.00182869	TRUE	NA	NA	NA	NA	NA	NA
NC_045512.2	15812	A	G	65	65	38	1	1	39	0.0151515	66	0.503817	FALSE	NA	NA	NA	NA	NA	NA
NC_045512.2	16342	T	C	7	7	38	4	4	39	0.363636	11	0.0551378	FALSE	NA	NA	NA	NA	NA	NA
NC_045512.2	17410	C	T	0	0	0	1	1	39	1	1	1	FALSE	NA	NA	NA	NA	NA	NA
NC_045512.2	17479	G	A	96	9	44	1	0	37	0.0103093	97	0.502591	FALSE	NA	NA	NA	NA	NA	NA
NC_045512.2	17859	T	C	0	0	0	1	1	38	1	1	1	FALSE	NA	NA	NA	NA	NA	NA
NC_045512.2	18703	G	T	3	0	39	2	1	38	0.4	5	0.277778	FALSE	NA	NA	NA	NA	NA	NA
NC_045512.2	20653	T	C	16	16	38	1	1	39	0.0588235	17	0.515152	FALSE	NA	NA	NA	NA	NA	NA
NC_045512.2	21718	G	T	7	3	38	4	2	39	0.363636	11	0.0551378	FALSE	NA	NA	NA	NA	NA	NA
NC_045512.2	23403	A	G	0	0	0	15	5	38	1	15	1.28935e-08	TRUE	NA	NA	NA	NA	NA	NA
NC_045512.2	24598	A	G	102	65	44	1	1	37	0.00970874	103	0.502439	FALSE	NA	NA	NA	NA	NA	NA
NC_045512.2	25584	C	T	0	0	0	2	2	36	1	2	0.333333	FALSE	NA	NA	NA	NA	NA	NA
NC_045512.2	27807	C	T	0	0	0	2	2	39	1	2	0.333333	FALSE	NA	NA	NA	NA	NA	NA
NC_045512.2	27915	G	T	40	34	38	35	31	38	0.466667	75	2.03052e-13	TRUE	NA	NA	NA	NA	NA	NA
NC_045512.2	28171	C	A	265	55	42	1	0	39	0.0037594	266	0.500942	FALSE	NA	NA	NA	NA	NA	NA
NC_045512.2	28239	G	A	241	206	40	1	1	39	0.00413223	242	0.501035	FALSE	NA	NA	NA	NA	NA	NA
NC_045512.2	28253	C	T	177	168	43	3	3	39	0.0166667	180	0.124997	FALSE	NA	NA	NA	NA	NA	NA
NC_045512.2	28271	A	T	0	0	0	106	106	38	1	106	5.55151e-63	TRUE	NA	NA	NA	NA	NA	NA
NC_045512.2	28363	A	T	0	0	0	4	0	38	1	4	0.0285714	FALSE	NA	NA	NA	NA	NA	NA
NC_045512.2	28370	A	G	0	0	0	2	0	39	1	2	0.333333	FALSE	NA	NA	NA	NA	NA	NA
NC_045512.2	28447	A	G	2	2	39	6	6	37	0.75	8	0.00559441	TRUE	NA	NA	NA	NA	NA	NA
