REGION	POS	REF	ALT	REF_DP	REF_RV	REF_QUAL	ALT_DP	ALT_RV	ALT_QUAL	ALT_FREQ	TOTAL_DP	PVAL	PASS	GFF_FEATURE	REF_CODON	REF_AA	ALT_CODON	ALT_AA	POS_AA
NC_045512.2	1709	G	A	51	22	49	1	0	30	0.0192308	52	0.504854	FALSE	NA	NA	NA	NA	NA	NA
NC_045512.2	2397	C	T	0	0	0	1	1	33	1	1	1	FALSE	NA	NA	NA	NA	NA	NA
NC_045512.2	4184	G	A	0	0	0	3	1	39	1	3	0.1	FALSE	NA	NA	NA	NA	NA	NA
NC_045512.2	12160	G	A	5	4	38	3	3	39	0.375	8	0.123077	FALSE	NA	NA	NA	NA	NA	NA
NC_045512.2	15714	C	T	0	0	0	49	27	38	1	49	7.85003e-29	TRUE	NA	NA	NA	NA	NA	NA
NC_045512.2	15744	C	T	279	66	39	1	0	39	0.00357143	280	0.500894	FALSE	NA	NA	NA	NA	NA	NA
NC_045512.2	15798	T	G	297	284	42	1	1	29	0.0033557	298	0.876259	FALSE	NA	NA	NA	NA	NA	NA
NC_045512.2	16640	C	T	11	9	38	1	0	39	0.0833333	12	0.521739	FALSE	NA	NA	NA	NA	NA	NA
NC_045512.2	16893	A	T	92	12	42	1	0	39	0.0107527	93	0.502703	FALSE	NA	NA	NA	NA	NA	NA
NC_045512.2	17410	C	T	0	0	0	2	1	39	1	2	0.333333	FALSE	NA	NA	NA	NA	NA	NA
NC_045512.2	21770	G	A	0	0	0	2	2	36	1	2	0.333333	FALSE	NA	NA	NA	NA	NA	NA
NC_045512.2	23403	A	G	0	0	0	16	10	38	1	16	3.32734e-09	TRUE	NA	NA	NA	NA	NA	NA
NC_045512.2	26709	G	A	0	0	0	1	0	38	1	1	1	FALSE	NA	NA	NA	NA	NA	NA
NC_045512.2	27038	A	G	0	0	0	1	0	38	1	1	1	FALSE	NA	NA	NA	NA	NA	NA
NC_045512.2	27351	T	A	67	49	39	1	1	39	0.0147059	68	0.503704	FALSE	NA	NA	NA	NA	NA	NA
NC_045512.2	27889	C	T	4	3	38	18	18	41	0.818182	22	1.20241e-08	TRUE	NA	NA	NA	NA	NA	NA
NC_045512.2	28142	T	C	491	3	39	1	0	39	0.00203252	492	0.500509	FALSE	NA	NA	NA	NA	NA	NA
NC_045512.2	28215	T	C	776	639	44	1	1	38	0.001287	777	0.500322	FALSE	NA	NA	NA	NA	NA	NA
NC_045512.2	28222	A	T	821	698	43	1	1	39	0.00121655	822	0.500304	FALSE	NA	NA	NA	NA	NA	NA
NC_045512.2	28271	A	T	0	0	0	165	165	38	1	165	2.08342e-98	TRUE	NA	NA	NA	NA	NA	NA
NC_045512.2	28311	C	T	0	0	0	1	0	39	1	1	1	FALSE	NA	NA	NA	NA	NA	NA
NC_045512.2	28330	A	G	7	0	38	2	0	37	0.222222	9	0.264706	FALSE	NA	NA	NA	NA	NA	NA
NC_045512.2	28361	G	T	7	0	38	1	0	39	0.125	8	0.533333	FALSE	NA	NA	NA	NA	NA	NA
NC_045512.2	28363	A	T	0	0	0	4	0	38	1	4	0.0285714	FALSE	NA	NA	NA	NA	NA	NA
NC_045512.2	28370	A	G	0	0	0	2	0	39	1	2	0.333333	FALSE	NA	NA	NA	NA	NA	NA
NC_045512.2	28654	A	T	149	7	40	1	1	38	0.00666667	150	0.501672	FALSE	NA	NA	NA	NA	NA	NA
NC_045512.2	28724	C	T	100	41	42	9	4	39	0.0825688	109	0.00171551	TRUE	NA	NA	NA	NA	NA	NA
NC_045512.2	28759	T	C	168	158	41	1	1	36	0.00591716	169	0.501484	FALSE	NA	NA	NA	NA	NA	NA
