REGION	POS	REF	ALT	REF_DP	REF_RV	REF_QUAL	ALT_DP	ALT_RV	ALT_QUAL	ALT_FREQ	TOTAL_DP	PVAL	PASS	GFF_FEATURE	REF_CODON	REF_AA	ALT_CODON	ALT_AA	POS_AA
NC_045512.2	530	G	T	10	3	38	1	1	39	0.0909091	11	0.52381	FALSE	NA	NA	NA	NA	NA	NA
NC_045512.2	1682	A	T	55	0	39	1	0	38	0.0178571	56	0.504505	FALSE	NA	NA	NA	NA	NA	NA
NC_045512.2	4184	G	A	0	0	0	3	0	39	1	3	0.1	FALSE	NA	NA	NA	NA	NA	NA
NC_045512.2	7842	A	C	28	9	42	1	0	33	0.0344828	29	0.508772	FALSE	NA	NA	NA	NA	NA	NA
NC_045512.2	9344	C	T	0	0	0	1	0	39	1	1	1	FALSE	NA	NA	NA	NA	NA	NA
NC_045512.2	15117	T	G	23	0	38	1	0	30	0.0416667	24	0.510638	FALSE	NA	NA	NA	NA	NA	NA
NC_045512.2	15714	C	T	0	0	0	32	19	38	1	32	1.09133e-18	TRUE	NA	NA	NA	NA	NA	NA
NC_045512.2	16059	T	C	50	7	38	1	0	39	0.0196078	51	0.50495	FALSE	NA	NA	NA	NA	NA	NA
NC_045512.2	20252	T	G	32	1	41	1	0	39	0.030303	33	0.507692	FALSE	NA	NA	NA	NA	NA	NA
NC_045512.2	20882	A	G	22	18	38	1	0	39	0.0434783	23	0.511111	FALSE	NA	NA	NA	NA	NA	NA
NC_045512.2	20921	G	T	19	19	40	1	1	39	0.05	20	0.512821	FALSE	NA	NA	NA	NA	NA	NA
NC_045512.2	22674	C	T	0	0	0	1	1	38	1	1	1	FALSE	NA	NA	NA	NA	NA	NA
NC_045512.2	23349	G	A	4	0	38	1	0	31	0.2	5	0.555556	FALSE	NA	NA	NA	NA	NA	NA
NC_045512.2	23403	A	G	0	0	0	4	2	38	1	4	0.0285714	FALSE	NA	NA	NA	NA	NA	NA
NC_045512.2	25224	T	C	44	19	40	3	0	38	0.0638298	47	0.124956	FALSE	NA	NA	NA	NA	NA	NA
NC_045512.2	25238	G	T	42	14	40	1	0	33	0.0232558	43	0.505882	FALSE	NA	NA	NA	NA	NA	NA
NC_045512.2	27382	G	C	0	0	0	1	1	39	1	1	1	FALSE	NA	NA	NA	NA	NA	NA
NC_045512.2	27384	T	C	0	0	0	3	1	39	1	3	0.1	FALSE	NA	NA	NA	NA	NA	NA
NC_045512.2	28158	A	G	188	11	39	1	0	39	0.00529101	189	0.501326	FALSE	NA	NA	NA	NA	NA	NA
NC_045512.2	28239	G	T	155	128	41	5	5	38	0.03125	160	0.0307556	FALSE	NA	NA	NA	NA	NA	NA
NC_045512.2	28271	A	T	0	0	0	67	67	38	1	67	1.33485e-39	TRUE	NA	NA	NA	NA	NA	NA
NC_045512.2	28363	A	T	0	0	0	10	0	36	1	10	1.08251e-05	TRUE	NA	NA	NA	NA	NA	NA
NC_045512.2	28657	C	T	70	7	39	6	0	38	0.0789474	76	0.0146836	FALSE	NA	NA	NA	NA	NA	NA
NC_045512.2	28677	C	T	65	18	45	2	1	38	0.0298507	67	0.25188	FALSE	NA	NA	NA	NA	NA	NA
NC_045512.2	28759	T	A	71	65	42	1	1	27	0.0138889	72	0.503497	FALSE	NA	NA	NA	NA	NA	NA
NC_045512.2	28776	C	-A	34	34	37	1	0	20	0.0294118	34	0.514706	FALSE	NA	NA	NA	NA	NA	NA
