REGION	POS	REF	ALT	REF_DP	REF_RV	REF_QUAL	ALT_DP	ALT_RV	ALT_QUAL	ALT_FREQ	TOTAL_DP	PVAL	PASS	GFF_FEATURE	REF_CODON	REF_AA	ALT_CODON	ALT_AA	POS_AA
NC_045512.2	13373	T	C	20	19	42	1	1	36	0.047619	21	0.512195	FALSE	NA	NA	NA	NA	NA	NA
NC_045512.2	15714	C	T	0	0	0	20	11	40	1	20	1.45089e-11	TRUE	NA	NA	NA	NA	NA	NA
NC_045512.2	15740	A	T	72	24	37	1	0	39	0.0136986	73	0.503448	FALSE	NA	NA	NA	NA	NA	NA
NC_045512.2	16925	A	T	37	27	46	1	1	30	0.0263158	38	0.506667	FALSE	NA	NA	NA	NA	NA	NA
NC_045512.2	17133	C	T	8	0	38	1	0	37	0.111111	9	0.529412	FALSE	NA	NA	NA	NA	NA	NA
NC_045512.2	21721	C	T	6	5	38	1	1	38	0.142857	7	0.538462	FALSE	NA	NA	NA	NA	NA	NA
NC_045512.2	23403	A	G	0	0	0	13	6	38	1	13	1.92297e-07	TRUE	NA	NA	NA	NA	NA	NA
NC_045512.2	27384	T	C	0	0	0	1	0	39	1	1	1	FALSE	NA	NA	NA	NA	NA	NA
NC_045512.2	27945	C	T	10	8	46	1	1	38	0.0909091	11	0.52381	FALSE	NA	NA	NA	NA	NA	NA
NC_045512.2	28271	A	T	0	0	0	100	100	38	1	100	2.20876e-59	TRUE	NA	NA	NA	NA	NA	NA
NC_045512.2	28363	A	T	0	0	0	6	0	36	1	6	0.0021645	TRUE	NA	NA	NA	NA	NA	NA
NC_045512.2	28675	A	G	48	7	43	2	1	38	0.04	50	0.252525	FALSE	NA	NA	NA	NA	NA	NA
NC_045512.2	28704	A	G	17	12	38	2	2	39	0.105263	19	0.256757	FALSE	NA	NA	NA	NA	NA	NA
