REGION	POS	REF	ALT	REF_DP	REF_RV	REF_QUAL	ALT_DP	ALT_RV	ALT_QUAL	ALT_FREQ	TOTAL_DP	PVAL	PASS	GFF_FEATURE	REF_CODON	REF_AA	ALT_CODON	ALT_AA	POS_AA
NC_045512.2	4184	G	A	0	0	0	4	3	39	1	4	0.0285714	FALSE	NA	NA	NA	NA	NA	NA
NC_045512.2	10289	G	A	96	36	39	1	1	35	0.0103093	97	0.502591	FALSE	NA	NA	NA	NA	NA	NA
NC_045512.2	10321	T	A	120	66	41	1	0	39	0.00826446	121	0.502075	FALSE	NA	NA	NA	NA	NA	NA
NC_045512.2	10483	T	C	0	0	0	1	0	39	1	1	1	FALSE	NA	NA	NA	NA	NA	NA
NC_045512.2	13254	G	T	2	0	39	1	0	39	0.333333	3	0.6	FALSE	NA	NA	NA	NA	NA	NA
NC_045512.2	15190	G	T	14	12	41	1	1	39	0.0666667	15	0.517241	FALSE	NA	NA	NA	NA	NA	NA
NC_045512.2	15695	A	C	186	17	41	1	0	39	0.00534759	187	0.50134	FALSE	NA	NA	NA	NA	NA	NA
NC_045512.2	15714	C	T	0	0	0	49	33	42	1	49	7.85003e-29	TRUE	NA	NA	NA	NA	NA	NA
NC_045512.2	15785	T	A	278	253	45	1	1	39	0.00358423	279	0.500898	FALSE	NA	NA	NA	NA	NA	NA
NC_045512.2	16354	A	G	70	64	45	1	1	39	0.0140845	71	0.503546	FALSE	NA	NA	NA	NA	NA	NA
NC_045512.2	16846	G	T	127	12	43	1	0	39	0.0078125	128	0.501961	FALSE	NA	NA	NA	NA	NA	NA
NC_045512.2	23403	A	G	0	0	0	23	11	38	1	23	2.42912e-13	TRUE	NA	NA	NA	NA	NA	NA
NC_045512.2	25284	G	A	66	51	43	1	1	39	0.0149254	67	0.503759	FALSE	NA	NA	NA	NA	NA	NA
NC_045512.2	25584	C	T	0	0	0	1	1	39	1	1	1	FALSE	NA	NA	NA	NA	NA	NA
NC_045512.2	27384	T	C	0	0	0	1	0	37	1	1	1	FALSE	NA	NA	NA	NA	NA	NA
NC_045512.2	27606	A	G	3	0	36	1	0	34	0.25	4	0.571429	FALSE	NA	NA	NA	NA	NA	NA
NC_045512.2	28152	A	G	227	10	41	1	0	39	0.00438596	228	0.501099	FALSE	NA	NA	NA	NA	NA	NA
NC_045512.2	28196	T	C	149	82	39	1	1	39	0.00666667	150	0.501672	FALSE	NA	NA	NA	NA	NA	NA
NC_045512.2	28271	A	T	0	0	0	116	116	38	1	116	5.53787e-69	TRUE	NA	NA	NA	NA	NA	NA
NC_045512.2	28363	A	T	0	0	0	10	0	35	1	10	1.08251e-05	TRUE	NA	NA	NA	NA	NA	NA
NC_045512.2	28391	C	T	45	28	42	1	1	34	0.0217391	46	0.505495	FALSE	NA	NA	NA	NA	NA	NA
NC_045512.2	28674	C	T	142	26	42	1	0	37	0.00699301	143	0.501754	FALSE	NA	NA	NA	NA	NA	NA
NC_045512.2	28737	C	T	116	54	44	1	1	39	0.00854701	117	0.502146	FALSE	NA	NA	NA	NA	NA	NA
NC_045512.2	28881	G	A	0	0	0	1	1	39	1	1	1	FALSE	NA	NA	NA	NA	NA	NA
NC_045512.2	29510	A	C	0	0	0	1	1	38	1	1	1	FALSE	NA	NA	NA	NA	NA	NA
