REGION	POS	REF	ALT	REF_DP	REF_RV	REF_QUAL	ALT_DP	ALT_RV	ALT_QUAL	ALT_FREQ	TOTAL_DP	PVAL	PASS	GFF_FEATURE	REF_CODON	REF_AA	ALT_CODON	ALT_AA	POS_AA
NC_045512.2	1697	G	T	133	5	39	1	0	37	0.00746269	134	0.501873	FALSE	NA	NA	NA	NA	NA	NA
NC_045512.2	2644	C	-A	6	0	39	1	0	20	0.166667	6	0.583333	FALSE	NA	NA	NA	NA	NA	NA
NC_045512.2	3545	A	-ATG	43	0	38	2	0	20	0.0465116	43	0.264635	FALSE	NA	NA	NA	NA	NA	NA
NC_045512.2	3548	G	A	40	1	39	2	0	39	0.047619	42	0.241176	FALSE	NA	NA	NA	NA	NA	NA
NC_045512.2	9344	C	T	0	0	0	1	1	39	1	1	1	FALSE	NA	NA	NA	NA	NA	NA
NC_045512.2	15714	C	T	0	0	0	8	3	43	1	8	0.0001554	TRUE	NA	NA	NA	NA	NA	NA
NC_045512.2	16342	T	C	12	10	41	3	3	39	0.2	15	0.124521	FALSE	NA	NA	NA	NA	NA	NA
NC_045512.2	17410	C	T	0	0	0	3	3	39	1	3	0.1	FALSE	NA	NA	NA	NA	NA	NA
NC_045512.2	23403	A	G	0	0	0	14	7	41	1	14	4.98547e-08	TRUE	NA	NA	NA	NA	NA	NA
NC_045512.2	25584	C	T	0	0	0	1	1	32	1	1	1	FALSE	NA	NA	NA	NA	NA	NA
NC_045512.2	26709	G	A	0	0	0	1	0	39	1	1	1	FALSE	NA	NA	NA	NA	NA	NA
NC_045512.2	27382	G	C	0	0	0	1	0	39	1	1	1	FALSE	NA	NA	NA	NA	NA	NA
NC_045512.2	27807	C	T	0	0	0	1	1	39	1	1	1	FALSE	NA	NA	NA	NA	NA	NA
NC_045512.2	28196	T	C	251	130	39	1	0	38	0.00396825	252	0.500994	FALSE	NA	NA	NA	NA	NA	NA
NC_045512.2	28271	A	T	0	0	0	164	163	38	1	164	8.30844e-98	TRUE	NA	NA	NA	NA	NA	NA
NC_045512.2	28311	C	T	0	0	0	1	0	37	1	1	1	FALSE	NA	NA	NA	NA	NA	NA
NC_045512.2	28331	C	T	19	0	38	1	0	39	0.05	20	0.512821	FALSE	NA	NA	NA	NA	NA	NA
NC_045512.2	28363	A	T	0	0	0	8	0	35	1	8	0.0001554	TRUE	NA	NA	NA	NA	NA	NA
NC_045512.2	28370	A	G	0	0	0	1	1	35	1	1	1	FALSE	NA	NA	NA	NA	NA	NA
NC_045512.2	28435	C	T	0	0	0	5	5	37	1	5	0.00793651	TRUE	NA	NA	NA	NA	NA	NA
NC_045512.2	28719	G	A	133	67	39	1	0	32	0.00746269	134	0.501873	FALSE	NA	NA	NA	NA	NA	NA
