REGION	POS	REF	ALT	REF_DP	REF_RV	REF_QUAL	ALT_DP	ALT_RV	ALT_QUAL	ALT_FREQ	TOTAL_DP	PVAL	PASS	GFF_FEATURE	REF_CODON	REF_AA	ALT_CODON	ALT_AA	POS_AA
NC_045512.2	4184	G	A	0	0	0	1	1	39	1	1	1	FALSE	NA	NA	NA	NA	NA	NA
NC_045512.2	12160	G	A	0	0	0	1	1	39	1	1	1	FALSE	NA	NA	NA	NA	NA	NA
NC_045512.2	12793	G	A	0	0	0	1	0	38	1	1	1	FALSE	NA	NA	NA	NA	NA	NA
NC_045512.2	13896	T	C	28	1	39	2	0	36	0.0666667	30	0.254237	FALSE	NA	NA	NA	NA	NA	NA
NC_045512.2	14521	T	C	48	9	38	3	0	39	0.0588235	51	0.124962	FALSE	NA	NA	NA	NA	NA	NA
NC_045512.2	15129	T	A	19	8	39	1	1	38	0.05	20	0.512821	FALSE	NA	NA	NA	NA	NA	NA
NC_045512.2	15714	C	T	0	0	0	50	36	40	1	50	1.98233e-29	TRUE	NA	NA	NA	NA	NA	NA
NC_045512.2	15744	C	A	202	65	39	1	0	39	0.00492611	203	0.501235	FALSE	NA	NA	NA	NA	NA	NA
NC_045512.2	16289	C	T	74	13	42	1	1	39	0.0133333	75	0.503356	FALSE	NA	NA	NA	NA	NA	NA
NC_045512.2	16887	C	T	43	10	38	1	0	39	0.0227273	44	0.505747	FALSE	NA	NA	NA	NA	NA	NA
NC_045512.2	18682	A	G	10	0	38	4	0	35	0.285714	14	0.057037	FALSE	NA	NA	NA	NA	NA	NA
NC_045512.2	23403	A	G	0	0	0	13	6	38	1	13	1.92297e-07	TRUE	NA	NA	NA	NA	NA	NA
NC_045512.2	24558	G	C	24	0	39	1	0	37	0.04	25	0.510204	FALSE	NA	NA	NA	NA	NA	NA
NC_045512.2	25669	C	T	0	0	0	1	0	39	1	1	1	FALSE	NA	NA	NA	NA	NA	NA
NC_045512.2	27326	A	G	14	6	44	1	1	39	0.0666667	15	0.517241	FALSE	NA	NA	NA	NA	NA	NA
NC_045512.2	27807	C	T	0	0	0	1	1	38	1	1	1	FALSE	NA	NA	NA	NA	NA	NA
NC_045512.2	27889	C	T	5	5	38	18	10	40	0.782609	23	1.96103e-08	TRUE	NA	NA	NA	NA	NA	NA
NC_045512.2	28271	A	T	0	0	0	58	58	38	1	58	3.25668e-34	TRUE	NA	NA	NA	NA	NA	NA
NC_045512.2	28330	A	G	5	0	39	1	0	27	0.166667	6	0.545455	FALSE	NA	NA	NA	NA	NA	NA
NC_045512.2	28363	A	T	0	0	0	3	0	39	1	3	0.1	FALSE	NA	NA	NA	NA	NA	NA
NC_045512.2	28370	A	G	0	0	0	7	0	37	1	7	0.000582751	TRUE	NA	NA	NA	NA	NA	NA
NC_045512.2	28681	G	T	59	16	47	1	0	39	0.0166667	60	0.504202	FALSE	NA	NA	NA	NA	NA	NA
NC_045512.2	28724	C	T	65	27	41	2	0	38	0.0298507	67	0.25188	FALSE	NA	NA	NA	NA	NA	NA
NC_045512.2	29347	C	T	10	4	38	2	1	39	0.166667	12	0.26087	FALSE	NA	NA	NA	NA	NA	NA
