REGION	POS	REF	ALT	REF_DP	REF_RV	REF_QUAL	ALT_DP	ALT_RV	ALT_QUAL	ALT_FREQ	TOTAL_DP	PVAL	PASS	GFF_FEATURE	REF_CODON	REF_AA	ALT_CODON	ALT_AA	POS_AA
NC_045512.2	4184	G	A	0	0	0	1	1	78	1	1	1	FALSE	NA	NA	NA	NA	NA	NA
NC_045512.2	4823	T	C	8	4	40	5	4	38	0.384615	13	0.0242236	FALSE	NA	NA	NA	NA	NA	NA
NC_045512.2	9612	T	C	12	0	39	1	0	39	0.0769231	13	0.52	FALSE	NA	NA	NA	NA	NA	NA
NC_045512.2	10626	C	T	7	5	37	1	1	27	0.125	8	0.533333	FALSE	NA	NA	NA	NA	NA	NA
NC_045512.2	12160	G	A	2	1	46	1	1	36	0.333333	3	0.6	FALSE	NA	NA	NA	NA	NA	NA
NC_045512.2	13335	C	T	9	2	38	3	1	37	0.25	12	0.124224	FALSE	NA	NA	NA	NA	NA	NA
NC_045512.2	13530	C	G	0	0	0	1	1	30	1	1	1	FALSE	NA	NA	NA	NA	NA	NA
NC_045512.2	14202	G	T	4	0	39	1	0	39	0.2	5	0.555556	FALSE	NA	NA	NA	NA	NA	NA
NC_045512.2	15714	C	T	0	0	0	36	23	40	1	36	4.51965e-21	TRUE	NA	NA	NA	NA	NA	NA
NC_045512.2	15766	G	A	229	120	45	1	1	37	0.00434783	230	0.501089	FALSE	NA	NA	NA	NA	NA	NA
NC_045512.2	17410	C	T	0	0	0	2	2	39	1	2	0.333333	FALSE	NA	NA	NA	NA	NA	NA
NC_045512.2	19640	T	A	2	0	39	1	0	36	0.333333	3	0.6	FALSE	NA	NA	NA	NA	NA	NA
NC_045512.2	21544	G	T	3	3	39	1	1	29	0.25	4	0.571429	FALSE	NA	NA	NA	NA	NA	NA
NC_045512.2	23403	A	G	0	0	0	10	4	38	1	10	1.08251e-05	TRUE	NA	NA	NA	NA	NA	NA
NC_045512.2	28160	T	C	184	12	40	1	0	39	0.00540541	185	0.501355	FALSE	NA	NA	NA	NA	NA	NA
NC_045512.2	28271	A	T	0	0	0	81	81	38	1	81	5.46586e-48	TRUE	NA	NA	NA	NA	NA	NA
NC_045512.2	28330	A	G	14	0	38	1	0	37	0.0666667	15	0.517241	FALSE	NA	NA	NA	NA	NA	NA
NC_045512.2	28363	A	T	0	0	0	9	0	35	1	9	4.11353e-05	TRUE	NA	NA	NA	NA	NA	NA
NC_045512.2	28370	A	G	0	0	0	1	0	39	1	1	1	FALSE	NA	NA	NA	NA	NA	NA
NC_045512.2	28679	G	T	32	11	39	1	0	39	0.030303	33	0.507692	FALSE	NA	NA	NA	NA	NA	NA
NC_045512.2	28698	C	T	21	11	40	1	1	39	0.0454545	22	0.511628	FALSE	NA	NA	NA	NA	NA	NA
NC_045512.2	28724	C	T	27	12	41	2	1	38	0.0689655	29	0.254386	FALSE	NA	NA	NA	NA	NA	NA
NC_045512.2	29395	G	T	50	50	38	1	1	39	0.0196078	51	0.50495	FALSE	NA	NA	NA	NA	NA	NA
