REGION	POS	REF	ALT	REF_DP	REF_RV	REF_QUAL	ALT_DP	ALT_RV	ALT_QUAL	ALT_FREQ	TOTAL_DP	PVAL	PASS	GFF_FEATURE	REF_CODON	REF_AA	ALT_CODON	ALT_AA	POS_AA
NC_045512.2	1207	A	G	20	20	39	1	1	38	0.047619	21	0.512195	FALSE	NA	NA	NA	NA	NA	NA
NC_045512.2	4184	G	A	0	0	0	2	1	39	1	2	0.333333	FALSE	NA	NA	NA	NA	NA	NA
NC_045512.2	10198	C	T	0	0	0	1	0	39	1	1	1	FALSE	NA	NA	NA	NA	NA	NA
NC_045512.2	10239	C	T	21	0	38	1	0	33	0.0454545	22	0.511628	FALSE	NA	NA	NA	NA	NA	NA
NC_045512.2	10334	G	A	33	32	43	2	2	34	0.0571429	35	0.253623	FALSE	NA	NA	NA	NA	NA	NA
NC_045512.2	12160	G	A	0	0	0	1	1	39	1	1	1	FALSE	NA	NA	NA	NA	NA	NA
NC_045512.2	12742	A	T	6	4	37	1	1	39	0.142857	7	0.538462	FALSE	NA	NA	NA	NA	NA	NA
NC_045512.2	13267	A	T	67	1	39	1	0	36	0.0147059	68	0.503704	FALSE	NA	NA	NA	NA	NA	NA
NC_045512.2	15714	C	T	0	0	0	9	6	46	1	9	4.11353e-05	TRUE	NA	NA	NA	NA	NA	NA
NC_045512.2	16616	C	A	1	1	39	6	1	38	0.857143	7	0.00407925	TRUE	NA	NA	NA	NA	NA	NA
NC_045512.2	18441	C	T	0	0	0	2	1	39	1	2	0.333333	FALSE	NA	NA	NA	NA	NA	NA
NC_045512.2	18718	T	C	38	3	40	1	0	36	0.025641	39	0.506494	FALSE	NA	NA	NA	NA	NA	NA
NC_045512.2	18802	A	G	48	41	42	1	1	39	0.0204082	49	0.505155	FALSE	NA	NA	NA	NA	NA	NA
NC_045512.2	23403	A	G	0	0	0	2	1	38	1	2	0.333333	FALSE	NA	NA	NA	NA	NA	NA
NC_045512.2	24627	C	T	21	12	38	1	0	33	0.0454545	22	0.511628	FALSE	NA	NA	NA	NA	NA	NA
NC_045512.2	27382	G	C	1	1	33	1	1	38	0.5	2	0.666667	FALSE	NA	NA	NA	NA	NA	NA
NC_045512.2	28363	A	T	0	0	0	1	0	31	1	1	1	FALSE	NA	NA	NA	NA	NA	NA
NC_045512.2	28374	G	T	4	2	36	1	0	30	0.2	5	0.555556	FALSE	NA	NA	NA	NA	NA	NA
NC_045512.2	28390	A	G	11	7	39	1	0	39	0.0833333	12	0.521739	FALSE	NA	NA	NA	NA	NA	NA
NC_045512.2	28724	C	T	2	2	34	7	2	37	0.777778	9	0.00185109	TRUE	NA	NA	NA	NA	NA	NA
NC_045512.2	28739	G	A	16	10	48	1	1	30	0.0588235	17	0.515152	FALSE	NA	NA	NA	NA	NA	NA
NC_045512.2	28745	G	A	25	19	45	1	1	31	0.0384615	26	0.509804	FALSE	NA	NA	NA	NA	NA	NA
