REGION	POS	REF	ALT	REF_DP	REF_RV	REF_QUAL	ALT_DP	ALT_RV	ALT_QUAL	ALT_FREQ	TOTAL_DP	PVAL	PASS	GFF_FEATURE	REF_CODON	REF_AA	ALT_CODON	ALT_AA	POS_AA
NC_045512.2	2640	A	T	7	0	36	2	0	38	0.222222	9	0.264706	FALSE	NA	NA	NA	NA	NA	NA
NC_045512.2	5386	T	G	6	0	39	1	0	38	0.142857	7	0.538462	FALSE	NA	NA	NA	NA	NA	NA
NC_045512.2	7204	T	C	7	0	39	1	0	38	0.125	8	0.533333	FALSE	NA	NA	NA	NA	NA	NA
NC_045512.2	15714	C	T	67	41	40	9	4	38	0.118421	76	0.00161519	TRUE	NA	NA	NA	NA	NA	NA
NC_045512.2	16291	T	C	62	18	43	1	0	39	0.015873	63	0.504	FALSE	NA	NA	NA	NA	NA	NA
NC_045512.2	16326	T	C	44	39	42	1	1	30	0.0222222	45	0.505618	FALSE	NA	NA	NA	NA	NA	NA
NC_045512.2	17575	G	A	36	34	40	1	1	39	0.027027	37	0.506849	FALSE	NA	NA	NA	NA	NA	NA
NC_045512.2	18779	G	A	15	11	40	1	1	30	0.0625	16	0.516129	FALSE	NA	NA	NA	NA	NA	NA
NC_045512.2	21770	G	A	8	6	39	1	1	37	0.111111	9	0.529412	FALSE	NA	NA	NA	NA	NA	NA
NC_045512.2	23202	C	A	18	15	43	4	4	39	0.181818	22	0.059274	FALSE	NA	NA	NA	NA	NA	NA
NC_045512.2	23403	A	G	0	0	0	11	5	45	1	11	2.83514e-06	TRUE	NA	NA	NA	NA	NA	NA
NC_045512.2	25893	T	G	24	21	45	1	1	33	0.04	25	0.510204	FALSE	NA	NA	NA	NA	NA	NA
NC_045512.2	26530	A	G	0	0	0	2	2	39	1	2	0.333333	FALSE	NA	NA	NA	NA	NA	NA
NC_045512.2	27359	A	T	71	32	41	1	1	39	0.0138889	72	0.503497	FALSE	NA	NA	NA	NA	NA	NA
NC_045512.2	27382	G	C	44	34	41	1	0	38	0.0222222	45	0.505618	FALSE	NA	NA	NA	NA	NA	NA
NC_045512.2	27384	T	C	46	33	40	4	2	38	0.08	50	0.0611788	FALSE	NA	NA	NA	NA	NA	NA
NC_045512.2	27387	A	G	71	59	39	1	1	38	0.0138889	72	0.503497	FALSE	NA	NA	NA	NA	NA	NA
NC_045512.2	28170	C	T	129	21	42	4	2	38	0.0300752	133	0.0620202	FALSE	NA	NA	NA	NA	NA	NA
NC_045512.2	28271	A	T	0	0	0	86	86	38	1	86	5.49954e-51	TRUE	NA	NA	NA	NA	NA	NA
NC_045512.2	28363	A	T	0	0	0	7	0	36	1	7	0.000582751	TRUE	NA	NA	NA	NA	NA	NA
NC_045512.2	28452	G	A	28	25	39	1	1	39	0.0344828	29	0.508772	FALSE	NA	NA	NA	NA	NA	NA
NC_045512.2	28680	A	G	162	31	42	3	0	39	0.0181818	165	0.124997	FALSE	NA	NA	NA	NA	NA	NA
NC_045512.2	28701	A	G	95	61	40	1	0	39	0.0104167	96	0.502618	FALSE	NA	NA	NA	NA	NA	NA
NC_045512.2	29289	T	C	208	10	41	1	0	39	0.00478469	209	0.501199	FALSE	NA	NA	NA	NA	NA	NA
