REGION	POS	REF	ALT	REF_DP	REF_RV	REF_QUAL	ALT_DP	ALT_RV	ALT_QUAL	ALT_FREQ	TOTAL_DP	PVAL	PASS	GFF_FEATURE	REF_CODON	REF_AA	ALT_CODON	ALT_AA	POS_AA
NC_045512.2	2041	T	G	115	75	41	1	1	34	0.00862069	116	0.502165	FALSE	NA	NA	NA	NA	NA	NA
NC_045512.2	4184	G	A	0	0	0	1	0	39	1	1	1	FALSE	NA	NA	NA	NA	NA	NA
NC_045512.2	5754	A	G	32	11	44	1	1	39	0.030303	33	0.507692	FALSE	NA	NA	NA	NA	NA	NA
NC_045512.2	8544	T	C	20	12	38	1	1	39	0.047619	21	0.512195	FALSE	NA	NA	NA	NA	NA	NA
NC_045512.2	12160	G	A	2	1	39	2	2	39	0.5	4	0.285714	FALSE	NA	NA	NA	NA	NA	NA
NC_045512.2	14504	A	T	55	9	45	1	0	39	0.0178571	56	0.504505	FALSE	NA	NA	NA	NA	NA	NA
NC_045512.2	14519	A	C	55	16	40	1	0	39	0.0178571	56	0.504505	FALSE	NA	NA	NA	NA	NA	NA
NC_045512.2	15714	C	T	0	0	0	49	30	42	1	49	7.85003e-29	TRUE	NA	NA	NA	NA	NA	NA
NC_045512.2	15774	C	T	335	271	41	1	1	35	0.00297619	336	0.500745	FALSE	NA	NA	NA	NA	NA	NA
NC_045512.2	16003	A	G	37	1	42	1	0	39	0.0263158	38	0.506667	FALSE	NA	NA	NA	NA	NA	NA
NC_045512.2	17251	C	T	4	4	37	1	0	39	0.2	5	0.555556	FALSE	NA	NA	NA	NA	NA	NA
NC_045512.2	18441	C	A	2	0	38	1	1	39	0.333333	3	0.6	FALSE	NA	NA	NA	NA	NA	NA
NC_045512.2	21721	C	T	5	3	46	2	2	39	0.285714	7	0.269231	FALSE	NA	NA	NA	NA	NA	NA
NC_045512.2	21770	G	A	7	7	44	2	2	37	0.222222	9	0.264706	FALSE	NA	NA	NA	NA	NA	NA
NC_045512.2	23403	A	G	0	0	0	24	12	38	1	24	6.20201e-14	TRUE	NA	NA	NA	NA	NA	NA
NC_045512.2	25584	C	T	0	0	0	1	1	39	1	1	1	FALSE	NA	NA	NA	NA	NA	NA
NC_045512.2	27384	T	C	28	24	39	2	0	38	0.0666667	30	0.254237	FALSE	NA	NA	NA	NA	NA	NA
NC_045512.2	27390	G	T	34	29	39	2	2	39	0.0555556	36	0.253521	FALSE	NA	NA	NA	NA	NA	NA
NC_045512.2	27889	C	T	29	19	41	15	14	40	0.340909	44	8.73445e-06	TRUE	NA	NA	NA	NA	NA	NA
NC_045512.2	27916	G	A	20	12	40	2	1	39	0.0909091	22	0.255814	FALSE	NA	NA	NA	NA	NA	NA
NC_045512.2	28140	T	C	333	2	39	1	0	39	0.00299401	334	0.50075	FALSE	NA	NA	NA	NA	NA	NA
NC_045512.2	28215	T	C	474	386	44	1	1	36	0.00210526	475	0.500527	FALSE	NA	NA	NA	NA	NA	NA
NC_045512.2	28271	A	T	0	0	0	109	109	38	1	109	8.79584e-65	TRUE	NA	NA	NA	NA	NA	NA
NC_045512.2	28311	C	T	0	0	0	2	0	36	1	2	0.333333	FALSE	NA	NA	NA	NA	NA	NA
NC_045512.2	28330	A	G	20	1	40	2	0	38	0.0909091	22	0.255814	FALSE	NA	NA	NA	NA	NA	NA
NC_045512.2	28363	A	T	0	0	0	14	0	37	1	14	4.98547e-08	TRUE	NA	NA	NA	NA	NA	NA
NC_045512.2	28724	C	T	57	37	40	1	0	39	0.0172414	58	0.504348	FALSE	NA	NA	NA	NA	NA	NA
