REGION	POS	REF	ALT	REF_DP	REF_RV	REF_QUAL	ALT_DP	ALT_RV	ALT_QUAL	ALT_FREQ	TOTAL_DP	PVAL	PASS	GFF_FEATURE	REF_CODON	REF_AA	ALT_CODON	ALT_AA	POS_AA
NC_045512.2	9611	C	T	3	0	39	3	0	39	0.5	6	0.121212	FALSE	NA	NA	NA	NA	NA	NA
NC_045512.2	11226	A	C	4	4	38	1	1	38	0.2	5	0.555556	FALSE	NA	NA	NA	NA	NA	NA
NC_045512.2	14257	T	C	1	0	39	1	0	39	0.5	2	0.666667	FALSE	NA	NA	NA	NA	NA	NA
NC_045512.2	15172	T	A	0	0	0	1	1	30	1	1	1	FALSE	NA	NA	NA	NA	NA	NA
NC_045512.2	15714	C	T	0	0	0	9	4	38	1	9	4.11353e-05	TRUE	NA	NA	NA	NA	NA	NA
NC_045512.2	16833	C	-T	14	1	41	1	0	20	0.0714286	14	0.535714	FALSE	NA	NA	NA	NA	NA	NA
NC_045512.2	16935	G	A	11	9	45	2	1	37	0.153846	13	0.26	FALSE	NA	NA	NA	NA	NA	NA
NC_045512.2	23403	A	G	0	0	0	1	0	39	1	1	1	FALSE	NA	NA	NA	NA	NA	NA
NC_045512.2	27347	A	G	7	5	39	1	1	39	0.125	8	0.533333	FALSE	NA	NA	NA	NA	NA	NA
NC_045512.2	27889	C	T	0	0	0	22	18	42	1	22	9.50526e-13	TRUE	NA	NA	NA	NA	NA	NA
NC_045512.2	28196	T	A	34	20	38	1	1	39	0.0285714	35	0.507246	FALSE	NA	NA	NA	NA	NA	NA
NC_045512.2	28215	T	A	52	39	41	1	1	38	0.0188679	53	0.504762	FALSE	NA	NA	NA	NA	NA	NA
NC_045512.2	28271	A	T	0	0	0	21	21	38	1	21	3.71569e-12	TRUE	NA	NA	NA	NA	NA	NA
NC_045512.2	28363	A	T	0	0	0	3	0	32	1	3	0.1	FALSE	NA	NA	NA	NA	NA	NA
NC_045512.2	28370	A	G	0	0	0	1	0	39	1	1	1	FALSE	NA	NA	NA	NA	NA	NA
NC_045512.2	28681	G	T	27	8	46	11	0	37	0.289474	38	0.000245665	TRUE	NA	NA	NA	NA	NA	NA
NC_045512.2	29284	C	T	42	4	42	3	0	39	0.0666667	45	0.124952	FALSE	NA	NA	NA	NA	NA	NA
NC_045512.2	29666	C	T	8	8	38	1	1	39	0.111111	9	0.529412	FALSE	NA	NA	NA	NA	NA	NA
