REGION	POS	REF	ALT	REF_DP	REF_RV	REF_QUAL	ALT_DP	ALT_RV	ALT_QUAL	ALT_FREQ	TOTAL_DP	PVAL	PASS	GFF_FEATURE	REF_CODON	REF_AA	ALT_CODON	ALT_AA	POS_AA
NC_045512.2	15714	C	T	0	0	0	18	11	43	1	18	2.20382e-10	TRUE	NA	NA	NA	NA	NA	NA
NC_045512.2	23403	A	G	0	0	0	2	0	39	1	2	0.333333	FALSE	NA	NA	NA	NA	NA	NA
NC_045512.2	27915	G	T	2	2	38	1	1	39	0.333333	3	0.6	FALSE	NA	NA	NA	NA	NA	NA
NC_045512.2	28271	A	T	0	0	0	45	45	37	1	45	1.92627e-26	TRUE	NA	NA	NA	NA	NA	NA
NC_045512.2	28363	A	T	0	0	0	3	0	39	1	3	0.1	FALSE	NA	NA	NA	NA	NA	NA
NC_045512.2	28657	C	T	13	0	41	2	0	35	0.133333	15	0.258621	FALSE	NA	NA	NA	NA	NA	NA
NC_045512.2	28720	C	T	9	3	37	1	0	38	0.1	10	0.526316	FALSE	NA	NA	NA	NA	NA	NA
