REGION	POS	REF	ALT	REF_DP	REF_RV	REF_QUAL	ALT_DP	ALT_RV	ALT_QUAL	ALT_FREQ	TOTAL_DP	PVAL	PASS	GFF_FEATURE	REF_CODON	REF_AA	ALT_CODON	ALT_AA	POS_AA
NC_045512.2	6953	A	T	10	0	32	1	0	26	0.0909091	11	0.52381	FALSE	NA	NA	NA	NA	NA	NA
NC_045512.2	10371	T	A	25	4	42	1	1	27	0.0384615	26	0.509804	FALSE	NA	NA	NA	NA	NA	NA
NC_045512.2	10447	G	A	0	0	0	5	3	32	1	5	0.00793651	TRUE	NA	NA	NA	NA	NA	NA
NC_045512.2	13627	G	A	3	1	34	3	1	45	0.5	6	0.121212	FALSE	NA	NA	NA	NA	NA	NA
NC_045512.2	17410	C	T	0	0	0	4	3	34	1	4	0.0285714	FALSE	NA	NA	NA	NA	NA	NA
NC_045512.2	29625	C	T	0	0	0	1	0	34	1	1	1	FALSE	NA	NA	NA	NA	NA	NA
