REGION	POS	REF	ALT	REF_DP	REF_RV	REF_QUAL	ALT_DP	ALT_RV	ALT_QUAL	ALT_FREQ	TOTAL_DP	PVAL	PASS	GFF_FEATURE	REF_CODON	REF_AA	ALT_CODON	ALT_AA	POS_AA
NC_045512.2	3585	G	A	16	7	38	1	0	38	0.0588235	17	0.515152	FALSE	NA	NA	NA	NA	NA	NA
NC_045512.2	4184	G	A	0	0	0	1	0	39	1	1	1	FALSE	NA	NA	NA	NA	NA	NA
NC_045512.2	7926	C	T	13	13	41	1	1	38	0.0714286	14	0.518519	FALSE	NA	NA	NA	NA	NA	NA
NC_045512.2	11494	C	T	11	7	41	1	0	39	0.0833333	12	0.521739	FALSE	NA	NA	NA	NA	NA	NA
NC_045512.2	11508	T	G	13	5	41	1	0	39	0.0714286	14	0.518519	FALSE	NA	NA	NA	NA	NA	NA
NC_045512.2	12160	G	A	0	0	0	3	3	37	1	3	0.1	FALSE	NA	NA	NA	NA	NA	NA
NC_045512.2	13393	G	A	12	10	42	3	3	39	0.2	15	0.124521	FALSE	NA	NA	NA	NA	NA	NA
NC_045512.2	15714	C	T	0	0	0	51	27	39	1	51	5.00489e-30	TRUE	NA	NA	NA	NA	NA	NA
NC_045512.2	17346	A	G	0	0	0	1	1	38	1	1	1	FALSE	NA	NA	NA	NA	NA	NA
NC_045512.2	17410	C	T	0	0	0	3	3	38	1	3	0.1	FALSE	NA	NA	NA	NA	NA	NA
NC_045512.2	17541	C	T	104	69	41	6	0	38	0.0545455	110	0.0149781	FALSE	NA	NA	NA	NA	NA	NA
NC_045512.2	20337	T	C	49	26	43	3	2	37	0.0576923	52	0.124964	FALSE	NA	NA	NA	NA	NA	NA
NC_045512.2	20888	G	T	48	25	38	1	1	37	0.0204082	49	0.505155	FALSE	NA	NA	NA	NA	NA	NA
NC_045512.2	21770	G	A	0	0	0	1	1	33	1	1	1	FALSE	NA	NA	NA	NA	NA	NA
NC_045512.2	22578	G	A	0	0	0	1	1	39	1	1	1	FALSE	NA	NA	NA	NA	NA	NA
NC_045512.2	23403	A	G	0	0	0	12	3	38	1	12	7.39602e-07	TRUE	NA	NA	NA	NA	NA	NA
NC_045512.2	25584	C	T	0	0	0	1	1	39	1	1	1	FALSE	NA	NA	NA	NA	NA	NA
NC_045512.2	26805	T	C	18	16	38	1	1	39	0.0526316	19	0.513514	FALSE	NA	NA	NA	NA	NA	NA
NC_045512.2	27879	C	T	86	49	39	5	1	38	0.0549451	91	0.0303724	FALSE	NA	NA	NA	NA	NA	NA
NC_045512.2	27889	C	T	63	50	41	54	43	39	0.461538	117	2.30678e-20	TRUE	NA	NA	NA	NA	NA	NA
NC_045512.2	27943	A	G	130	117	42	1	1	39	0.00763359	131	0.501916	FALSE	NA	NA	NA	NA	NA	NA
NC_045512.2	28271	A	T	0	0	0	134	133	38	1	134	8.66011e-80	TRUE	NA	NA	NA	NA	NA	NA
NC_045512.2	28330	A	G	14	0	37	2	0	38	0.125	16	0.258065	FALSE	NA	NA	NA	NA	NA	NA
NC_045512.2	28363	A	T	0	0	0	10	0	36	1	10	1.08251e-05	TRUE	NA	NA	NA	NA	NA	NA
NC_045512.2	28370	A	G	0	0	0	6	1	38	1	6	0.0021645	TRUE	NA	NA	NA	NA	NA	NA
NC_045512.2	28371	G	T	17	10	38	1	0	39	0.0555556	18	0.514286	FALSE	NA	NA	NA	NA	NA	NA
NC_045512.2	28681	G	T	69	13	43	5	1	38	0.0675676	74	0.0301652	FALSE	NA	NA	NA	NA	NA	NA
NC_045512.2	28703	G	A	46	34	39	2	1	39	0.0416667	48	0.252632	FALSE	NA	NA	NA	NA	NA	NA
NC_045512.2	29008	T	C	23	9	40	1	0	37	0.0416667	24	0.510638	FALSE	NA	NA	NA	NA	NA	NA
