REGION	POS	REF	ALT	REF_DP	REF_RV	REF_QUAL	ALT_DP	ALT_RV	ALT_QUAL	ALT_FREQ	TOTAL_DP	PVAL	PASS	GFF_FEATURE	REF_CODON	REF_AA	ALT_CODON	ALT_AA	POS_AA
NC_045512.2	500	G	A	61	8	40	1	0	39	0.016129	62	0.504065	FALSE	NA	NA	NA	NA	NA	NA
NC_045512.2	507	A	T	48	10	42	1	0	39	0.0204082	49	0.505155	FALSE	NA	NA	NA	NA	NA	NA
NC_045512.2	1985	T	C	52	1	38	1	0	38	0.0188679	53	0.504762	FALSE	NA	NA	NA	NA	NA	NA
NC_045512.2	2010	A	G	71	4	43	1	0	39	0.0138889	72	0.503497	FALSE	NA	NA	NA	NA	NA	NA
NC_045512.2	2112	T	C	18	18	38	3	3	38	0.142857	21	0.124765	FALSE	NA	NA	NA	NA	NA	NA
NC_045512.2	3882	T	C	0	0	0	22	8	42	1	22	9.50526e-13	TRUE	NA	NA	NA	NA	NA	NA
NC_045512.2	4184	G	A	0	0	0	5	3	37	1	5	0.00793651	TRUE	NA	NA	NA	NA	NA	NA
NC_045512.2	9344	C	T	0	0	0	1	0	39	1	1	1	FALSE	NA	NA	NA	NA	NA	NA
NC_045512.2	9689	A	T	33	18	38	1	1	37	0.0294118	34	0.507463	FALSE	NA	NA	NA	NA	NA	NA
NC_045512.2	12121	A	C	75	25	43	1	0	34	0.0131579	76	0.503311	FALSE	NA	NA	NA	NA	NA	NA
NC_045512.2	12160	G	A	0	0	0	25	16	38	1	25	1.58215e-14	TRUE	NA	NA	NA	NA	NA	NA
NC_045512.2	13314	T	C	302	37	40	1	0	39	0.00330033	303	0.500826	FALSE	NA	NA	NA	NA	NA	NA
NC_045512.2	13348	G	T	149	77	40	1	0	27	0.00666667	150	0.752508	FALSE	NA	NA	NA	NA	NA	NA
NC_045512.2	13368	C	G	461	432	40	1	1	33	0.0021645	462	0.500542	FALSE	NA	NA	NA	NA	NA	NA
NC_045512.2	15714	C	T	0	0	0	39	26	39	1	39	7.34834e-23	TRUE	NA	NA	NA	NA	NA	NA
NC_045512.2	15760	G	A	205	86	43	1	1	33	0.00485437	206	0.501217	FALSE	NA	NA	NA	NA	NA	NA
NC_045512.2	16362	C	T	89	88	40	3	3	39	0.0326087	92	0.124989	FALSE	NA	NA	NA	NA	NA	NA
NC_045512.2	16950	T	C	333	312	42	1	1	39	0.00299401	334	0.50075	FALSE	NA	NA	NA	NA	NA	NA
NC_045512.2	17410	C	T	0	0	0	1	0	39	1	1	1	FALSE	NA	NA	NA	NA	NA	NA
NC_045512.2	17565	T	G	151	133	48	1	1	39	0.00657895	152	0.50165	FALSE	NA	NA	NA	NA	NA	NA
NC_045512.2	21770	G	A	0	0	0	1	1	39	1	1	1	FALSE	NA	NA	NA	NA	NA	NA
NC_045512.2	22578	G	A	0	0	0	1	0	38	1	1	1	FALSE	NA	NA	NA	NA	NA	NA
NC_045512.2	25584	C	T	0	0	0	14	14	36	1	14	4.98547e-08	TRUE	NA	NA	NA	NA	NA	NA
NC_045512.2	26751	A	C	14	1	44	1	0	37	0.0666667	15	0.517241	FALSE	NA	NA	NA	NA	NA	NA
NC_045512.2	27889	C	T	0	0	0	126	107	41	1	126	5.50379e-75	TRUE	NA	NA	NA	NA	NA	NA
NC_045512.2	28271	A	T	0	0	0	39	39	38	1	39	7.34834e-23	TRUE	NA	NA	NA	NA	NA	NA
NC_045512.2	28363	A	T	0	0	0	5	0	34	1	5	0.00793651	TRUE	NA	NA	NA	NA	NA	NA
NC_045512.2	28370	A	G	0	0	0	1	0	39	1	1	1	FALSE	NA	NA	NA	NA	NA	NA
