REGION	POS	REF	ALT	REF_DP	REF_RV	REF_QUAL	ALT_DP	ALT_RV	ALT_QUAL	ALT_FREQ	TOTAL_DP	PVAL	PASS	GFF_FEATURE	REF_CODON	REF_AA	ALT_CODON	ALT_AA	POS_AA
NC_045512.2	3875	G	A	3	1	38	1	0	39	0.25	4	0.571429	FALSE	NA	NA	NA	NA	NA	NA
NC_045512.2	11828	G	A	0	0	0	1	1	39	1	1	1	FALSE	NA	NA	NA	NA	NA	NA
NC_045512.2	14257	T	C	13	9	46	1	0	39	0.0714286	14	0.518519	FALSE	NA	NA	NA	NA	NA	NA
NC_045512.2	14546	A	C	3	0	36	1	0	33	0.25	4	0.571429	FALSE	NA	NA	NA	NA	NA	NA
NC_045512.2	15673	T	C	33	0	37	1	0	33	0.0294118	34	0.507463	FALSE	NA	NA	NA	NA	NA	NA
NC_045512.2	15714	C	T	0	0	0	12	5	38	1	12	7.39602e-07	TRUE	NA	NA	NA	NA	NA	NA
NC_045512.2	16616	C	A	12	7	41	1	0	39	0.0769231	13	0.52	FALSE	NA	NA	NA	NA	NA	NA
NC_045512.2	16917	G	T	15	8	41	2	0	38	0.117647	17	0.257576	FALSE	NA	NA	NA	NA	NA	NA
NC_045512.2	16935	G	A	34	26	41	5	2	38	0.128205	39	0.0291407	FALSE	NA	NA	NA	NA	NA	NA
NC_045512.2	23100	T	C	0	0	0	1	0	39	1	1	1	FALSE	NA	NA	NA	NA	NA	NA
NC_045512.2	23403	A	G	0	0	0	6	5	39	1	6	0.0021645	TRUE	NA	NA	NA	NA	NA	NA
NC_045512.2	24424	A	T	0	0	0	1	1	39	1	1	1	FALSE	NA	NA	NA	NA	NA	NA
NC_045512.2	25309	T	C	13	10	40	1	1	39	0.0714286	14	0.518519	FALSE	NA	NA	NA	NA	NA	NA
NC_045512.2	25584	C	T	0	0	0	3	3	37	1	3	0.1	FALSE	NA	NA	NA	NA	NA	NA
NC_045512.2	27889	C	T	0	0	0	46	37	40	1	46	4.8686e-27	TRUE	NA	NA	NA	NA	NA	NA
NC_045512.2	27945	C	T	46	42	41	2	2	39	0.0416667	48	0.252632	FALSE	NA	NA	NA	NA	NA	NA
NC_045512.2	28027	G	C	0	0	0	1	0	39	1	1	1	FALSE	NA	NA	NA	NA	NA	NA
NC_045512.2	28166	G	A	88	7	41	2	0	37	0.0222222	90	0.251397	FALSE	NA	NA	NA	NA	NA	NA
NC_045512.2	28271	A	T	0	0	0	40	40	37	0.888889	45	6.54426e-25	TRUE	NA	NA	NA	NA	NA	NA
NC_045512.2	28271	A	C	0	0	0	5	5	39	0.111111	45	5.24416e-07	TRUE	NA	NA	NA	NA	NA	NA
NC_045512.2	28363	A	T	0	0	0	2	0	38	1	2	0.333333	FALSE	NA	NA	NA	NA	NA	NA
NC_045512.2	28462	C	T	6	5	38	2	2	38	0.25	8	0.266667	FALSE	NA	NA	NA	NA	NA	NA
NC_045512.2	28681	G	T	37	4	43	33	3	41	0.471429	70	1.03747e-12	TRUE	NA	NA	NA	NA	NA	NA
NC_045512.2	29339	C	A	73	19	39	1	1	37	0.0135135	74	0.503401	FALSE	NA	NA	NA	NA	NA	NA
NC_045512.2	29634	A	G	51	22	44	1	1	39	0.0192308	52	0.504854	FALSE	NA	NA	NA	NA	NA	NA
