REGION	POS	REF	ALT	REF_DP	REF_RV	REF_QUAL	ALT_DP	ALT_RV	ALT_QUAL	ALT_FREQ	TOTAL_DP	PVAL	PASS	GFF_FEATURE	REF_CODON	REF_AA	ALT_CODON	ALT_AA	POS_AA
NC_045512.2	8529	C	A	1	1	37	1	1	27	0.5	2	0.666667	FALSE	NA	NA	NA	NA	NA	NA
NC_045512.2	12160	G	A	0	0	0	1	1	37	1	1	1	FALSE	NA	NA	NA	NA	NA	NA
NC_045512.2	13321	A	T	8	2	37	1	1	27	0.111111	9	0.529412	FALSE	NA	NA	NA	NA	NA	NA
NC_045512.2	16935	G	A	0	0	0	2	1	38	1	2	0.333333	FALSE	NA	NA	NA	NA	NA	NA
NC_045512.2	17410	C	T	0	0	0	1	1	39	1	1	1	FALSE	NA	NA	NA	NA	NA	NA
NC_045512.2	25584	C	T	0	0	0	1	1	39	1	1	1	FALSE	NA	NA	NA	NA	NA	NA
NC_045512.2	27846	T	A	244	9	40	1	0	37	0.00408163	245	0.501022	FALSE	NA	NA	NA	NA	NA	NA
NC_045512.2	27889	C	T	1	1	38	107	82	41	0.990741	108	3.78237e-62	TRUE	NA	NA	NA	NA	NA	NA
NC_045512.2	27959	A	G	117	117	38	1	1	38	0.00847458	118	0.502128	FALSE	NA	NA	NA	NA	NA	NA
NC_045512.2	28271	A	T	0	0	0	48	48	38	1	48	3.10797e-28	TRUE	NA	NA	NA	NA	NA	NA
NC_045512.2	28312	C	T	0	0	0	1	0	39	1	1	1	FALSE	NA	NA	NA	NA	NA	NA
NC_045512.2	28363	A	T	0	0	0	11	0	37	1	11	2.83514e-06	TRUE	NA	NA	NA	NA	NA	NA
NC_045512.2	28370	A	G	0	0	0	2	1	38	1	2	0.333333	FALSE	NA	NA	NA	NA	NA	NA
NC_045512.2	28681	G	T	0	0	0	41	6	43	1	41	4.70827e-24	TRUE	NA	NA	NA	NA	NA	NA
NC_045512.2	29690	G	A	54	53	39	1	1	39	0.0181818	55	0.504587	FALSE	NA	NA	NA	NA	NA	NA
