REGION	POS	REF	ALT	REF_DP	REF_RV	REF_QUAL	ALT_DP	ALT_RV	ALT_QUAL	ALT_FREQ	TOTAL_DP	PVAL	PASS	GFF_FEATURE	REF_CODON	REF_AA	ALT_CODON	ALT_AA	POS_AA
NC_045512.2	3037	C	T	0	0	0	1	1	39	1	1	1	FALSE	NA	NA	NA	NA	NA	NA
NC_045512.2	3597	C	T	56	22	41	1	0	39	0.0175439	57	0.504425	FALSE	NA	NA	NA	NA	NA	NA
NC_045512.2	4184	G	A	0	0	0	2	0	39	1	2	0.333333	FALSE	NA	NA	NA	NA	NA	NA
NC_045512.2	5112	A	G	58	11	43	1	0	39	0.0169492	59	0.504274	FALSE	NA	NA	NA	NA	NA	NA
NC_045512.2	5163	A	T	79	71	41	1	1	39	0.0125	80	0.503145	FALSE	NA	NA	NA	NA	NA	NA
NC_045512.2	5164	G	A	72	64	41	1	1	37	0.0136986	73	0.503448	FALSE	NA	NA	NA	NA	NA	NA
NC_045512.2	5381	G	T	14	1	41	1	0	39	0.0666667	15	0.517241	FALSE	NA	NA	NA	NA	NA	NA
NC_045512.2	13657	A	G	109	63	41	1	1	39	0.00909091	110	0.502283	FALSE	NA	NA	NA	NA	NA	NA
NC_045512.2	16116	T	-G	64	64	38	7	0	20	0.109375	64	0.0101322	FALSE	NA	NA	NA	NA	NA	NA
NC_045512.2	17410	C	T	0	0	0	2	2	38	1	2	0.333333	FALSE	NA	NA	NA	NA	NA	NA
NC_045512.2	23403	A	G	0	0	0	10	3	46	1	10	1.08251e-05	TRUE	NA	NA	NA	NA	NA	NA
NC_045512.2	24469	T	A	0	0	0	1	0	39	1	1	1	FALSE	NA	NA	NA	NA	NA	NA
NC_045512.2	26804	C	T	8	8	43	3	3	39	0.272727	11	0.12406	FALSE	NA	NA	NA	NA	NA	NA
NC_045512.2	27382	G	C	0	0	0	1	1	39	1	1	1	FALSE	NA	NA	NA	NA	NA	NA
NC_045512.2	27384	T	C	0	0	0	7	3	38	1	7	0.000582751	TRUE	NA	NA	NA	NA	NA	NA
NC_045512.2	27892	A	T	120	88	41	1	1	33	0.00826446	121	0.502075	FALSE	NA	NA	NA	NA	NA	NA
NC_045512.2	28145	A	G	161	2	39	1	0	39	0.00617284	162	0.501548	FALSE	NA	NA	NA	NA	NA	NA
NC_045512.2	28215	T	C	201	139	44	1	1	39	0.0049505	202	0.501241	FALSE	NA	NA	NA	NA	NA	NA
NC_045512.2	28217	T	C	201	145	43	1	1	35	0.0049505	202	0.501241	FALSE	NA	NA	NA	NA	NA	NA
NC_045512.2	28250	T	G	127	116	44	1	1	37	0.0078125	128	0.501961	FALSE	NA	NA	NA	NA	NA	NA
NC_045512.2	28271	A	T	0	0	0	84	84	38	1	84	8.69664e-50	TRUE	NA	NA	NA	NA	NA	NA
NC_045512.2	28363	A	T	0	0	0	6	1	36	1	6	0.0021645	TRUE	NA	NA	NA	NA	NA	NA
NC_045512.2	28391	C	T	8	5	38	6	6	36	0.428571	14	0.0101449	FALSE	NA	NA	NA	NA	NA	NA
NC_045512.2	29510	A	C	0	0	0	1	1	38	1	1	1	FALSE	NA	NA	NA	NA	NA	NA
