REGION	POS	REF	ALT	REF_DP	REF_RV	REF_QUAL	ALT_DP	ALT_RV	ALT_QUAL	ALT_FREQ	TOTAL_DP	PVAL	PASS	GFF_FEATURE	REF_CODON	REF_AA	ALT_CODON	ALT_AA	POS_AA
NC_045512.2	8584	A	T	9	9	39	1	1	39	0.1	10	0.526316	FALSE	NA	NA	NA	NA	NA	NA
NC_045512.2	10361	T	C	0	0	0	8	8	37	1	8	0.0001554	TRUE	NA	NA	NA	NA	NA	NA
NC_045512.2	14183	C	A	3	0	39	1	0	27	0.25	4	0.571429	FALSE	NA	NA	NA	NA	NA	NA
NC_045512.2	15714	C	T	1	0	39	20	9	38	0.952381	21	7.80295e-11	TRUE	NA	NA	NA	NA	NA	NA
NC_045512.2	15738	C	T	41	20	38	17	6	38	0.293103	58	2.26449e-06	TRUE	NA	NA	NA	NA	NA	NA
NC_045512.2	15792	A	G	179	166	42	1	1	39	0.00555556	180	0.501393	FALSE	NA	NA	NA	NA	NA	NA
NC_045512.2	16342	T	C	15	12	38	1	1	38	0.0625	16	0.516129	FALSE	NA	NA	NA	NA	NA	NA
NC_045512.2	16616	C	A	28	23	40	3	0	39	0.0967742	31	0.124896	FALSE	NA	NA	NA	NA	NA	NA
NC_045512.2	17410	C	T	0	0	0	2	2	38	1	2	0.333333	FALSE	NA	NA	NA	NA	NA	NA
NC_045512.2	17501	T	A	49	39	38	1	1	30	0.02	50	0.505051	FALSE	NA	NA	NA	NA	NA	NA
NC_045512.2	17543	T	C	79	54	42	1	1	38	0.0125	80	0.503145	FALSE	NA	NA	NA	NA	NA	NA
NC_045512.2	17554	A	T	88	78	50	1	1	27	0.011236	89	0.502825	FALSE	NA	NA	NA	NA	NA	NA
NC_045512.2	21770	G	A	0	0	0	2	2	38	1	2	0.333333	FALSE	NA	NA	NA	NA	NA	NA
NC_045512.2	23403	A	G	0	0	0	2	0	39	1	2	0.333333	FALSE	NA	NA	NA	NA	NA	NA
NC_045512.2	27866	T	C	49	13	46	1	0	38	0.02	50	0.505051	FALSE	NA	NA	NA	NA	NA	NA
NC_045512.2	27889	C	T	0	0	0	22	20	38	1	22	9.50526e-13	TRUE	NA	NA	NA	NA	NA	NA
NC_045512.2	28271	A	T	0	0	0	46	46	38	1	46	4.8686e-27	TRUE	NA	NA	NA	NA	NA	NA
NC_045512.2	28354	C	A	24	1	38	1	0	39	0.04	25	0.510204	FALSE	NA	NA	NA	NA	NA	NA
NC_045512.2	28363	A	T	0	0	0	7	0	35	1	7	0.000582751	TRUE	NA	NA	NA	NA	NA	NA
NC_045512.2	28370	A	G	0	0	0	15	0	38	1	15	1.28935e-08	TRUE	NA	NA	NA	NA	NA	NA
NC_045512.2	28736	G	A	103	47	44	1	1	27	0.00961538	104	0.753623	FALSE	NA	NA	NA	NA	NA	NA
