REGION	POS	REF	ALT	REF_DP	REF_RV	REF_QUAL	ALT_DP	ALT_RV	ALT_QUAL	ALT_FREQ	TOTAL_DP	PVAL	PASS	GFF_FEATURE	REF_CODON	REF_AA	ALT_CODON	ALT_AA	POS_AA
NC_045512.2	15714	C	T	0	0	0	1	0	39	1	1	1	FALSE	NA	NA	NA	NA	NA	NA
NC_045512.2	15814	G	T	1	1	32	1	1	32	0.5	2	0.666667	FALSE	NA	NA	NA	NA	NA	NA
NC_045512.2	18767	A	T	55	35	41	1	0	39	0.0178571	56	0.504505	FALSE	NA	NA	NA	NA	NA	NA
NC_045512.2	21766	A	C	0	0	0	2	2	39	1	2	0.333333	FALSE	NA	NA	NA	NA	NA	NA
NC_045512.2	21770	G	A	0	0	0	4	4	36	1	4	0.0285714	FALSE	NA	NA	NA	NA	NA	NA
NC_045512.2	28193	G	A	88	58	38	1	1	27	0.011236	89	0.502825	FALSE	NA	NA	NA	NA	NA	NA
NC_045512.2	28216	T	G	147	91	44	1	1	25	0.00675676	148	0.752542	FALSE	NA	NA	NA	NA	NA	NA
NC_045512.2	28271	A	T	0	0	0	73	73	38	1	73	3.40119e-43	TRUE	NA	NA	NA	NA	NA	NA
NC_045512.2	29337	A	G	55	15	39	1	0	35	0.0178571	56	0.504505	FALSE	NA	NA	NA	NA	NA	NA
NC_045512.2	29387	A	T	119	117	39	1	1	39	0.00833333	120	0.502092	FALSE	NA	NA	NA	NA	NA	NA
NC_045512.2	29687	A	G	3	3	39	1	1	38	0.25	4	0.571429	FALSE	NA	NA	NA	NA	NA	NA
