REGION	POS	REF	ALT	REF_DP	REF_RV	REF_QUAL	ALT_DP	ALT_RV	ALT_QUAL	ALT_FREQ	TOTAL_DP	PVAL	PASS	GFF_FEATURE	REF_CODON	REF_AA	ALT_CODON	ALT_AA	POS_AA
NC_045512.2	23403	A	G	0	0	0	8	3	43	1	8	0.0001554	TRUE	NA	NA	NA	NA	NA	NA
NC_045512.2	27889	C	T	0	0	0	1	1	29	1	1	1	FALSE	NA	NA	NA	NA	NA	NA
NC_045512.2	28271	A	T	0	0	0	4	4	39	1	4	0.0285714	FALSE	NA	NA	NA	NA	NA	NA
NC_045512.2	28363	A	T	0	0	0	1	0	38	1	1	1	FALSE	NA	NA	NA	NA	NA	NA
NC_045512.2	28724	C	T	0	0	0	32	10	38	1	32	1.09133e-18	TRUE	NA	NA	NA	NA	NA	NA
NC_045512.2	29642	C	T	12	6	42	1	0	39	0.0769231	13	0.52	FALSE	NA	NA	NA	NA	NA	NA
NC_045512.2	29649	A	T	11	6	42	3	0	39	0.214286	14	0.124444	FALSE	NA	NA	NA	NA	NA	NA
