REGION	POS	REF	ALT	REF_DP	REF_RV	REF_QUAL	ALT_DP	ALT_RV	ALT_QUAL	ALT_FREQ	TOTAL_DP	PVAL	PASS	GFF_FEATURE	REF_CODON	REF_AA	ALT_CODON	ALT_AA	POS_AA
NC_045512.2	8574	T	C	15	15	38	1	1	38	0.0625	16	0.516129	FALSE	NA	NA	NA	NA	NA	NA
NC_045512.2	12160	G	A	0	0	0	2	2	39	1	2	0.333333	FALSE	NA	NA	NA	NA	NA	NA
NC_045512.2	15714	C	T	0	0	0	7	4	39	1	7	0.000582751	TRUE	NA	NA	NA	NA	NA	NA
NC_045512.2	15741	T	C	31	9	39	4	0	39	0.114286	35	0.0605667	FALSE	NA	NA	NA	NA	NA	NA
NC_045512.2	17410	C	T	0	0	0	1	1	39	1	1	1	FALSE	NA	NA	NA	NA	NA	NA
NC_045512.2	17540	A	G	14	6	41	1	0	39	0.0666667	15	0.517241	FALSE	NA	NA	NA	NA	NA	NA
NC_045512.2	17745	C	T	0	0	0	1	0	38	1	1	1	FALSE	NA	NA	NA	NA	NA	NA
NC_045512.2	19018	C	T	1	0	38	1	0	39	0.5	2	0.666667	FALSE	NA	NA	NA	NA	NA	NA
NC_045512.2	27889	C	T	0	0	0	4	3	43	1	4	0.0285714	FALSE	NA	NA	NA	NA	NA	NA
NC_045512.2	28153	C	T	19	0	40	2	0	38	0.0952381	21	0.256098	FALSE	NA	NA	NA	NA	NA	NA
NC_045512.2	28164	C	T	15	1	40	1	0	39	0.0625	16	0.516129	FALSE	NA	NA	NA	NA	NA	NA
NC_045512.2	28271	A	T	0	0	0	8	8	39	1	8	0.0001554	TRUE	NA	NA	NA	NA	NA	NA
NC_045512.2	28330	A	G	3	0	39	1	0	38	0.25	4	0.571429	FALSE	NA	NA	NA	NA	NA	NA
NC_045512.2	28363	A	T	0	0	0	1	0	39	1	1	1	FALSE	NA	NA	NA	NA	NA	NA
NC_045512.2	29084	A	C	2	2	39	1	1	38	0.333333	3	0.6	FALSE	NA	NA	NA	NA	NA	NA
