REGION	POS	REF	ALT	REF_DP	REF_RV	REF_QUAL	ALT_DP	ALT_RV	ALT_QUAL	ALT_FREQ	TOTAL_DP	PVAL	PASS	GFF_FEATURE	REF_CODON	REF_AA	ALT_CODON	ALT_AA	POS_AA
NC_045512.2	8469	A	C	2	0	32	1	0	24	0.333333	3	0.6	FALSE	NA	NA	NA	NA	NA	NA
NC_045512.2	8543	C	A	1	1	39	1	1	28	0.5	2	0.666667	FALSE	NA	NA	NA	NA	NA	NA
NC_045512.2	12716	C	A	0	0	0	1	0	30	1	1	1	FALSE	NA	NA	NA	NA	NA	NA
NC_045512.2	15714	C	T	0	0	0	4	2	39	1	4	0.0285714	FALSE	NA	NA	NA	NA	NA	NA
NC_045512.2	25584	C	T	0	0	0	1	1	27	1	1	1	FALSE	NA	NA	NA	NA	NA	NA
NC_045512.2	27889	C	T	0	0	0	8	6	43	1	8	0.0001554	TRUE	NA	NA	NA	NA	NA	NA
NC_045512.2	28161	T	C	66	6	39	1	0	39	0.0149254	67	0.503759	FALSE	NA	NA	NA	NA	NA	NA
NC_045512.2	28271	A	T	0	0	0	26	26	38	1	26	4.03292e-15	TRUE	NA	NA	NA	NA	NA	NA
NC_045512.2	28363	A	T	0	0	0	1	0	39	1	1	1	FALSE	NA	NA	NA	NA	NA	NA
