REGION	POS	REF	ALT	REF_DP	REF_RV	REF_QUAL	ALT_DP	ALT_RV	ALT_QUAL	ALT_FREQ	TOTAL_DP	PVAL	PASS	GFF_FEATURE	REF_CODON	REF_AA	ALT_CODON	ALT_AA	POS_AA
NC_045512.2	2954	T	C	0	0	0	1	0	38	1	1	1	FALSE	NA	NA	NA	NA	NA	NA
NC_045512.2	3001	T	C	6	6	38	1	1	38	0.142857	7	0.538462	FALSE	NA	NA	NA	NA	NA	NA
NC_045512.2	3037	C	T	0	0	0	1	1	38	1	1	1	FALSE	NA	NA	NA	NA	NA	NA
NC_045512.2	4184	G	A	0	0	0	2	1	39	1	2	0.333333	FALSE	NA	NA	NA	NA	NA	NA
NC_045512.2	6091	C	T	9	9	37	1	1	35	0.1	10	0.526316	FALSE	NA	NA	NA	NA	NA	NA
NC_045512.2	9611	C	T	1	0	39	60	0	38	0.983607	61	3.18295e-34	TRUE	NA	NA	NA	NA	NA	NA
NC_045512.2	9693	C	T	0	0	0	24	15	42	1	24	6.20201e-14	TRUE	NA	NA	NA	NA	NA	NA
NC_045512.2	12160	G	A	0	0	0	3	2	38	1	3	0.1	FALSE	NA	NA	NA	NA	NA	NA
NC_045512.2	12671	G	T	72	7	44	1	0	39	0.0136986	73	0.503448	FALSE	NA	NA	NA	NA	NA	NA
NC_045512.2	12742	A	G	51	38	41	1	1	33	0.0192308	52	0.504854	FALSE	NA	NA	NA	NA	NA	NA
NC_045512.2	13601	G	A	5	0	39	1	0	35	0.166667	6	0.545455	FALSE	NA	NA	NA	NA	NA	NA
NC_045512.2	14257	T	C	0	0	0	3	2	39	1	3	0.1	FALSE	NA	NA	NA	NA	NA	NA
NC_045512.2	15690	T	-A	288	9	39	1	0	20	0.00347222	288	0.876947	FALSE	NA	NA	NA	NA	NA	NA
NC_045512.2	15714	C	T	0	0	0	27	6	38	1	27	1.02725e-15	TRUE	NA	NA	NA	NA	NA	NA
NC_045512.2	15720	C	T	0	0	0	23	11	39	1	23	2.42912e-13	TRUE	NA	NA	NA	NA	NA	NA
NC_045512.2	15779	A	G	416	355	44	1	1	35	0.00239808	417	0.5006	FALSE	NA	NA	NA	NA	NA	NA
NC_045512.2	16935	G	A	1	1	29	19	13	38	0.95	20	2.90178e-10	TRUE	NA	NA	NA	NA	NA	NA
NC_045512.2	19078	G	T	48	43	39	1	1	39	0.0204082	49	0.505155	FALSE	NA	NA	NA	NA	NA	NA
NC_045512.2	21770	G	A	0	0	0	4	4	38	1	4	0.0285714	FALSE	NA	NA	NA	NA	NA	NA
NC_045512.2	23403	A	G	0	0	0	7	3	38	1	7	0.000582751	TRUE	NA	NA	NA	NA	NA	NA
NC_045512.2	23481	C	-T	45	41	46	1	0	20	0.0222222	45	0.511111	FALSE	NA	NA	NA	NA	NA	NA
NC_045512.2	24318	A	G	8	0	38	1	0	30	0.111111	9	0.529412	FALSE	NA	NA	NA	NA	NA	NA
NC_045512.2	27889	C	T	0	0	0	75	61	41	1	75	2.15457e-44	TRUE	NA	NA	NA	NA	NA	NA
NC_045512.2	28234	T	C	150	113	40	1	1	38	0.00662252	151	0.501661	FALSE	NA	NA	NA	NA	NA	NA
NC_045512.2	28271	A	T	0	0	0	68	68	38	1	68	3.36185e-40	TRUE	NA	NA	NA	NA	NA	NA
NC_045512.2	28363	A	T	0	0	0	2	0	37	1	2	0.333333	FALSE	NA	NA	NA	NA	NA	NA
NC_045512.2	28681	G	T	0	0	0	91	12	43	1	91	5.52412e-54	TRUE	NA	NA	NA	NA	NA	NA
NC_045512.2	29404	T	C	66	63	38	1	1	38	0.0149254	67	0.503759	FALSE	NA	NA	NA	NA	NA	NA
NC_045512.2	29510	A	C	0	0	0	1	0	39	1	1	1	FALSE	NA	NA	NA	NA	NA	NA
NC_045512.2	29692	G	A	36	34	42	1	1	39	0.027027	37	0.506849	FALSE	NA	NA	NA	NA	NA	NA
