REGION	POS	REF	ALT	REF_DP	REF_RV	REF_QUAL	ALT_DP	ALT_RV	ALT_QUAL	ALT_FREQ	TOTAL_DP	PVAL	PASS	GFF_FEATURE	REF_CODON	REF_AA	ALT_CODON	ALT_AA	POS_AA
NC_045512.2	3547	T	-G	9	0	37	7	0	20	0.777778	9	0.0330536	FALSE	NA	NA	NA	NA	NA	NA
NC_045512.2	3548	G	T	1	0	33	2	0	39	0.666667	3	0.0454545	FALSE	NA	NA	NA	NA	NA	NA
NC_045512.2	4184	G	A	0	0	0	2	1	39	1	2	0.333333	FALSE	NA	NA	NA	NA	NA	NA
NC_045512.2	5400	C	G	3	1	39	1	0	38	0.25	4	0.571429	FALSE	NA	NA	NA	NA	NA	NA
NC_045512.2	15714	C	T	38	27	43	9	5	39	0.191489	47	0.00141672	TRUE	NA	NA	NA	NA	NA	NA
NC_045512.2	16875	T	C	17	4	36	1	0	38	0.0555556	18	0.514286	FALSE	NA	NA	NA	NA	NA	NA
NC_045512.2	23403	A	G	0	0	0	5	2	38	1	5	0.00793651	TRUE	NA	NA	NA	NA	NA	NA
NC_045512.2	25297	G	T	3	2	38	1	1	39	0.25	4	0.571429	FALSE	NA	NA	NA	NA	NA	NA
NC_045512.2	27382	G	C	18	7	38	1	0	39	0.0526316	19	0.513514	FALSE	NA	NA	NA	NA	NA	NA
NC_045512.2	27384	T	C	19	8	38	1	1	37	0.05	20	0.512821	FALSE	NA	NA	NA	NA	NA	NA
NC_045512.2	28363	A	T	0	0	0	12	0	37	1	12	7.39602e-07	TRUE	NA	NA	NA	NA	NA	NA
NC_045512.2	28370	A	G	0	0	0	1	0	39	1	1	1	FALSE	NA	NA	NA	NA	NA	NA
NC_045512.2	29868	G	A	0	0	0	3	0	31	1	3	0.1	FALSE	NA	NA	NA	NA	NA	NA
