REGION	POS	REF	ALT	REF_DP	REF_RV	REF_QUAL	ALT_DP	ALT_RV	ALT_QUAL	ALT_FREQ	TOTAL_DP	PVAL	PASS	GFF_FEATURE	REF_CODON	REF_AA	ALT_CODON	ALT_AA	POS_AA
NC_045512.2	1701	C	-T	23	0	38	1	0	20	0.0434783	23	0.521739	FALSE	NA	NA	NA	NA	NA	NA
NC_045512.2	2041	T	A	76	65	38	1	1	39	0.012987	77	0.503268	FALSE	NA	NA	NA	NA	NA	NA
NC_045512.2	4184	G	A	0	0	0	1	0	37	1	1	1	FALSE	NA	NA	NA	NA	NA	NA
NC_045512.2	4826	A	T	7	6	43	1	1	39	0.125	8	0.533333	FALSE	NA	NA	NA	NA	NA	NA
NC_045512.2	4881	G	A	1	1	37	1	1	39	0.5	2	0.666667	FALSE	NA	NA	NA	NA	NA	NA
NC_045512.2	7303	C	T	0	0	0	1	0	39	1	1	1	FALSE	NA	NA	NA	NA	NA	NA
NC_045512.2	15714	C	T	0	0	0	4	3	48	1	4	0.0285714	FALSE	NA	NA	NA	NA	NA	NA
NC_045512.2	16026	A	T	26	6	42	1	0	29	0.037037	27	0.509434	FALSE	NA	NA	NA	NA	NA	NA
NC_045512.2	16935	G	A	21	18	48	1	1	37	0.0454545	22	0.511628	FALSE	NA	NA	NA	NA	NA	NA
NC_045512.2	18377	C	T	1	0	39	6	0	39	0.857143	7	0.00407925	TRUE	NA	NA	NA	NA	NA	NA
NC_045512.2	21770	G	A	0	0	0	2	2	37	1	2	0.333333	FALSE	NA	NA	NA	NA	NA	NA
NC_045512.2	22674	C	T	0	0	0	1	1	38	1	1	1	FALSE	NA	NA	NA	NA	NA	NA
NC_045512.2	23403	A	G	0	0	0	6	4	38	1	6	0.0021645	TRUE	NA	NA	NA	NA	NA	NA
NC_045512.2	24607	T	C	8	3	40	1	1	38	0.111111	9	0.529412	FALSE	NA	NA	NA	NA	NA	NA
NC_045512.2	27330	A	T	46	30	45	1	1	29	0.0212766	47	0.505376	FALSE	NA	NA	NA	NA	NA	NA
NC_045512.2	27508	A	C	0	0	0	1	0	30	1	1	1	FALSE	NA	NA	NA	NA	NA	NA
NC_045512.2	27807	C	T	0	0	0	12	6	38	1	12	7.39602e-07	TRUE	NA	NA	NA	NA	NA	NA
NC_045512.2	27889	C	T	11	9	40	71	56	39	0.865854	82	7.39011e-35	TRUE	NA	NA	NA	NA	NA	NA
NC_045512.2	27915	G	T	62	47	38	8	8	37	0.114286	70	0.00335344	TRUE	NA	NA	NA	NA	NA	NA
NC_045512.2	28271	A	T	0	0	0	76	76	38	1	76	5.42209e-45	TRUE	NA	NA	NA	NA	NA	NA
NC_045512.2	28363	A	T	0	0	0	5	0	35	1	5	0.00793651	TRUE	NA	NA	NA	NA	NA	NA
NC_045512.2	28681	G	T	1	0	36	61	9	40	0.983871	62	8.15358e-35	TRUE	NA	NA	NA	NA	NA	NA
NC_045512.2	28693	T	C	31	13	38	2	1	38	0.0606061	33	0.253846	FALSE	NA	NA	NA	NA	NA	NA
NC_045512.2	28699	A	G	44	27	39	1	1	35	0.0222222	45	0.505618	FALSE	NA	NA	NA	NA	NA	NA
NC_045512.2	28881	G	A	0	0	0	1	1	38	1	1	1	FALSE	NA	NA	NA	NA	NA	NA
NC_045512.2	29304	C	A	116	38	42	1	0	39	0.00854701	117	0.502146	FALSE	NA	NA	NA	NA	NA	NA
NC_045512.2	29313	A	G	108	67	41	1	0	39	0.00917431	109	0.502304	FALSE	NA	NA	NA	NA	NA	NA
NC_045512.2	29510	A	C	0	0	0	1	0	39	1	1	1	FALSE	NA	NA	NA	NA	NA	NA
