REGION	POS	REF	ALT	REF_DP	REF_RV	REF_QUAL	ALT_DP	ALT_RV	ALT_QUAL	ALT_FREQ	TOTAL_DP	PVAL	PASS	GFF_FEATURE	REF_CODON	REF_AA	ALT_CODON	ALT_AA	POS_AA
NC_045512.2	1803	A	G	5	5	39	2	2	39	0.285714	7	0.269231	FALSE	NA	NA	NA	NA	NA	NA
NC_045512.2	3248	G	T	7	1	44	1	0	39	0.125	8	0.533333	FALSE	NA	NA	NA	NA	NA	NA
NC_045512.2	4184	G	A	0	0	0	1	1	37	1	1	1	FALSE	NA	NA	NA	NA	NA	NA
NC_045512.2	5506	C	T	7	7	39	4	4	38	0.363636	11	0.0551378	FALSE	NA	NA	NA	NA	NA	NA
NC_045512.2	9627	C	T	39	5	45	1	0	39	0.025	40	0.506329	FALSE	NA	NA	NA	NA	NA	NA
NC_045512.2	9627	C	+T	39	5	45	1	0	20	0.025	40	0.506329	FALSE	NA	NA	NA	NA	NA	NA
NC_045512.2	10361	T	C	19	19	38	2	2	39	0.0952381	21	0.256098	FALSE	NA	NA	NA	NA	NA	NA
NC_045512.2	10944	T	C	8	7	43	1	1	39	0.111111	9	0.529412	FALSE	NA	NA	NA	NA	NA	NA
NC_045512.2	12160	G	A	0	0	0	1	1	27	1	1	1	FALSE	NA	NA	NA	NA	NA	NA
NC_045512.2	15192	A	G	8	6	53	1	1	35	0.111111	9	0.529412	FALSE	NA	NA	NA	NA	NA	NA
NC_045512.2	15714	C	T	0	0	0	16	13	37	1	16	3.32734e-09	TRUE	NA	NA	NA	NA	NA	NA
NC_045512.2	16048	A	T	2	0	39	1	0	39	0.333333	3	0.6	FALSE	NA	NA	NA	NA	NA	NA
NC_045512.2	17555	C	T	25	24	42	1	1	39	0.0384615	26	0.509804	FALSE	NA	NA	NA	NA	NA	NA
NC_045512.2	18788	C	T	15	13	41	1	0	78	0.0625	16	0.516129	FALSE	NA	NA	NA	NA	NA	NA
NC_045512.2	21736	C	T	11	5	42	1	1	39	0.0833333	12	0.521739	FALSE	NA	NA	NA	NA	NA	NA
NC_045512.2	21770	G	A	0	0	0	1	1	38	1	1	1	FALSE	NA	NA	NA	NA	NA	NA
NC_045512.2	23403	A	G	0	0	0	10	5	38	1	10	1.08251e-05	TRUE	NA	NA	NA	NA	NA	NA
NC_045512.2	25231	C	T	19	12	37	1	0	33	0.05	20	0.512821	FALSE	NA	NA	NA	NA	NA	NA
NC_045512.2	25584	C	T	0	0	0	1	1	39	1	1	1	FALSE	NA	NA	NA	NA	NA	NA
NC_045512.2	26270	C	T	0	0	0	1	1	39	1	1	1	FALSE	NA	NA	NA	NA	NA	NA
NC_045512.2	27879	C	T	4	4	38	2	0	38	0.333333	6	0.272727	FALSE	NA	NA	NA	NA	NA	NA
NC_045512.2	27889	C	T	2	2	37	3	3	39	0.6	5	0.119048	FALSE	NA	NA	NA	NA	NA	NA
NC_045512.2	28162	G	C	127	11	40	1	0	37	0.0078125	128	0.501961	FALSE	NA	NA	NA	NA	NA	NA
NC_045512.2	28271	A	T	0	0	0	50	50	38	1	50	1.98233e-29	TRUE	NA	NA	NA	NA	NA	NA
NC_045512.2	28363	A	T	0	0	0	1	0	39	1	1	1	FALSE	NA	NA	NA	NA	NA	NA
NC_045512.2	28370	A	G	0	0	0	1	0	37	1	1	1	FALSE	NA	NA	NA	NA	NA	NA
NC_045512.2	28674	C	T	47	9	43	5	2	36	0.0961538	52	0.0296884	FALSE	NA	NA	NA	NA	NA	NA
NC_045512.2	28703	G	A	25	13	38	3	3	39	0.107143	28	0.124871	FALSE	NA	NA	NA	NA	NA	NA
NC_045512.2	28724	C	T	38	15	42	2	2	39	0.05	40	0.253165	FALSE	NA	NA	NA	NA	NA	NA
