REGION	POS	REF	ALT	REF_DP	REF_RV	REF_QUAL	ALT_DP	ALT_RV	ALT_QUAL	ALT_FREQ	TOTAL_DP	PVAL	PASS	GFF_FEATURE	REF_CODON	REF_AA	ALT_CODON	ALT_AA	POS_AA
NC_045512.2	5386	T	G	3	0	39	1	0	38	0.25	4	0.571429	FALSE	NA	NA	NA	NA	NA	NA
NC_045512.2	10605	C	-T	21	10	44	1	0	20	0.047619	21	0.52381	FALSE	NA	NA	NA	NA	NA	NA
NC_045512.2	10663	T	C	13	13	38	1	1	38	0.0714286	14	0.518519	FALSE	NA	NA	NA	NA	NA	NA
NC_045512.2	11537	A	G	4	4	38	2	0	58	0.333333	6	0.272727	FALSE	NA	NA	NA	NA	NA	NA
NC_045512.2	12106	G	A	19	2	42	1	1	37	0.05	20	0.512821	FALSE	NA	NA	NA	NA	NA	NA
NC_045512.2	15714	C	T	28	18	42	17	12	41	0.377778	45	1.45537e-06	TRUE	NA	NA	NA	NA	NA	NA
NC_045512.2	19093	G	T	9	3	47	1	1	78	0.1	10	0.526316	FALSE	NA	NA	NA	NA	NA	NA
NC_045512.2	20226	A	-TT	1	0	39	1	0	20	1	1	1	FALSE	NA	NA	NA	NA	NA	NA
NC_045512.2	23403	A	G	0	0	0	7	5	37	1	7	0.000582751	TRUE	NA	NA	NA	NA	NA	NA
NC_045512.2	25584	C	T	0	0	0	1	1	39	1	1	1	FALSE	NA	NA	NA	NA	NA	NA
NC_045512.2	26709	G	A	0	0	0	1	0	39	1	1	1	FALSE	NA	NA	NA	NA	NA	NA
NC_045512.2	27382	G	C	16	11	41	1	0	33	0.0588235	17	0.515152	FALSE	NA	NA	NA	NA	NA	NA
NC_045512.2	27384	T	C	15	11	41	7	1	38	0.318182	22	0.00529243	TRUE	NA	NA	NA	NA	NA	NA
NC_045512.2	27889	C	T	47	40	42	1	1	39	0.0208333	48	0.505263	FALSE	NA	NA	NA	NA	NA	NA
NC_045512.2	28271	A	T	0	0	0	23	23	38	1	23	2.42912e-13	TRUE	NA	NA	NA	NA	NA	NA
NC_045512.2	28363	A	T	0	0	0	9	0	38	1	9	4.11353e-05	TRUE	NA	NA	NA	NA	NA	NA
NC_045512.2	28370	A	G	0	0	0	5	0	38	1	5	0.00793651	TRUE	NA	NA	NA	NA	NA	NA
NC_045512.2	28773	T	C	21	21	37	1	1	36	0.0454545	22	0.511628	FALSE	NA	NA	NA	NA	NA	NA
NC_045512.2	28850	A	C	0	0	0	1	1	39	1	1	1	FALSE	NA	NA	NA	NA	NA	NA
NC_045512.2	29688	G	A	41	40	38	1	1	37	0.0238095	42	0.506024	FALSE	NA	NA	NA	NA	NA	NA
