REGION	POS	REF	ALT	REF_DP	REF_RV	REF_QUAL	ALT_DP	ALT_RV	ALT_QUAL	ALT_FREQ	TOTAL_DP	PVAL	PASS	GFF_FEATURE	REF_CODON	REF_AA	ALT_CODON	ALT_AA	POS_AA
NC_045512.2	13616	A	G	401	10	40	1	0	39	0.00248756	402	0.500623	FALSE	NA	NA	NA	NA	NA	NA
NC_045512.2	13982	G	T	0	0	0	1	1	37	1	1	1	FALSE	NA	NA	NA	NA	NA	NA
NC_045512.2	19005	A	G	91	0	38	1	0	39	0.0108696	92	0.502732	FALSE	NA	NA	NA	NA	NA	NA
NC_045512.2	23403	A	G	0	0	0	2	0	39	1	2	0.333333	FALSE	NA	NA	NA	NA	NA	NA
NC_045512.2	25584	C	T	0	0	0	4	4	38	1	4	0.0285714	FALSE	NA	NA	NA	NA	NA	NA
NC_045512.2	27889	C	T	11	6	48	5	4	39	0.3125	16	0.0257076	FALSE	NA	NA	NA	NA	NA	NA
NC_045512.2	27909	T	C	13	10	38	1	1	38	0.0714286	14	0.518519	FALSE	NA	NA	NA	NA	NA	NA
NC_045512.2	28271	A	T	0	0	0	1	1	39	1	1	1	FALSE	NA	NA	NA	NA	NA	NA
NC_045512.2	28330	A	G	0	0	0	1	0	38	1	1	1	FALSE	NA	NA	NA	NA	NA	NA
NC_045512.2	28994	C	A	15	6	37	1	0	30	0.0625	16	0.516129	FALSE	NA	NA	NA	NA	NA	NA
NC_045512.2	29666	C	T	71	54	51	1	1	39	0.0138889	72	0.503497	FALSE	NA	NA	NA	NA	NA	NA
