REGION	POS	REF	ALT	REF_DP	REF_RV	REF_QUAL	ALT_DP	ALT_RV	ALT_QUAL	ALT_FREQ	TOTAL_DP	PVAL	PASS	GFF_FEATURE	REF_CODON	REF_AA	ALT_CODON	ALT_AA	POS_AA
NC_045512.2	1802	A	T	40	40	38	1	1	39	0.0243902	41	0.506173	FALSE	NA	NA	NA	NA	NA	NA
NC_045512.2	4184	G	A	0	0	0	3	1	38	1	3	0.1	FALSE	NA	NA	NA	NA	NA	NA
NC_045512.2	5470	G	-T	12	8	38	1	0	20	0.0833333	12	0.541667	FALSE	NA	NA	NA	NA	NA	NA
NC_045512.2	5720	G	A	29	7	46	16	1	41	0.355556	45	3.66352e-06	TRUE	NA	NA	NA	NA	NA	NA
NC_045512.2	9693	C	T	32	23	41	7	5	38	0.179487	39	0.00639591	TRUE	NA	NA	NA	NA	NA	NA
NC_045512.2	13375	T	G	76	74	38	1	1	38	0.012987	77	0.503268	FALSE	NA	NA	NA	NA	NA	NA
NC_045512.2	14509	C	T	33	7	38	1	0	39	0.0294118	34	0.507463	FALSE	NA	NA	NA	NA	NA	NA
NC_045512.2	15714	C	T	0	0	0	44	12	38	1	44	7.61948e-26	TRUE	NA	NA	NA	NA	NA	NA
NC_045512.2	15738	C	T	0	0	0	161	16	38	1	161	5.26861e-96	TRUE	NA	NA	NA	NA	NA	NA
NC_045512.2	15761	G	-TC	605	226	43	24	0	20	0.0396694	605	0.000916633	TRUE	NA	NA	NA	NA	NA	NA
NC_045512.2	16342	T	C	0	0	0	6	5	38	1	6	0.0021645	TRUE	NA	NA	NA	NA	NA	NA
NC_045512.2	18703	G	T	0	0	0	2	0	39	1	2	0.333333	FALSE	NA	NA	NA	NA	NA	NA
NC_045512.2	19345	T	C	0	0	0	2	0	39	1	2	0.333333	FALSE	NA	NA	NA	NA	NA	NA
NC_045512.2	21718	G	T	2	0	38	2	2	38	0.5	4	0.285714	FALSE	NA	NA	NA	NA	NA	NA
NC_045512.2	23403	A	G	0	0	0	7	2	44	1	7	0.000582751	TRUE	NA	NA	NA	NA	NA	NA
NC_045512.2	25584	C	T	0	0	0	1	1	36	1	1	1	FALSE	NA	NA	NA	NA	NA	NA
NC_045512.2	26833	C	T	20	18	43	1	1	38	0.047619	21	0.512195	FALSE	NA	NA	NA	NA	NA	NA
NC_045512.2	27807	C	T	0	0	0	1	1	38	1	1	1	FALSE	NA	NA	NA	NA	NA	NA
NC_045512.2	27915	G	T	12	11	38	64	58	38	0.842105	76	9.61698e-31	TRUE	NA	NA	NA	NA	NA	NA
NC_045512.2	28271	A	T	0	0	0	44	44	38	1	44	7.61948e-26	TRUE	NA	NA	NA	NA	NA	NA
NC_045512.2	28297	T	C	0	0	0	1	1	38	1	1	1	FALSE	NA	NA	NA	NA	NA	NA
NC_045512.2	28363	A	T	0	0	0	3	0	35	1	3	0.1	FALSE	NA	NA	NA	NA	NA	NA
NC_045512.2	28447	A	G	19	18	44	6	6	38	0.24	25	0.0126646	FALSE	NA	NA	NA	NA	NA	NA
NC_045512.2	28719	G	A	49	27	41	1	1	39	0.02	50	0.505051	FALSE	NA	NA	NA	NA	NA	NA
