REGION	POS	REF	ALT	REF_DP	REF_RV	REF_QUAL	ALT_DP	ALT_RV	ALT_QUAL	ALT_FREQ	TOTAL_DP	PVAL	PASS	GFF_FEATURE	REF_CODON	REF_AA	ALT_CODON	ALT_AA	POS_AA
NC_045512.2	1713	C	G	6	0	34	1	0	26	0.142857	7	0.538462	FALSE	NA	NA	NA	NA	NA	NA
NC_045512.2	2040	C	G	18	5	35	1	0	34	0.0526316	19	0.513514	FALSE	NA	NA	NA	NA	NA	NA
NC_045512.2	4321	C	T	0	0	0	2	2	30	1	2	0.333333	FALSE	NA	NA	NA	NA	NA	NA
NC_045512.2	6030	A	G	6	0	27	1	0	34	0.142857	7	0.538462	FALSE	NA	NA	NA	NA	NA	NA
NC_045512.2	6996	T	C	41	13	41	12	1	34	0.226415	53	0.000136697	TRUE	NA	NA	NA	NA	NA	NA
NC_045512.2	8337	G	C	42	38	37	1	1	26	0.0232558	43	0.505882	FALSE	NA	NA	NA	NA	NA	NA
NC_045512.2	9534	C	T	0	0	0	1	0	34	1	1	1	FALSE	NA	NA	NA	NA	NA	NA
NC_045512.2	10447	G	A	0	0	0	1	1	34	1	1	1	FALSE	NA	NA	NA	NA	NA	NA
NC_045512.2	16150	T	A	78	8	37	1	0	26	0.0126582	79	0.503185	FALSE	NA	NA	NA	NA	NA	NA
NC_045512.2	16209	T	A	55	29	36	1	1	34	0.0178571	56	0.504505	FALSE	NA	NA	NA	NA	NA	NA
NC_045512.2	16275	A	T	45	45	33	1	1	26	0.0217391	46	0.505495	FALSE	NA	NA	NA	NA	NA	NA
NC_045512.2	16342	T	C	0	0	0	1	0	34	1	1	1	FALSE	NA	NA	NA	NA	NA	NA
NC_045512.2	17410	C	T	0	0	0	1	1	34	1	1	1	FALSE	NA	NA	NA	NA	NA	NA
NC_045512.2	17612	A	T	33	0	33	1	0	26	0.0294118	34	0.507463	FALSE	NA	NA	NA	NA	NA	NA
NC_045512.2	17716	G	T	144	111	35	1	1	34	0.00689655	145	0.50173	FALSE	NA	NA	NA	NA	NA	NA
NC_045512.2	18642	A	T	99	19	35	1	0	34	0.01	100	0.502513	FALSE	NA	NA	NA	NA	NA	NA
NC_045512.2	19326	A	G	0	0	0	1	1	34	1	1	1	FALSE	NA	NA	NA	NA	NA	NA
NC_045512.2	20860	A	T	4	0	32	1	0	26	0.2	5	0.555556	FALSE	NA	NA	NA	NA	NA	NA
NC_045512.2	22033	C	A	2	0	34	2	0	34	0.5	4	0.285714	FALSE	NA	NA	NA	NA	NA	NA
NC_045512.2	22109	C	G	0	0	0	4	4	34	1	4	0.0285714	FALSE	NA	NA	NA	NA	NA	NA
NC_045512.2	22317	G	T	0	0	0	1	0	34	1	1	1	FALSE	NA	NA	NA	NA	NA	NA
NC_045512.2	23240	C	A	9	2	32	1	0	26	0.1	10	0.526316	FALSE	NA	NA	NA	NA	NA	NA
NC_045512.2	25584	C	T	0	0	0	1	1	26	1	1	1	FALSE	NA	NA	NA	NA	NA	NA
NC_045512.2	27807	C	T	0	0	0	4	4	34	1	4	0.0285714	FALSE	NA	NA	NA	NA	NA	NA
NC_045512.2	29386	C	T	30	21	35	1	0	34	0.0322581	31	0.508197	FALSE	NA	NA	NA	NA	NA	NA
NC_045512.2	29389	A	+T	22	16	33	1	0	20	0.0454545	22	0.522727	FALSE	NA	NA	NA	NA	NA	NA
NC_045512.2	29625	C	T	4	0	32	1	1	34	0.2	5	0.555556	FALSE	NA	NA	NA	NA	NA	NA
NC_045512.2	29661	T	A	67	23	43	1	0	26	0.0147059	68	0.503704	FALSE	NA	NA	NA	NA	NA	NA
