REGION	POS	REF	ALT	REF_DP	REF_RV	REF_QUAL	ALT_DP	ALT_RV	ALT_QUAL	ALT_FREQ	TOTAL_DP	PVAL	PASS	GFF_FEATURE	REF_CODON	REF_AA	ALT_CODON	ALT_AA	POS_AA
NC_045512.2	5155	G	T	26	15	39	1	0	39	0.037037	27	0.509434	FALSE	NA	NA	NA	NA	NA	NA
NC_045512.2	9344	C	T	0	0	0	1	0	37	1	1	1	FALSE	NA	NA	NA	NA	NA	NA
NC_045512.2	9424	A	G	0	0	0	1	1	39	1	1	1	FALSE	NA	NA	NA	NA	NA	NA
NC_045512.2	13378	C	A	107	107	37	1	1	39	0.00925926	108	0.502326	FALSE	NA	NA	NA	NA	NA	NA
NC_045512.2	15674	T	C	158	7	41	1	0	39	0.00628931	159	0.501577	FALSE	NA	NA	NA	NA	NA	NA
NC_045512.2	15684	T	A	256	10	40	1	0	39	0.00389105	257	0.500975	FALSE	NA	NA	NA	NA	NA	NA
NC_045512.2	15714	C	T	0	0	0	74	36	40	1	74	8.56081e-44	TRUE	NA	NA	NA	NA	NA	NA
NC_045512.2	15745	A	T	251	63	39	1	0	39	0.00396825	252	0.500994	FALSE	NA	NA	NA	NA	NA	NA
NC_045512.2	16917	G	A	144	82	41	1	1	39	0.00689655	145	0.50173	FALSE	NA	NA	NA	NA	NA	NA
NC_045512.2	16944	T	A	239	209	42	1	1	39	0.00416667	240	0.501044	FALSE	NA	NA	NA	NA	NA	NA
NC_045512.2	17410	C	T	0	0	0	4	4	37	1	4	0.0285714	FALSE	NA	NA	NA	NA	NA	NA
NC_045512.2	20588	A	T	28	10	40	1	0	33	0.0344828	29	0.508772	FALSE	NA	NA	NA	NA	NA	NA
NC_045512.2	21129	A	T	15	0	38	1	0	35	0.0625	16	0.516129	FALSE	NA	NA	NA	NA	NA	NA
NC_045512.2	21721	C	T	9	4	47	6	2	43	0.4	15	0.0105364	FALSE	NA	NA	NA	NA	NA	NA
NC_045512.2	22077	C	T	12	6	45	1	1	39	0.0769231	13	0.52	FALSE	NA	NA	NA	NA	NA	NA
NC_045512.2	23403	A	G	0	0	0	23	10	40	1	23	2.42912e-13	TRUE	NA	NA	NA	NA	NA	NA
NC_045512.2	25248	T	C	21	10	40	3	2	37	0.125	24	0.124823	FALSE	NA	NA	NA	NA	NA	NA
NC_045512.2	25584	C	T	0	0	0	2	2	37	1	2	0.333333	FALSE	NA	NA	NA	NA	NA	NA
NC_045512.2	26228	C	A	22	22	38	1	1	36	0.0434783	23	0.511111	FALSE	NA	NA	NA	NA	NA	NA
NC_045512.2	27384	T	C	0	0	0	1	0	39	1	1	1	FALSE	NA	NA	NA	NA	NA	NA
NC_045512.2	27807	C	T	0	0	0	1	1	39	1	1	1	FALSE	NA	NA	NA	NA	NA	NA
NC_045512.2	28183	G	A	133	83	40	1	0	39	0.00746269	134	0.501873	FALSE	NA	NA	NA	NA	NA	NA
NC_045512.2	28230	G	C	205	144	41	1	1	39	0.00485437	206	0.501217	FALSE	NA	NA	NA	NA	NA	NA
NC_045512.2	28271	A	T	0	0	0	117	117	38	1	117	1.39041e-69	TRUE	NA	NA	NA	NA	NA	NA
NC_045512.2	28311	C	T	0	0	0	1	0	38	1	1	1	FALSE	NA	NA	NA	NA	NA	NA
NC_045512.2	28363	A	T	0	0	0	7	1	36	1	7	0.000582751	TRUE	NA	NA	NA	NA	NA	NA
NC_045512.2	29018	A	G	24	13	37	1	0	38	0.04	25	0.510204	FALSE	NA	NA	NA	NA	NA	NA
NC_045512.2	29362	C	T	90	60	40	28	20	40	0.237288	118	6.86059e-10	TRUE	NA	NA	NA	NA	NA	NA
