REGION	POS	REF	ALT	REF_DP	REF_RV	REF_QUAL	ALT_DP	ALT_RV	ALT_QUAL	ALT_FREQ	TOTAL_DP	PVAL	PASS	GFF_FEATURE	REF_CODON	REF_AA	ALT_CODON	ALT_AA	POS_AA
NC_045512.2	3037	C	T	0	0	0	1	1	39	1	1	1	FALSE	NA	NA	NA	NA	NA	NA
NC_045512.2	5180	G	A	0	0	0	3	3	38	1	3	0.1	FALSE	NA	NA	NA	NA	NA	NA
NC_045512.2	5434	T	G	4	1	47	1	0	30	0.2	5	0.555556	FALSE	NA	NA	NA	NA	NA	NA
NC_045512.2	10277	C	T	4	3	35	3	1	39	0.428571	7	0.122378	FALSE	NA	NA	NA	NA	NA	NA
NC_045512.2	12160	G	A	0	0	0	10	7	38	1	10	1.08251e-05	TRUE	NA	NA	NA	NA	NA	NA
NC_045512.2	13662	A	G	50	26	41	1	1	39	0.0196078	51	0.50495	FALSE	NA	NA	NA	NA	NA	NA
NC_045512.2	14254	A	G	25	19	48	1	1	39	0.0384615	26	0.509804	FALSE	NA	NA	NA	NA	NA	NA
NC_045512.2	15714	C	T	0	0	0	8	3	38	1	8	0.0001554	TRUE	NA	NA	NA	NA	NA	NA
NC_045512.2	16635	T	G	17	16	41	3	3	38	0.15	20	0.12474	FALSE	NA	NA	NA	NA	NA	NA
NC_045512.2	21766	A	C	0	0	0	1	1	39	1	1	1	FALSE	NA	NA	NA	NA	NA	NA
NC_045512.2	21770	G	A	0	0	0	1	1	39	1	1	1	FALSE	NA	NA	NA	NA	NA	NA
NC_045512.2	21778	G	A	1	1	39	1	1	38	0.5	2	0.666667	FALSE	NA	NA	NA	NA	NA	NA
NC_045512.2	23403	A	G	0	0	0	5	1	38	1	5	0.00793651	TRUE	NA	NA	NA	NA	NA	NA
NC_045512.2	25584	C	T	0	0	0	3	3	38	1	3	0.1	FALSE	NA	NA	NA	NA	NA	NA
NC_045512.2	25782	C	T	2	0	36	1	0	39	0.333333	3	0.6	FALSE	NA	NA	NA	NA	NA	NA
NC_045512.2	26709	G	A	0	0	0	1	0	39	1	1	1	FALSE	NA	NA	NA	NA	NA	NA
NC_045512.2	26818	C	G	36	32	40	1	1	33	0.027027	37	0.506849	FALSE	NA	NA	NA	NA	NA	NA
NC_045512.2	27889	C	T	0	0	0	104	82	40	1	104	8.79842e-62	TRUE	NA	NA	NA	NA	NA	NA
NC_045512.2	28271	A	T	0	0	0	17	17	38	1	17	8.57043e-10	TRUE	NA	NA	NA	NA	NA	NA
NC_045512.2	28330	A	G	0	0	0	6	0	38	1	6	0.0021645	TRUE	NA	NA	NA	NA	NA	NA
NC_045512.2	28363	A	T	0	0	0	11	0	36	1	11	2.83514e-06	TRUE	NA	NA	NA	NA	NA	NA
NC_045512.2	28370	A	G	0	0	0	4	0	38	1	4	0.0285714	FALSE	NA	NA	NA	NA	NA	NA
NC_045512.2	28469	T	C	17	17	38	1	1	38	0.0555556	18	0.514286	FALSE	NA	NA	NA	NA	NA	NA
NC_045512.2	28681	G	T	52	14	44	13	0	37	0.2	65	6.97477e-05	TRUE	NA	NA	NA	NA	NA	NA
NC_045512.2	28724	C	T	40	20	42	2	2	39	0.047619	42	0.253012	FALSE	NA	NA	NA	NA	NA	NA
NC_045512.2	29057	C	A	36	18	40	1	0	27	0.027027	37	0.506849	FALSE	NA	NA	NA	NA	NA	NA
NC_045512.2	29367	C	T	44	29	43	1	1	39	0.0222222	45	0.505618	FALSE	NA	NA	NA	NA	NA	NA
