REGION	POS	REF	ALT	REF_DP	REF_RV	REF_QUAL	ALT_DP	ALT_RV	ALT_QUAL	ALT_FREQ	TOTAL_DP	PVAL	PASS	GFF_FEATURE	REF_CODON	REF_AA	ALT_CODON	ALT_AA	POS_AA
NC_045512.2	884	C	-G	4	4	34	4	0	20	1	4	0.212121	FALSE	NA	NA	NA	NA	NA	NA
NC_045512.2	6115	T	A	12	7	32	1	1	34	0.0769231	13	0.52	FALSE	NA	NA	NA	NA	NA	NA
NC_045512.2	9534	C	T	0	0	0	1	1	34	1	1	1	FALSE	NA	NA	NA	NA	NA	NA
NC_045512.2	14214	C	T	0	0	0	1	0	26	1	1	1	FALSE	NA	NA	NA	NA	NA	NA
NC_045512.2	17193	G	T	8	6	34	1	0	34	0.111111	9	0.529412	FALSE	NA	NA	NA	NA	NA	NA
NC_045512.2	17673	T	A	89	18	34	1	0	34	0.0111111	90	0.502793	FALSE	NA	NA	NA	NA	NA	NA
NC_045512.2	17689	T	A	63	15	34	1	0	34	0.015625	64	0.503937	FALSE	NA	NA	NA	NA	NA	NA
NC_045512.2	19326	A	G	0	0	0	2	0	30	1	2	0.333333	FALSE	NA	NA	NA	NA	NA	NA
NC_045512.2	21185	G	T	7	3	37	1	1	34	0.125	8	0.533333	FALSE	NA	NA	NA	NA	NA	NA
NC_045512.2	22317	G	T	0	0	0	2	0	34	1	2	0.333333	FALSE	NA	NA	NA	NA	NA	NA
NC_045512.2	25630	G	T	0	0	0	1	1	34	1	1	1	FALSE	NA	NA	NA	NA	NA	NA
NC_045512.2	26751	A	G	0	0	0	3	0	31	1	3	0.1	FALSE	NA	NA	NA	NA	NA	NA
NC_045512.2	27807	C	T	0	0	0	4	4	34	1	4	0.0285714	FALSE	NA	NA	NA	NA	NA	NA
NC_045512.2	29700	A	G	14	14	34	2	2	34	0.125	16	0.258065	FALSE	NA	NA	NA	NA	NA	NA
