REGION	POS	REF	ALT	REF_DP	REF_RV	REF_QUAL	ALT_DP	ALT_RV	ALT_QUAL	ALT_FREQ	TOTAL_DP	PVAL	PASS	GFF_FEATURE	REF_CODON	REF_AA	ALT_CODON	ALT_AA	POS_AA
NC_045512.2	9344	C	T	0	0	0	1	1	39	1	1	1	FALSE	NA	NA	NA	NA	NA	NA
NC_045512.2	10024	A	T	1	1	39	1	1	37	0.5	2	0.666667	FALSE	NA	NA	NA	NA	NA	NA
NC_045512.2	13018	T	C	56	15	41	1	1	27	0.0175439	57	0.504425	FALSE	NA	NA	NA	NA	NA	NA
NC_045512.2	16599	T	C	22	9	38	1	0	33	0.0434783	23	0.511111	FALSE	NA	NA	NA	NA	NA	NA
NC_045512.2	22882	T	G	0	0	0	2	0	36	1	2	0.333333	FALSE	NA	NA	NA	NA	NA	NA
NC_045512.2	23403	A	G	0	0	0	5	2	38	1	5	0.00793651	TRUE	NA	NA	NA	NA	NA	NA
NC_045512.2	26130	T	C	89	6	41	1	0	33	0.0111111	90	0.502793	FALSE	NA	NA	NA	NA	NA	NA
NC_045512.2	27382	G	C	0	0	0	2	1	35	1	2	0.333333	FALSE	NA	NA	NA	NA	NA	NA
NC_045512.2	27384	T	C	0	0	0	4	0	38	1	4	0.0285714	FALSE	NA	NA	NA	NA	NA	NA
NC_045512.2	27857	G	T	196	19	45	1	0	35	0.00507614	197	0.501272	FALSE	NA	NA	NA	NA	NA	NA
NC_045512.2	27968	T	A	23	23	38	1	1	39	0.0416667	24	0.510638	FALSE	NA	NA	NA	NA	NA	NA
NC_045512.2	28222	A	G	130	85	44	1	1	78	0.00763359	131	0.501916	FALSE	NA	NA	NA	NA	NA	NA
NC_045512.2	28271	A	T	0	0	0	69	69	38	1	69	8.46597e-41	TRUE	NA	NA	NA	NA	NA	NA
NC_045512.2	28363	A	T	0	0	0	15	0	37	1	15	1.28935e-08	TRUE	NA	NA	NA	NA	NA	NA
NC_045512.2	28370	A	G	0	0	0	2	2	36	1	2	0.333333	FALSE	NA	NA	NA	NA	NA	NA
NC_045512.2	28657	C	T	41	1	40	88	2	38	0.682171	129	2.87956e-37	TRUE	NA	NA	NA	NA	NA	NA
NC_045512.2	28732	C	G	191	56	40	1	0	38	0.00520833	192	0.501305	FALSE	NA	NA	NA	NA	NA	NA
NC_045512.2	29029	T	C	40	27	39	1	0	37	0.0243902	41	0.506173	FALSE	NA	NA	NA	NA	NA	NA
NC_045512.2	29267	A	G	29	1	38	1	0	38	0.0333333	30	0.508475	FALSE	NA	NA	NA	NA	NA	NA
