REGION	POS	REF	ALT	REF_DP	REF_RV	REF_QUAL	ALT_DP	ALT_RV	ALT_QUAL	ALT_FREQ	TOTAL_DP	PVAL	PASS	GFF_FEATURE	REF_CODON	REF_AA	ALT_CODON	ALT_AA	POS_AA
NC_045512.2	9611	C	T	5	0	38	2	0	39	0.285714	7	0.269231	FALSE	NA	NA	NA	NA	NA	NA
NC_045512.2	9652	G	T	6	3	50	1	0	31	0.142857	7	0.538462	FALSE	NA	NA	NA	NA	NA	NA
NC_045512.2	11146	G	T	4	0	38	1	0	39	0.2	5	0.555556	FALSE	NA	NA	NA	NA	NA	NA
NC_045512.2	11470	T	C	9	4	43	1	0	32	0.1	10	0.526316	FALSE	NA	NA	NA	NA	NA	NA
NC_045512.2	12160	G	A	0	0	0	1	0	39	1	1	1	FALSE	NA	NA	NA	NA	NA	NA
NC_045512.2	13379	G	A	5	5	38	1	1	39	0.166667	6	0.545455	FALSE	NA	NA	NA	NA	NA	NA
NC_045512.2	15714	C	T	0	0	0	16	10	38	1	16	3.32734e-09	TRUE	NA	NA	NA	NA	NA	NA
NC_045512.2	16935	G	A	39	30	42	3	2	39	0.0714286	42	0.124944	FALSE	NA	NA	NA	NA	NA	NA
NC_045512.2	16957	G	T	61	56	44	1	1	39	0.016129	62	0.504065	FALSE	NA	NA	NA	NA	NA	NA
NC_045512.2	17530	A	G	46	36	45	1	1	38	0.0212766	47	0.505376	FALSE	NA	NA	NA	NA	NA	NA
NC_045512.2	23378	A	T	17	2	42	1	0	30	0.0555556	18	0.514286	FALSE	NA	NA	NA	NA	NA	NA
NC_045512.2	23403	A	G	0	0	0	5	1	38	1	5	0.00793651	TRUE	NA	NA	NA	NA	NA	NA
NC_045512.2	27889	C	T	6	4	36	25	17	38	0.806452	31	8.36989e-12	TRUE	NA	NA	NA	NA	NA	NA
NC_045512.2	27915	G	T	29	17	38	1	0	39	0.0333333	30	0.508475	FALSE	NA	NA	NA	NA	NA	NA
NC_045512.2	27923	C	A	30	21	40	1	0	30	0.0322581	31	0.508197	FALSE	NA	NA	NA	NA	NA	NA
NC_045512.2	27942	C	T	32	28	40	1	1	39	0.030303	33	0.507692	FALSE	NA	NA	NA	NA	NA	NA
NC_045512.2	28163	C	A	88	5	40	1	0	39	0.011236	89	0.502825	FALSE	NA	NA	NA	NA	NA	NA
NC_045512.2	28271	A	T	0	0	0	20	20	38	1	20	1.45089e-11	TRUE	NA	NA	NA	NA	NA	NA
NC_045512.2	28330	A	G	6	0	37	1	0	38	0.142857	7	0.538462	FALSE	NA	NA	NA	NA	NA	NA
NC_045512.2	28363	A	T	0	0	0	7	0	36	1	7	0.000582751	TRUE	NA	NA	NA	NA	NA	NA
NC_045512.2	28370	A	G	0	0	0	3	2	36	1	3	0.1	FALSE	NA	NA	NA	NA	NA	NA
NC_045512.2	28681	G	T	50	12	41	30	4	39	0.375	80	3.97252e-11	TRUE	NA	NA	NA	NA	NA	NA
NC_045512.2	28724	C	T	57	26	38	1	0	39	0.0172414	58	0.504348	FALSE	NA	NA	NA	NA	NA	NA
NC_045512.2	29377	T	C	69	61	40	1	1	38	0.0142857	70	0.503597	FALSE	NA	NA	NA	NA	NA	NA
NC_045512.2	29399	G	A	18	18	40	1	1	39	0.0526316	19	0.513514	FALSE	NA	NA	NA	NA	NA	NA
NC_045512.2	29510	A	C	0	0	0	1	1	29	1	1	1	FALSE	NA	NA	NA	NA	NA	NA
