REGION	POS	REF	ALT	REF_DP	REF_RV	REF_QUAL	ALT_DP	ALT_RV	ALT_QUAL	ALT_FREQ	TOTAL_DP	PVAL	PASS	GFF_FEATURE	REF_CODON	REF_AA	ALT_CODON	ALT_AA	POS_AA
NC_045512.2	2109	A	T	27	25	41	1	1	36	0.0357143	28	0.509091	FALSE	NA	NA	NA	NA	NA	NA
NC_045512.2	4184	G	A	0	0	0	1	1	39	1	1	1	FALSE	NA	NA	NA	NA	NA	NA
NC_045512.2	9617	A	T	18	0	38	1	0	39	0.0526316	19	0.513514	FALSE	NA	NA	NA	NA	NA	NA
NC_045512.2	12160	G	A	0	0	0	1	0	39	1	1	1	FALSE	NA	NA	NA	NA	NA	NA
NC_045512.2	15714	C	T	0	0	0	34	23	39	1	34	7.02913e-20	TRUE	NA	NA	NA	NA	NA	NA
NC_045512.2	15740	A	G	157	53	38	1	0	39	0.00632911	158	0.501587	FALSE	NA	NA	NA	NA	NA	NA
NC_045512.2	16616	C	A	14	11	38	1	0	39	0.0666667	15	0.517241	FALSE	NA	NA	NA	NA	NA	NA
NC_045512.2	16858	G	-C	26	6	46	1	0	20	0.0384615	26	0.519231	FALSE	NA	NA	NA	NA	NA	NA
NC_045512.2	17568	T	C	21	15	48	1	1	38	0.0454545	22	0.511628	FALSE	NA	NA	NA	NA	NA	NA
NC_045512.2	18744	C	T	19	13	40	1	0	39	0.047619	21	0.5	FALSE	NA	NA	NA	NA	NA	NA
NC_045512.2	18744	C	G	19	13	40	1	1	39	0.047619	21	0.5	FALSE	NA	NA	NA	NA	NA	NA
NC_045512.2	21721	C	T	3	0	39	1	0	39	0.25	4	0.571429	FALSE	NA	NA	NA	NA	NA	NA
NC_045512.2	23403	A	G	0	0	0	3	1	38	1	3	0.1	FALSE	NA	NA	NA	NA	NA	NA
NC_045512.2	25584	C	T	0	0	0	1	1	39	1	1	1	FALSE	NA	NA	NA	NA	NA	NA
NC_045512.2	27382	G	C	21	20	38	1	1	39	0.0454545	22	0.511628	FALSE	NA	NA	NA	NA	NA	NA
NC_045512.2	27874	C	A	46	21	42	1	1	26	0.0212766	47	0.505376	FALSE	NA	NA	NA	NA	NA	NA
NC_045512.2	27889	C	T	16	12	40	30	23	38	0.652174	46	9.87365e-13	TRUE	NA	NA	NA	NA	NA	NA
NC_045512.2	27945	C	T	57	55	40	2	2	39	0.0338983	59	0.252137	FALSE	NA	NA	NA	NA	NA	NA
NC_045512.2	28253	C	-A	72	68	42	1	0	20	0.0138889	72	0.506944	FALSE	NA	NA	NA	NA	NA	NA
NC_045512.2	28271	A	T	0	0	0	46	46	38	1	46	4.8686e-27	TRUE	NA	NA	NA	NA	NA	NA
NC_045512.2	28311	C	T	0	0	0	2	0	39	1	2	0.333333	FALSE	NA	NA	NA	NA	NA	NA
NC_045512.2	28330	A	G	11	1	42	1	0	38	0.0833333	12	0.521739	FALSE	NA	NA	NA	NA	NA	NA
NC_045512.2	28363	A	T	0	0	0	8	0	35	1	8	0.0001554	TRUE	NA	NA	NA	NA	NA	NA
NC_045512.2	28370	A	G	0	0	0	5	0	38	1	5	0.00793651	TRUE	NA	NA	NA	NA	NA	NA
NC_045512.2	28654	A	G	52	1	39	1	0	37	0.0188679	53	0.504762	FALSE	NA	NA	NA	NA	NA	NA
NC_045512.2	28681	G	T	46	6	42	1	0	39	0.0212766	47	0.505376	FALSE	NA	NA	NA	NA	NA	NA
