REGION	POS	REF	ALT	REF_DP	REF_RV	REF_QUAL	ALT_DP	ALT_RV	ALT_QUAL	ALT_FREQ	TOTAL_DP	PVAL	PASS	GFF_FEATURE	REF_CODON	REF_AA	ALT_CODON	ALT_AA	POS_AA
NC_045512.2	14584	G	T	23	23	38	1	1	39	0.0416667	24	0.510638	FALSE	NA	NA	NA	NA	NA	NA
NC_045512.2	15714	C	T	0	0	0	22	9	40	1	22	9.50526e-13	TRUE	NA	NA	NA	NA	NA	NA
NC_045512.2	21766	A	C	0	0	0	1	1	36	1	1	1	FALSE	NA	NA	NA	NA	NA	NA
NC_045512.2	21770	G	A	0	0	0	2	2	36	1	2	0.333333	FALSE	NA	NA	NA	NA	NA	NA
NC_045512.2	21995	T	C	2	0	39	2	0	39	0.5	4	0.285714	FALSE	NA	NA	NA	NA	NA	NA
NC_045512.2	23403	A	G	0	0	0	1	1	38	1	1	1	FALSE	NA	NA	NA	NA	NA	NA
NC_045512.2	27391	A	T	69	59	39	1	1	39	0.0142857	70	0.503597	FALSE	NA	NA	NA	NA	NA	NA
NC_045512.2	27414	G	A	66	66	38	1	1	39	0.0149254	67	0.503759	FALSE	NA	NA	NA	NA	NA	NA
NC_045512.2	27838	T	A	261	4	40	1	0	39	0.00381679	262	0.500956	FALSE	NA	NA	NA	NA	NA	NA
NC_045512.2	27889	C	T	0	0	0	214	178	40	1	214	7.48561e-128	TRUE	NA	NA	NA	NA	NA	NA
NC_045512.2	28163	C	T	64	5	38	1	0	39	0.0153846	65	0.503876	FALSE	NA	NA	NA	NA	NA	NA
NC_045512.2	28167	G	A	47	5	39	1	0	39	0.0208333	48	0.505263	FALSE	NA	NA	NA	NA	NA	NA
NC_045512.2	28271	A	T	0	0	0	22	22	38	1	22	9.50526e-13	TRUE	NA	NA	NA	NA	NA	NA
NC_045512.2	28363	A	T	0	0	0	10	0	37	1	10	1.08251e-05	TRUE	NA	NA	NA	NA	NA	NA
NC_045512.2	28448	C	T	31	29	40	1	1	39	0.03125	32	0.507937	FALSE	NA	NA	NA	NA	NA	NA
NC_045512.2	28462	C	T	16	14	40	1	1	39	0.0588235	17	0.515152	FALSE	NA	NA	NA	NA	NA	NA
NC_045512.2	28690	G	T	28	18	42	1	1	35	0.0344828	29	0.508772	FALSE	NA	NA	NA	NA	NA	NA
NC_045512.2	28724	C	T	27	15	45	6	5	38	0.181818	33	0.013409	FALSE	NA	NA	NA	NA	NA	NA
NC_045512.2	29023	T	C	19	11	37	1	1	34	0.05	20	0.512821	FALSE	NA	NA	NA	NA	NA	NA
NC_045512.2	29035	T	C	15	11	37	1	0	30	0.0625	16	0.516129	FALSE	NA	NA	NA	NA	NA	NA
NC_045512.2	29614	C	T	40	9	49	3	1	39	0.0697674	43	0.124947	FALSE	NA	NA	NA	NA	NA	NA
NC_045512.2	29627	C	T	55	19	42	6	6	38	0.0983607	61	0.0144472	FALSE	NA	NA	NA	NA	NA	NA
NC_045512.2	29666	C	T	65	49	53	1	1	39	0.0151515	66	0.503817	FALSE	NA	NA	NA	NA	NA	NA
