REGION	POS	REF	ALT	REF_DP	REF_RV	REF_QUAL	ALT_DP	ALT_RV	ALT_QUAL	ALT_FREQ	TOTAL_DP	PVAL	PASS	GFF_FEATURE	REF_CODON	REF_AA	ALT_CODON	ALT_AA	POS_AA
NC_045512.2	9344	C	T	0	0	0	1	1	38	1	1	1	FALSE	NA	NA	NA	NA	NA	NA
NC_045512.2	15714	C	T	0	0	0	10	7	42	1	10	1.08251e-05	TRUE	NA	NA	NA	NA	NA	NA
NC_045512.2	16900	G	A	39	11	38	1	1	38	0.025	40	0.506329	FALSE	NA	NA	NA	NA	NA	NA
NC_045512.2	16935	G	A	78	60	40	3	3	38	0.037037	81	0.124985	FALSE	NA	NA	NA	NA	NA	NA
NC_045512.2	17410	C	T	0	0	0	1	1	39	1	1	1	FALSE	NA	NA	NA	NA	NA	NA
NC_045512.2	18776	A	G	12	9	40	1	1	39	0.0769231	13	0.52	FALSE	NA	NA	NA	NA	NA	NA
NC_045512.2	23403	A	G	0	0	0	5	3	38	1	5	0.00793651	TRUE	NA	NA	NA	NA	NA	NA
NC_045512.2	26769	G	A	2	1	38	1	0	39	0.333333	3	0.6	FALSE	NA	NA	NA	NA	NA	NA
NC_045512.2	27889	C	T	0	0	0	48	33	41	1	48	3.10797e-28	TRUE	NA	NA	NA	NA	NA	NA
NC_045512.2	28271	A	T	0	0	0	19	19	38	1	19	5.65847e-11	TRUE	NA	NA	NA	NA	NA	NA
NC_045512.2	28363	A	T	0	0	0	8	0	37	1	8	0.0001554	TRUE	NA	NA	NA	NA	NA	NA
NC_045512.2	28370	A	G	0	0	0	4	0	39	1	4	0.0285714	FALSE	NA	NA	NA	NA	NA	NA
NC_045512.2	28681	G	T	1	0	27	6	1	43	0.857143	7	0.00407925	TRUE	NA	NA	NA	NA	NA	NA
NC_045512.2	29621	A	G	19	4	44	1	1	39	0.05	20	0.512821	FALSE	NA	NA	NA	NA	NA	NA
