REGION	POS	REF	ALT	REF_DP	REF_RV	REF_QUAL	ALT_DP	ALT_RV	ALT_QUAL	ALT_FREQ	TOTAL_DP	PVAL	PASS	GFF_FEATURE	REF_CODON	REF_AA	ALT_CODON	ALT_AA	POS_AA
NC_045512.2	7040	A	T	49	40	35	1	1	26	0.02	50	0.505051	FALSE	NA	NA	NA	NA	NA	NA
NC_045512.2	10447	G	A	0	0	0	1	0	34	1	1	1	FALSE	NA	NA	NA	NA	NA	NA
NC_045512.2	10449	C	A	0	0	0	1	1	34	1	1	1	FALSE	NA	NA	NA	NA	NA	NA
NC_045512.2	15579	C	T	2	2	34	3	1	34	0.6	5	0.119048	FALSE	NA	NA	NA	NA	NA	NA
NC_045512.2	17124	T	C	55	10	34	2	0	34	0.0350877	57	0.252212	FALSE	NA	NA	NA	NA	NA	NA
NC_045512.2	17410	C	T	0	0	0	2	0	34	1	2	0.333333	FALSE	NA	NA	NA	NA	NA	NA
NC_045512.2	17609	A	G	44	1	32	1	0	34	0.0222222	45	0.505618	FALSE	NA	NA	NA	NA	NA	NA
NC_045512.2	18665	T	A	101	54	36	1	0	34	0.00980392	102	0.502463	FALSE	NA	NA	NA	NA	NA	NA
NC_045512.2	19326	A	G	0	0	0	10	7	36	1	10	1.08251e-05	TRUE	NA	NA	NA	NA	NA	NA
NC_045512.2	22942	T	G	0	0	0	9	6	34	1	9	4.11353e-05	TRUE	NA	NA	NA	NA	NA	NA
NC_045512.2	22992	G	A	0	0	0	1	1	34	1	1	1	FALSE	NA	NA	NA	NA	NA	NA
NC_045512.2	22995	C	G	0	0	0	1	1	34	1	1	1	FALSE	NA	NA	NA	NA	NA	NA
NC_045512.2	23237	T	A	22	2	35	1	0	27	0.0434783	23	0.511111	FALSE	NA	NA	NA	NA	NA	NA
NC_045512.2	25584	C	T	0	0	0	2	2	30	1	2	0.333333	FALSE	NA	NA	NA	NA	NA	NA
NC_045512.2	27384	T	C	0	0	0	1	0	34	1	1	1	FALSE	NA	NA	NA	NA	NA	NA
NC_045512.2	29386	C	T	24	18	37	4	2	34	0.142857	28	0.0600343	FALSE	NA	NA	NA	NA	NA	NA
NC_045512.2	29422	G	T	20	19	35	1	1	34	0.047619	21	0.512195	FALSE	NA	NA	NA	NA	NA	NA
