REGION	POS	REF	ALT	REF_DP	REF_RV	REF_QUAL	ALT_DP	ALT_RV	ALT_QUAL	ALT_FREQ	TOTAL_DP	PVAL	PASS	GFF_FEATURE	REF_CODON	REF_AA	ALT_CODON	ALT_AA	POS_AA
NC_045512.2	3330	C	T	0	0	0	1	1	39	1	1	1	FALSE	NA	NA	NA	NA	NA	NA
NC_045512.2	4184	G	A	0	0	0	1	0	39	1	1	1	FALSE	NA	NA	NA	NA	NA	NA
NC_045512.2	8492	A	T	41	14	40	1	0	39	0.0238095	42	0.506024	FALSE	NA	NA	NA	NA	NA	NA
NC_045512.2	9613	T	A	3	0	39	1	0	39	0.25	4	0.571429	FALSE	NA	NA	NA	NA	NA	NA
NC_045512.2	11486	A	G	33	9	40	1	0	37	0.0294118	34	0.507463	FALSE	NA	NA	NA	NA	NA	NA
NC_045512.2	11546	A	G	36	31	46	3	2	38	0.0769231	39	0.124935	FALSE	NA	NA	NA	NA	NA	NA
NC_045512.2	12160	G	A	0	0	0	1	1	76	1	1	1	FALSE	NA	NA	NA	NA	NA	NA
NC_045512.2	15714	C	T	0	0	0	17	10	40	1	17	8.57043e-10	TRUE	NA	NA	NA	NA	NA	NA
NC_045512.2	15792	A	T	166	159	42	1	1	37	0.00598802	167	0.501502	FALSE	NA	NA	NA	NA	NA	NA
NC_045512.2	16290	T	G	23	9	45	1	0	34	0.0416667	24	0.510638	FALSE	NA	NA	NA	NA	NA	NA
NC_045512.2	21432	T	C	0	0	0	1	0	39	1	1	1	FALSE	NA	NA	NA	NA	NA	NA
NC_045512.2	21766	A	C	0	0	0	1	1	39	1	1	1	FALSE	NA	NA	NA	NA	NA	NA
NC_045512.2	23403	A	G	0	0	0	4	2	39	1	4	0.0285714	FALSE	NA	NA	NA	NA	NA	NA
NC_045512.2	24370	C	A	0	0	0	1	0	27	1	1	1	FALSE	NA	NA	NA	NA	NA	NA
NC_045512.2	27889	C	T	0	0	0	13	11	38	1	13	1.92297e-07	TRUE	NA	NA	NA	NA	NA	NA
NC_045512.2	28163	C	T	187	14	40	1	0	37	0.00531915	188	0.501333	FALSE	NA	NA	NA	NA	NA	NA
NC_045512.2	28184	T	G	64	35	40	15	9	38	0.189873	79	1.62015e-05	TRUE	NA	NA	NA	NA	NA	NA
NC_045512.2	28271	A	T	0	0	0	104	104	38	1	104	8.79842e-62	TRUE	NA	NA	NA	NA	NA	NA
NC_045512.2	28330	A	G	10	0	39	2	0	38	0.166667	12	0.26087	FALSE	NA	NA	NA	NA	NA	NA
NC_045512.2	28363	A	T	0	0	0	8	0	36	1	8	0.0001554	TRUE	NA	NA	NA	NA	NA	NA
NC_045512.2	28647	C	T	11	1	38	1	0	34	0.0833333	12	0.521739	FALSE	NA	NA	NA	NA	NA	NA
NC_045512.2	28657	C	T	29	1	38	6	0	37	0.171429	35	0.0135402	FALSE	NA	NA	NA	NA	NA	NA
