REGION	POS	REF	ALT	REF_DP	REF_RV	REF_QUAL	ALT_DP	ALT_RV	ALT_QUAL	ALT_FREQ	TOTAL_DP	PVAL	PASS	GFF_FEATURE	REF_CODON	REF_AA	ALT_CODON	ALT_AA	POS_AA
NC_045512.2	8552	G	A	46	38	40	1	1	33	0.0212766	47	0.505376	FALSE	NA	NA	NA	NA	NA	NA
NC_045512.2	12160	G	A	0	0	0	3	3	38	1	3	0.1	FALSE	NA	NA	NA	NA	NA	NA
NC_045512.2	15746	C	T	2	0	38	1	0	33	0.333333	3	0.6	FALSE	NA	NA	NA	NA	NA	NA
NC_045512.2	20635	G	A	39	38	41	1	1	37	0.025	40	0.506329	FALSE	NA	NA	NA	NA	NA	NA
NC_045512.2	20650	A	G	26	26	39	1	1	33	0.037037	27	0.509434	FALSE	NA	NA	NA	NA	NA	NA
NC_045512.2	21214	C	T	2	2	39	1	1	35	0.333333	3	0.6	FALSE	NA	NA	NA	NA	NA	NA
NC_045512.2	21732	C	T	1	1	39	1	0	37	0.5	2	0.666667	FALSE	NA	NA	NA	NA	NA	NA
NC_045512.2	21766	A	C	0	0	0	1	1	39	1	1	1	FALSE	NA	NA	NA	NA	NA	NA
NC_045512.2	22578	G	A	0	0	0	1	0	38	1	1	1	FALSE	NA	NA	NA	NA	NA	NA
NC_045512.2	23403	A	G	0	0	0	1	1	37	1	1	1	FALSE	NA	NA	NA	NA	NA	NA
NC_045512.2	27889	C	T	0	0	0	2	2	39	1	2	0.333333	FALSE	NA	NA	NA	NA	NA	NA
NC_045512.2	28271	A	T	0	0	0	13	13	37	0.684211	19	4.84841e-09	TRUE	NA	NA	NA	NA	NA	NA
NC_045512.2	28271	A	C	0	0	0	6	6	38	0.315789	19	7.42964e-06	TRUE	NA	NA	NA	NA	NA	NA
NC_045512.2	28363	A	T	0	0	0	1	0	37	1	1	1	FALSE	NA	NA	NA	NA	NA	NA
NC_045512.2	28782	G	A	11	11	37	3	3	39	0.214286	14	0.124444	FALSE	NA	NA	NA	NA	NA	NA
NC_045512.2	29364	C	T	14	9	38	1	1	37	0.0666667	15	0.517241	FALSE	NA	NA	NA	NA	NA	NA
