REGION	POS	REF	ALT	REF_DP	REF_RV	REF_QUAL	ALT_DP	ALT_RV	ALT_QUAL	ALT_FREQ	TOTAL_DP	PVAL	PASS	GFF_FEATURE	REF_CODON	REF_AA	ALT_CODON	ALT_AA	POS_AA
NC_045512.2	6979	T	G	1	1	39	1	1	37	0.5	2	0.666667	FALSE	NA	NA	NA	NA	NA	NA
NC_045512.2	12160	G	A	0	0	0	1	1	39	1	1	1	FALSE	NA	NA	NA	NA	NA	NA
NC_045512.2	15714	C	T	0	0	0	11	4	38	1	11	2.83514e-06	TRUE	NA	NA	NA	NA	NA	NA
NC_045512.2	16935	G	A	3	1	39	5	4	38	0.625	8	0.018648	FALSE	NA	NA	NA	NA	NA	NA
NC_045512.2	21770	G	A	0	0	0	3	3	38	1	3	0.1	FALSE	NA	NA	NA	NA	NA	NA
NC_045512.2	23403	A	G	0	0	0	5	3	39	1	5	0.00793651	TRUE	NA	NA	NA	NA	NA	NA
NC_045512.2	24558	G	A	20	0	38	1	0	39	0.047619	21	0.512195	FALSE	NA	NA	NA	NA	NA	NA
NC_045512.2	25584	C	T	0	0	0	1	1	38	1	1	1	FALSE	NA	NA	NA	NA	NA	NA
NC_045512.2	27354	A	T	21	10	38	1	1	39	0.0454545	22	0.511628	FALSE	NA	NA	NA	NA	NA	NA
NC_045512.2	27889	C	T	0	0	0	30	27	41	1	30	1.69112e-17	TRUE	NA	NA	NA	NA	NA	NA
NC_045512.2	28271	A	T	0	0	0	36	36	38	1	36	4.51965e-21	TRUE	NA	NA	NA	NA	NA	NA
NC_045512.2	28330	A	G	10	0	38	3	0	38	0.230769	13	0.124348	FALSE	NA	NA	NA	NA	NA	NA
NC_045512.2	28363	A	T	0	0	0	8	0	37	1	8	0.0001554	TRUE	NA	NA	NA	NA	NA	NA
NC_045512.2	28681	G	T	14	3	47	14	4	41	0.5	28	9.21469e-06	TRUE	NA	NA	NA	NA	NA	NA
NC_045512.2	28724	C	T	25	12	38	2	1	37	0.0740741	27	0.254717	FALSE	NA	NA	NA	NA	NA	NA
NC_045512.2	28774	G	T	21	21	38	2	2	35	0.0869565	23	0.255556	FALSE	NA	NA	NA	NA	NA	NA
NC_045512.2	29370	C	A	37	29	43	1	1	39	0.0263158	38	0.506667	FALSE	NA	NA	NA	NA	NA	NA
