REGION	POS	REF	ALT	REF_DP	REF_RV	REF_QUAL	ALT_DP	ALT_RV	ALT_QUAL	ALT_FREQ	TOTAL_DP	PVAL	PASS	GFF_FEATURE	REF_CODON	REF_AA	ALT_CODON	ALT_AA	POS_AA
NC_045512.2	1789	T	C	17	16	40	1	1	39	0.0555556	18	0.514286	FALSE	NA	NA	NA	NA	NA	NA
NC_045512.2	7520	A	G	15	0	38	1	0	33	0.0625	16	0.516129	FALSE	NA	NA	NA	NA	NA	NA
NC_045512.2	7912	T	G	0	0	0	2	2	38	1	2	0.333333	FALSE	NA	NA	NA	NA	NA	NA
NC_045512.2	9344	C	T	0	0	0	1	1	39	1	1	1	FALSE	NA	NA	NA	NA	NA	NA
NC_045512.2	13669	T	G	20	12	44	2	2	37	0.0909091	22	0.255814	FALSE	NA	NA	NA	NA	NA	NA
NC_045512.2	15714	C	T	0	0	0	24	12	38	1	24	6.20201e-14	TRUE	NA	NA	NA	NA	NA	NA
NC_045512.2	16342	T	C	48	34	41	7	7	38	0.127273	55	0.00681039	TRUE	NA	NA	NA	NA	NA	NA
NC_045512.2	16876	A	G	115	39	38	1	1	39	0.00862069	116	0.502165	FALSE	NA	NA	NA	NA	NA	NA
NC_045512.2	16897	G	T	78	20	42	4	2	39	0.0487805	82	0.0617117	FALSE	NA	NA	NA	NA	NA	NA
NC_045512.2	17243	C	T	8	8	42	1	1	26	0.111111	9	0.529412	FALSE	NA	NA	NA	NA	NA	NA
NC_045512.2	22297	T	C	0	0	0	1	0	39	1	1	1	FALSE	NA	NA	NA	NA	NA	NA
NC_045512.2	23403	A	G	0	0	0	12	8	38	1	12	7.39602e-07	TRUE	NA	NA	NA	NA	NA	NA
NC_045512.2	25584	C	T	0	0	0	3	3	33	1	3	0.1	FALSE	NA	NA	NA	NA	NA	NA
NC_045512.2	26225	A	G	49	49	38	1	1	39	0.02	50	0.505051	FALSE	NA	NA	NA	NA	NA	NA
NC_045512.2	27382	G	C	44	35	44	2	1	38	0.0434783	46	0.252747	FALSE	NA	NA	NA	NA	NA	NA
NC_045512.2	27384	T	C	48	38	42	5	0	38	0.0943396	53	0.029719	FALSE	NA	NA	NA	NA	NA	NA
NC_045512.2	27966	T	C	22	22	38	1	1	30	0.0434783	23	0.511111	FALSE	NA	NA	NA	NA	NA	NA
NC_045512.2	28271	A	T	0	0	0	50	50	38	1	50	1.98233e-29	TRUE	NA	NA	NA	NA	NA	NA
NC_045512.2	28703	G	T	46	35	40	3	2	38	0.0612245	49	0.124959	FALSE	NA	NA	NA	NA	NA	NA
