REGION	POS	REF	ALT	REF_DP	REF_RV	REF_QUAL	ALT_DP	ALT_RV	ALT_QUAL	ALT_FREQ	TOTAL_DP	PVAL	PASS	GFF_FEATURE	REF_CODON	REF_AA	ALT_CODON	ALT_AA	POS_AA
NC_045512.2	1729	G	A	9	5	37	1	1	35	0.1	10	0.526316	FALSE	NA	NA	NA	NA	NA	NA
NC_045512.2	5447	G	A	7	5	44	1	1	35	0.125	8	0.533333	FALSE	NA	NA	NA	NA	NA	NA
NC_045512.2	10610	G	A	2	1	39	1	0	38	0.333333	3	0.6	FALSE	NA	NA	NA	NA	NA	NA
NC_045512.2	11197	T	C	0	0	0	1	0	37	1	1	1	FALSE	NA	NA	NA	NA	NA	NA
NC_045512.2	12160	G	A	0	0	0	2	1	36	1	2	0.333333	FALSE	NA	NA	NA	NA	NA	NA
NC_045512.2	15700	T	C	31	1	38	1	0	39	0.03125	32	0.507937	FALSE	NA	NA	NA	NA	NA	NA
NC_045512.2	15706	A	T	20	0	38	1	0	37	0.047619	21	0.512195	FALSE	NA	NA	NA	NA	NA	NA
NC_045512.2	15714	C	T	0	0	0	8	6	39	1	8	0.0001554	TRUE	NA	NA	NA	NA	NA	NA
NC_045512.2	16935	G	A	19	17	37	1	1	39	0.05	20	0.512821	FALSE	NA	NA	NA	NA	NA	NA
NC_045512.2	20807	T	C	0	0	0	1	0	38	1	1	1	FALSE	NA	NA	NA	NA	NA	NA
NC_045512.2	21770	G	A	0	0	0	1	1	39	1	1	1	FALSE	NA	NA	NA	NA	NA	NA
NC_045512.2	23352	T	C	22	0	38	1	0	36	0.0434783	23	0.511111	FALSE	NA	NA	NA	NA	NA	NA
NC_045512.2	23381	C	A	31	13	40	1	1	35	0.03125	32	0.507937	FALSE	NA	NA	NA	NA	NA	NA
NC_045512.2	23403	A	G	0	0	0	17	5	37	1	17	8.57043e-10	TRUE	NA	NA	NA	NA	NA	NA
NC_045512.2	25584	C	T	0	0	0	1	1	32	1	1	1	FALSE	NA	NA	NA	NA	NA	NA
NC_045512.2	27889	C	T	0	0	0	10	9	39	1	10	1.08251e-05	TRUE	NA	NA	NA	NA	NA	NA
NC_045512.2	28218	T	C	110	94	45	1	0	37	0.00900901	111	0.502262	FALSE	NA	NA	NA	NA	NA	NA
NC_045512.2	28271	A	T	0	0	0	31	31	38	1	31	4.29712e-18	TRUE	NA	NA	NA	NA	NA	NA
NC_045512.2	28370	A	G	0	0	0	3	0	38	1	3	0.1	FALSE	NA	NA	NA	NA	NA	NA
NC_045512.2	28681	G	T	102	21	44	2	0	39	0.0192308	104	0.251208	FALSE	NA	NA	NA	NA	NA	NA
NC_045512.2	28708	C	A	69	32	40	1	0	39	0.0142857	70	0.503597	FALSE	NA	NA	NA	NA	NA	NA
NC_045512.2	28752	A	G	113	90	44	1	1	33	0.00877193	114	0.502203	FALSE	NA	NA	NA	NA	NA	NA
NC_045512.2	28778	A	G	40	40	38	1	1	38	0.0243902	41	0.506173	FALSE	NA	NA	NA	NA	NA	NA
NC_045512.2	29296	C	T	111	9	40	1	0	31	0.00892857	112	0.502242	FALSE	NA	NA	NA	NA	NA	NA
NC_045512.2	29364	C	T	73	46	43	1	1	35	0.0135135	74	0.503401	FALSE	NA	NA	NA	NA	NA	NA
