REGION	POS	REF	ALT	REF_DP	REF_RV	REF_QUAL	ALT_DP	ALT_RV	ALT_QUAL	ALT_FREQ	TOTAL_DP	PVAL	PASS	GFF_FEATURE	REF_CODON	REF_AA	ALT_CODON	ALT_AA	POS_AA
NC_045512.2	3621	G	A	21	15	45	1	1	38	0.0454545	22	0.511628	FALSE	NA	NA	NA	NA	NA	NA
NC_045512.2	8526	T	C	30	23	42	1	1	39	0.0322581	31	0.508197	FALSE	NA	NA	NA	NA	NA	NA
NC_045512.2	10227	T	C	48	0	38	1	0	39	0.0204082	49	0.505155	FALSE	NA	NA	NA	NA	NA	NA
NC_045512.2	12160	G	A	1	1	39	3	1	38	0.75	4	0.114286	FALSE	NA	NA	NA	NA	NA	NA
NC_045512.2	13941	A	G	12	1	42	1	0	39	0.0769231	13	0.52	FALSE	NA	NA	NA	NA	NA	NA
NC_045512.2	15097	A	G	12	0	38	1	0	39	0.0769231	13	0.52	FALSE	NA	NA	NA	NA	NA	NA
NC_045512.2	15714	C	T	0	0	0	26	19	41	1	26	4.03292e-15	TRUE	NA	NA	NA	NA	NA	NA
NC_045512.2	16029	T	A	77	14	39	1	0	38	0.0128205	78	0.503226	FALSE	NA	NA	NA	NA	NA	NA
NC_045512.2	16343	C	A	20	14	46	1	1	31	0.047619	21	0.512195	FALSE	NA	NA	NA	NA	NA	NA
NC_045512.2	17410	C	T	0	0	0	1	1	39	1	1	1	FALSE	NA	NA	NA	NA	NA	NA
NC_045512.2	22033	C	A	6	0	38	1	0	39	0.142857	7	0.538462	FALSE	NA	NA	NA	NA	NA	NA
NC_045512.2	23403	A	G	0	0	0	7	6	44	1	7	0.000582751	TRUE	NA	NA	NA	NA	NA	NA
NC_045512.2	24620	G	T	7	5	38	1	1	39	0.125	8	0.533333	FALSE	NA	NA	NA	NA	NA	NA
NC_045512.2	25584	C	T	0	0	0	1	1	39	1	1	1	FALSE	NA	NA	NA	NA	NA	NA
NC_045512.2	27331	C	A	27	15	44	1	1	29	0.0357143	28	0.509091	FALSE	NA	NA	NA	NA	NA	NA
NC_045512.2	27371	C	T	20	14	52	3	1	51	0.130435	23	0.124806	FALSE	NA	NA	NA	NA	NA	NA
NC_045512.2	27412	T	G	16	14	43	1	1	39	0.0588235	17	0.515152	FALSE	NA	NA	NA	NA	NA	NA
NC_045512.2	27807	C	T	0	0	0	1	1	39	1	1	1	FALSE	NA	NA	NA	NA	NA	NA
NC_045512.2	27889	C	T	2	2	36	39	31	40	0.95122	41	4.05382e-21	TRUE	NA	NA	NA	NA	NA	NA
NC_045512.2	27942	C	T	39	34	46	3	3	39	0.0714286	42	0.124944	FALSE	NA	NA	NA	NA	NA	NA
NC_045512.2	28271	A	T	0	0	0	46	46	38	1	46	4.8686e-27	TRUE	NA	NA	NA	NA	NA	NA
NC_045512.2	28330	A	G	1	0	39	2	0	38	0.666667	3	0.3	FALSE	NA	NA	NA	NA	NA	NA
NC_045512.2	28363	A	T	0	0	0	2	0	38	1	2	0.333333	FALSE	NA	NA	NA	NA	NA	NA
NC_045512.2	28370	A	G	0	0	0	5	0	39	1	5	0.00793651	TRUE	NA	NA	NA	NA	NA	NA
