REGION	POS	REF	ALT	REF_DP	REF_RV	REF_QUAL	ALT_DP	ALT_RV	ALT_QUAL	ALT_FREQ	TOTAL_DP	PVAL	PASS	GFF_FEATURE	REF_CODON	REF_AA	ALT_CODON	ALT_AA	POS_AA
NC_045512.2	4184	G	A	0	0	0	3	1	39	1	3	0.1	FALSE	NA	NA	NA	NA	NA	NA
NC_045512.2	12160	G	A	0	0	0	9	4	37	1	9	4.11353e-05	TRUE	NA	NA	NA	NA	NA	NA
NC_045512.2	13379	G	A	332	329	38	1	1	39	0.003003	333	0.500752	FALSE	NA	NA	NA	NA	NA	NA
NC_045512.2	14483	T	-C	18	0	38	1	0	20	0.0555556	18	0.527778	FALSE	NA	NA	NA	NA	NA	NA
NC_045512.2	15714	C	T	0	0	0	14	8	38	1	14	4.98547e-08	TRUE	NA	NA	NA	NA	NA	NA
NC_045512.2	16298	G	T	0	0	0	10	3	38	1	10	1.08251e-05	TRUE	NA	NA	NA	NA	NA	NA
NC_045512.2	16359	A	G	26	22	45	1	1	39	0.037037	27	0.509434	FALSE	NA	NA	NA	NA	NA	NA
NC_045512.2	25291	T	C	26	25	41	1	1	37	0.037037	27	0.509434	FALSE	NA	NA	NA	NA	NA	NA
NC_045512.2	25299	G	A	25	24	40	1	1	39	0.0384615	26	0.509804	FALSE	NA	NA	NA	NA	NA	NA
NC_045512.2	27889	C	T	0	0	0	47	42	40	1	47	1.23024e-27	TRUE	NA	NA	NA	NA	NA	NA
NC_045512.2	28214	C	-T	123	64	41	1	0	20	0.00813008	123	0.755069	FALSE	NA	NA	NA	NA	NA	NA
NC_045512.2	28271	A	T	0	0	0	111	111	38	1	111	5.54749e-66	TRUE	NA	NA	NA	NA	NA	NA
NC_045512.2	28363	A	T	0	0	0	4	0	36	1	4	0.0285714	FALSE	NA	NA	NA	NA	NA	NA
NC_045512.2	29590	T	C	31	0	38	1	0	37	0.03125	32	0.507937	FALSE	NA	NA	NA	NA	NA	NA
NC_045512.2	29633	T	C	44	21	44	1	1	26	0.0222222	45	0.505618	FALSE	NA	NA	NA	NA	NA	NA
NC_045512.2	29666	C	T	44	28	54	2	1	39	0.0434783	46	0.252747	FALSE	NA	NA	NA	NA	NA	NA
