REGION	POS	REF	ALT	REF_DP	REF_RV	REF_QUAL	ALT_DP	ALT_RV	ALT_QUAL	ALT_FREQ	TOTAL_DP	PVAL	PASS	GFF_FEATURE	REF_CODON	REF_AA	ALT_CODON	ALT_AA	POS_AA
NC_045512.2	3619	C	T	1	1	76	5	5	36	0.833333	6	0.012987	FALSE	NA	NA	NA	NA	NA	NA
NC_045512.2	9693	C	T	20	10	53	1	0	29	0.047619	21	0.512195	FALSE	NA	NA	NA	NA	NA	NA
NC_045512.2	10356	A	G	43	43	38	1	1	37	0.0227273	44	0.505747	FALSE	NA	NA	NA	NA	NA	NA
NC_045512.2	12160	G	A	0	0	0	2	2	38	1	2	0.333333	FALSE	NA	NA	NA	NA	NA	NA
NC_045512.2	15714	C	T	0	0	0	17	8	38	1	17	8.57043e-10	TRUE	NA	NA	NA	NA	NA	NA
NC_045512.2	17581	G	T	39	39	38	1	1	31	0.025	40	0.506329	FALSE	NA	NA	NA	NA	NA	NA
NC_045512.2	27889	C	T	0	0	0	39	30	39	1	39	7.34834e-23	TRUE	NA	NA	NA	NA	NA	NA
NC_045512.2	28189	T	G	40	29	39	1	0	24	0.0243902	41	0.506173	FALSE	NA	NA	NA	NA	NA	NA
NC_045512.2	28271	A	T	0	0	0	25	25	38	1	25	1.58215e-14	TRUE	NA	NA	NA	NA	NA	NA
NC_045512.2	28363	A	T	0	0	0	7	0	37	1	7	0.000582751	TRUE	NA	NA	NA	NA	NA	NA
NC_045512.2	28681	G	T	12	3	50	11	1	45	0.478261	23	0.000133202	TRUE	NA	NA	NA	NA	NA	NA
NC_045512.2	28724	C	T	12	5	38	6	2	38	0.333333	18	0.011437	FALSE	NA	NA	NA	NA	NA	NA
NC_045512.2	29275	A	G	34	1	40	1	0	38	0.0285714	35	0.507246	FALSE	NA	NA	NA	NA	NA	NA
NC_045512.2	29366	C	T	48	34	45	1	1	37	0.0204082	49	0.505155	FALSE	NA	NA	NA	NA	NA	NA
NC_045512.2	29397	A	T	34	34	38	1	1	37	0.0285714	35	0.507246	FALSE	NA	NA	NA	NA	NA	NA
