REGION	POS	REF	ALT	REF_DP	REF_RV	REF_QUAL	ALT_DP	ALT_RV	ALT_QUAL	ALT_FREQ	TOTAL_DP	PVAL	PASS	GFF_FEATURE	REF_CODON	REF_AA	ALT_CODON	ALT_AA	POS_AA
NC_045512.2	427	A	-G	6	3	68	6	0	20	1	6	0.0746606	FALSE	NA	NA	NA	NA	NA	NA
NC_045512.2	670	T	G	0	0	0	1	1	34	1	1	1	FALSE	NA	NA	NA	NA	NA	NA
NC_045512.2	1132	A	-AAG	1	0	34	1	0	20	1	1	1	FALSE	NA	NA	NA	NA	NA	NA
NC_045512.2	1273	T	C	0	0	0	1	1	34	1	1	1	FALSE	NA	NA	NA	NA	NA	NA
NC_045512.2	3037	C	T	0	0	0	2	1	68	1	2	0.333333	FALSE	NA	NA	NA	NA	NA	NA
NC_045512.2	7933	A	G	1	1	34	1	0	68	0.5	2	0.666667	FALSE	NA	NA	NA	NA	NA	NA
NC_045512.2	12880	C	T	0	0	0	3	3	34	1	3	0.1	FALSE	NA	NA	NA	NA	NA	NA
NC_045512.2	13459	G	+T	5	5	34	3	0	20	0.6	5	0.254545	FALSE	NA	NA	NA	NA	NA	NA
NC_045512.2	15714	C	T	0	0	0	3	0	34	1	3	0.1	FALSE	NA	NA	NA	NA	NA	NA
NC_045512.2	18163	A	G	0	0	0	1	0	34	1	1	1	FALSE	NA	NA	NA	NA	NA	NA
NC_045512.2	22882	T	G	0	0	0	2	0	64	1	2	0.333333	FALSE	NA	NA	NA	NA	NA	NA
NC_045512.2	22917	T	A	0	0	0	2	0	68	1	2	0.333333	FALSE	NA	NA	NA	NA	NA	NA
NC_045512.2	23525	C	T	0	0	0	1	1	60	1	1	1	FALSE	NA	NA	NA	NA	NA	NA
NC_045512.2	23599	T	G	0	0	0	3	1	45	1	3	0.1	FALSE	NA	NA	NA	NA	NA	NA
NC_045512.2	23604	C	A	0	0	0	3	1	45	1	3	0.1	FALSE	NA	NA	NA	NA	NA	NA
NC_045512.2	23673	C	T	2	2	34	2	1	68	0.5	4	0.285714	FALSE	NA	NA	NA	NA	NA	NA
NC_045512.2	23854	C	A	0	0	0	1	1	68	1	1	1	FALSE	NA	NA	NA	NA	NA	NA
NC_045512.2	25416	C	T	0	0	0	3	0	34	1	3	0.1	FALSE	NA	NA	NA	NA	NA	NA
NC_045512.2	25584	C	T	0	0	0	1	1	34	1	1	1	FALSE	NA	NA	NA	NA	NA	NA
NC_045512.2	25624	C	T	3	3	34	1	1	34	0.25	4	0.571429	FALSE	NA	NA	NA	NA	NA	NA
NC_045512.2	26060	C	T	0	0	0	7	0	34	1	7	0.000582751	TRUE	NA	NA	NA	NA	NA	NA
NC_045512.2	26270	C	T	0	0	0	4	4	34	1	4	0.0285714	FALSE	NA	NA	NA	NA	NA	NA
NC_045512.2	26709	G	A	0	0	0	3	0	31	1	3	0.1	FALSE	NA	NA	NA	NA	NA	NA
NC_045512.2	26858	C	T	0	0	0	2	2	34	1	2	0.333333	FALSE	NA	NA	NA	NA	NA	NA
NC_045512.2	27259	A	C	0	0	0	3	0	34	1	3	0.1	FALSE	NA	NA	NA	NA	NA	NA
NC_045512.2	27382	G	C	0	0	0	2	2	34	1	2	0.333333	FALSE	NA	NA	NA	NA	NA	NA
NC_045512.2	27383	A	T	0	0	0	2	2	34	1	2	0.333333	FALSE	NA	NA	NA	NA	NA	NA
NC_045512.2	27384	T	C	0	0	0	2	2	34	1	2	0.333333	FALSE	NA	NA	NA	NA	NA	NA
NC_045512.2	28271	A	T	0	0	0	4	0	34	1	4	0.0285714	FALSE	NA	NA	NA	NA	NA	NA
NC_045512.2	28311	C	T	0	0	0	4	0	34	1	4	0.0285714	FALSE	NA	NA	NA	NA	NA	NA
NC_045512.2	28361	G	-GAGAACGCA	4	3	34	4	0	20	1	4	0.212121	FALSE	NA	NA	NA	NA	NA	NA
NC_045512.2	29733	C	-GAGGCCACGCGGAGTACGATCGAGTG	3	2	68	3	0	20	1	3	0.357143	FALSE	NA	NA	NA	NA	NA	NA
NC_045512.2	29770	A	T	0	0	0	3	2	68	1	3	0.1	FALSE	NA	NA	NA	NA	NA	NA
