REGION	POS	REF	ALT	REF_DP	REF_RV	REF_QUAL	ALT_DP	ALT_RV	ALT_QUAL	ALT_FREQ	TOTAL_DP	PVAL	PASS	GFF_FEATURE	REF_CODON	REF_AA	ALT_CODON	ALT_AA	POS_AA
NC_045512.2	567	G	C	1	1	34	1	1	34	0.5	2	0.666667	FALSE	NA	NA	NA	NA	NA	NA
NC_045512.2	7067	G	C	52	47	34	1	1	26	0.0188679	53	0.504762	FALSE	NA	NA	NA	NA	NA	NA
NC_045512.2	8564	A	G	15	2	40	1	0	34	0.0625	16	0.516129	FALSE	NA	NA	NA	NA	NA	NA
NC_045512.2	11956	C	T	0	0	0	1	0	34	1	1	1	FALSE	NA	NA	NA	NA	NA	NA
NC_045512.2	16177	T	A	56	29	34	1	0	26	0.0175439	57	0.504425	FALSE	NA	NA	NA	NA	NA	NA
NC_045512.2	16181	G	C	57	20	33	1	1	34	0.0172414	58	0.504348	FALSE	NA	NA	NA	NA	NA	NA
NC_045512.2	17622	A	T	225	0	32	1	0	26	0.00442478	226	0.876661	FALSE	NA	NA	NA	NA	NA	NA
NC_045512.2	17676	C	G	404	143	35	1	1	26	0.00246914	405	0.969327	FALSE	NA	NA	NA	NA	NA	NA
NC_045512.2	17700	T	A	275	160	34	1	1	34	0.00362319	276	0.500907	FALSE	NA	NA	NA	NA	NA	NA
NC_045512.2	17716	G	T	564	472	35	1	1	27	0.00176991	565	0.984664	FALSE	NA	NA	NA	NA	NA	NA
NC_045512.2	17739	A	G	707	694	34	1	1	34	0.00141243	708	0.500353	FALSE	NA	NA	NA	NA	NA	NA
NC_045512.2	17749	G	C	295	295	33	2	2	34	0.00673401	297	0.250422	FALSE	NA	NA	NA	NA	NA	NA
NC_045512.2	18671	A	T	127	81	36	1	1	27	0.0078125	128	0.752941	FALSE	NA	NA	NA	NA	NA	NA
NC_045512.2	18703	G	T	0	0	0	129	129	33	1	129	8.70125e-77	TRUE	NA	NA	NA	NA	NA	NA
NC_045512.2	26577	C	G	0	0	0	2	2	34	1	2	0.333333	FALSE	NA	NA	NA	NA	NA	NA
NC_045512.2	27684	C	A	28	0	34	1	0	34	0.0344828	29	0.508772	FALSE	NA	NA	NA	NA	NA	NA
NC_045512.2	27778	A	T	30	13	38	1	1	26	0.0322581	31	0.508197	FALSE	NA	NA	NA	NA	NA	NA
NC_045512.2	27807	C	T	0	0	0	41	41	33	1	41	4.70827e-24	TRUE	NA	NA	NA	NA	NA	NA
NC_045512.2	28707	A	C	136	122	34	1	1	26	0.00729927	137	0.752747	FALSE	NA	NA	NA	NA	NA	NA
NC_045512.2	28708	C	G	136	122	33	1	1	34	0.00729927	137	0.501832	FALSE	NA	NA	NA	NA	NA	NA
NC_045512.2	29294	G	T	22	0	34	1	0	26	0.0434783	23	0.511111	FALSE	NA	NA	NA	NA	NA	NA
NC_045512.2	29386	C	T	80	59	35	24	13	32	0.230769	104	1.50344e-08	TRUE	NA	NA	NA	NA	NA	NA
