REGION	POS	REF	ALT	REF_DP	REF_RV	REF_QUAL	ALT_DP	ALT_RV	ALT_QUAL	ALT_FREQ	TOTAL_DP	PVAL	PASS	GFF_FEATURE	REF_CODON	REF_AA	ALT_CODON	ALT_AA	POS_AA
NC_045512.2	4162	G	A	7	1	38	1	0	37	0.125	8	0.533333	FALSE	NA	NA	NA	NA	NA	NA
NC_045512.2	8524	T	C	76	44	40	1	1	38	0.012987	77	0.503268	FALSE	NA	NA	NA	NA	NA	NA
NC_045512.2	11537	A	G	13	12	38	4	3	47	0.235294	17	0.0581623	FALSE	NA	NA	NA	NA	NA	NA
NC_045512.2	12129	C	T	0	0	0	1	1	39	1	1	1	FALSE	NA	NA	NA	NA	NA	NA
NC_045512.2	15714	C	T	25	15	44	10	6	42	0.285714	35	0.000539888	TRUE	NA	NA	NA	NA	NA	NA
NC_045512.2	16092	C	T	114	106	38	1	1	39	0.00869565	115	0.502183	FALSE	NA	NA	NA	NA	NA	NA
NC_045512.2	22578	G	A	0	0	0	1	0	38	1	1	1	FALSE	NA	NA	NA	NA	NA	NA
NC_045512.2	28207	A	G	113	52	42	1	0	38	0.00877193	114	0.502203	FALSE	NA	NA	NA	NA	NA	NA
NC_045512.2	28267	A	G	113	113	38	1	1	39	0.00877193	114	0.502203	FALSE	NA	NA	NA	NA	NA	NA
NC_045512.2	28271	A	T	0	0	0	109	109	38	1	109	8.79584e-65	TRUE	NA	NA	NA	NA	NA	NA
NC_045512.2	28363	A	T	0	0	0	4	0	36	1	4	0.0285714	FALSE	NA	NA	NA	NA	NA	NA
NC_045512.2	29674	G	A	32	16	39	2	1	39	0.0588235	34	0.253731	FALSE	NA	NA	NA	NA	NA	NA
