REGION	POS	REF	ALT	REF_DP	REF_RV	REF_QUAL	ALT_DP	ALT_RV	ALT_QUAL	ALT_FREQ	TOTAL_DP	PVAL	PASS	GFF_FEATURE	REF_CODON	REF_AA	ALT_CODON	ALT_AA	POS_AA
NC_045512.2	2706	C	T	5	3	45	1	0	37	0.166667	6	0.545455	FALSE	NA	NA	NA	NA	NA	NA
NC_045512.2	5463	G	T	0	0	0	1	0	39	1	1	1	FALSE	NA	NA	NA	NA	NA	NA
NC_045512.2	7591	A	G	14	7	43	1	0	39	0.0666667	15	0.517241	FALSE	NA	NA	NA	NA	NA	NA
NC_045512.2	10224	T	C	0	0	0	9	0	38	1	9	4.11353e-05	TRUE	NA	NA	NA	NA	NA	NA
NC_045512.2	15714	C	T	0	0	0	15	10	38	1	15	1.28935e-08	TRUE	NA	NA	NA	NA	NA	NA
NC_045512.2	16031	T	C	86	8	41	1	0	27	0.0114943	87	0.50289	FALSE	NA	NA	NA	NA	NA	NA
NC_045512.2	16935	G	A	39	29	43	1	1	39	0.025	40	0.506329	FALSE	NA	NA	NA	NA	NA	NA
NC_045512.2	16945	G	T	51	43	42	2	2	39	0.0377358	53	0.252381	FALSE	NA	NA	NA	NA	NA	NA
NC_045512.2	22020	T	-G	1	0	39	1	0	20	1	1	1	FALSE	NA	NA	NA	NA	NA	NA
NC_045512.2	23403	A	G	0	0	0	6	4	38	1	6	0.0021645	TRUE	NA	NA	NA	NA	NA	NA
NC_045512.2	25249	G	C	0	0	0	1	1	38	1	1	1	FALSE	NA	NA	NA	NA	NA	NA
NC_045512.2	27889	C	T	0	0	0	81	63	39	1	81	5.46586e-48	TRUE	NA	NA	NA	NA	NA	NA
NC_045512.2	28271	A	T	0	0	0	28	28	38	1	28	2.61483e-16	TRUE	NA	NA	NA	NA	NA	NA
NC_045512.2	28363	A	T	0	0	0	2	0	38	1	2	0.333333	FALSE	NA	NA	NA	NA	NA	NA
NC_045512.2	28370	A	G	0	0	0	10	0	38	1	10	1.08251e-05	TRUE	NA	NA	NA	NA	NA	NA
NC_045512.2	28390	A	G	31	11	44	1	1	38	0.03125	32	0.507937	FALSE	NA	NA	NA	NA	NA	NA
NC_045512.2	28432	C	T	23	19	38	1	1	38	0.0416667	24	0.510638	FALSE	NA	NA	NA	NA	NA	NA
NC_045512.2	28681	G	T	10	3	42	37	7	45	0.787234	47	4.38052e-17	TRUE	NA	NA	NA	NA	NA	NA
NC_045512.2	28727	G	T	42	23	43	3	3	39	0.0666667	45	0.124952	FALSE	NA	NA	NA	NA	NA	NA
NC_045512.2	28758	C	T	50	40	47	1	1	39	0.0196078	51	0.50495	FALSE	NA	NA	NA	NA	NA	NA
