REGION	POS	REF	ALT	REF_DP	REF_RV	REF_QUAL	ALT_DP	ALT_RV	ALT_QUAL	ALT_FREQ	TOTAL_DP	PVAL	PASS	GFF_FEATURE	REF_CODON	REF_AA	ALT_CODON	ALT_AA	POS_AA
NC_045512.2	10335	C	T	14	14	44	1	1	39	0.0666667	15	0.517241	FALSE	NA	NA	NA	NA	NA	NA
NC_045512.2	15127	T	C	0	0	0	1	1	35	1	1	1	FALSE	NA	NA	NA	NA	NA	NA
NC_045512.2	15680	C	T	116	3	39	1	0	30	0.00854701	117	0.502146	FALSE	NA	NA	NA	NA	NA	NA
NC_045512.2	15714	C	T	0	0	0	28	13	40	1	28	2.61483e-16	TRUE	NA	NA	NA	NA	NA	NA
NC_045512.2	15770	C	T	156	119	40	1	1	38	0.00636943	157	0.501597	FALSE	NA	NA	NA	NA	NA	NA
NC_045512.2	16630	C	T	9	7	37	1	1	38	0.1	10	0.526316	FALSE	NA	NA	NA	NA	NA	NA
NC_045512.2	23403	A	G	0	0	0	7	3	39	1	7	0.000582751	TRUE	NA	NA	NA	NA	NA	NA
NC_045512.2	26529	G	A	0	0	0	1	1	39	1	1	1	FALSE	NA	NA	NA	NA	NA	NA
NC_045512.2	27889	C	T	12	10	37	33	29	38	0.733333	45	1.0756e-14	TRUE	NA	NA	NA	NA	NA	NA
NC_045512.2	28208	T	A	94	40	41	1	0	38	0.0105263	95	0.502646	FALSE	NA	NA	NA	NA	NA	NA
NC_045512.2	28220	A	G	139	103	42	1	1	39	0.00714286	140	0.501792	FALSE	NA	NA	NA	NA	NA	NA
NC_045512.2	28271	A	T	0	0	0	79	78	38	1	79	8.63707e-47	TRUE	NA	NA	NA	NA	NA	NA
NC_045512.2	28330	A	G	13	0	38	2	0	38	0.133333	15	0.258621	FALSE	NA	NA	NA	NA	NA	NA
NC_045512.2	28346	G	A	40	0	39	1	0	39	0.0243902	41	0.506173	FALSE	NA	NA	NA	NA	NA	NA
NC_045512.2	28363	A	T	0	0	0	13	1	35	1	13	1.92297e-07	TRUE	NA	NA	NA	NA	NA	NA
NC_045512.2	28436	G	A	33	30	39	1	1	39	0.0294118	34	0.507463	FALSE	NA	NA	NA	NA	NA	NA
NC_045512.2	28681	G	T	89	16	43	4	1	38	0.0430108	93	0.0618077	FALSE	NA	NA	NA	NA	NA	NA
NC_045512.2	28699	A	C	65	41	40	1	1	39	0.0151515	66	0.503817	FALSE	NA	NA	NA	NA	NA	NA
NC_045512.2	29301	A	T	70	5	39	1	0	38	0.0140845	71	0.503546	FALSE	NA	NA	NA	NA	NA	NA
NC_045512.2	29666	C	T	48	36	50	1	0	39	0.0204082	49	0.505155	FALSE	NA	NA	NA	NA	NA	NA
