REGION	POS	REF	ALT	REF_DP	REF_RV	REF_QUAL	ALT_DP	ALT_RV	ALT_QUAL	ALT_FREQ	TOTAL_DP	PVAL	PASS	GFF_FEATURE	REF_CODON	REF_AA	ALT_CODON	ALT_AA	POS_AA
NC_045512.2	4148	G	-T	5	1	44	1	0	20	0.2	5	0.6	FALSE	NA	NA	NA	NA	NA	NA
NC_045512.2	4184	G	A	0	0	0	2	2	36	1	2	0.333333	FALSE	NA	NA	NA	NA	NA	NA
NC_045512.2	15714	C	T	0	0	0	30	17	38	1	30	1.69112e-17	TRUE	NA	NA	NA	NA	NA	NA
NC_045512.2	16090	T	A	16	14	40	1	1	39	0.0588235	17	0.515152	FALSE	NA	NA	NA	NA	NA	NA
NC_045512.2	17410	C	T	0	0	0	3	3	37	1	3	0.1	FALSE	NA	NA	NA	NA	NA	NA
NC_045512.2	19074	T	C	15	5	38	2	0	39	0.117647	17	0.257576	FALSE	NA	NA	NA	NA	NA	NA
NC_045512.2	20278	G	A	12	3	41	1	0	39	0.0769231	13	0.52	FALSE	NA	NA	NA	NA	NA	NA
NC_045512.2	21721	C	T	4	2	39	2	2	39	0.333333	6	0.272727	FALSE	NA	NA	NA	NA	NA	NA
NC_045512.2	21890	T	A	0	0	0	1	1	39	1	1	1	FALSE	NA	NA	NA	NA	NA	NA
NC_045512.2	23403	A	G	0	0	0	19	10	39	1	19	5.65847e-11	TRUE	NA	NA	NA	NA	NA	NA
NC_045512.2	24605	G	A	36	27	41	3	1	39	0.0769231	39	0.124935	FALSE	NA	NA	NA	NA	NA	NA
NC_045512.2	25584	C	T	0	0	0	2	2	38	1	2	0.333333	FALSE	NA	NA	NA	NA	NA	NA
NC_045512.2	28271	A	T	0	0	0	99	98	38	1	99	8.79087e-59	TRUE	NA	NA	NA	NA	NA	NA
NC_045512.2	28311	C	T	0	0	0	1	0	39	1	1	1	FALSE	NA	NA	NA	NA	NA	NA
NC_045512.2	28333	C	T	23	0	37	3	0	39	0.115385	26	0.12485	FALSE	NA	NA	NA	NA	NA	NA
NC_045512.2	28363	A	T	0	0	0	9	0	35	1	9	4.11353e-05	TRUE	NA	NA	NA	NA	NA	NA
NC_045512.2	28396	G	A	47	24	40	3	0	34	0.06	50	0.124961	FALSE	NA	NA	NA	NA	NA	NA
