REGION	POS	REF	ALT	REF_DP	REF_RV	REF_QUAL	ALT_DP	ALT_RV	ALT_QUAL	ALT_FREQ	TOTAL_DP	PVAL	PASS	GFF_FEATURE	REF_CODON	REF_AA	ALT_CODON	ALT_AA	POS_AA
NC_045512.2	2086	G	T	0	0	0	15	14	38	1	15	1.28935e-08	TRUE	NA	NA	NA	NA	NA	NA
NC_045512.2	15714	C	T	1	1	39	34	22	39	0.971429	35	6.23962e-19	TRUE	NA	NA	NA	NA	NA	NA
NC_045512.2	16854	T	A	11	1	40	1	0	33	0.0833333	12	0.521739	FALSE	NA	NA	NA	NA	NA	NA
NC_045512.2	19065	T	C	9	2	42	1	0	39	0.1	10	0.526316	FALSE	NA	NA	NA	NA	NA	NA
NC_045512.2	20857	G	T	0	0	0	1	0	38	1	1	1	FALSE	NA	NA	NA	NA	NA	NA
NC_045512.2	27889	C	T	0	0	0	20	13	42	1	20	1.45089e-11	TRUE	NA	NA	NA	NA	NA	NA
NC_045512.2	28133	A	T	19	0	38	1	0	36	0.05	20	0.512821	FALSE	NA	NA	NA	NA	NA	NA
NC_045512.2	28271	A	T	0	0	0	34	34	38	1	34	7.02913e-20	TRUE	NA	NA	NA	NA	NA	NA
NC_045512.2	28681	G	T	7	4	47	40	5	43	0.851064	47	1.89633e-19	TRUE	NA	NA	NA	NA	NA	NA
NC_045512.2	29034	C	T	5	3	45	3	3	38	0.375	8	0.123077	FALSE	NA	NA	NA	NA	NA	NA
