REGION	POS	REF	ALT	REF_DP	REF_RV	REF_QUAL	ALT_DP	ALT_RV	ALT_QUAL	ALT_FREQ	TOTAL_DP	PVAL	PASS	GFF_FEATURE	REF_CODON	REF_AA	ALT_CODON	ALT_AA	POS_AA
NC_045512.2	2101	G	T	37	35	40	1	1	39	0.0263158	38	0.506667	FALSE	NA	NA	NA	NA	NA	NA
NC_045512.2	4184	G	A	0	0	0	1	1	39	1	1	1	FALSE	NA	NA	NA	NA	NA	NA
NC_045512.2	9622	T	G	12	1	55	1	0	39	0.0769231	13	0.52	FALSE	NA	NA	NA	NA	NA	NA
NC_045512.2	10623	C	T	15	8	43	1	1	37	0.0625	16	0.516129	FALSE	NA	NA	NA	NA	NA	NA
NC_045512.2	12160	G	A	11	4	37	1	1	39	0.0833333	12	0.521739	FALSE	NA	NA	NA	NA	NA	NA
NC_045512.2	14000	T	-A	18	17	40	1	0	20	0.0555556	18	0.527778	FALSE	NA	NA	NA	NA	NA	NA
NC_045512.2	15714	C	T	0	0	0	29	15	38	1	29	6.65175e-17	TRUE	NA	NA	NA	NA	NA	NA
NC_045512.2	15769	G	A	185	115	43	1	0	56	0.00537634	186	0.501348	FALSE	NA	NA	NA	NA	NA	NA
NC_045512.2	15810	C	T	47	47	38	4	4	38	0.0784314	51	0.0612061	FALSE	NA	NA	NA	NA	NA	NA
NC_045512.2	16576	T	C	27	13	40	1	1	38	0.0357143	28	0.509091	FALSE	NA	NA	NA	NA	NA	NA
NC_045512.2	16832	C	T	76	0	39	1	0	39	0.012987	77	0.503268	FALSE	NA	NA	NA	NA	NA	NA
NC_045512.2	16932	A	G	103	83	41	1	1	39	0.00961538	104	0.502415	FALSE	NA	NA	NA	NA	NA	NA
NC_045512.2	17410	C	T	0	0	0	5	5	38	1	5	0.00793651	TRUE	NA	NA	NA	NA	NA	NA
NC_045512.2	18725	A	G	23	5	40	1	0	38	0.0416667	24	0.510638	FALSE	NA	NA	NA	NA	NA	NA
NC_045512.2	21721	C	T	5	3	52	1	0	34	0.166667	6	0.545455	FALSE	NA	NA	NA	NA	NA	NA
NC_045512.2	23075	T	C	0	0	0	1	0	39	1	1	1	FALSE	NA	NA	NA	NA	NA	NA
NC_045512.2	23403	A	G	0	0	0	12	3	38	1	12	7.39602e-07	TRUE	NA	NA	NA	NA	NA	NA
NC_045512.2	25835	G	T	4	0	38	1	0	38	0.2	5	0.555556	FALSE	NA	NA	NA	NA	NA	NA
NC_045512.2	26270	C	T	0	0	0	1	1	35	1	1	1	FALSE	NA	NA	NA	NA	NA	NA
NC_045512.2	27384	T	C	4	4	39	2	1	38	0.333333	6	0.272727	FALSE	NA	NA	NA	NA	NA	NA
NC_045512.2	27889	C	T	46	32	42	1	1	39	0.0212766	47	0.505376	FALSE	NA	NA	NA	NA	NA	NA
NC_045512.2	28271	A	T	0	0	0	58	58	38	1	58	3.25668e-34	TRUE	NA	NA	NA	NA	NA	NA
NC_045512.2	28311	C	T	0	0	0	1	0	39	1	1	1	FALSE	NA	NA	NA	NA	NA	NA
NC_045512.2	28363	A	T	0	0	0	4	1	37	1	4	0.0285714	FALSE	NA	NA	NA	NA	NA	NA
NC_045512.2	28676	A	G	108	11	41	1	1	39	0.00917431	109	0.502304	FALSE	NA	NA	NA	NA	NA	NA
NC_045512.2	28681	G	T	78	14	42	6	3	54	0.0714286	84	0.0147747	FALSE	NA	NA	NA	NA	NA	NA
NC_045512.2	28724	C	T	71	24	38	1	0	39	0.0138889	72	0.503497	FALSE	NA	NA	NA	NA	NA	NA
NC_045512.2	29510	A	C	0	0	0	1	1	38	1	1	1	FALSE	NA	NA	NA	NA	NA	NA
