REGION	POS	REF	ALT	REF_DP	REF_RV	REF_QUAL	ALT_DP	ALT_RV	ALT_QUAL	ALT_FREQ	TOTAL_DP	PVAL	PASS	GFF_FEATURE	REF_CODON	REF_AA	ALT_CODON	ALT_AA	POS_AA
NC_045512.2	4184	G	A	0	0	0	1	1	38	1	1	1	FALSE	NA	NA	NA	NA	NA	NA
NC_045512.2	4796	T	C	209	33	45	1	0	39	0.0047619	210	0.501193	FALSE	NA	NA	NA	NA	NA	NA
NC_045512.2	12160	G	A	0	0	0	1	1	39	1	1	1	FALSE	NA	NA	NA	NA	NA	NA
NC_045512.2	14257	T	C	0	0	0	1	1	38	1	1	1	FALSE	NA	NA	NA	NA	NA	NA
NC_045512.2	15714	C	T	0	0	0	24	13	37	1	24	6.20201e-14	TRUE	NA	NA	NA	NA	NA	NA
NC_045512.2	16935	G	A	27	25	44	5	3	38	0.15625	32	0.0286499	FALSE	NA	NA	NA	NA	NA	NA
NC_045512.2	23403	A	G	0	0	0	6	2	37	1	6	0.0021645	TRUE	NA	NA	NA	NA	NA	NA
NC_045512.2	24660	T	G	5	5	46	1	1	35	0.166667	6	0.545455	FALSE	NA	NA	NA	NA	NA	NA
NC_045512.2	26709	G	A	0	0	0	1	0	39	1	1	1	FALSE	NA	NA	NA	NA	NA	NA
NC_045512.2	27012	C	T	1	0	39	1	0	39	0.5	2	0.666667	FALSE	NA	NA	NA	NA	NA	NA
NC_045512.2	27795	T	A	0	0	0	1	1	39	1	1	1	FALSE	NA	NA	NA	NA	NA	NA
NC_045512.2	27889	C	T	0	0	0	9	6	43	1	9	4.11353e-05	TRUE	NA	NA	NA	NA	NA	NA
NC_045512.2	28205	C	T	132	57	39	3	1	38	0.0222222	135	0.124995	FALSE	NA	NA	NA	NA	NA	NA
NC_045512.2	28269	C	A	121	121	38	1	1	39	0.00819672	122	0.502058	FALSE	NA	NA	NA	NA	NA	NA
NC_045512.2	28271	A	T	0	0	0	117	117	38	1	117	1.39041e-69	TRUE	NA	NA	NA	NA	NA	NA
NC_045512.2	28363	A	T	0	0	0	2	0	35	1	2	0.333333	FALSE	NA	NA	NA	NA	NA	NA
NC_045512.2	28681	G	T	74	17	46	85	12	40	0.534591	159	5.68198e-33	TRUE	NA	NA	NA	NA	NA	NA
NC_045512.2	29350	A	G	131	57	42	1	1	39	0.00757576	132	0.501901	FALSE	NA	NA	NA	NA	NA	NA
NC_045512.2	29689	T	A	12	12	37	2	2	39	0.142857	14	0.259259	FALSE	NA	NA	NA	NA	NA	NA
