REGION	POS	REF	ALT	REF_DP	REF_RV	REF_QUAL	ALT_DP	ALT_RV	ALT_QUAL	ALT_FREQ	TOTAL_DP	PVAL	PASS	GFF_FEATURE	REF_CODON	REF_AA	ALT_CODON	ALT_AA	POS_AA
NC_045512.2	4850	A	G	12	11	54	1	1	33	0.0769231	13	0.52	FALSE	NA	NA	NA	NA	NA	NA
NC_045512.2	8463	C	T	28	1	41	1	0	37	0.0344828	29	0.508772	FALSE	NA	NA	NA	NA	NA	NA
NC_045512.2	12160	G	A	0	0	0	3	1	38	1	3	0.1	FALSE	NA	NA	NA	NA	NA	NA
NC_045512.2	14551	T	C	0	0	0	1	1	38	1	1	1	FALSE	NA	NA	NA	NA	NA	NA
NC_045512.2	15673	T	A	44	2	40	1	0	38	0.0222222	45	0.505618	FALSE	NA	NA	NA	NA	NA	NA
NC_045512.2	15714	C	T	0	0	0	10	7	38	1	10	1.08251e-05	TRUE	NA	NA	NA	NA	NA	NA
NC_045512.2	15789	G	A	110	105	41	1	1	37	0.00900901	111	0.502262	FALSE	NA	NA	NA	NA	NA	NA
NC_045512.2	16014	G	T	3	0	38	1	0	27	0.25	4	0.571429	FALSE	NA	NA	NA	NA	NA	NA
NC_045512.2	16662	G	A	2	2	39	1	1	33	0.333333	3	0.6	FALSE	NA	NA	NA	NA	NA	NA
NC_045512.2	16881	A	G	23	8	38	1	1	39	0.0416667	24	0.510638	FALSE	NA	NA	NA	NA	NA	NA
NC_045512.2	20646	C	T	0	0	0	2	2	39	1	2	0.333333	FALSE	NA	NA	NA	NA	NA	NA
NC_045512.2	22674	C	T	0	0	0	1	1	38	1	1	1	FALSE	NA	NA	NA	NA	NA	NA
NC_045512.2	23403	A	G	0	0	0	8	3	38	1	8	0.0001554	TRUE	NA	NA	NA	NA	NA	NA
NC_045512.2	27658	A	G	1	0	39	1	0	39	0.5	2	0.666667	FALSE	NA	NA	NA	NA	NA	NA
NC_045512.2	27889	C	T	0	0	0	4	3	38	1	4	0.0285714	FALSE	NA	NA	NA	NA	NA	NA
NC_045512.2	28132	C	T	37	0	38	1	0	38	0.0263158	38	0.506667	FALSE	NA	NA	NA	NA	NA	NA
NC_045512.2	28271	A	T	0	0	0	39	39	38	1	39	7.34834e-23	TRUE	NA	NA	NA	NA	NA	NA
NC_045512.2	28681	G	T	85	21	45	3	0	38	0.0337079	89	0.122857	FALSE	NA	NA	NA	NA	NA	NA
NC_045512.2	28681	G	A	85	21	45	1	1	31	0.011236	89	0.494253	FALSE	NA	NA	NA	NA	NA	NA
NC_045512.2	28703	G	A	48	29	39	1	0	27	0.0204082	49	0.505155	FALSE	NA	NA	NA	NA	NA	NA
NC_045512.2	28724	C	T	79	38	42	1	0	33	0.0125	80	0.503145	FALSE	NA	NA	NA	NA	NA	NA
NC_045512.2	28737	C	T	90	48	43	2	0	36	0.0217391	92	0.251366	FALSE	NA	NA	NA	NA	NA	NA
NC_045512.2	29268	C	T	26	1	37	1	0	31	0.037037	27	0.509434	FALSE	NA	NA	NA	NA	NA	NA
NC_045512.2	29335	T	-A	47	26	38	1	0	20	0.0212766	47	0.510638	FALSE	NA	NA	NA	NA	NA	NA
NC_045512.2	29348	G	T	38	20	40	1	1	37	0.025641	39	0.506494	FALSE	NA	NA	NA	NA	NA	NA
NC_045512.2	29395	G	A	50	50	39	1	1	37	0.0196078	51	0.50495	FALSE	NA	NA	NA	NA	NA	NA
NC_045512.2	29399	G	A	28	28	39	1	1	39	0.0344828	29	0.508772	FALSE	NA	NA	NA	NA	NA	NA
