REGION	POS	REF	ALT	REF_DP	REF_RV	REF_QUAL	ALT_DP	ALT_RV	ALT_QUAL	ALT_FREQ	TOTAL_DP	PVAL	PASS	GFF_FEATURE	REF_CODON	REF_AA	ALT_CODON	ALT_AA	POS_AA
NC_045512.2	3607	T	G	25	11	44	1	0	39	0.0384615	26	0.509804	FALSE	NA	NA	NA	NA	NA	NA
NC_045512.2	14257	T	C	0	0	0	1	1	39	1	1	1	FALSE	NA	NA	NA	NA	NA	NA
NC_045512.2	15707	T	C	51	1	38	1	0	39	0.0192308	52	0.504854	FALSE	NA	NA	NA	NA	NA	NA
NC_045512.2	15714	C	T	0	0	0	18	12	39	1	18	2.20382e-10	TRUE	NA	NA	NA	NA	NA	NA
NC_045512.2	16616	C	A	8	8	39	3	1	39	0.272727	11	0.12406	FALSE	NA	NA	NA	NA	NA	NA
NC_045512.2	16859	C	T	30	6	41	1	0	39	0.0322581	31	0.508197	FALSE	NA	NA	NA	NA	NA	NA
NC_045512.2	16935	G	A	17	15	43	1	0	39	0.0555556	18	0.514286	FALSE	NA	NA	NA	NA	NA	NA
NC_045512.2	17410	C	T	0	0	0	1	1	39	1	1	1	FALSE	NA	NA	NA	NA	NA	NA
NC_045512.2	17458	C	T	25	0	38	1	0	39	0.0384615	26	0.509804	FALSE	NA	NA	NA	NA	NA	NA
NC_045512.2	22578	G	A	0	0	0	2	1	37	1	2	0.333333	FALSE	NA	NA	NA	NA	NA	NA
NC_045512.2	23403	A	G	0	0	0	17	10	38	1	17	8.57043e-10	TRUE	NA	NA	NA	NA	NA	NA
NC_045512.2	24586	G	T	6	2	45	1	1	39	0.142857	7	0.538462	FALSE	NA	NA	NA	NA	NA	NA
NC_045512.2	25905	A	G	7	7	39	1	1	39	0.125	8	0.533333	FALSE	NA	NA	NA	NA	NA	NA
NC_045512.2	27368	A	T	45	30	45	20	10	48	0.307692	65	2.00121e-07	TRUE	NA	NA	NA	NA	NA	NA
NC_045512.2	27384	T	C	68	63	39	1	1	39	0.0144928	69	0.50365	FALSE	NA	NA	NA	NA	NA	NA
NC_045512.2	27889	C	T	0	0	0	40	30	42	1	40	1.86034e-23	TRUE	NA	NA	NA	NA	NA	NA
NC_045512.2	28215	T	C	122	99	43	1	1	39	0.00813008	123	0.502041	FALSE	NA	NA	NA	NA	NA	NA
NC_045512.2	28253	C	-A	60	57	43	3	0	20	0.05	60	0.134504	FALSE	NA	NA	NA	NA	NA	NA
NC_045512.2	28271	A	T	0	0	0	32	32	38	1	32	1.09133e-18	TRUE	NA	NA	NA	NA	NA	NA
NC_045512.2	28311	C	T	0	0	0	1	0	37	1	1	1	FALSE	NA	NA	NA	NA	NA	NA
NC_045512.2	28312	C	T	0	0	0	1	0	39	1	1	1	FALSE	NA	NA	NA	NA	NA	NA
NC_045512.2	28363	A	T	0	0	0	2	0	35	1	2	0.333333	FALSE	NA	NA	NA	NA	NA	NA
NC_045512.2	28370	A	G	0	0	0	3	0	38	1	3	0.1	FALSE	NA	NA	NA	NA	NA	NA
NC_045512.2	28681	G	T	18	3	42	32	6	43	0.64	50	1.85643e-13	TRUE	NA	NA	NA	NA	NA	NA
NC_045512.2	28748	C	T	37	34	41	3	3	39	0.075	40	0.124938	FALSE	NA	NA	NA	NA	NA	NA
NC_045512.2	28773	T	C	31	31	38	1	1	27	0.03125	32	0.507937	FALSE	NA	NA	NA	NA	NA	NA
NC_045512.2	29686	C	T	53	52	38	3	3	39	0.0535714	56	0.124969	FALSE	NA	NA	NA	NA	NA	NA
