REGION	POS	REF	ALT	REF_DP	REF_RV	REF_QUAL	ALT_DP	ALT_RV	ALT_QUAL	ALT_FREQ	TOTAL_DP	PVAL	PASS	GFF_FEATURE	REF_CODON	REF_AA	ALT_CODON	ALT_AA	POS_AA
NC_045512.2	7471	C	-G	4	0	27	4	0	20	1	4	0.212121	FALSE	NA	NA	NA	NA	NA	NA
NC_045512.2	7748	A	G	0	0	0	1	0	35	1	1	1	FALSE	NA	NA	NA	NA	NA	NA
NC_045512.2	23275	C	-ACT	9	0	29	1	0	20	0.111111	9	0.555556	FALSE	NA	NA	NA	NA	NA	NA
NC_045512.2	23334	C	-T	9	0	32	1	0	20	0.111111	9	0.555556	FALSE	NA	NA	NA	NA	NA	NA
NC_045512.2	25699	G	-C	1	0	21	1	0	20	1	1	1	FALSE	NA	NA	NA	NA	NA	NA
NC_045512.2	29483	T	-C	16	0	33	1	0	20	0.0625	16	0.53125	FALSE	NA	NA	NA	NA	NA	NA
NC_045512.2	29510	A	C	0	0	0	16	0	29	1	16	3.32734e-09	TRUE	NA	NA	NA	NA	NA	NA
NC_045512.2	29522	A	G	12	0	26	1	0	21	0.0769231	13	0.52	FALSE	NA	NA	NA	NA	NA	NA
NC_045512.2	29555	C	T	15	0	27	1	0	32	0.0625	16	0.516129	FALSE	NA	NA	NA	NA	NA	NA
NC_045512.2	29563	C	+TA	15	0	29	1	0	20	0.0666667	15	0.533333	FALSE	NA	NA	NA	NA	NA	NA
NC_045512.2	29573	G	-T	13	0	27	1	0	20	0.0769231	13	0.538462	FALSE	NA	NA	NA	NA	NA	NA
NC_045512.2	29573	G	+T	13	0	27	1	0	20	0.0769231	13	0.538462	FALSE	NA	NA	NA	NA	NA	NA
NC_045512.2	29580	C	-T	8	0	24	1	0	20	0.125	8	0.5625	FALSE	NA	NA	NA	NA	NA	NA
NC_045512.2	29593	G	-AT	7	0	26	1	0	20	0.142857	7	0.571429	FALSE	NA	NA	NA	NA	NA	NA
NC_045512.2	29627	C	T	1	0	28	1	0	29	0.5	2	0.666667	FALSE	NA	NA	NA	NA	NA	NA
