REGION	POS	REF	ALT	REF_DP	REF_RV	REF_QUAL	ALT_DP	ALT_RV	ALT_QUAL	ALT_FREQ	TOTAL_DP	PVAL	PASS	GFF_FEATURE	REF_CODON	REF_AA	ALT_CODON	ALT_AA	POS_AA
NC_045512.2	1725	T	C	58	48	39	1	1	38	0.0169492	59	0.504274	FALSE	NA	NA	NA	NA	NA	NA
NC_045512.2	1738	G	A	31	19	42	10	2	38	0.243902	41	0.00059684	TRUE	NA	NA	NA	NA	NA	NA
NC_045512.2	3619	C	T	113	80	42	1	1	38	0.00877193	114	0.502203	FALSE	NA	NA	NA	NA	NA	NA
NC_045512.2	4184	G	A	0	0	0	6	3	38	1	6	0.0021645	TRUE	NA	NA	NA	NA	NA	NA
NC_045512.2	5198	A	G	8	8	38	1	1	39	0.111111	9	0.529412	FALSE	NA	NA	NA	NA	NA	NA
NC_045512.2	5515	G	T	1	1	38	1	1	33	0.5	2	0.666667	FALSE	NA	NA	NA	NA	NA	NA
NC_045512.2	7533	G	A	29	3	39	1	0	38	0.0333333	30	0.508475	FALSE	NA	NA	NA	NA	NA	NA
NC_045512.2	8539	A	G	17	10	38	1	1	38	0.0555556	18	0.514286	FALSE	NA	NA	NA	NA	NA	NA
NC_045512.2	9344	C	T	0	0	0	2	0	39	1	2	0.333333	FALSE	NA	NA	NA	NA	NA	NA
NC_045512.2	9424	A	G	0	0	0	1	1	37	1	1	1	FALSE	NA	NA	NA	NA	NA	NA
NC_045512.2	10677	T	C	19	19	37	1	1	38	0.05	20	0.512821	FALSE	NA	NA	NA	NA	NA	NA
NC_045512.2	15670	G	T	177	0	37	1	0	39	0.00561798	178	0.501408	FALSE	NA	NA	NA	NA	NA	NA
NC_045512.2	15714	C	T	0	0	0	55	30	40	1	55	2.0299e-32	TRUE	NA	NA	NA	NA	NA	NA
NC_045512.2	15744	C	A	291	85	39	1	1	39	0.00342466	292	0.500858	FALSE	NA	NA	NA	NA	NA	NA
NC_045512.2	15782	A	T	423	368	43	1	1	39	0.00235849	424	0.50059	FALSE	NA	NA	NA	NA	NA	NA
NC_045512.2	16374	T	C	32	32	38	1	1	38	0.030303	33	0.507692	FALSE	NA	NA	NA	NA	NA	NA
NC_045512.2	16958	T	A	178	157	45	1	1	39	0.00558659	179	0.501401	FALSE	NA	NA	NA	NA	NA	NA
NC_045512.2	20553	A	G	13	6	44	1	0	39	0.0714286	14	0.518519	FALSE	NA	NA	NA	NA	NA	NA
NC_045512.2	23403	A	G	0	0	0	8	1	38	1	8	0.0001554	TRUE	NA	NA	NA	NA	NA	NA
NC_045512.2	26218	T	C	9	9	38	1	1	39	0.1	10	0.526316	FALSE	NA	NA	NA	NA	NA	NA
NC_045512.2	28152	A	G	229	8	41	11	0	38	0.0458333	240	0.000444486	TRUE	NA	NA	NA	NA	NA	NA
NC_045512.2	28271	A	T	0	0	0	138	138	38	1	138	3.43288e-82	TRUE	NA	NA	NA	NA	NA	NA
NC_045512.2	28363	A	T	0	0	0	7	0	34	1	7	0.000582751	TRUE	NA	NA	NA	NA	NA	NA
NC_045512.2	28370	A	G	0	0	0	12	0	39	1	12	7.39602e-07	TRUE	NA	NA	NA	NA	NA	NA
NC_045512.2	28647	C	T	27	2	41	10	0	38	0.27027	37	0.000560625	TRUE	NA	NA	NA	NA	NA	NA
