REGION	POS	REF	ALT	REF_DP	REF_RV	REF_QUAL	ALT_DP	ALT_RV	ALT_QUAL	ALT_FREQ	TOTAL_DP	PVAL	PASS	GFF_FEATURE	REF_CODON	REF_AA	ALT_CODON	ALT_AA	POS_AA
NC_045512.2	1112	A	G	59	15	41	1	0	39	0.0166667	60	0.504202	FALSE	NA	NA	NA	NA	NA	NA
NC_045512.2	12160	G	A	0	0	0	6	3	39	1	6	0.0021645	TRUE	NA	NA	NA	NA	NA	NA
NC_045512.2	13994	C	T	0	0	0	1	1	39	1	1	1	FALSE	NA	NA	NA	NA	NA	NA
NC_045512.2	15714	C	T	0	0	0	23	18	40	1	23	2.42912e-13	TRUE	NA	NA	NA	NA	NA	NA
NC_045512.2	15787	A	G	157	148	42	1	1	39	0.00632911	158	0.501587	FALSE	NA	NA	NA	NA	NA	NA
NC_045512.2	16893	A	T	70	16	42	1	0	39	0.0140845	71	0.503546	FALSE	NA	NA	NA	NA	NA	NA
NC_045512.2	16935	G	A	57	43	41	5	5	38	0.0806452	62	0.0299484	FALSE	NA	NA	NA	NA	NA	NA
NC_045512.2	22882	T	G	0	0	0	1	0	39	1	1	1	FALSE	NA	NA	NA	NA	NA	NA
NC_045512.2	27807	C	T	0	0	0	1	1	39	1	1	1	FALSE	NA	NA	NA	NA	NA	NA
NC_045512.2	27889	C	T	0	0	0	7	7	38	1	7	0.000582751	TRUE	NA	NA	NA	NA	NA	NA
NC_045512.2	28213	A	T	178	105	41	1	0	39	0.00558659	179	0.501401	FALSE	NA	NA	NA	NA	NA	NA
NC_045512.2	28271	A	T	0	0	0	111	111	38	1	111	5.54749e-66	TRUE	NA	NA	NA	NA	NA	NA
NC_045512.2	28363	A	T	0	0	0	8	0	37	1	8	0.0001554	TRUE	NA	NA	NA	NA	NA	NA
NC_045512.2	28681	G	T	0	0	0	121	15	41	1	121	5.52316e-72	TRUE	NA	NA	NA	NA	NA	NA
NC_045512.2	28763	G	A	144	142	39	1	1	39	0.00689655	145	0.50173	FALSE	NA	NA	NA	NA	NA	NA
NC_045512.2	28775	C	T	94	94	37	1	1	36	0.0105263	95	0.502646	FALSE	NA	NA	NA	NA	NA	NA
NC_045512.2	28987	C	-CAA	12	4	47	1	0	20	0.0833333	12	0.541667	FALSE	NA	NA	NA	NA	NA	NA
NC_045512.2	29359	A	G	146	87	40	3	3	37	0.0201342	149	0.124996	FALSE	NA	NA	NA	NA	NA	NA
NC_045512.2	29700	A	G	5	4	46	2	2	38	0.285714	7	0.269231	FALSE	NA	NA	NA	NA	NA	NA
