REGION	POS	REF	ALT	REF_DP	REF_RV	REF_QUAL	ALT_DP	ALT_RV	ALT_QUAL	ALT_FREQ	TOTAL_DP	PVAL	PASS	GFF_FEATURE	REF_CODON	REF_AA	ALT_CODON	ALT_AA	POS_AA
NC_045512.2	1199	T	C	1	1	39	1	1	38	0.5	2	0.666667	FALSE	NA	NA	NA	NA	NA	NA
NC_045512.2	2084	C	T	106	90	41	1	1	39	0.00934579	107	0.502347	FALSE	NA	NA	NA	NA	NA	NA
NC_045512.2	5183	C	T	0	0	0	1	1	38	1	1	1	FALSE	NA	NA	NA	NA	NA	NA
NC_045512.2	15714	C	T	0	0	0	14	6	38	1	14	4.98547e-08	TRUE	NA	NA	NA	NA	NA	NA
NC_045512.2	16086	T	C	150	139	40	1	1	34	0.00662252	151	0.501661	FALSE	NA	NA	NA	NA	NA	NA
NC_045512.2	17847	G	A	9	7	37	7	7	38	0.4375	16	0.00435051	TRUE	NA	NA	NA	NA	NA	NA
NC_045512.2	17859	T	C	4	4	39	6	4	38	0.6	10	0.00773994	TRUE	NA	NA	NA	NA	NA	NA
NC_045512.2	21770	G	A	0	0	0	2	2	37	1	2	0.333333	FALSE	NA	NA	NA	NA	NA	NA
NC_045512.2	22674	C	T	0	0	0	2	2	37	1	2	0.333333	FALSE	NA	NA	NA	NA	NA	NA
NC_045512.2	23403	A	G	0	0	0	3	1	39	1	3	0.1	FALSE	NA	NA	NA	NA	NA	NA
NC_045512.2	25584	C	T	0	0	0	6	6	38	1	6	0.0021645	TRUE	NA	NA	NA	NA	NA	NA
NC_045512.2	27869	T	A	228	72	45	1	0	33	0.00436681	229	0.501094	FALSE	NA	NA	NA	NA	NA	NA
NC_045512.2	27889	C	T	85	65	39	85	61	41	0.5	170	2.25647e-32	TRUE	NA	NA	NA	NA	NA	NA
NC_045512.2	28271	A	T	0	0	0	47	46	38	1	47	1.23024e-27	TRUE	NA	NA	NA	NA	NA	NA
NC_045512.2	28363	A	T	0	0	0	13	1	37	1	13	1.92297e-07	TRUE	NA	NA	NA	NA	NA	NA
NC_045512.2	28535	C	A	1	0	39	1	1	35	0.5	2	0.666667	FALSE	NA	NA	NA	NA	NA	NA
NC_045512.2	28681	G	T	46	10	43	16	4	43	0.258065	62	5.77507e-06	TRUE	NA	NA	NA	NA	NA	NA
NC_045512.2	28776	C	T	42	40	39	2	2	39	0.0454545	44	0.252874	FALSE	NA	NA	NA	NA	NA	NA
NC_045512.2	29510	A	C	0	0	0	1	1	29	1	1	1	FALSE	NA	NA	NA	NA	NA	NA
NC_045512.2	29666	C	T	79	59	51	1	0	39	0.0125	80	0.503145	FALSE	NA	NA	NA	NA	NA	NA
