REGION	POS	REF	ALT	REF_DP	REF_RV	REF_QUAL	ALT_DP	ALT_RV	ALT_QUAL	ALT_FREQ	TOTAL_DP	PVAL	PASS	GFF_FEATURE	REF_CODON	REF_AA	ALT_CODON	ALT_AA	POS_AA
NC_045512.2	3037	C	T	0	0	0	1	1	39	1	1	1	FALSE	NA	NA	NA	NA	NA	NA
NC_045512.2	9424	A	G	0	0	0	2	2	38	1	2	0.333333	FALSE	NA	NA	NA	NA	NA	NA
NC_045512.2	10198	C	T	0	0	0	1	1	39	1	1	1	FALSE	NA	NA	NA	NA	NA	NA
NC_045512.2	10274	C	G	40	16	42	1	0	39	0.0243902	41	0.506173	FALSE	NA	NA	NA	NA	NA	NA
NC_045512.2	12160	G	A	0	0	0	7	4	38	1	7	0.000582751	TRUE	NA	NA	NA	NA	NA	NA
NC_045512.2	13047	C	A	156	112	41	1	0	39	0.00636943	157	0.501597	FALSE	NA	NA	NA	NA	NA	NA
NC_045512.2	14257	T	C	0	0	0	7	4	38	1	7	0.000582751	TRUE	NA	NA	NA	NA	NA	NA
NC_045512.2	15714	C	T	0	0	0	27	15	41	1	27	1.02725e-15	TRUE	NA	NA	NA	NA	NA	NA
NC_045512.2	16067	A	G	113	41	45	1	1	39	0.00877193	114	0.502203	FALSE	NA	NA	NA	NA	NA	NA
NC_045512.2	16665	G	T	9	8	38	3	2	39	0.25	12	0.124224	FALSE	NA	NA	NA	NA	NA	NA
NC_045512.2	16935	G	A	26	20	43	15	11	37	0.365854	41	7.78881e-06	TRUE	NA	NA	NA	NA	NA	NA
NC_045512.2	17410	C	T	0	0	0	7	7	38	1	7	0.000582751	TRUE	NA	NA	NA	NA	NA	NA
NC_045512.2	21766	A	C	0	0	0	1	1	39	1	1	1	FALSE	NA	NA	NA	NA	NA	NA
NC_045512.2	23162	G	T	5	3	38	2	2	38	0.285714	7	0.269231	FALSE	NA	NA	NA	NA	NA	NA
NC_045512.2	23403	A	G	0	0	0	15	6	39	1	15	1.28935e-08	TRUE	NA	NA	NA	NA	NA	NA
NC_045512.2	25584	C	T	0	0	0	2	2	39	1	2	0.333333	FALSE	NA	NA	NA	NA	NA	NA
NC_045512.2	26060	C	T	0	0	0	1	0	39	1	1	1	FALSE	NA	NA	NA	NA	NA	NA
NC_045512.2	27513	C	T	2	2	38	2	2	39	0.5	4	0.285714	FALSE	NA	NA	NA	NA	NA	NA
NC_045512.2	27807	C	T	0	0	0	1	1	39	1	1	1	FALSE	NA	NA	NA	NA	NA	NA
NC_045512.2	27888	A	C	121	106	39	1	1	27	0.00819672	122	0.753086	FALSE	NA	NA	NA	NA	NA	NA
NC_045512.2	27889	C	T	29	27	38	101	86	39	0.776923	130	9.20123e-46	TRUE	NA	NA	NA	NA	NA	NA
NC_045512.2	27975	C	T	33	29	38	3	2	39	0.0833333	36	0.124923	FALSE	NA	NA	NA	NA	NA	NA
NC_045512.2	28271	A	T	0	0	0	79	79	38	1	79	8.63707e-47	TRUE	NA	NA	NA	NA	NA	NA
NC_045512.2	28363	A	T	0	0	0	17	0	36	1	17	8.57043e-10	TRUE	NA	NA	NA	NA	NA	NA
NC_045512.2	28370	A	G	0	0	0	2	0	39	1	2	0.333333	FALSE	NA	NA	NA	NA	NA	NA
NC_045512.2	28676	A	G	108	10	40	1	0	37	0.00917431	109	0.502304	FALSE	NA	NA	NA	NA	NA	NA
NC_045512.2	28681	G	T	19	2	44	76	26	49	0.8	95	3.71882e-35	TRUE	NA	NA	NA	NA	NA	NA
NC_045512.2	29032	G	C	64	46	39	1	0	37	0.0153846	65	0.503876	FALSE	NA	NA	NA	NA	NA	NA
NC_045512.2	29475	A	-T	20	15	38	1	0	20	0.05	20	0.525	FALSE	NA	NA	NA	NA	NA	NA
NC_045512.2	29510	A	C	0	0	0	6	5	37	1	6	0.0021645	TRUE	NA	NA	NA	NA	NA	NA
