REGION	POS	REF	ALT	REF_DP	REF_RV	REF_QUAL	ALT_DP	ALT_RV	ALT_QUAL	ALT_FREQ	TOTAL_DP	PVAL	PASS	GFF_FEATURE	REF_CODON	REF_AA	ALT_CODON	ALT_AA	POS_AA
NC_045512.2	2064	A	G	16	13	38	1	1	37	0.0588235	17	0.515152	FALSE	NA	NA	NA	NA	NA	NA
NC_045512.2	4184	G	A	0	0	0	2	0	37	1	2	0.333333	FALSE	NA	NA	NA	NA	NA	NA
NC_045512.2	5453	G	A	8	6	38	1	1	33	0.111111	9	0.529412	FALSE	NA	NA	NA	NA	NA	NA
NC_045512.2	9665	C	T	27	16	38	1	1	39	0.0357143	28	0.509091	FALSE	NA	NA	NA	NA	NA	NA
NC_045512.2	12160	G	A	5	3	37	1	1	33	0.166667	6	0.545455	FALSE	NA	NA	NA	NA	NA	NA
NC_045512.2	15714	C	T	0	0	0	35	17	38	1	35	1.78275e-20	TRUE	NA	NA	NA	NA	NA	NA
NC_045512.2	15744	C	T	162	40	40	2	0	33	0.0121951	164	0.250765	FALSE	NA	NA	NA	NA	NA	NA
NC_045512.2	16092	C	T	14	14	37	1	1	39	0.0666667	15	0.517241	FALSE	NA	NA	NA	NA	NA	NA
NC_045512.2	16338	C	T	11	8	38	1	1	37	0.0833333	12	0.521739	FALSE	NA	NA	NA	NA	NA	NA
NC_045512.2	17410	C	T	0	0	0	1	1	39	1	1	1	FALSE	NA	NA	NA	NA	NA	NA
NC_045512.2	17672	T	A	0	0	0	1	0	38	1	1	1	FALSE	NA	NA	NA	NA	NA	NA
NC_045512.2	21721	C	T	0	0	0	3	1	38	1	3	0.1	FALSE	NA	NA	NA	NA	NA	NA
NC_045512.2	21766	A	C	12	11	38	1	1	39	0.0769231	13	0.52	FALSE	NA	NA	NA	NA	NA	NA
NC_045512.2	23403	A	G	0	0	0	9	4	38	1	9	4.11353e-05	TRUE	NA	NA	NA	NA	NA	NA
NC_045512.2	24048	C	T	6	3	38	1	0	35	0.142857	7	0.538462	FALSE	NA	NA	NA	NA	NA	NA
NC_045512.2	27844	T	C	49	0	39	1	0	37	0.02	50	0.505051	FALSE	NA	NA	NA	NA	NA	NA
NC_045512.2	27889	C	T	32	30	40	2	1	39	0.0588235	34	0.253731	FALSE	NA	NA	NA	NA	NA	NA
NC_045512.2	28163	C	T	173	15	41	1	0	38	0.00574713	174	0.501441	FALSE	NA	NA	NA	NA	NA	NA
NC_045512.2	28171	C	T	122	26	39	1	0	33	0.00813008	123	0.502041	FALSE	NA	NA	NA	NA	NA	NA
NC_045512.2	28201	C	T	110	48	39	1	1	39	0.00900901	111	0.502262	FALSE	NA	NA	NA	NA	NA	NA
NC_045512.2	28217	T	C	126	79	42	1	0	37	0.00787402	127	0.501976	FALSE	NA	NA	NA	NA	NA	NA
NC_045512.2	28271	A	T	0	0	0	64	64	38	1	64	8.35033e-38	TRUE	NA	NA	NA	NA	NA	NA
NC_045512.2	28363	A	T	0	0	0	6	0	35	1	6	0.0021645	TRUE	NA	NA	NA	NA	NA	NA
NC_045512.2	28370	A	G	0	0	0	3	0	39	1	3	0.1	FALSE	NA	NA	NA	NA	NA	NA
NC_045512.2	28657	C	T	34	2	39	3	0	39	0.0810811	37	0.124928	FALSE	NA	NA	NA	NA	NA	NA
NC_045512.2	28720	C	T	25	10	40	1	0	38	0.0384615	26	0.509804	FALSE	NA	NA	NA	NA	NA	NA
