REGION	POS	REF	ALT	REF_DP	REF_RV	REF_QUAL	ALT_DP	ALT_RV	ALT_QUAL	ALT_FREQ	TOTAL_DP	PVAL	PASS	GFF_FEATURE	REF_CODON	REF_AA	ALT_CODON	ALT_AA	POS_AA
NC_045512.2	11163	A	G	6	4	45	1	1	38	0.142857	7	0.538462	FALSE	NA	NA	NA	NA	NA	NA
NC_045512.2	15100	G	T	0	0	0	1	0	39	1	1	1	FALSE	NA	NA	NA	NA	NA	NA
NC_045512.2	15714	C	T	0	0	0	9	7	42	1	9	4.11353e-05	TRUE	NA	NA	NA	NA	NA	NA
NC_045512.2	19668	T	-G	3	1	39	1	0	20	0.333333	3	0.666667	FALSE	NA	NA	NA	NA	NA	NA
NC_045512.2	21766	A	C	0	0	0	1	1	39	1	1	1	FALSE	NA	NA	NA	NA	NA	NA
NC_045512.2	21770	G	A	0	0	0	3	3	38	1	3	0.1	FALSE	NA	NA	NA	NA	NA	NA
NC_045512.2	23403	A	G	0	0	0	8	5	38	1	8	0.0001554	TRUE	NA	NA	NA	NA	NA	NA
NC_045512.2	24628	T	C	32	18	39	1	0	33	0.030303	33	0.507692	FALSE	NA	NA	NA	NA	NA	NA
NC_045512.2	26203	A	T	3	3	51	1	1	37	0.25	4	0.571429	FALSE	NA	NA	NA	NA	NA	NA
NC_045512.2	27833	T	C	4	0	38	1	0	37	0.2	5	0.555556	FALSE	NA	NA	NA	NA	NA	NA
NC_045512.2	27889	C	T	0	0	0	18	16	40	1	18	2.20382e-10	TRUE	NA	NA	NA	NA	NA	NA
NC_045512.2	28215	T	C	98	73	42	1	1	35	0.010101	99	0.502538	FALSE	NA	NA	NA	NA	NA	NA
NC_045512.2	28271	A	T	0	0	0	43	43	38	1	43	3.01316e-25	TRUE	NA	NA	NA	NA	NA	NA
NC_045512.2	28330	A	G	2	0	39	1	0	37	0.333333	3	0.6	FALSE	NA	NA	NA	NA	NA	NA
NC_045512.2	28370	A	G	0	0	0	3	0	39	1	3	0.1	FALSE	NA	NA	NA	NA	NA	NA
NC_045512.2	28681	G	T	11	3	41	1	0	39	0.0833333	12	0.521739	FALSE	NA	NA	NA	NA	NA	NA
