REGION	POS	REF	ALT	REF_DP	REF_RV	REF_QUAL	ALT_DP	ALT_RV	ALT_QUAL	ALT_FREQ	TOTAL_DP	PVAL	PASS	GFF_FEATURE	REF_CODON	REF_AA	ALT_CODON	ALT_AA	POS_AA
NC_045512.2	4184	G	A	0	0	0	3	2	38	1	3	0.1	FALSE	NA	NA	NA	NA	NA	NA
NC_045512.2	4777	C	T	1	0	39	5	0	38	0.833333	6	0.012987	FALSE	NA	NA	NA	NA	NA	NA
NC_045512.2	5088	A	C	5	0	38	1	0	38	0.166667	6	0.545455	FALSE	NA	NA	NA	NA	NA	NA
NC_045512.2	13332	G	A	25	9	38	1	0	27	0.0384615	26	0.509804	FALSE	NA	NA	NA	NA	NA	NA
NC_045512.2	13335	C	T	15	6	38	3	2	39	0.166667	18	0.124675	FALSE	NA	NA	NA	NA	NA	NA
NC_045512.2	13982	G	A	31	28	46	1	1	33	0.03125	32	0.507937	FALSE	NA	NA	NA	NA	NA	NA
NC_045512.2	15714	C	T	13	10	38	30	13	39	0.697674	43	4.37264e-13	TRUE	NA	NA	NA	NA	NA	NA
NC_045512.2	15803	A	G	111	111	38	1	1	33	0.00892857	112	0.502242	FALSE	NA	NA	NA	NA	NA	NA
NC_045512.2	17410	C	T	0	0	0	1	1	38	1	1	1	FALSE	NA	NA	NA	NA	NA	NA
NC_045512.2	18692	C	T	33	1	40	1	0	39	0.0294118	34	0.507463	FALSE	NA	NA	NA	NA	NA	NA
NC_045512.2	23403	A	G	0	0	0	12	4	38	1	12	7.39602e-07	TRUE	NA	NA	NA	NA	NA	NA
NC_045512.2	27382	G	C	0	0	0	1	1	39	1	1	1	FALSE	NA	NA	NA	NA	NA	NA
NC_045512.2	27384	T	C	0	0	0	11	5	38	1	11	2.83514e-06	TRUE	NA	NA	NA	NA	NA	NA
NC_045512.2	28271	A	T	0	0	0	50	50	38	1	50	1.98233e-29	TRUE	NA	NA	NA	NA	NA	NA
NC_045512.2	28363	A	T	0	0	0	13	1	38	1	13	1.92297e-07	TRUE	NA	NA	NA	NA	NA	NA
NC_045512.2	28391	C	T	24	17	41	7	5	36	0.225806	31	0.00602739	TRUE	NA	NA	NA	NA	NA	NA
NC_045512.2	28687	C	T	65	28	39	1	0	39	0.0151515	66	0.503817	FALSE	NA	NA	NA	NA	NA	NA
NC_045512.2	28711	T	C	72	39	41	1	0	39	0.0136986	73	0.503448	FALSE	NA	NA	NA	NA	NA	NA
