REGION	POS	REF	ALT	REF_DP	REF_RV	REF_QUAL	ALT_DP	ALT_RV	ALT_QUAL	ALT_FREQ	TOTAL_DP	PVAL	PASS	GFF_FEATURE	REF_CODON	REF_AA	ALT_CODON	ALT_AA	POS_AA
NC_045512.2	5802	A	G	5	4	46	1	1	39	0.166667	6	0.545455	FALSE	NA	NA	NA	NA	NA	NA
NC_045512.2	15714	C	T	0	0	0	9	6	38	1	9	4.11353e-05	TRUE	NA	NA	NA	NA	NA	NA
NC_045512.2	15810	C	T	9	9	38	8	8	38	0.470588	17	0.00175092	TRUE	NA	NA	NA	NA	NA	NA
NC_045512.2	16329	C	T	7	5	37	1	1	39	0.125	8	0.533333	FALSE	NA	NA	NA	NA	NA	NA
NC_045512.2	21704	T	C	6	0	39	1	0	39	0.142857	7	0.538462	FALSE	NA	NA	NA	NA	NA	NA
NC_045512.2	21721	C	T	5	3	46	1	0	37	0.166667	6	0.545455	FALSE	NA	NA	NA	NA	NA	NA
NC_045512.2	23403	A	G	0	0	0	5	2	45	1	5	0.00793651	TRUE	NA	NA	NA	NA	NA	NA
NC_045512.2	26858	C	T	0	0	0	1	1	38	1	1	1	FALSE	NA	NA	NA	NA	NA	NA
NC_045512.2	27382	G	C	0	0	0	2	2	38	1	2	0.333333	FALSE	NA	NA	NA	NA	NA	NA
NC_045512.2	28271	A	T	0	0	0	29	29	38	1	29	6.65175e-17	TRUE	NA	NA	NA	NA	NA	NA
NC_045512.2	28363	A	T	0	0	0	5	0	35	1	5	0.00793651	TRUE	NA	NA	NA	NA	NA	NA
NC_045512.2	28647	C	T	6	0	37	1	0	30	0.142857	7	0.538462	FALSE	NA	NA	NA	NA	NA	NA
NC_045512.2	28687	C	T	9	6	42	4	3	47	0.307692	13	0.0565217	FALSE	NA	NA	NA	NA	NA	NA
NC_045512.2	29308	T	A	7	4	43	1	1	38	0.125	8	0.533333	FALSE	NA	NA	NA	NA	NA	NA
