REGION	POS	REF	ALT	REF_DP	REF_RV	REF_QUAL	ALT_DP	ALT_RV	ALT_QUAL	ALT_FREQ	TOTAL_DP	PVAL	PASS	GFF_FEATURE	REF_CODON	REF_AA	ALT_CODON	ALT_AA	POS_AA
NC_045512.2	16935	G	A	0	0	0	3	0	36	1	3	0.1	FALSE	NA	NA	NA	NA	NA	NA
NC_045512.2	17410	C	T	0	0	0	1	1	39	1	1	1	FALSE	NA	NA	NA	NA	NA	NA
NC_045512.2	24053	G	A	0	0	0	1	1	39	1	1	1	FALSE	NA	NA	NA	NA	NA	NA
NC_045512.2	25584	C	T	0	0	0	1	1	39	1	1	1	FALSE	NA	NA	NA	NA	NA	NA
NC_045512.2	27286	C	A	5	0	39	1	0	29	0.166667	6	0.545455	FALSE	NA	NA	NA	NA	NA	NA
NC_045512.2	27384	T	C	19	16	42	1	1	36	0.05	20	0.512821	FALSE	NA	NA	NA	NA	NA	NA
NC_045512.2	27889	C	T	7	6	37	6	5	38	0.461538	13	0.00968944	TRUE	NA	NA	NA	NA	NA	NA
NC_045512.2	28149	T	C	100	2	39	1	0	39	0.00990099	101	0.502488	FALSE	NA	NA	NA	NA	NA	NA
NC_045512.2	28271	A	T	0	0	0	52	52	38	1	52	1.26337e-30	TRUE	NA	NA	NA	NA	NA	NA
NC_045512.2	28311	C	T	0	0	0	2	0	38	1	2	0.333333	FALSE	NA	NA	NA	NA	NA	NA
NC_045512.2	28312	C	T	0	0	0	2	0	36	1	2	0.333333	FALSE	NA	NA	NA	NA	NA	NA
NC_045512.2	28328	G	A	5	0	36	1	0	39	0.166667	6	0.545455	FALSE	NA	NA	NA	NA	NA	NA
NC_045512.2	28363	A	T	0	0	0	2	0	38	1	2	0.333333	FALSE	NA	NA	NA	NA	NA	NA
NC_045512.2	28370	A	G	0	0	0	1	0	39	1	1	1	FALSE	NA	NA	NA	NA	NA	NA
NC_045512.2	28396	G	C	15	6	44	2	0	38	0.117647	17	0.257576	FALSE	NA	NA	NA	NA	NA	NA
NC_045512.2	28681	G	T	49	16	42	31	6	39	0.3875	80	1.53974e-11	TRUE	NA	NA	NA	NA	NA	NA
NC_045512.2	28687	C	T	41	23	40	4	1	39	0.0888889	45	0.0610229	FALSE	NA	NA	NA	NA	NA	NA
NC_045512.2	28724	C	T	51	31	40	2	1	39	0.0377358	53	0.252381	FALSE	NA	NA	NA	NA	NA	NA
