REGION	POS	REF	ALT	REF_DP	REF_RV	REF_QUAL	ALT_DP	ALT_RV	ALT_QUAL	ALT_FREQ	TOTAL_DP	PVAL	PASS	GFF_FEATURE	REF_CODON	REF_AA	ALT_CODON	ALT_AA	POS_AA
NC_045512.2	2037	C	T	36	25	42	6	5	39	0.142857	42	0.0138981	FALSE	NA	NA	NA	NA	NA	NA
NC_045512.2	2040	C	T	49	26	41	9	5	39	0.155172	58	0.00151432	TRUE	NA	NA	NA	NA	NA	NA
NC_045512.2	4184	G	A	0	0	0	2	1	36	1	2	0.333333	FALSE	NA	NA	NA	NA	NA	NA
NC_045512.2	5407	C	-T	31	12	42	1	0	20	0.0322581	31	0.516129	FALSE	NA	NA	NA	NA	NA	NA
NC_045512.2	12160	G	A	0	0	0	1	1	39	1	1	1	FALSE	NA	NA	NA	NA	NA	NA
NC_045512.2	13939	G	T	21	12	44	1	0	31	0.0454545	22	0.511628	FALSE	NA	NA	NA	NA	NA	NA
NC_045512.2	15714	C	T	0	0	0	43	23	39	1	43	3.01316e-25	TRUE	NA	NA	NA	NA	NA	NA
NC_045512.2	16289	C	T	62	10	38	1	0	39	0.015873	63	0.504	FALSE	NA	NA	NA	NA	NA	NA
NC_045512.2	16884	T	C	98	22	39	1	0	38	0.010101	99	0.502538	FALSE	NA	NA	NA	NA	NA	NA
NC_045512.2	16924	C	T	108	67	42	1	1	39	0.00917431	109	0.502304	FALSE	NA	NA	NA	NA	NA	NA
NC_045512.2	17304	C	T	4	1	39	1	0	39	0.2	5	0.555556	FALSE	NA	NA	NA	NA	NA	NA
NC_045512.2	17410	C	T	0	0	0	2	2	38	1	2	0.333333	FALSE	NA	NA	NA	NA	NA	NA
NC_045512.2	17558	G	A	179	145	51	1	1	34	0.00555556	180	0.501393	FALSE	NA	NA	NA	NA	NA	NA
NC_045512.2	18690	T	A	20	0	38	1	0	39	0.047619	21	0.512195	FALSE	NA	NA	NA	NA	NA	NA
NC_045512.2	20251	A	G	10	0	38	1	0	39	0.0909091	11	0.52381	FALSE	NA	NA	NA	NA	NA	NA
NC_045512.2	21471	T	C	2	2	39	1	0	39	0.333333	3	0.6	FALSE	NA	NA	NA	NA	NA	NA
NC_045512.2	21770	G	A	0	0	0	3	3	38	1	3	0.1	FALSE	NA	NA	NA	NA	NA	NA
NC_045512.2	21997	C	T	0	0	0	1	0	39	1	1	1	FALSE	NA	NA	NA	NA	NA	NA
NC_045512.2	23403	A	G	0	0	0	6	3	38	1	6	0.0021645	TRUE	NA	NA	NA	NA	NA	NA
NC_045512.2	24578	A	G	26	2	43	1	0	39	0.037037	27	0.509434	FALSE	NA	NA	NA	NA	NA	NA
NC_045512.2	25584	C	T	0	0	0	4	4	37	1	4	0.0285714	FALSE	NA	NA	NA	NA	NA	NA
NC_045512.2	27889	C	T	10	6	37	21	16	39	0.677419	31	3.6425e-09	TRUE	NA	NA	NA	NA	NA	NA
NC_045512.2	28134	G	T	105	0	38	1	0	38	0.00943396	106	0.50237	FALSE	NA	NA	NA	NA	NA	NA
NC_045512.2	28271	A	T	0	0	0	82	81	38	1	82	1.37485e-48	TRUE	NA	NA	NA	NA	NA	NA
NC_045512.2	28363	A	T	0	0	0	2	0	34	1	2	0.333333	FALSE	NA	NA	NA	NA	NA	NA
NC_045512.2	28370	A	G	0	0	0	2	2	38	1	2	0.333333	FALSE	NA	NA	NA	NA	NA	NA
NC_045512.2	28724	C	T	79	42	40	6	4	38	0.0705882	85	0.0147848	FALSE	NA	NA	NA	NA	NA	NA
NC_045512.2	29398	G	A	47	47	38	1	1	35	0.0208333	48	0.505263	FALSE	NA	NA	NA	NA	NA	NA
