REGION	POS	REF	ALT	REF_DP	REF_RV	REF_QUAL	ALT_DP	ALT_RV	ALT_QUAL	ALT_FREQ	TOTAL_DP	PVAL	PASS	GFF_FEATURE	REF_CODON	REF_AA	ALT_CODON	ALT_AA	POS_AA
NC_045512.2	8576	A	T	46	46	38	1	1	39	0.0212766	47	0.505376	FALSE	NA	NA	NA	NA	NA	NA
NC_045512.2	9344	C	T	0	0	0	4	2	38	1	4	0.0285714	FALSE	NA	NA	NA	NA	NA	NA
NC_045512.2	12160	G	A	0	0	0	31	19	38	1	31	4.29712e-18	TRUE	NA	NA	NA	NA	NA	NA
NC_045512.2	15117	T	A	39	3	41	1	0	34	0.025	40	0.506329	FALSE	NA	NA	NA	NA	NA	NA
NC_045512.2	15684	T	A	276	7	39	1	0	39	0.00361011	277	0.500904	FALSE	NA	NA	NA	NA	NA	NA
NC_045512.2	15714	C	T	0	0	0	42	33	39	1	42	1.19125e-24	TRUE	NA	NA	NA	NA	NA	NA
NC_045512.2	16935	G	A	127	104	41	13	13	37	0.0928571	140	9.5626e-05	TRUE	NA	NA	NA	NA	NA	NA
NC_045512.2	16936	C	A	136	111	41	1	1	39	0.00729927	137	0.501832	FALSE	NA	NA	NA	NA	NA	NA
NC_045512.2	17251	C	A	28	27	41	1	1	37	0.0344828	29	0.508772	FALSE	NA	NA	NA	NA	NA	NA
NC_045512.2	17410	C	T	0	0	0	1	1	39	1	1	1	FALSE	NA	NA	NA	NA	NA	NA
NC_045512.2	17796	T	C	22	7	42	1	0	39	0.0434783	23	0.511111	FALSE	NA	NA	NA	NA	NA	NA
NC_045512.2	21544	G	T	0	0	0	1	1	30	1	1	1	FALSE	NA	NA	NA	NA	NA	NA
NC_045512.2	22674	C	T	0	0	0	2	2	37	1	2	0.333333	FALSE	NA	NA	NA	NA	NA	NA
NC_045512.2	23403	A	G	0	0	0	14	5	38	1	14	4.98547e-08	TRUE	NA	NA	NA	NA	NA	NA
NC_045512.2	23404	T	C	14	6	37	1	0	30	0.0666667	15	0.517241	FALSE	NA	NA	NA	NA	NA	NA
NC_045512.2	23453	C	G	45	21	46	1	0	39	0.0217391	46	0.505495	FALSE	NA	NA	NA	NA	NA	NA
NC_045512.2	27889	C	T	0	0	0	24	16	38	1	24	6.20201e-14	TRUE	NA	NA	NA	NA	NA	NA
NC_045512.2	28126	A	G	21	0	37	1	0	38	0.0454545	22	0.511628	FALSE	NA	NA	NA	NA	NA	NA
NC_045512.2	28271	A	T	0	0	0	44	44	38	1	44	7.61948e-26	TRUE	NA	NA	NA	NA	NA	NA
NC_045512.2	28330	A	G	5	0	45	3	0	38	0.375	8	0.123077	FALSE	NA	NA	NA	NA	NA	NA
NC_045512.2	28438	T	C	38	28	41	1	1	39	0.025641	39	0.506494	FALSE	NA	NA	NA	NA	NA	NA
NC_045512.2	28673	G	A	210	17	40	1	1	37	0.00473934	211	0.501188	FALSE	NA	NA	NA	NA	NA	NA
NC_045512.2	28681	G	T	148	29	43	22	3	42	0.129412	170	1.23359e-07	TRUE	NA	NA	NA	NA	NA	NA
NC_045512.2	29404	T	C	56	51	40	1	1	34	0.0175439	57	0.504425	FALSE	NA	NA	NA	NA	NA	NA
