REGION	POS	REF	ALT	REF_DP	REF_RV	REF_QUAL	ALT_DP	ALT_RV	ALT_QUAL	ALT_FREQ	TOTAL_DP	PVAL	PASS	GFF_FEATURE	REF_CODON	REF_AA	ALT_CODON	ALT_AA	POS_AA
NC_045512.2	8452	A	T	20	0	40	1	0	39	0.047619	21	0.512195	FALSE	NA	NA	NA	NA	NA	NA
NC_045512.2	11238	G	A	18	17	42	1	1	33	0.0526316	19	0.513514	FALSE	NA	NA	NA	NA	NA	NA
NC_045512.2	15714	C	T	0	0	0	5	2	46	1	5	0.00793651	TRUE	NA	NA	NA	NA	NA	NA
NC_045512.2	20860	A	T	0	0	0	1	1	33	1	1	1	FALSE	NA	NA	NA	NA	NA	NA
NC_045512.2	25584	C	T	0	0	0	1	1	39	1	1	1	FALSE	NA	NA	NA	NA	NA	NA
NC_045512.2	28271	A	T	0	0	0	11	11	38	1	11	2.83514e-06	TRUE	NA	NA	NA	NA	NA	NA
NC_045512.2	28728	C	T	7	4	38	4	4	38	0.363636	11	0.0551378	FALSE	NA	NA	NA	NA	NA	NA
