REGION	POS	REF	ALT	REF_DP	REF_RV	REF_QUAL	ALT_DP	ALT_RV	ALT_QUAL	ALT_FREQ	TOTAL_DP	PVAL	PASS	GFF_FEATURE	REF_CODON	REF_AA	ALT_CODON	ALT_AA	POS_AA
NC_045512.2	1134	A	G	3	0	36	1	0	36	0.25	4	0.571429	FALSE	NA	NA	NA	NA	NA	NA
NC_045512.2	1569	A	T	0	0	0	1	0	35	1	1	1	FALSE	NA	NA	NA	NA	NA	NA
NC_045512.2	4784	C	T	27	0	38	2	0	33	0.0689655	29	0.254386	FALSE	NA	NA	NA	NA	NA	NA
NC_045512.2	4796	T	G	32	3	44	1	0	38	0.030303	33	0.507692	FALSE	NA	NA	NA	NA	NA	NA
NC_045512.2	12160	G	A	1	0	37	1	1	37	0.5	2	0.666667	FALSE	NA	NA	NA	NA	NA	NA
NC_045512.2	15714	C	T	0	0	0	12	4	38	1	12	7.39602e-07	TRUE	NA	NA	NA	NA	NA	NA
NC_045512.2	19007	C	T	1	1	39	1	0	33	0.5	2	0.666667	FALSE	NA	NA	NA	NA	NA	NA
NC_045512.2	21176	A	G	4	3	47	1	1	36	0.2	5	0.555556	FALSE	NA	NA	NA	NA	NA	NA
NC_045512.2	21724	G	A	6	2	37	1	1	33	0.142857	7	0.538462	FALSE	NA	NA	NA	NA	NA	NA
NC_045512.2	23381	C	T	12	1	38	1	0	33	0.0769231	13	0.52	FALSE	NA	NA	NA	NA	NA	NA
NC_045512.2	23403	A	G	0	0	0	5	1	35	1	5	0.00793651	TRUE	NA	NA	NA	NA	NA	NA
NC_045512.2	26428	G	T	1	0	38	1	1	29	0.5	2	0.666667	FALSE	NA	NA	NA	NA	NA	NA
NC_045512.2	27384	T	C	0	0	0	2	1	37	1	2	0.333333	FALSE	NA	NA	NA	NA	NA	NA
NC_045512.2	28195	G	A	13	6	39	1	1	33	0.0714286	14	0.518519	FALSE	NA	NA	NA	NA	NA	NA
NC_045512.2	28271	A	T	0	0	0	12	12	38	1	12	7.39602e-07	TRUE	NA	NA	NA	NA	NA	NA
NC_045512.2	28363	A	T	0	0	0	2	0	35	1	2	0.333333	FALSE	NA	NA	NA	NA	NA	NA
