REGION	POS	REF	ALT	REF_DP	REF_RV	REF_QUAL	ALT_DP	ALT_RV	ALT_QUAL	ALT_FREQ	TOTAL_DP	PVAL	PASS	GFF_FEATURE	REF_CODON	REF_AA	ALT_CODON	ALT_AA	POS_AA
NC_045512.2	7264	T	C	1	1	39	1	1	38	0.5	2	0.666667	FALSE	NA	NA	NA	NA	NA	NA
NC_045512.2	11494	C	T	30	13	41	1	1	39	0.0322581	31	0.508197	FALSE	NA	NA	NA	NA	NA	NA
NC_045512.2	15714	C	T	0	0	0	22	15	38	1	22	9.50526e-13	TRUE	NA	NA	NA	NA	NA	NA
NC_045512.2	15738	C	T	78	20	38	4	1	39	0.0487805	82	0.0617117	FALSE	NA	NA	NA	NA	NA	NA
NC_045512.2	15770	C	A	124	91	39	1	1	39	0.008	125	0.502008	FALSE	NA	NA	NA	NA	NA	NA
NC_045512.2	16935	G	A	78	63	40	1	1	39	0.0126582	79	0.503185	FALSE	NA	NA	NA	NA	NA	NA
NC_045512.2	17550	C	T	51	37	40	6	6	37	0.105263	57	0.0143627	FALSE	NA	NA	NA	NA	NA	NA
NC_045512.2	18163	A	G	0	0	0	1	1	39	1	1	1	FALSE	NA	NA	NA	NA	NA	NA
NC_045512.2	21766	A	C	0	0	0	1	1	39	1	1	1	FALSE	NA	NA	NA	NA	NA	NA
NC_045512.2	21770	G	A	0	0	0	1	1	38	1	1	1	FALSE	NA	NA	NA	NA	NA	NA
NC_045512.2	23403	A	G	0	0	0	11	7	37	1	11	2.83514e-06	TRUE	NA	NA	NA	NA	NA	NA
NC_045512.2	25584	C	T	0	0	0	1	1	39	1	1	1	FALSE	NA	NA	NA	NA	NA	NA
NC_045512.2	27685	T	G	8	7	38	1	1	27	0.111111	9	0.529412	FALSE	NA	NA	NA	NA	NA	NA
NC_045512.2	27889	C	T	2	2	38	14	11	38	0.875	16	4.52519e-07	TRUE	NA	NA	NA	NA	NA	NA
NC_045512.2	28271	A	T	0	0	0	94	94	38	1	94	8.77217e-56	TRUE	NA	NA	NA	NA	NA	NA
NC_045512.2	28311	C	T	0	0	0	1	0	39	1	1	1	FALSE	NA	NA	NA	NA	NA	NA
NC_045512.2	28363	A	T	0	0	0	1	0	39	1	1	1	FALSE	NA	NA	NA	NA	NA	NA
NC_045512.2	28370	A	G	0	0	0	4	0	38	1	4	0.0285714	FALSE	NA	NA	NA	NA	NA	NA
NC_045512.2	28396	G	A	21	8	46	1	0	38	0.0454545	22	0.511628	FALSE	NA	NA	NA	NA	NA	NA
NC_045512.2	28706	C	T	52	33	40	1	1	39	0.0188679	53	0.504762	FALSE	NA	NA	NA	NA	NA	NA
NC_045512.2	28711	T	G	60	35	39	1	0	27	0.0163934	61	0.504132	FALSE	NA	NA	NA	NA	NA	NA
