REGION	POS	REF	ALT	REF_DP	REF_RV	REF_QUAL	ALT_DP	ALT_RV	ALT_QUAL	ALT_FREQ	TOTAL_DP	PVAL	PASS	GFF_FEATURE	REF_CODON	REF_AA	ALT_CODON	ALT_AA	POS_AA
NC_045512.2	11179	G	-T	4	2	38	1	0	20	0.25	4	0.625	FALSE	NA	NA	NA	NA	NA	NA
NC_045512.2	11180	T	G	3	1	38	1	0	39	0.25	4	0.5	FALSE	NA	NA	NA	NA	NA	NA
NC_045512.2	12160	G	A	1	1	39	4	2	39	0.8	5	0.0396825	FALSE	NA	NA	NA	NA	NA	NA
NC_045512.2	15714	C	T	0	0	0	20	12	38	1	20	1.45089e-11	TRUE	NA	NA	NA	NA	NA	NA
NC_045512.2	18777	A	G	15	9	43	1	1	38	0.0625	16	0.516129	FALSE	NA	NA	NA	NA	NA	NA
NC_045512.2	21766	A	C	1	0	77	1	1	39	0.5	2	0.666667	FALSE	NA	NA	NA	NA	NA	NA
NC_045512.2	21770	G	A	1	0	78	3	3	37	0.75	4	0.114286	FALSE	NA	NA	NA	NA	NA	NA
NC_045512.2	23403	A	G	0	0	0	7	3	39	1	7	0.000582751	TRUE	NA	NA	NA	NA	NA	NA
NC_045512.2	24651	C	-A	4	4	38	1	0	20	0.25	4	0.625	FALSE	NA	NA	NA	NA	NA	NA
NC_045512.2	27384	T	C	19	14	38	1	0	39	0.05	20	0.512821	FALSE	NA	NA	NA	NA	NA	NA
NC_045512.2	27889	C	T	4	3	38	12	11	38	0.75	16	1.28968e-05	TRUE	NA	NA	NA	NA	NA	NA
NC_045512.2	28271	A	T	0	0	0	54	54	38	1	54	8.04577e-32	TRUE	NA	NA	NA	NA	NA	NA
NC_045512.2	28311	C	T	0	0	0	1	1	37	1	1	1	FALSE	NA	NA	NA	NA	NA	NA
NC_045512.2	28330	A	G	10	1	38	1	0	38	0.0909091	11	0.52381	FALSE	NA	NA	NA	NA	NA	NA
NC_045512.2	28363	A	T	0	0	0	6	0	36	1	6	0.0021645	TRUE	NA	NA	NA	NA	NA	NA
NC_045512.2	28681	G	T	36	5	41	2	0	39	0.0526316	38	0.253333	FALSE	NA	NA	NA	NA	NA	NA
NC_045512.2	29000	G	A	4	3	37	1	0	27	0.2	5	0.555556	FALSE	NA	NA	NA	NA	NA	NA
NC_045512.2	29377	T	-A	127	117	43	1	0	20	0.00787402	127	0.75491	FALSE	NA	NA	NA	NA	NA	NA
NC_045512.2	29392	G	C	69	65	42	1	1	39	0.0142857	70	0.503597	FALSE	NA	NA	NA	NA	NA	NA
