REGION	POS	REF	ALT	REF_DP	REF_RV	REF_QUAL	ALT_DP	ALT_RV	ALT_QUAL	ALT_FREQ	TOTAL_DP	PVAL	PASS	GFF_FEATURE	REF_CODON	REF_AA	ALT_CODON	ALT_AA	POS_AA
NC_045512.2	9344	C	T	0	0	0	1	1	39	1	1	1	FALSE	NA	NA	NA	NA	NA	NA
NC_045512.2	9424	A	G	0	0	0	1	1	39	1	1	1	FALSE	NA	NA	NA	NA	NA	NA
NC_045512.2	12160	G	A	0	0	0	7	4	38	1	7	0.000582751	TRUE	NA	NA	NA	NA	NA	NA
NC_045512.2	15714	C	T	0	0	0	22	12	42	1	22	9.50526e-13	TRUE	NA	NA	NA	NA	NA	NA
NC_045512.2	19055	A	-GT	89	36	38	19	0	20	0.213483	89	5.53295e-06	TRUE	NA	NA	NA	NA	NA	NA
NC_045512.2	19060	G	A	73	30	38	3	0	38	0.0394737	76	0.124983	FALSE	NA	NA	NA	NA	NA	NA
NC_045512.2	19637	C	-T	95	3	39	1	0	20	0.0105263	95	0.505263	FALSE	NA	NA	NA	NA	NA	NA
NC_045512.2	23403	A	G	0	0	0	6	4	38	1	6	0.0021645	TRUE	NA	NA	NA	NA	NA	NA
NC_045512.2	26202	T	C	44	42	42	1	1	35	0.0222222	45	0.505618	FALSE	NA	NA	NA	NA	NA	NA
NC_045512.2	27351	T	A	125	68	39	1	0	37	0.00793651	126	0.501992	FALSE	NA	NA	NA	NA	NA	NA
NC_045512.2	27889	C	T	0	0	0	42	38	39	1	42	1.19125e-24	TRUE	NA	NA	NA	NA	NA	NA
NC_045512.2	28271	A	T	0	0	0	7	7	38	1	7	0.000582751	TRUE	NA	NA	NA	NA	NA	NA
NC_045512.2	28330	A	G	0	0	0	1	0	36	1	1	1	FALSE	NA	NA	NA	NA	NA	NA
NC_045512.2	28681	G	T	12	3	59	9	2	46	0.428571	21	0.000838976	TRUE	NA	NA	NA	NA	NA	NA
NC_045512.2	28724	C	T	7	4	38	7	3	38	0.5	14	0.00386473	TRUE	NA	NA	NA	NA	NA	NA
NC_045512.2	29377	T	-A	60	59	41	1	0	20	0.0166667	60	0.508333	FALSE	NA	NA	NA	NA	NA	NA
