REGION	POS	REF	ALT	REF_DP	REF_RV	REF_QUAL	ALT_DP	ALT_RV	ALT_QUAL	ALT_FREQ	TOTAL_DP	PVAL	PASS	GFF_FEATURE	REF_CODON	REF_AA	ALT_CODON	ALT_AA	POS_AA
NC_045512.2	5132	A	G	4	2	38	1	0	37	0.2	5	0.555556	FALSE	NA	NA	NA	NA	NA	NA
NC_045512.2	5768	C	T	14	8	43	1	1	30	0.0666667	15	0.517241	FALSE	NA	NA	NA	NA	NA	NA
NC_045512.2	7609	C	T	22	16	48	1	1	38	0.0434783	23	0.511111	FALSE	NA	NA	NA	NA	NA	NA
NC_045512.2	15714	C	T	0	0	0	24	10	38	1	24	6.20201e-14	TRUE	NA	NA	NA	NA	NA	NA
NC_045512.2	16912	G	A	20	9	38	1	0	37	0.047619	21	0.512195	FALSE	NA	NA	NA	NA	NA	NA
NC_045512.2	16938	A	G	46	34	39	3	3	39	0.0612245	49	0.124959	FALSE	NA	NA	NA	NA	NA	NA
NC_045512.2	17250	T	C	9	7	49	1	1	36	0.1	10	0.526316	FALSE	NA	NA	NA	NA	NA	NA
NC_045512.2	17410	C	T	0	0	0	1	1	36	1	1	1	FALSE	NA	NA	NA	NA	NA	NA
NC_045512.2	17540	A	G	58	39	40	1	1	37	0.0169492	59	0.504274	FALSE	NA	NA	NA	NA	NA	NA
NC_045512.2	20946	C	T	1	1	39	8	8	38	0.888889	9	0.000370218	TRUE	NA	NA	NA	NA	NA	NA
NC_045512.2	23403	A	G	0	0	0	4	1	39	1	4	0.0285714	FALSE	NA	NA	NA	NA	NA	NA
NC_045512.2	27889	C	T	0	0	0	73	63	39	1	73	3.40119e-43	TRUE	NA	NA	NA	NA	NA	NA
NC_045512.2	27949	A	G	88	79	44	1	1	38	0.011236	89	0.502825	FALSE	NA	NA	NA	NA	NA	NA
NC_045512.2	28178	G	A	38	11	46	6	2	42	0.136364	44	0.0139788	FALSE	NA	NA	NA	NA	NA	NA
NC_045512.2	28271	A	T	0	0	0	26	26	38	1	26	4.03292e-15	TRUE	NA	NA	NA	NA	NA	NA
NC_045512.2	28330	A	G	4	0	39	2	0	38	0.333333	6	0.272727	FALSE	NA	NA	NA	NA	NA	NA
NC_045512.2	28363	A	T	0	0	0	2	0	31	1	2	0.333333	FALSE	NA	NA	NA	NA	NA	NA
NC_045512.2	28766	A	C	88	88	38	1	1	30	0.011236	89	0.502825	FALSE	NA	NA	NA	NA	NA	NA
NC_045512.2	28991	C	A	12	3	38	1	0	27	0.0769231	13	0.52	FALSE	NA	NA	NA	NA	NA	NA
NC_045512.2	29001	G	A	15	6	38	1	0	31	0.0625	16	0.516129	FALSE	NA	NA	NA	NA	NA	NA
NC_045512.2	29292	A	T	84	5	42	1	0	39	0.0117647	85	0.502959	FALSE	NA	NA	NA	NA	NA	NA
NC_045512.2	29541	C	T	1	0	37	1	0	39	0.5	2	0.666667	FALSE	NA	NA	NA	NA	NA	NA
NC_045512.2	29686	C	T	51	50	39	2	2	38	0.0377358	53	0.252381	FALSE	NA	NA	NA	NA	NA	NA
