REGION	POS	REF	ALT	REF_DP	REF_RV	REF_QUAL	ALT_DP	ALT_RV	ALT_QUAL	ALT_FREQ	TOTAL_DP	PVAL	PASS	GFF_FEATURE	REF_CODON	REF_AA	ALT_CODON	ALT_AA	POS_AA
NC_045512.2	3037	C	T	0	0	0	1	1	39	1	1	1	FALSE	NA	NA	NA	NA	NA	NA
NC_045512.2	3564	G	T	0	0	0	4	3	38	1	4	0.0285714	FALSE	NA	NA	NA	NA	NA	NA
NC_045512.2	4184	G	A	0	0	0	2	2	38	1	2	0.333333	FALSE	NA	NA	NA	NA	NA	NA
NC_045512.2	13506	C	G	0	0	0	1	0	38	1	1	1	FALSE	NA	NA	NA	NA	NA	NA
NC_045512.2	15693	A	G	120	5	40	1	0	39	0.00826446	121	0.502075	FALSE	NA	NA	NA	NA	NA	NA
NC_045512.2	15714	C	T	0	0	0	38	15	39	1	38	2.90165e-22	TRUE	NA	NA	NA	NA	NA	NA
NC_045512.2	16355	A	G	32	28	49	1	1	39	0.030303	33	0.507692	FALSE	NA	NA	NA	NA	NA	NA
NC_045512.2	20926	C	T	33	32	40	1	1	38	0.0294118	34	0.507463	FALSE	NA	NA	NA	NA	NA	NA
NC_045512.2	23135	T	C	22	6	48	1	1	36	0.0434783	23	0.511111	FALSE	NA	NA	NA	NA	NA	NA
NC_045512.2	23403	A	G	0	0	0	9	6	39	1	9	4.11353e-05	TRUE	NA	NA	NA	NA	NA	NA
NC_045512.2	24015	T	A	79	7	41	1	0	39	0.0125	80	0.503145	FALSE	NA	NA	NA	NA	NA	NA
NC_045512.2	24611	G	T	201	154	40	1	0	39	0.0049505	202	0.501241	FALSE	NA	NA	NA	NA	NA	NA
NC_045512.2	25584	C	T	0	0	0	1	1	39	1	1	1	FALSE	NA	NA	NA	NA	NA	NA
NC_045512.2	25871	A	T	22	12	46	1	1	39	0.0434783	23	0.511111	FALSE	NA	NA	NA	NA	NA	NA
NC_045512.2	27382	G	C	58	42	39	1	1	37	0.0169492	59	0.504274	FALSE	NA	NA	NA	NA	NA	NA
NC_045512.2	27383	A	T	58	43	39	1	1	37	0.0169492	59	0.504274	FALSE	NA	NA	NA	NA	NA	NA
NC_045512.2	27384	T	C	65	41	39	4	1	38	0.057971	69	0.0615572	FALSE	NA	NA	NA	NA	NA	NA
NC_045512.2	28145	A	C	103	4	41	1	0	38	0.00961538	104	0.502415	FALSE	NA	NA	NA	NA	NA	NA
NC_045512.2	28271	A	T	0	0	0	65	65	38	1	65	2.10377e-38	TRUE	NA	NA	NA	NA	NA	NA
NC_045512.2	28311	C	T	0	0	0	1	0	39	1	1	1	FALSE	NA	NA	NA	NA	NA	NA
NC_045512.2	28363	A	T	0	0	0	25	0	37	1	25	1.58215e-14	TRUE	NA	NA	NA	NA	NA	NA
NC_045512.2	28462	C	T	65	62	42	1	1	39	0.0151515	66	0.503817	FALSE	NA	NA	NA	NA	NA	NA
NC_045512.2	28985	G	T	21	7	49	1	0	37	0.0454545	22	0.511628	FALSE	NA	NA	NA	NA	NA	NA
NC_045512.2	29338	G	A	54	15	38	1	0	39	0.0181818	55	0.504587	FALSE	NA	NA	NA	NA	NA	NA
