REGION	POS	REF	ALT	REF_DP	REF_RV	REF_QUAL	ALT_DP	ALT_RV	ALT_QUAL	ALT_FREQ	TOTAL_DP	PVAL	PASS	GFF_FEATURE	REF_CODON	REF_AA	ALT_CODON	ALT_AA	POS_AA
NC_045512.2	4234	C	T	2	0	34	1	0	34	0.333333	3	0.6	FALSE	NA	NA	NA	NA	NA	NA
NC_045512.2	6346	A	G	10	2	40	1	0	34	0.0909091	11	0.52381	FALSE	NA	NA	NA	NA	NA	NA
NC_045512.2	7015	A	T	54	25	38	1	1	34	0.0181818	55	0.504587	FALSE	NA	NA	NA	NA	NA	NA
NC_045512.2	7072	C	T	39	37	35	7	7	32	0.152174	46	0.00661289	TRUE	NA	NA	NA	NA	NA	NA
NC_045512.2	10447	G	A	0	0	0	1	0	26	1	1	1	FALSE	NA	NA	NA	NA	NA	NA
NC_045512.2	11359	A	T	16	10	40	1	1	27	0.0588235	17	0.515152	FALSE	NA	NA	NA	NA	NA	NA
NC_045512.2	13974	A	G	13	11	34	1	1	34	0.0714286	14	0.518519	FALSE	NA	NA	NA	NA	NA	NA
NC_045512.2	16847	A	T	21	21	38	1	1	34	0.0454545	22	0.511628	FALSE	NA	NA	NA	NA	NA	NA
NC_045512.2	19326	A	G	0	0	0	7	3	34	1	7	0.000582751	TRUE	NA	NA	NA	NA	NA	NA
NC_045512.2	21265	G	A	16	16	34	1	1	34	0.0588235	17	0.515152	FALSE	NA	NA	NA	NA	NA	NA
NC_045512.2	24381	C	T	0	0	0	1	1	34	1	1	1	FALSE	NA	NA	NA	NA	NA	NA
NC_045512.2	26858	C	T	0	0	0	3	3	34	1	3	0.1	FALSE	NA	NA	NA	NA	NA	NA
NC_045512.2	27807	C	T	0	0	0	4	4	34	1	4	0.0285714	FALSE	NA	NA	NA	NA	NA	NA
