REGION	POS	REF	ALT	REF_DP	REF_RV	REF_QUAL	ALT_DP	ALT_RV	ALT_QUAL	ALT_FREQ	TOTAL_DP	PVAL	PASS	GFF_FEATURE	REF_CODON	REF_AA	ALT_CODON	ALT_AA	POS_AA
NC_045512.2	670	T	G	0	0	0	1	0	38	1	1	1	FALSE	NA	NA	NA	NA	NA	NA
NC_045512.2	1217	T	C	2	0	38	1	0	39	0.333333	3	0.6	FALSE	NA	NA	NA	NA	NA	NA
NC_045512.2	1627	C	T	0	0	0	1	0	39	1	1	1	FALSE	NA	NA	NA	NA	NA	NA
NC_045512.2	1910	T	C	7	0	38	1	0	38	0.125	8	0.533333	FALSE	NA	NA	NA	NA	NA	NA
NC_045512.2	1998	T	A	6	0	38	1	0	39	0.142857	7	0.538462	FALSE	NA	NA	NA	NA	NA	NA
NC_045512.2	2257	T	C	20	0	38	1	0	38	0.047619	21	0.512195	FALSE	NA	NA	NA	NA	NA	NA
NC_045512.2	2478	A	G	13	13	38	1	1	39	0.0714286	14	0.518519	FALSE	NA	NA	NA	NA	NA	NA
NC_045512.2	5209	A	G	51	20	72	1	0	37	0.0192308	52	0.504854	FALSE	NA	NA	NA	NA	NA	NA
NC_045512.2	7532	T	C	3	0	38	1	0	39	0.25	4	0.571429	FALSE	NA	NA	NA	NA	NA	NA
NC_045512.2	10569	A	G	33	32	39	1	1	39	0.0294118	34	0.507463	FALSE	NA	NA	NA	NA	NA	NA
NC_045512.2	12484	C	T	65	13	50	5	0	39	0.0714286	70	0.0301015	FALSE	NA	NA	NA	NA	NA	NA
NC_045512.2	17303	T	C	11	0	38	1	0	37	0.0833333	12	0.521739	FALSE	NA	NA	NA	NA	NA	NA
NC_045512.2	17410	C	T	1	1	38	13	13	38	0.928571	14	6.97965e-07	TRUE	NA	NA	NA	NA	NA	NA
NC_045512.2	18378	A	G	16	0	38	1	0	37	0.0588235	17	0.515152	FALSE	NA	NA	NA	NA	NA	NA
NC_045512.2	21322	T	C	9	2	37	1	0	39	0.1	10	0.526316	FALSE	NA	NA	NA	NA	NA	NA
NC_045512.2	21998	C	T	0	0	0	1	0	39	1	1	1	FALSE	NA	NA	NA	NA	NA	NA
NC_045512.2	22108	A	T	0	0	0	1	0	37	1	1	1	FALSE	NA	NA	NA	NA	NA	NA
NC_045512.2	22131	G	A	90	0	38	1	0	37	0.010989	91	0.502762	FALSE	NA	NA	NA	NA	NA	NA
NC_045512.2	22133	G	A	89	0	38	1	0	32	0.0111111	90	0.502793	FALSE	NA	NA	NA	NA	NA	NA
NC_045512.2	22200	T	G	0	0	0	5	0	38	1	5	0.00793651	TRUE	NA	NA	NA	NA	NA	NA
NC_045512.2	22914	A	G	0	0	0	1	0	39	1	1	1	FALSE	NA	NA	NA	NA	NA	NA
NC_045512.2	23403	A	G	0	0	0	4	0	38	1	4	0.0285714	FALSE	NA	NA	NA	NA	NA	NA
NC_045512.2	26577	C	G	0	0	0	3	0	38	1	3	0.1	FALSE	NA	NA	NA	NA	NA	NA
NC_045512.2	27038	A	G	0	0	0	1	1	38	1	1	1	FALSE	NA	NA	NA	NA	NA	NA
NC_045512.2	28883	G	C	0	0	0	9	9	36	1	9	4.11353e-05	TRUE	NA	NA	NA	NA	NA	NA
NC_045512.2	29101	A	G	168	0	37	1	0	38	0.00591716	169	0.501484	FALSE	NA	NA	NA	NA	NA	NA
NC_045512.2	29229	G	A	23	0	37	1	0	34	0.0416667	24	0.510638	FALSE	NA	NA	NA	NA	NA	NA
