REGION	POS	REF	ALT	REF_DP	REF_RV	REF_QUAL	ALT_DP	ALT_RV	ALT_QUAL	ALT_FREQ	TOTAL_DP	PVAL	PASS	GFF_FEATURE	REF_CODON	REF_AA	ALT_CODON	ALT_AA	POS_AA
NC_045512.2	7611	A	T	136	118	46	1	1	39	0.00729927	137	0.501832	FALSE	NA	NA	NA	NA	NA	NA
NC_045512.2	11219	A	T	61	52	38	1	0	36	0.016129	62	0.504065	FALSE	NA	NA	NA	NA	NA	NA
NC_045512.2	12160	G	A	0	0	0	11	9	38	1	11	2.83514e-06	TRUE	NA	NA	NA	NA	NA	NA
NC_045512.2	12994	T	C	198	10	40	1	0	39	0.00502513	199	0.501259	FALSE	NA	NA	NA	NA	NA	NA
NC_045512.2	13254	G	A	47	0	38	1	0	39	0.0208333	48	0.505263	FALSE	NA	NA	NA	NA	NA	NA
NC_045512.2	14257	T	C	0	0	0	5	4	39	1	5	0.00793651	TRUE	NA	NA	NA	NA	NA	NA
NC_045512.2	15714	C	T	0	0	0	18	13	38	1	18	2.20382e-10	TRUE	NA	NA	NA	NA	NA	NA
NC_045512.2	16105	A	G	124	122	39	1	1	39	0.008	125	0.502008	FALSE	NA	NA	NA	NA	NA	NA
NC_045512.2	16935	G	A	0	0	0	3	2	39	1	3	0.1	FALSE	NA	NA	NA	NA	NA	NA
NC_045512.2	17512	T	C	64	45	38	1	0	36	0.0153846	65	0.503876	FALSE	NA	NA	NA	NA	NA	NA
NC_045512.2	18705	C	T	45	3	41	1	0	39	0.0217391	46	0.505495	FALSE	NA	NA	NA	NA	NA	NA
NC_045512.2	23403	A	G	0	0	0	8	1	38	1	8	0.0001554	TRUE	NA	NA	NA	NA	NA	NA
NC_045512.2	26119	C	A	37	3	41	1	0	34	0.0263158	38	0.506667	FALSE	NA	NA	NA	NA	NA	NA
NC_045512.2	28271	A	T	0	0	0	77	77	38	1	77	1.36438e-45	TRUE	NA	NA	NA	NA	NA	NA
NC_045512.2	28363	A	T	0	0	0	7	0	36	1	7	0.000582751	TRUE	NA	NA	NA	NA	NA	NA
NC_045512.2	28681	G	T	0	0	0	15	2	38	1	15	1.28935e-08	TRUE	NA	NA	NA	NA	NA	NA
NC_045512.2	29000	G	T	9	6	37	2	1	37	0.181818	11	0.261905	FALSE	NA	NA	NA	NA	NA	NA
NC_045512.2	29581	T	C	6	1	38	1	0	38	0.142857	7	0.538462	FALSE	NA	NA	NA	NA	NA	NA
NC_045512.2	29666	C	T	53	38	48	1	1	39	0.0185185	54	0.504673	FALSE	NA	NA	NA	NA	NA	NA
