REGION	POS	REF	ALT	REF_DP	REF_RV	REF_QUAL	ALT_DP	ALT_RV	ALT_QUAL	ALT_FREQ	TOTAL_DP	PVAL	PASS	GFF_FEATURE	REF_CODON	REF_AA	ALT_CODON	ALT_AA	POS_AA
NC_045512.2	3641	G	A	39	39	44	1	1	37	0.025	40	0.506329	FALSE	NA	NA	NA	NA	NA	NA
NC_045512.2	4184	G	A	1	1	39	1	1	39	0.5	2	0.666667	FALSE	NA	NA	NA	NA	NA	NA
NC_045512.2	5386	T	G	3	0	38	1	0	38	0.25	4	0.571429	FALSE	NA	NA	NA	NA	NA	NA
NC_045512.2	5822	C	T	3	3	38	1	1	39	0.25	4	0.571429	FALSE	NA	NA	NA	NA	NA	NA
NC_045512.2	7814	T	C	23	1	40	1	0	35	0.0416667	24	0.510638	FALSE	NA	NA	NA	NA	NA	NA
NC_045512.2	7890	T	A	16	6	46	1	1	39	0.0588235	17	0.515152	FALSE	NA	NA	NA	NA	NA	NA
NC_045512.2	8574	T	C	106	105	38	1	1	38	0.00934579	107	0.502347	FALSE	NA	NA	NA	NA	NA	NA
NC_045512.2	14204	C	T	12	1	40	1	0	33	0.0769231	13	0.52	FALSE	NA	NA	NA	NA	NA	NA
NC_045512.2	15714	C	T	25	14	39	17	8	40	0.404762	42	1.24969e-06	TRUE	NA	NA	NA	NA	NA	NA
NC_045512.2	15797	T	C	146	137	42	1	1	39	0.00680272	147	0.501706	FALSE	NA	NA	NA	NA	NA	NA
NC_045512.2	16342	T	C	63	56	40	4	3	48	0.0597015	67	0.0615279	FALSE	NA	NA	NA	NA	NA	NA
NC_045512.2	17118	C	T	1	0	39	1	0	38	0.5	2	0.666667	FALSE	NA	NA	NA	NA	NA	NA
NC_045512.2	17410	C	T	0	0	0	1	1	38	1	1	1	FALSE	NA	NA	NA	NA	NA	NA
NC_045512.2	18163	A	G	0	0	0	1	1	39	1	1	1	FALSE	NA	NA	NA	NA	NA	NA
NC_045512.2	20643	T	C	53	51	42	1	1	32	0.0185185	54	0.504673	FALSE	NA	NA	NA	NA	NA	NA
NC_045512.2	22118	T	C	8	7	41	1	1	32	0.111111	9	0.529412	FALSE	NA	NA	NA	NA	NA	NA
NC_045512.2	23403	A	G	0	0	0	6	2	39	1	6	0.0021645	TRUE	NA	NA	NA	NA	NA	NA
NC_045512.2	24557	G	T	21	0	38	2	0	39	0.0869565	23	0.255556	FALSE	NA	NA	NA	NA	NA	NA
NC_045512.2	25584	C	T	0	0	0	1	1	39	1	1	1	FALSE	NA	NA	NA	NA	NA	NA
NC_045512.2	27384	T	C	1	1	38	6	1	39	0.857143	7	0.00407925	TRUE	NA	NA	NA	NA	NA	NA
NC_045512.2	28271	A	T	0	0	0	38	38	38	1	38	2.90165e-22	TRUE	NA	NA	NA	NA	NA	NA
NC_045512.2	28311	C	T	0	0	0	1	1	38	1	1	1	FALSE	NA	NA	NA	NA	NA	NA
NC_045512.2	28363	A	T	0	0	0	6	0	35	1	6	0.0021645	TRUE	NA	NA	NA	NA	NA	NA
NC_045512.2	28414	T	C	27	11	38	1	0	38	0.0357143	28	0.509091	FALSE	NA	NA	NA	NA	NA	NA
NC_045512.2	28705	T	-CA	36	24	41	1	0	20	0.0277778	36	0.513889	FALSE	NA	NA	NA	NA	NA	NA
NC_045512.2	28708	C	T	47	22	41	1	1	39	0.0208333	48	0.505263	FALSE	NA	NA	NA	NA	NA	NA
NC_045512.2	29349	C	A	22	8	37	1	0	38	0.0434783	23	0.511111	FALSE	NA	NA	NA	NA	NA	NA
