REGION	POS	REF	ALT	REF_DP	REF_RV	REF_QUAL	ALT_DP	ALT_RV	ALT_QUAL	ALT_FREQ	TOTAL_DP	PVAL	PASS	GFF_FEATURE	REF_CODON	REF_AA	ALT_CODON	ALT_AA	POS_AA
NC_045512.2	556	C	T	1	0	39	1	1	38	0.5	2	0.666667	FALSE	NA	NA	NA	NA	NA	NA
NC_045512.2	10332	C	G	38	32	46	6	6	44	0.136364	44	0.0139788	FALSE	NA	NA	NA	NA	NA	NA
NC_045512.2	12255	T	G	0	0	0	1	1	38	1	1	1	FALSE	NA	NA	NA	NA	NA	NA
NC_045512.2	13296	A	C	56	3	40	1	0	38	0.0175439	57	0.504425	FALSE	NA	NA	NA	NA	NA	NA
NC_045512.2	15714	C	T	0	0	0	34	17	39	1	34	7.02913e-20	TRUE	NA	NA	NA	NA	NA	NA
NC_045512.2	15738	C	T	138	44	39	1	0	39	0.00719424	139	0.501805	FALSE	NA	NA	NA	NA	NA	NA
NC_045512.2	21721	C	T	13	7	41	2	1	39	0.133333	15	0.258621	FALSE	NA	NA	NA	NA	NA	NA
NC_045512.2	21766	A	C	6	6	39	2	2	39	0.25	8	0.266667	FALSE	NA	NA	NA	NA	NA	NA
NC_045512.2	21770	G	A	5	5	39	2	2	37	0.285714	7	0.269231	FALSE	NA	NA	NA	NA	NA	NA
NC_045512.2	23403	A	G	0	0	0	14	7	38	1	14	4.98547e-08	TRUE	NA	NA	NA	NA	NA	NA
NC_045512.2	24625	T	C	41	27	40	1	0	39	0.0238095	42	0.506024	FALSE	NA	NA	NA	NA	NA	NA
NC_045512.2	24702	A	T	12	12	38	1	1	33	0.0769231	13	0.52	FALSE	NA	NA	NA	NA	NA	NA
NC_045512.2	27889	C	T	7	7	37	1	1	39	0.125	8	0.533333	FALSE	NA	NA	NA	NA	NA	NA
NC_045512.2	28271	A	T	0	0	0	69	69	38	1	69	8.46597e-41	TRUE	NA	NA	NA	NA	NA	NA
NC_045512.2	28363	A	T	0	0	0	1	0	37	1	1	1	FALSE	NA	NA	NA	NA	NA	NA
NC_045512.2	28724	C	T	16	8	41	8	3	38	0.333333	24	0.00233886	TRUE	NA	NA	NA	NA	NA	NA
NC_045512.2	29352	A	G	41	14	40	1	1	39	0.0238095	42	0.506024	FALSE	NA	NA	NA	NA	NA	NA
