REGION	POS	REF	ALT	REF_DP	REF_RV	REF_QUAL	ALT_DP	ALT_RV	ALT_QUAL	ALT_FREQ	TOTAL_DP	PVAL	PASS	GFF_FEATURE	REF_CODON	REF_AA	ALT_CODON	ALT_AA	POS_AA
NC_045512.2	241	C	T	0	0	0	1	1	38	1	1	1	FALSE	NA	NA	NA	NA	NA	NA
NC_045512.2	2038	T	A	85	43	42	1	0	39	0.0116279	86	0.502924	FALSE	NA	NA	NA	NA	NA	NA
NC_045512.2	6941	C	T	4	3	48	1	0	33	0.2	5	0.555556	FALSE	NA	NA	NA	NA	NA	NA
NC_045512.2	15714	C	T	0	0	0	5	1	38	1	5	0.00793651	TRUE	NA	NA	NA	NA	NA	NA
NC_045512.2	15799	T	-A	15	14	43	1	0	20	0.0666667	15	0.533333	FALSE	NA	NA	NA	NA	NA	NA
NC_045512.2	16013	G	A	63	11	46	1	0	33	0.015625	64	0.503937	FALSE	NA	NA	NA	NA	NA	NA
NC_045512.2	16051	A	G	65	17	39	1	0	35	0.0151515	66	0.503817	FALSE	NA	NA	NA	NA	NA	NA
NC_045512.2	16127	C	A	16	16	38	1	1	39	0.0588235	17	0.515152	FALSE	NA	NA	NA	NA	NA	NA
NC_045512.2	16543	G	A	51	11	51	1	0	39	0.0192308	52	0.504854	FALSE	NA	NA	NA	NA	NA	NA
NC_045512.2	16958	T	C	57	54	44	1	1	38	0.0172414	58	0.504348	FALSE	NA	NA	NA	NA	NA	NA
NC_045512.2	23403	A	G	0	0	0	8	5	38	1	8	0.0001554	TRUE	NA	NA	NA	NA	NA	NA
NC_045512.2	27382	G	C	0	0	0	2	0	38	1	2	0.333333	FALSE	NA	NA	NA	NA	NA	NA
NC_045512.2	27384	T	C	0	0	0	12	2	38	1	12	7.39602e-07	TRUE	NA	NA	NA	NA	NA	NA
NC_045512.2	27807	C	T	0	0	0	1	0	33	1	1	1	FALSE	NA	NA	NA	NA	NA	NA
NC_045512.2	28239	G	T	177	137	41	1	1	39	0.00561798	178	0.501408	FALSE	NA	NA	NA	NA	NA	NA
NC_045512.2	28271	A	T	0	0	0	78	77	38	1	78	3.43296e-46	TRUE	NA	NA	NA	NA	NA	NA
NC_045512.2	28352	A	T	49	3	39	3	0	39	0.0576923	52	0.124964	FALSE	NA	NA	NA	NA	NA	NA
NC_045512.2	28363	A	T	0	0	0	8	0	37	1	8	0.0001554	TRUE	NA	NA	NA	NA	NA	NA
NC_045512.2	28391	C	T	33	14	43	8	7	37	0.195122	41	0.00297063	TRUE	NA	NA	NA	NA	NA	NA
NC_045512.2	29021	T	C	57	38	38	1	1	39	0.0172414	58	0.504348	FALSE	NA	NA	NA	NA	NA	NA
NC_045512.2	29069	A	G	86	67	50	1	1	39	0.0114943	87	0.50289	FALSE	NA	NA	NA	NA	NA	NA
NC_045512.2	29293	T	C	206	18	44	1	0	39	0.00483092	207	0.501211	FALSE	NA	NA	NA	NA	NA	NA
NC_045512.2	29395	G	-A	127	126	38	1	0	20	0.00787402	127	0.75491	FALSE	NA	NA	NA	NA	NA	NA
