REGION	POS	REF	ALT	REF_DP	REF_RV	REF_QUAL	ALT_DP	ALT_RV	ALT_QUAL	ALT_FREQ	TOTAL_DP	PVAL	PASS	GFF_FEATURE	REF_CODON	REF_AA	ALT_CODON	ALT_AA	POS_AA
NC_045512.2	3882	T	C	56	10	40	1	0	39	0.0175439	57	0.504425	FALSE	NA	NA	NA	NA	NA	NA
NC_045512.2	7873	G	A	69	33	43	1	0	39	0.0142857	70	0.503597	FALSE	NA	NA	NA	NA	NA	NA
NC_045512.2	9424	A	G	0	0	0	2	2	35	1	2	0.333333	FALSE	NA	NA	NA	NA	NA	NA
NC_045512.2	15714	C	T	0	0	0	45	24	39	1	45	1.92627e-26	TRUE	NA	NA	NA	NA	NA	NA
NC_045512.2	17581	G	T	32	32	38	1	1	27	0.030303	33	0.507692	FALSE	NA	NA	NA	NA	NA	NA
NC_045512.2	20259	C	T	9	1	39	12	1	38	0.571429	21	3.72127e-05	TRUE	NA	NA	NA	NA	NA	NA
NC_045512.2	21997	C	T	1	0	39	1	0	39	0.5	2	0.666667	FALSE	NA	NA	NA	NA	NA	NA
NC_045512.2	22578	G	A	0	0	0	1	0	38	1	1	1	FALSE	NA	NA	NA	NA	NA	NA
NC_045512.2	22674	C	T	0	0	0	1	1	36	1	1	1	FALSE	NA	NA	NA	NA	NA	NA
NC_045512.2	24004	G	T	0	0	0	1	0	39	1	1	1	FALSE	NA	NA	NA	NA	NA	NA
NC_045512.2	24586	G	T	50	16	40	6	2	45	0.107143	56	0.0143396	FALSE	NA	NA	NA	NA	NA	NA
NC_045512.2	27038	A	G	0	0	0	1	0	38	1	1	1	FALSE	NA	NA	NA	NA	NA	NA
NC_045512.2	27406	C	-T	43	42	40	1	0	20	0.0232558	43	0.511628	FALSE	NA	NA	NA	NA	NA	NA
NC_045512.2	27713	T	C	10	10	42	1	1	39	0.0909091	11	0.52381	FALSE	NA	NA	NA	NA	NA	NA
NC_045512.2	27889	C	T	0	0	0	73	60	42	1	73	3.40119e-43	TRUE	NA	NA	NA	NA	NA	NA
NC_045512.2	27942	C	T	28	26	44	10	9	42	0.263158	38	0.000570293	TRUE	NA	NA	NA	NA	NA	NA
NC_045512.2	28198	G	T	92	61	39	6	5	38	0.0612245	98	0.0148978	FALSE	NA	NA	NA	NA	NA	NA
NC_045512.2	28204	T	A	72	29	40	1	0	39	0.0136986	73	0.503448	FALSE	NA	NA	NA	NA	NA	NA
NC_045512.2	28271	A	T	0	0	0	83	83	38	1	83	3.45795e-49	TRUE	NA	NA	NA	NA	NA	NA
NC_045512.2	28363	A	T	0	0	0	8	0	38	1	8	0.0001554	TRUE	NA	NA	NA	NA	NA	NA
NC_045512.2	28664	A	T	60	5	45	7	0	38	0.104478	67	0.00699086	TRUE	NA	NA	NA	NA	NA	NA
NC_045512.2	29373	A	G	132	114	43	1	1	39	0.0075188	133	0.501887	FALSE	NA	NA	NA	NA	NA	NA
NC_045512.2	29404	T	C	14	14	38	14	14	37	0.5	28	9.21469e-06	TRUE	NA	NA	NA	NA	NA	NA
NC_045512.2	29614	C	T	52	8	43	2	0	38	0.037037	54	0.252336	FALSE	NA	NA	NA	NA	NA	NA
NC_045512.2	29868	G	A	0	0	0	1	0	31	1	1	1	FALSE	NA	NA	NA	NA	NA	NA
