REGION	POS	REF	ALT	REF_DP	REF_RV	REF_QUAL	ALT_DP	ALT_RV	ALT_QUAL	ALT_FREQ	TOTAL_DP	PVAL	PASS	GFF_FEATURE	REF_CODON	REF_AA	ALT_CODON	ALT_AA	POS_AA
NC_045512.2	8004	T	G	0	0	0	1	0	37	1	1	1	FALSE	NA	NA	NA	NA	NA	NA
NC_045512.2	8482	T	C	100	11	41	6	2	38	0.0566038	106	0.0149533	FALSE	NA	NA	NA	NA	NA	NA
NC_045512.2	9344	C	T	0	0	0	3	2	39	1	3	0.1	FALSE	NA	NA	NA	NA	NA	NA
NC_045512.2	9424	A	G	0	0	0	1	1	39	1	1	1	FALSE	NA	NA	NA	NA	NA	NA
NC_045512.2	11155	A	G	52	2	41	2	0	39	0.037037	54	0.252336	FALSE	NA	NA	NA	NA	NA	NA
NC_045512.2	11542	T	C	28	18	42	1	1	39	0.0344828	29	0.508772	FALSE	NA	NA	NA	NA	NA	NA
NC_045512.2	12418	T	G	77	31	40	3	1	37	0.0375	80	0.124985	FALSE	NA	NA	NA	NA	NA	NA
NC_045512.2	13958	G	A	63	35	38	1	0	39	0.015625	64	0.503937	FALSE	NA	NA	NA	NA	NA	NA
NC_045512.2	15714	C	T	0	0	0	51	24	39	1	51	5.00489e-30	TRUE	NA	NA	NA	NA	NA	NA
NC_045512.2	15779	A	G	143	118	46	31	31	38	0.178161	174	1.17912e-10	TRUE	NA	NA	NA	NA	NA	NA
NC_045512.2	16972	T	C	72	72	39	1	1	39	0.0136986	73	0.503448	FALSE	NA	NA	NA	NA	NA	NA
NC_045512.2	17582	T	A	38	38	38	1	1	39	0.025641	39	0.506494	FALSE	NA	NA	NA	NA	NA	NA
NC_045512.2	20872	G	A	7	5	43	1	0	39	0.125	8	0.533333	FALSE	NA	NA	NA	NA	NA	NA
NC_045512.2	21205	C	T	33	29	39	2	2	39	0.0571429	35	0.253623	FALSE	NA	NA	NA	NA	NA	NA
NC_045512.2	21746	G	T	36	12	43	1	0	39	0.027027	37	0.506849	FALSE	NA	NA	NA	NA	NA	NA
NC_045512.2	23350	T	A	32	0	38	4	0	38	0.111111	36	0.0606246	FALSE	NA	NA	NA	NA	NA	NA
NC_045512.2	23403	A	G	0	0	0	22	10	38	1	22	9.50526e-13	TRUE	NA	NA	NA	NA	NA	NA
NC_045512.2	25584	C	T	0	0	0	3	3	38	1	3	0.1	FALSE	NA	NA	NA	NA	NA	NA
NC_045512.2	25588	A	G	2	2	39	1	1	39	0.333333	3	0.6	FALSE	NA	NA	NA	NA	NA	NA
NC_045512.2	28152	A	G	314	10	41	1	0	39	0.0031746	315	0.500795	FALSE	NA	NA	NA	NA	NA	NA
NC_045512.2	28209	G	A	179	59	39	1	0	39	0.00555556	180	0.501393	FALSE	NA	NA	NA	NA	NA	NA
NC_045512.2	28211	A	G	204	87	42	1	1	39	0.00487805	205	0.501222	FALSE	NA	NA	NA	NA	NA	NA
NC_045512.2	28271	A	T	0	0	0	148	148	38	1	148	3.39019e-88	TRUE	NA	NA	NA	NA	NA	NA
NC_045512.2	28363	A	T	0	0	0	7	0	36	1	7	0.000582751	TRUE	NA	NA	NA	NA	NA	NA
NC_045512.2	28370	A	G	0	0	0	21	1	38	1	21	3.71569e-12	TRUE	NA	NA	NA	NA	NA	NA
NC_045512.2	28750	A	G	90	69	43	1	1	70	0.010989	91	0.502762	FALSE	NA	NA	NA	NA	NA	NA
NC_045512.2	28957	C	A	3	0	35	1	0	33	0.25	4	0.571429	FALSE	NA	NA	NA	NA	NA	NA
NC_045512.2	28986	G	T	47	7	45	1	0	33	0.0208333	48	0.505263	FALSE	NA	NA	NA	NA	NA	NA
NC_045512.2	29001	G	T	14	4	40	1	0	31	0.0666667	15	0.517241	FALSE	NA	NA	NA	NA	NA	NA
