REGION	POS	REF	ALT	REF_DP	REF_RV	REF_QUAL	ALT_DP	ALT_RV	ALT_QUAL	ALT_FREQ	TOTAL_DP	PVAL	PASS	GFF_FEATURE	REF_CODON	REF_AA	ALT_CODON	ALT_AA	POS_AA
NC_045512.2	10668	T	A	0	0	0	1	1	39	1	1	1	FALSE	NA	NA	NA	NA	NA	NA
NC_045512.2	12160	G	A	0	0	0	4	2	48	1	4	0.0285714	FALSE	NA	NA	NA	NA	NA	NA
NC_045512.2	14477	A	T	8	0	38	1	0	37	0.111111	9	0.529412	FALSE	NA	NA	NA	NA	NA	NA
NC_045512.2	15714	C	T	0	0	0	14	5	38	1	14	4.98547e-08	TRUE	NA	NA	NA	NA	NA	NA
NC_045512.2	15738	C	T	52	11	39	10	2	38	0.16129	62	0.000716706	TRUE	NA	NA	NA	NA	NA	NA
NC_045512.2	15761	G	A	131	43	42	1	0	39	0.00757576	132	0.501901	FALSE	NA	NA	NA	NA	NA	NA
NC_045512.2	16093	T	A	32	31	42	1	1	40	0.030303	33	0.507692	FALSE	NA	NA	NA	NA	NA	NA
NC_045512.2	16248	T	A	6	0	37	1	0	34	0.142857	7	0.538462	FALSE	NA	NA	NA	NA	NA	NA
NC_045512.2	16342	T	C	17	15	38	1	1	39	0.0555556	18	0.514286	FALSE	NA	NA	NA	NA	NA	NA
NC_045512.2	16935	G	A	22	19	41	1	1	38	0.0434783	23	0.511111	FALSE	NA	NA	NA	NA	NA	NA
NC_045512.2	17410	C	T	0	0	0	1	1	39	1	1	1	FALSE	NA	NA	NA	NA	NA	NA
NC_045512.2	18493	C	T	1	1	39	1	1	76	0.5	2	0.666667	FALSE	NA	NA	NA	NA	NA	NA
NC_045512.2	21770	G	A	0	0	0	1	1	39	1	1	1	FALSE	NA	NA	NA	NA	NA	NA
NC_045512.2	23403	A	G	0	0	0	5	1	46	1	5	0.00793651	TRUE	NA	NA	NA	NA	NA	NA
NC_045512.2	25584	C	T	0	0	0	2	2	38	1	2	0.333333	FALSE	NA	NA	NA	NA	NA	NA
NC_045512.2	26709	G	A	0	0	0	1	0	38	1	1	1	FALSE	NA	NA	NA	NA	NA	NA
NC_045512.2	27889	C	T	67	49	41	67	58	38	0.5	134	1.25914e-25	TRUE	NA	NA	NA	NA	NA	NA
NC_045512.2	27915	G	T	81	65	39	31	28	38	0.276786	112	4.83894e-11	TRUE	NA	NA	NA	NA	NA	NA
NC_045512.2	28181	T	A	79	44	39	1	0	33	0.0125	80	0.503145	FALSE	NA	NA	NA	NA	NA	NA
NC_045512.2	28271	A	T	0	0	0	71	71	38	1	71	5.3671e-42	TRUE	NA	NA	NA	NA	NA	NA
NC_045512.2	28311	C	T	0	0	0	1	0	39	1	1	1	FALSE	NA	NA	NA	NA	NA	NA
NC_045512.2	28312	C	T	0	0	0	1	0	39	1	1	1	FALSE	NA	NA	NA	NA	NA	NA
NC_045512.2	28363	A	T	0	0	0	14	0	37	1	14	4.98547e-08	TRUE	NA	NA	NA	NA	NA	NA
NC_045512.2	28681	G	T	18	6	46	31	7	43	0.632653	49	5.37645e-13	TRUE	NA	NA	NA	NA	NA	NA
NC_045512.2	29370	C	T	83	66	41	2	2	39	0.0235294	85	0.251479	FALSE	NA	NA	NA	NA	NA	NA
NC_045512.2	29510	A	C	0	0	0	1	1	38	1	1	1	FALSE	NA	NA	NA	NA	NA	NA
