REGION	POS	REF	ALT	REF_DP	REF_RV	REF_QUAL	ALT_DP	ALT_RV	ALT_QUAL	ALT_FREQ	TOTAL_DP	PVAL	PASS	GFF_FEATURE	REF_CODON	REF_AA	ALT_CODON	ALT_AA	POS_AA
NC_045512.2	2038	T	-A	28	21	47	2	0	20	0.0714286	28	0.272556	FALSE	NA	NA	NA	NA	NA	NA
NC_045512.2	3323	G	A	4	4	38	1	1	35	0.2	5	0.555556	FALSE	NA	NA	NA	NA	NA	NA
NC_045512.2	3927	C	T	0	0	0	1	1	39	1	1	1	FALSE	NA	NA	NA	NA	NA	NA
NC_045512.2	12985	T	C	24	0	41	1	0	38	0.04	25	0.510204	FALSE	NA	NA	NA	NA	NA	NA
NC_045512.2	14257	T	C	2	2	39	2	2	38	0.5	4	0.285714	FALSE	NA	NA	NA	NA	NA	NA
NC_045512.2	15714	C	T	0	0	0	5	1	39	1	5	0.00793651	TRUE	NA	NA	NA	NA	NA	NA
NC_045512.2	16616	C	A	12	7	38	1	1	39	0.0769231	13	0.52	FALSE	NA	NA	NA	NA	NA	NA
NC_045512.2	16637	C	T	13	12	42	1	1	37	0.0714286	14	0.518519	FALSE	NA	NA	NA	NA	NA	NA
NC_045512.2	17410	C	T	0	0	0	4	4	39	1	4	0.0285714	FALSE	NA	NA	NA	NA	NA	NA
NC_045512.2	17556	T	C	34	28	52	1	1	38	0.0285714	35	0.507246	FALSE	NA	NA	NA	NA	NA	NA
NC_045512.2	22022	G	C	2	0	38	1	0	39	0.333333	3	0.6	FALSE	NA	NA	NA	NA	NA	NA
NC_045512.2	23403	A	G	0	0	0	1	1	39	1	1	1	FALSE	NA	NA	NA	NA	NA	NA
NC_045512.2	25584	C	T	0	0	0	2	2	39	1	2	0.333333	FALSE	NA	NA	NA	NA	NA	NA
NC_045512.2	26227	G	A	29	29	38	1	1	39	0.0333333	30	0.508475	FALSE	NA	NA	NA	NA	NA	NA
NC_045512.2	26769	G	A	6	4	51	1	1	37	0.142857	7	0.538462	FALSE	NA	NA	NA	NA	NA	NA
NC_045512.2	27433	A	G	0	0	0	1	1	31	1	1	1	FALSE	NA	NA	NA	NA	NA	NA
NC_045512.2	27889	C	T	0	0	0	26	23	38	1	26	4.03292e-15	TRUE	NA	NA	NA	NA	NA	NA
NC_045512.2	27942	C	T	30	24	41	2	1	39	0.0625	32	0.253968	FALSE	NA	NA	NA	NA	NA	NA
NC_045512.2	27976	A	G	5	5	39	1	1	36	0.166667	6	0.545455	FALSE	NA	NA	NA	NA	NA	NA
NC_045512.2	28271	A	T	0	0	0	27	26	39	1	27	1.02725e-15	TRUE	NA	NA	NA	NA	NA	NA
NC_045512.2	28311	C	T	0	0	0	1	0	39	1	1	1	FALSE	NA	NA	NA	NA	NA	NA
NC_045512.2	28312	C	T	0	0	0	1	0	39	1	1	1	FALSE	NA	NA	NA	NA	NA	NA
NC_045512.2	28363	A	T	0	0	0	3	1	38	1	3	0.1	FALSE	NA	NA	NA	NA	NA	NA
NC_045512.2	28423	G	T	14	9	46	1	0	39	0.0666667	15	0.517241	FALSE	NA	NA	NA	NA	NA	NA
NC_045512.2	28681	G	T	16	5	50	3	0	37	0.157895	19	0.12471	FALSE	NA	NA	NA	NA	NA	NA
NC_045512.2	28724	C	T	19	12	43	1	0	38	0.05	20	0.512821	FALSE	NA	NA	NA	NA	NA	NA
NC_045512.2	29318	C	T	26	10	40	1	1	39	0.037037	27	0.509434	FALSE	NA	NA	NA	NA	NA	NA
NC_045512.2	29593	G	T	25	0	37	2	0	39	0.0740741	27	0.254717	FALSE	NA	NA	NA	NA	NA	NA
