REGION	POS	REF	ALT	REF_DP	REF_RV	REF_QUAL	ALT_DP	ALT_RV	ALT_QUAL	ALT_FREQ	TOTAL_DP	PVAL	PASS	GFF_FEATURE	REF_CODON	REF_AA	ALT_CODON	ALT_AA	POS_AA
NC_045512.2	4184	G	A	0	0	0	1	0	39	1	1	1	FALSE	NA	NA	NA	NA	NA	NA
NC_045512.2	4840	A	G	49	35	41	1	1	39	0.02	50	0.505051	FALSE	NA	NA	NA	NA	NA	NA
NC_045512.2	13889	A	T	17	0	38	1	0	39	0.0555556	18	0.514286	FALSE	NA	NA	NA	NA	NA	NA
NC_045512.2	15714	C	T	0	0	0	33	14	42	1	33	2.7703e-19	TRUE	NA	NA	NA	NA	NA	NA
NC_045512.2	16268	A	C	81	5	40	1	0	39	0.0121951	82	0.503067	FALSE	NA	NA	NA	NA	NA	NA
NC_045512.2	16342	T	C	48	41	39	6	4	38	0.111111	54	0.0142909	FALSE	NA	NA	NA	NA	NA	NA
NC_045512.2	16517	A	G	5	0	38	1	0	39	0.166667	6	0.545455	FALSE	NA	NA	NA	NA	NA	NA
NC_045512.2	16656	T	C	15	15	39	2	2	38	0.117647	17	0.257576	FALSE	NA	NA	NA	NA	NA	NA
NC_045512.2	16927	A	G	101	73	44	1	0	37	0.00980392	102	0.502463	FALSE	NA	NA	NA	NA	NA	NA
NC_045512.2	17410	C	T	0	0	0	4	4	38	1	4	0.0285714	FALSE	NA	NA	NA	NA	NA	NA
NC_045512.2	17459	C	T	20	2	38	1	0	39	0.047619	21	0.512195	FALSE	NA	NA	NA	NA	NA	NA
NC_045512.2	17462	G	T	42	1	37	5	0	39	0.106383	47	0.0295151	FALSE	NA	NA	NA	NA	NA	NA
NC_045512.2	17527	A	G	51	35	42	1	1	39	0.0192308	52	0.504854	FALSE	NA	NA	NA	NA	NA	NA
NC_045512.2	17555	C	A	54	45	46	1	1	39	0.0181818	55	0.504587	FALSE	NA	NA	NA	NA	NA	NA
NC_045512.2	23349	G	T	24	0	38	2	0	39	0.0769231	26	0.254902	FALSE	NA	NA	NA	NA	NA	NA
NC_045512.2	23403	A	G	0	0	0	29	17	38	1	29	6.65175e-17	TRUE	NA	NA	NA	NA	NA	NA
NC_045512.2	25301	T	C	21	15	43	1	1	38	0.0454545	22	0.511628	FALSE	NA	NA	NA	NA	NA	NA
NC_045512.2	25529	T	C	5	5	38	1	1	39	0.166667	6	0.545455	FALSE	NA	NA	NA	NA	NA	NA
NC_045512.2	25584	C	T	0	0	0	3	3	37	1	3	0.1	FALSE	NA	NA	NA	NA	NA	NA
NC_045512.2	27384	T	C	0	0	0	3	1	39	1	3	0.1	FALSE	NA	NA	NA	NA	NA	NA
NC_045512.2	27807	C	T	0	0	0	1	0	39	1	1	1	FALSE	NA	NA	NA	NA	NA	NA
NC_045512.2	27945	C	T	48	39	44	2	2	38	0.04	50	0.252525	FALSE	NA	NA	NA	NA	NA	NA
NC_045512.2	28215	T	C	228	136	45	6	6	38	0.025641	234	0.0153228	FALSE	NA	NA	NA	NA	NA	NA
NC_045512.2	28271	A	T	0	0	0	144	144	38	1	144	8.561e-86	TRUE	NA	NA	NA	NA	NA	NA
NC_045512.2	28311	C	T	0	0	0	3	1	38	1	3	0.1	FALSE	NA	NA	NA	NA	NA	NA
NC_045512.2	28363	A	T	0	0	0	12	0	38	1	12	7.39602e-07	TRUE	NA	NA	NA	NA	NA	NA
NC_045512.2	28712	G	A	122	69	39	1	0	39	0.00813008	123	0.502041	FALSE	NA	NA	NA	NA	NA	NA
NC_045512.2	28881	G	A	0	0	0	1	1	39	1	1	1	FALSE	NA	NA	NA	NA	NA	NA
NC_045512.2	29041	G	A	21	11	38	1	0	39	0.0454545	22	0.511628	FALSE	NA	NA	NA	NA	NA	NA
