REGION	POS	REF	ALT	REF_DP	REF_RV	REF_QUAL	ALT_DP	ALT_RV	ALT_QUAL	ALT_FREQ	TOTAL_DP	PVAL	PASS	GFF_FEATURE	REF_CODON	REF_AA	ALT_CODON	ALT_AA	POS_AA
NC_045512.2	8520	A	G	19	12	41	1	0	38	0.05	20	0.512821	FALSE	NA	NA	NA	NA	NA	NA
NC_045512.2	9344	C	T	0	0	0	1	0	39	1	1	1	FALSE	NA	NA	NA	NA	NA	NA
NC_045512.2	9710	T	C	18	17	49	1	1	38	0.0526316	19	0.513514	FALSE	NA	NA	NA	NA	NA	NA
NC_045512.2	12160	G	A	0	0	0	1	1	39	1	1	1	FALSE	NA	NA	NA	NA	NA	NA
NC_045512.2	12310	G	A	5	4	39	1	1	39	0.166667	6	0.545455	FALSE	NA	NA	NA	NA	NA	NA
NC_045512.2	13485	T	A	0	0	0	1	1	39	1	1	1	FALSE	NA	NA	NA	NA	NA	NA
NC_045512.2	15714	C	T	0	0	0	11	6	38	1	11	2.83514e-06	TRUE	NA	NA	NA	NA	NA	NA
NC_045512.2	16323	C	T	25	16	41	3	2	38	0.107143	28	0.124871	FALSE	NA	NA	NA	NA	NA	NA
NC_045512.2	17410	C	T	0	0	0	11	11	38	1	11	2.83514e-06	TRUE	NA	NA	NA	NA	NA	NA
NC_045512.2	17464	A	T	77	1	37	1	0	38	0.0128205	78	0.503226	FALSE	NA	NA	NA	NA	NA	NA
NC_045512.2	20856	A	T	23	4	40	1	0	39	0.0416667	24	0.510638	FALSE	NA	NA	NA	NA	NA	NA
NC_045512.2	21766	A	C	0	0	0	1	1	39	1	1	1	FALSE	NA	NA	NA	NA	NA	NA
NC_045512.2	21770	G	A	0	0	0	3	3	37	1	3	0.1	FALSE	NA	NA	NA	NA	NA	NA
NC_045512.2	22578	G	A	0	0	0	1	0	38	1	1	1	FALSE	NA	NA	NA	NA	NA	NA
NC_045512.2	23403	A	G	0	0	0	8	5	43	1	8	0.0001554	TRUE	NA	NA	NA	NA	NA	NA
NC_045512.2	25584	C	T	0	0	0	1	1	39	1	1	1	FALSE	NA	NA	NA	NA	NA	NA
NC_045512.2	26529	G	A	0	0	0	1	1	37	1	1	1	FALSE	NA	NA	NA	NA	NA	NA
NC_045512.2	27415	G	A	29	29	38	2	2	39	0.0645161	31	0.254098	FALSE	NA	NA	NA	NA	NA	NA
NC_045512.2	27838	T	G	83	2	40	7	0	39	0.0777778	90	0.00720176	TRUE	NA	NA	NA	NA	NA	NA
NC_045512.2	27889	C	T	14	13	42	50	41	38	0.78125	64	7.01414e-23	TRUE	NA	NA	NA	NA	NA	NA
NC_045512.2	28208	T	C	107	38	39	1	1	32	0.00925926	108	0.502326	FALSE	NA	NA	NA	NA	NA	NA
NC_045512.2	28271	A	T	0	0	0	82	82	38	1	82	1.37485e-48	TRUE	NA	NA	NA	NA	NA	NA
NC_045512.2	28363	A	T	0	0	0	12	0	36	1	12	7.39602e-07	TRUE	NA	NA	NA	NA	NA	NA
NC_045512.2	28370	A	G	0	0	0	3	0	38	1	3	0.1	FALSE	NA	NA	NA	NA	NA	NA
NC_045512.2	28396	G	A	53	20	45	3	1	38	0.0535714	56	0.124969	FALSE	NA	NA	NA	NA	NA	NA
NC_045512.2	28681	G	T	29	4	49	15	2	46	0.340909	44	8.73445e-06	TRUE	NA	NA	NA	NA	NA	NA
NC_045512.2	28780	A	G	7	7	38	1	1	34	0.125	8	0.533333	FALSE	NA	NA	NA	NA	NA	NA
NC_045512.2	29510	A	C	0	0	0	2	2	37	1	2	0.333333	FALSE	NA	NA	NA	NA	NA	NA
NC_045512.2	29666	C	T	32	19	51	2	2	39	0.0588235	34	0.253731	FALSE	NA	NA	NA	NA	NA	NA
