REGION	POS	REF	ALT	REF_DP	REF_RV	REF_QUAL	ALT_DP	ALT_RV	ALT_QUAL	ALT_FREQ	TOTAL_DP	PVAL	PASS	GFF_FEATURE	REF_CODON	REF_AA	ALT_CODON	ALT_AA	POS_AA
NC_045512.2	11860	A	G	9	7	38	1	1	39	0.1	10	0.526316	FALSE	NA	NA	NA	NA	NA	NA
NC_045512.2	12787	A	G	0	0	0	1	1	39	1	1	1	FALSE	NA	NA	NA	NA	NA	NA
NC_045512.2	15714	C	T	0	0	0	17	11	38	1	17	8.57043e-10	TRUE	NA	NA	NA	NA	NA	NA
NC_045512.2	16030	A	G	290	32	40	1	0	35	0.00343643	291	0.500861	FALSE	NA	NA	NA	NA	NA	NA
NC_045512.2	16054	C	A	331	59	39	1	0	39	0.00301205	332	0.500754	FALSE	NA	NA	NA	NA	NA	NA
NC_045512.2	16067	A	T	292	121	42	1	0	29	0.00341297	293	0.876281	FALSE	NA	NA	NA	NA	NA	NA
NC_045512.2	16301	G	T	0	0	0	4	1	38	1	4	0.0285714	FALSE	NA	NA	NA	NA	NA	NA
NC_045512.2	17410	C	T	0	0	0	4	3	38	1	4	0.0285714	FALSE	NA	NA	NA	NA	NA	NA
NC_045512.2	17575	G	T	141	134	42	1	1	39	0.00704225	142	0.501767	FALSE	NA	NA	NA	NA	NA	NA
NC_045512.2	23403	A	G	0	0	0	17	9	38	1	17	8.57043e-10	TRUE	NA	NA	NA	NA	NA	NA
NC_045512.2	24469	T	A	0	0	0	1	1	39	1	1	1	FALSE	NA	NA	NA	NA	NA	NA
NC_045512.2	27382	G	C	0	0	0	3	1	39	1	3	0.1	FALSE	NA	NA	NA	NA	NA	NA
NC_045512.2	27384	T	C	0	0	0	22	0	38	1	22	9.50526e-13	TRUE	NA	NA	NA	NA	NA	NA
NC_045512.2	27509	C	A	0	0	0	2	0	39	1	2	0.333333	FALSE	NA	NA	NA	NA	NA	NA
NC_045512.2	27807	C	T	0	0	0	102	86	38	1	102	1.39418e-60	TRUE	NA	NA	NA	NA	NA	NA
NC_045512.2	27883	C	T	0	0	0	36	33	38	1	36	4.51965e-21	TRUE	NA	NA	NA	NA	NA	NA
NC_045512.2	28154	A	G	107	6	41	1	0	38	0.00925926	108	0.502326	FALSE	NA	NA	NA	NA	NA	NA
NC_045512.2	28271	A	T	0	0	0	50	50	38	1	50	1.98233e-29	TRUE	NA	NA	NA	NA	NA	NA
NC_045512.2	28311	C	T	0	0	0	3	2	35	1	3	0.1	FALSE	NA	NA	NA	NA	NA	NA
NC_045512.2	28363	A	T	0	0	0	4	0	35	1	4	0.0285714	FALSE	NA	NA	NA	NA	NA	NA
NC_045512.2	29419	A	G	1	0	39	1	1	38	0.5	2	0.666667	FALSE	NA	NA	NA	NA	NA	NA
NC_045512.2	29510	A	C	0	0	0	3	0	35	1	3	0.1	FALSE	NA	NA	NA	NA	NA	NA
NC_045512.2	29581	T	A	9	1	37	30	0	37	0.769231	39	1.00132e-13	TRUE	NA	NA	NA	NA	NA	NA
NC_045512.2	29588	T	C	89	1	38	3	0	38	0.0326087	92	0.124989	FALSE	NA	NA	NA	NA	NA	NA
