REGION	POS	REF	ALT	REF_DP	REF_RV	REF_QUAL	ALT_DP	ALT_RV	ALT_QUAL	ALT_FREQ	TOTAL_DP	PVAL	PASS	GFF_FEATURE	REF_CODON	REF_AA	ALT_CODON	ALT_AA	POS_AA
NC_045512.2	565	T	C	3	3	39	1	1	35	0.25	4	0.571429	FALSE	NA	NA	NA	NA	NA	NA
NC_045512.2	3267	C	T	0	0	0	5	4	39	1	5	0.00793651	TRUE	NA	NA	NA	NA	NA	NA
NC_045512.2	4184	G	A	0	0	0	2	0	39	1	2	0.333333	FALSE	NA	NA	NA	NA	NA	NA
NC_045512.2	5729	A	G	25	10	38	1	1	36	0.0384615	26	0.509804	FALSE	NA	NA	NA	NA	NA	NA
NC_045512.2	9711	C	T	119	109	43	1	1	39	0.00833333	120	0.502092	FALSE	NA	NA	NA	NA	NA	NA
NC_045512.2	10238	T	A	120	6	40	1	0	39	0.00826446	121	0.502075	FALSE	NA	NA	NA	NA	NA	NA
NC_045512.2	10309	T	C	97	53	42	1	1	29	0.0102041	98	0.502564	FALSE	NA	NA	NA	NA	NA	NA
NC_045512.2	12410	A	G	0	0	0	1	0	37	1	1	1	FALSE	NA	NA	NA	NA	NA	NA
NC_045512.2	13012	A	G	114	25	40	1	1	34	0.00869565	115	0.502183	FALSE	NA	NA	NA	NA	NA	NA
NC_045512.2	13099	A	G	64	64	39	1	1	39	0.0153846	65	0.503876	FALSE	NA	NA	NA	NA	NA	NA
NC_045512.2	15714	C	T	0	0	0	28	13	41	1	28	2.61483e-16	TRUE	NA	NA	NA	NA	NA	NA
NC_045512.2	16053	A	G	165	29	39	1	0	39	0.0060241	166	0.501511	FALSE	NA	NA	NA	NA	NA	NA
NC_045512.2	16541	A	G	138	15	45	1	1	77	0.00719424	139	0.501805	FALSE	NA	NA	NA	NA	NA	NA
NC_045512.2	16597	A	G	83	44	40	1	1	39	0.0119048	84	0.502994	FALSE	NA	NA	NA	NA	NA	NA
NC_045512.2	17787	A	G	23	14	47	1	1	38	0.0416667	24	0.510638	FALSE	NA	NA	NA	NA	NA	NA
NC_045512.2	19067	A	G	73	21	42	1	0	38	0.0135135	74	0.503401	FALSE	NA	NA	NA	NA	NA	NA
NC_045512.2	20293	T	C	79	45	39	1	0	38	0.0125	80	0.503145	FALSE	NA	NA	NA	NA	NA	NA
NC_045512.2	21539	T	G	41	41	38	1	1	37	0.0238095	42	0.506024	FALSE	NA	NA	NA	NA	NA	NA
NC_045512.2	21542	T	G	40	40	38	1	1	37	0.0243902	41	0.506173	FALSE	NA	NA	NA	NA	NA	NA
NC_045512.2	22674	C	T	0	0	0	2	2	35	1	2	0.333333	FALSE	NA	NA	NA	NA	NA	NA
NC_045512.2	23173	A	T	38	23	39	1	0	39	0.025641	39	0.506494	FALSE	NA	NA	NA	NA	NA	NA
NC_045512.2	27889	C	T	0	0	0	51	38	41	1	51	5.00489e-30	TRUE	NA	NA	NA	NA	NA	NA
NC_045512.2	28271	A	T	0	0	0	27	27	38	1	27	1.02725e-15	TRUE	NA	NA	NA	NA	NA	NA
NC_045512.2	28363	A	T	0	0	0	2	0	33	1	2	0.333333	FALSE	NA	NA	NA	NA	NA	NA
NC_045512.2	28776	C	T	34	32	41	16	16	38	0.32	50	4.35523e-06	TRUE	NA	NA	NA	NA	NA	NA
NC_045512.2	28782	G	A	18	16	41	1	1	38	0.0526316	19	0.513514	FALSE	NA	NA	NA	NA	NA	NA
