REGION	POS	REF	ALT	REF_DP	REF_RV	REF_QUAL	ALT_DP	ALT_RV	ALT_QUAL	ALT_FREQ	TOTAL_DP	PVAL	PASS	GFF_FEATURE	REF_CODON	REF_AA	ALT_CODON	ALT_AA	POS_AA
NC_045512.2	3037	C	T	0	0	0	1	1	39	1	1	1	FALSE	NA	NA	NA	NA	NA	NA
NC_045512.2	6979	T	G	2	2	59	4	4	38	0.666667	6	0.0454545	FALSE	NA	NA	NA	NA	NA	NA
NC_045512.2	12160	G	A	0	0	0	22	18	38	1	22	9.50526e-13	TRUE	NA	NA	NA	NA	NA	NA
NC_045512.2	14184	C	T	7	0	38	2	0	39	0.222222	9	0.264706	FALSE	NA	NA	NA	NA	NA	NA
NC_045512.2	15714	C	T	0	0	0	17	10	38	1	17	8.57043e-10	TRUE	NA	NA	NA	NA	NA	NA
NC_045512.2	21770	G	A	0	0	0	4	4	38	1	4	0.0285714	FALSE	NA	NA	NA	NA	NA	NA
NC_045512.2	23403	A	G	0	0	0	10	5	42	1	10	1.08251e-05	TRUE	NA	NA	NA	NA	NA	NA
NC_045512.2	25584	C	T	0	0	0	1	1	39	1	1	1	FALSE	NA	NA	NA	NA	NA	NA
NC_045512.2	27387	A	G	130	114	41	1	1	38	0.00763359	131	0.501916	FALSE	NA	NA	NA	NA	NA	NA
NC_045512.2	27857	G	A	426	38	44	1	0	39	0.00234192	427	0.500586	FALSE	NA	NA	NA	NA	NA	NA
NC_045512.2	27889	C	T	51	39	41	149	130	39	0.745	200	1.02678e-65	TRUE	NA	NA	NA	NA	NA	NA
NC_045512.2	27890	G	A	199	171	40	1	0	39	0.005	200	0.501253	FALSE	NA	NA	NA	NA	NA	NA
NC_045512.2	27945	C	T	203	185	44	13	13	37	0.0601852	216	0.0001045	TRUE	NA	NA	NA	NA	NA	NA
NC_045512.2	28153	C	A	255	5	40	1	0	31	0.00390625	256	0.500978	FALSE	NA	NA	NA	NA	NA	NA
NC_045512.2	28181	T	G	131	87	39	1	1	31	0.00757576	132	0.501901	FALSE	NA	NA	NA	NA	NA	NA
NC_045512.2	28215	T	C	163	101	41	1	1	39	0.00609756	164	0.501529	FALSE	NA	NA	NA	NA	NA	NA
NC_045512.2	28271	A	T	0	0	0	104	104	38	1	104	8.79842e-62	TRUE	NA	NA	NA	NA	NA	NA
NC_045512.2	28330	A	G	5	0	38	10	0	37	0.666667	15	0.000149925	TRUE	NA	NA	NA	NA	NA	NA
NC_045512.2	28361	G	T	32	0	38	2	0	39	0.0588235	34	0.253731	FALSE	NA	NA	NA	NA	NA	NA
NC_045512.2	28363	A	T	0	0	0	15	0	35	1	15	1.28935e-08	TRUE	NA	NA	NA	NA	NA	NA
NC_045512.2	28370	A	G	0	0	0	3	0	39	1	3	0.1	FALSE	NA	NA	NA	NA	NA	NA
NC_045512.2	28387	A	G	57	12	40	1	1	38	0.0172414	58	0.504348	FALSE	NA	NA	NA	NA	NA	NA
NC_045512.2	28436	G	T	76	59	41	1	0	38	0.012987	77	0.503268	FALSE	NA	NA	NA	NA	NA	NA
NC_045512.2	28651	C	T	98	9	42	6	0	39	0.0576923	104	0.0149403	FALSE	NA	NA	NA	NA	NA	NA
