REGION	POS	REF	ALT	REF_DP	REF_RV	REF_QUAL	ALT_DP	ALT_RV	ALT_QUAL	ALT_FREQ	TOTAL_DP	PVAL	PASS	GFF_FEATURE	REF_CODON	REF_AA	ALT_CODON	ALT_AA	POS_AA
NC_045512.2	4184	G	A	0	0	0	1	1	77	1	1	1	FALSE	NA	NA	NA	NA	NA	NA
NC_045512.2	8004	T	G	0	0	0	1	0	39	1	1	1	FALSE	NA	NA	NA	NA	NA	NA
NC_045512.2	10198	C	T	0	0	0	1	1	39	1	1	1	FALSE	NA	NA	NA	NA	NA	NA
NC_045512.2	12160	G	A	6	6	38	3	2	38	0.333333	9	0.123529	FALSE	NA	NA	NA	NA	NA	NA
NC_045512.2	13531	G	A	0	0	0	1	1	38	1	1	1	FALSE	NA	NA	NA	NA	NA	NA
NC_045512.2	13898	A	G	10	1	42	1	0	30	0.0909091	11	0.52381	FALSE	NA	NA	NA	NA	NA	NA
NC_045512.2	14257	T	C	0	0	0	1	1	39	1	1	1	FALSE	NA	NA	NA	NA	NA	NA
NC_045512.2	15714	C	T	0	0	0	11	8	41	1	11	2.83514e-06	TRUE	NA	NA	NA	NA	NA	NA
NC_045512.2	16616	C	A	23	17	40	1	1	37	0.0416667	24	0.510638	FALSE	NA	NA	NA	NA	NA	NA
NC_045512.2	16935	G	A	57	50	40	2	1	34	0.0338983	59	0.252137	FALSE	NA	NA	NA	NA	NA	NA
NC_045512.2	20642	T	C	3	3	39	2	2	36	0.4	5	0.277778	FALSE	NA	NA	NA	NA	NA	NA
NC_045512.2	21180	T	C	4	2	57	1	1	34	0.2	5	0.555556	FALSE	NA	NA	NA	NA	NA	NA
NC_045512.2	23403	A	G	0	0	0	2	2	33	1	2	0.333333	FALSE	NA	NA	NA	NA	NA	NA
NC_045512.2	24620	G	T	11	9	38	3	2	38	0.214286	14	0.124444	FALSE	NA	NA	NA	NA	NA	NA
NC_045512.2	25916	C	T	0	0	0	1	1	39	1	1	1	FALSE	NA	NA	NA	NA	NA	NA
NC_045512.2	27318	T	A	67	17	42	1	0	38	0.0147059	68	0.503704	FALSE	NA	NA	NA	NA	NA	NA
NC_045512.2	27417	A	G	27	27	37	1	1	39	0.0357143	28	0.509091	FALSE	NA	NA	NA	NA	NA	NA
NC_045512.2	27889	C	T	12	9	36	46	36	39	0.793103	58	2.87079e-21	TRUE	NA	NA	NA	NA	NA	NA
NC_045512.2	28271	A	T	0	0	0	46	46	37	1	46	4.8686e-27	TRUE	NA	NA	NA	NA	NA	NA
NC_045512.2	28363	A	T	0	0	0	5	1	36	1	5	0.00793651	TRUE	NA	NA	NA	NA	NA	NA
NC_045512.2	28370	A	G	0	0	0	5	0	39	1	5	0.00793651	TRUE	NA	NA	NA	NA	NA	NA
NC_045512.2	28396	G	A	24	10	40	1	1	38	0.04	25	0.510204	FALSE	NA	NA	NA	NA	NA	NA
NC_045512.2	28458	A	G	16	14	44	1	1	33	0.0588235	17	0.515152	FALSE	NA	NA	NA	NA	NA	NA
NC_045512.2	28681	G	T	38	5	44	39	11	45	0.506494	77	3.5191e-15	TRUE	NA	NA	NA	NA	NA	NA
NC_045512.2	28781	G	T	24	21	37	2	2	38	0.0769231	26	0.254902	FALSE	NA	NA	NA	NA	NA	NA
NC_045512.2	29051	C	+A	19	12	43	1	0	20	0.0526316	19	0.526316	FALSE	NA	NA	NA	NA	NA	NA
NC_045512.2	29510	A	C	0	0	0	1	0	39	1	1	1	FALSE	NA	NA	NA	NA	NA	NA
NC_045512.2	29642	C	T	75	44	44	2	0	38	0.025974	77	0.251634	FALSE	NA	NA	NA	NA	NA	NA
