REGION	POS	REF	ALT	REF_DP	REF_RV	REF_QUAL	ALT_DP	ALT_RV	ALT_QUAL	ALT_FREQ	TOTAL_DP	PVAL	PASS	GFF_FEATURE	REF_CODON	REF_AA	ALT_CODON	ALT_AA	POS_AA
NC_045512.2	5512	C	T	0	0	0	1	1	39	1	1	1	FALSE	NA	NA	NA	NA	NA	NA
NC_045512.2	15714	C	T	0	0	0	9	4	38	1	9	4.11353e-05	TRUE	NA	NA	NA	NA	NA	NA
NC_045512.2	16875	T	A	6	0	36	1	0	27	0.142857	7	0.538462	FALSE	NA	NA	NA	NA	NA	NA
NC_045512.2	16935	G	A	0	0	0	4	4	37	1	4	0.0285714	FALSE	NA	NA	NA	NA	NA	NA
NC_045512.2	17574	T	G	16	15	48	1	1	39	0.0588235	17	0.515152	FALSE	NA	NA	NA	NA	NA	NA
NC_045512.2	27889	C	T	0	0	0	1	1	39	1	1	1	FALSE	NA	NA	NA	NA	NA	NA
NC_045512.2	28271	A	T	0	0	0	8	8	39	1	8	0.0001554	TRUE	NA	NA	NA	NA	NA	NA
NC_045512.2	28363	A	T	0	0	0	5	0	36	1	5	0.00793651	TRUE	NA	NA	NA	NA	NA	NA
NC_045512.2	28681	G	T	2	0	33	15	4	48	0.882353	17	1.31128e-07	TRUE	NA	NA	NA	NA	NA	NA
