REGION	POS	REF	ALT	REF_DP	REF_RV	REF_QUAL	ALT_DP	ALT_RV	ALT_QUAL	ALT_FREQ	TOTAL_DP	PVAL	PASS	GFF_FEATURE	REF_CODON	REF_AA	ALT_CODON	ALT_AA	POS_AA
NC_045512.2	1684	C	T	8	0	38	1	0	39	0.111111	9	0.529412	FALSE	NA	NA	NA	NA	NA	NA
NC_045512.2	4184	G	A	0	0	0	1	1	39	1	1	1	FALSE	NA	NA	NA	NA	NA	NA
NC_045512.2	10262	G	A	10	2	37	1	0	39	0.0909091	11	0.52381	FALSE	NA	NA	NA	NA	NA	NA
NC_045512.2	12160	G	A	0	0	0	2	1	39	1	2	0.333333	FALSE	NA	NA	NA	NA	NA	NA
NC_045512.2	14257	T	C	3	3	39	2	1	39	0.4	5	0.277778	FALSE	NA	NA	NA	NA	NA	NA
NC_045512.2	15714	C	T	0	0	0	19	8	38	1	19	5.65847e-11	TRUE	NA	NA	NA	NA	NA	NA
NC_045512.2	15738	C	T	49	15	39	6	0	39	0.109091	55	0.0143157	FALSE	NA	NA	NA	NA	NA	NA
NC_045512.2	15791	C	T	125	120	42	1	0	26	0.00793651	126	0.752988	FALSE	NA	NA	NA	NA	NA	NA
NC_045512.2	16093	T	C	72	69	39	1	1	37	0.0136986	73	0.503448	FALSE	NA	NA	NA	NA	NA	NA
NC_045512.2	16935	G	A	13	10	41	1	1	37	0.0714286	14	0.518519	FALSE	NA	NA	NA	NA	NA	NA
NC_045512.2	23403	A	G	0	0	0	5	2	39	1	5	0.00793651	TRUE	NA	NA	NA	NA	NA	NA
NC_045512.2	24671	T	C	16	11	40	1	1	34	0.0588235	17	0.515152	FALSE	NA	NA	NA	NA	NA	NA
NC_045512.2	25584	C	T	0	0	0	1	1	36	1	1	1	FALSE	NA	NA	NA	NA	NA	NA
NC_045512.2	26126	A	T	23	4	47	1	0	39	0.0416667	24	0.510638	FALSE	NA	NA	NA	NA	NA	NA
NC_045512.2	26177	C	G	24	8	37	1	0	38	0.04	25	0.510204	FALSE	NA	NA	NA	NA	NA	NA
NC_045512.2	26709	G	A	0	0	0	1	0	39	1	1	1	FALSE	NA	NA	NA	NA	NA	NA
NC_045512.2	27889	C	T	0	0	0	35	30	39	1	35	1.78275e-20	TRUE	NA	NA	NA	NA	NA	NA
NC_045512.2	28142	T	C	57	0	39	2	0	39	0.0338983	59	0.252137	FALSE	NA	NA	NA	NA	NA	NA
NC_045512.2	28271	A	T	0	0	0	62	62	38	1	62	1.31509e-36	TRUE	NA	NA	NA	NA	NA	NA
NC_045512.2	28363	A	T	0	0	0	2	0	38	1	2	0.333333	FALSE	NA	NA	NA	NA	NA	NA
NC_045512.2	28370	A	G	0	0	0	4	1	38	1	4	0.0285714	FALSE	NA	NA	NA	NA	NA	NA
NC_045512.2	28653	A	T	61	0	40	1	0	39	0.016129	62	0.504065	FALSE	NA	NA	NA	NA	NA	NA
NC_045512.2	28657	C	A	73	1	40	4	0	39	0.0519481	77	0.0616587	FALSE	NA	NA	NA	NA	NA	NA
NC_045512.2	28681	G	T	25	2	43	40	9	39	0.615385	65	1.76453e-16	TRUE	NA	NA	NA	NA	NA	NA
NC_045512.2	28719	G	A	58	30	38	1	1	39	0.0169492	59	0.504274	FALSE	NA	NA	NA	NA	NA	NA
NC_045512.2	29581	T	C	7	0	38	1	0	35	0.125	8	0.533333	FALSE	NA	NA	NA	NA	NA	NA
