REGION	POS	REF	ALT	REF_DP	REF_RV	REF_QUAL	ALT_DP	ALT_RV	ALT_QUAL	ALT_FREQ	TOTAL_DP	PVAL	PASS	GFF_FEATURE	REF_CODON	REF_AA	ALT_CODON	ALT_AA	POS_AA
NC_045512.2	1585	A	C	0	0	0	1	0	34	1	1	1	FALSE	NA	NA	NA	NA	NA	NA
NC_045512.2	3943	A	G	0	0	0	2	2	34	1	2	0.333333	FALSE	NA	NA	NA	NA	NA	NA
NC_045512.2	7533	G	T	0	0	0	1	1	34	1	1	1	FALSE	NA	NA	NA	NA	NA	NA
NC_045512.2	10856	T	C	0	0	0	1	1	34	1	1	1	FALSE	NA	NA	NA	NA	NA	NA
NC_045512.2	19637	C	-T	1	1	34	1	0	20	1	1	1	FALSE	NA	NA	NA	NA	NA	NA
NC_045512.2	23525	C	T	0	0	0	1	1	26	1	1	1	FALSE	NA	NA	NA	NA	NA	NA
NC_045512.2	23599	T	G	0	0	0	1	0	34	1	1	1	FALSE	NA	NA	NA	NA	NA	NA
NC_045512.2	23604	C	A	0	0	0	1	0	34	1	1	1	FALSE	NA	NA	NA	NA	NA	NA
NC_045512.2	26709	G	A	0	0	0	2	0	34	1	2	0.333333	FALSE	NA	NA	NA	NA	NA	NA
NC_045512.2	26810	C	T	2	2	34	1	1	34	0.333333	3	0.6	FALSE	NA	NA	NA	NA	NA	NA
NC_045512.2	26832	G	T	2	2	34	1	1	34	0.333333	3	0.6	FALSE	NA	NA	NA	NA	NA	NA
NC_045512.2	26858	C	T	1	1	34	1	1	34	0.5	2	0.666667	FALSE	NA	NA	NA	NA	NA	NA
