REGION	POS	REF	ALT	REF_DP	REF_RV	REF_QUAL	ALT_DP	ALT_RV	ALT_QUAL	ALT_FREQ	TOTAL_DP	PVAL	PASS	GFF_FEATURE	REF_CODON	REF_AA	ALT_CODON	ALT_AA	POS_AA
NC_045512.2	1196	G	A	93	83	41	1	1	39	0.0106383	94	0.502674	FALSE	NA	NA	NA	NA	NA	NA
NC_045512.2	2006	A	T	138	8	44	1	0	33	0.00719424	139	0.501805	FALSE	NA	NA	NA	NA	NA	NA
NC_045512.2	3037	C	T	0	0	0	1	1	38	1	1	1	FALSE	NA	NA	NA	NA	NA	NA
NC_045512.2	4856	G	T	31	30	44	1	1	35	0.03125	32	0.507937	FALSE	NA	NA	NA	NA	NA	NA
NC_045512.2	10213	T	A	19	0	38	1	0	39	0.05	20	0.512821	FALSE	NA	NA	NA	NA	NA	NA
NC_045512.2	13173	G	T	0	0	0	1	0	33	1	1	1	FALSE	NA	NA	NA	NA	NA	NA
NC_045512.2	13255	C	T	20	1	38	2	0	39	0.0909091	22	0.255814	FALSE	NA	NA	NA	NA	NA	NA
NC_045512.2	15714	C	T	0	0	0	19	9	40	1	19	5.65847e-11	TRUE	NA	NA	NA	NA	NA	NA
NC_045512.2	16935	G	A	1	1	38	7	3	38	0.875	8	0.0012432	TRUE	NA	NA	NA	NA	NA	NA
NC_045512.2	19031	A	T	50	3	40	1	0	39	0.0196078	51	0.50495	FALSE	NA	NA	NA	NA	NA	NA
NC_045512.2	21766	A	C	12	8	44	1	1	39	0.0769231	13	0.52	FALSE	NA	NA	NA	NA	NA	NA
NC_045512.2	21770	G	A	14	9	47	11	11	37	0.44	25	0.000152986	TRUE	NA	NA	NA	NA	NA	NA
NC_045512.2	23403	A	G	0	0	0	3	2	39	1	3	0.1	FALSE	NA	NA	NA	NA	NA	NA
NC_045512.2	24624	C	T	63	43	41	1	1	39	0.015625	64	0.503937	FALSE	NA	NA	NA	NA	NA	NA
NC_045512.2	27807	C	T	0	0	0	1	1	37	1	1	1	FALSE	NA	NA	NA	NA	NA	NA
NC_045512.2	27889	C	T	0	0	0	72	55	42	1	72	1.35116e-42	TRUE	NA	NA	NA	NA	NA	NA
NC_045512.2	28271	A	T	0	0	0	115	115	38	1	115	2.2056e-68	TRUE	NA	NA	NA	NA	NA	NA
NC_045512.2	28330	A	G	19	0	38	2	0	36	0.0952381	21	0.256098	FALSE	NA	NA	NA	NA	NA	NA
NC_045512.2	28363	A	T	0	0	0	10	0	35	1	10	1.08251e-05	TRUE	NA	NA	NA	NA	NA	NA
NC_045512.2	28370	A	G	0	0	0	13	0	37	1	13	1.92297e-07	TRUE	NA	NA	NA	NA	NA	NA
NC_045512.2	28410	C	-CA	96	56	38	1	0	20	0.0104167	96	0.505208	FALSE	NA	NA	NA	NA	NA	NA
NC_045512.2	28673	G	A	117	7	36	1	0	38	0.00847458	118	0.502128	FALSE	NA	NA	NA	NA	NA	NA
NC_045512.2	28681	G	T	0	0	0	94	9	42	1	94	8.77217e-56	TRUE	NA	NA	NA	NA	NA	NA
NC_045512.2	28994	C	A	7	2	34	1	0	39	0.125	8	0.533333	FALSE	NA	NA	NA	NA	NA	NA
NC_045512.2	29868	G	A	0	0	0	1	0	33	1	1	1	FALSE	NA	NA	NA	NA	NA	NA
