REGION	POS	REF	ALT	REF_DP	REF_RV	REF_QUAL	ALT_DP	ALT_RV	ALT_QUAL	ALT_FREQ	TOTAL_DP	PVAL	PASS	GFF_FEATURE	REF_CODON	REF_AA	ALT_CODON	ALT_AA	POS_AA
NC_045512.2	1441	C	T	0	0	0	1	1	39	1	1	1	FALSE	NA	NA	NA	NA	NA	NA
NC_045512.2	2040	C	T	35	14	45	1	1	39	0.0277778	36	0.507042	FALSE	NA	NA	NA	NA	NA	NA
NC_045512.2	7221	C	T	11	0	38	1	0	39	0.0833333	12	0.521739	FALSE	NA	NA	NA	NA	NA	NA
NC_045512.2	9604	A	-T	25	0	38	1	0	20	0.04	25	0.52	FALSE	NA	NA	NA	NA	NA	NA
NC_045512.2	9652	G	T	61	31	40	4	0	38	0.0615385	65	0.0614967	FALSE	NA	NA	NA	NA	NA	NA
NC_045512.2	11204	G	T	17	10	43	2	1	39	0.105263	19	0.256757	FALSE	NA	NA	NA	NA	NA	NA
NC_045512.2	12997	T	C	51	7	42	1	0	39	0.0192308	52	0.504854	FALSE	NA	NA	NA	NA	NA	NA
NC_045512.2	13494	T	A	0	0	0	1	0	38	1	1	1	FALSE	NA	NA	NA	NA	NA	NA
NC_045512.2	15714	C	T	22	9	43	33	19	40	0.6	55	1.47508e-13	TRUE	NA	NA	NA	NA	NA	NA
NC_045512.2	16617	T	C	50	31	44	1	0	39	0.0196078	51	0.50495	FALSE	NA	NA	NA	NA	NA	NA
NC_045512.2	17410	C	T	0	0	0	3	3	39	1	3	0.1	FALSE	NA	NA	NA	NA	NA	NA
NC_045512.2	18492	A	G	5	5	39	1	1	39	0.166667	6	0.545455	FALSE	NA	NA	NA	NA	NA	NA
NC_045512.2	20575	A	G	31	7	38	1	0	38	0.03125	32	0.507937	FALSE	NA	NA	NA	NA	NA	NA
NC_045512.2	22578	G	A	0	0	0	2	2	39	1	2	0.333333	FALSE	NA	NA	NA	NA	NA	NA
NC_045512.2	23403	A	G	0	0	0	19	6	38	1	19	5.65847e-11	TRUE	NA	NA	NA	NA	NA	NA
NC_045512.2	27346	T	C	35	25	38	1	0	39	0.0277778	36	0.507042	FALSE	NA	NA	NA	NA	NA	NA
NC_045512.2	27382	G	C	0	0	0	3	1	38	1	3	0.1	FALSE	NA	NA	NA	NA	NA	NA
NC_045512.2	27384	T	C	0	0	0	6	2	38	1	6	0.0021645	TRUE	NA	NA	NA	NA	NA	NA
NC_045512.2	28149	T	C	183	5	40	1	0	39	0.00543478	184	0.501362	FALSE	NA	NA	NA	NA	NA	NA
NC_045512.2	28211	A	G	108	61	43	1	0	39	0.00917431	109	0.502304	FALSE	NA	NA	NA	NA	NA	NA
NC_045512.2	28271	A	T	0	0	0	72	72	38	1	72	1.35116e-42	TRUE	NA	NA	NA	NA	NA	NA
NC_045512.2	28363	A	T	0	0	0	10	0	36	1	10	1.08251e-05	TRUE	NA	NA	NA	NA	NA	NA
NC_045512.2	28370	A	G	0	0	0	4	0	37	1	4	0.0285714	FALSE	NA	NA	NA	NA	NA	NA
NC_045512.2	28772	T	C	69	69	38	1	1	38	0.0142857	70	0.503597	FALSE	NA	NA	NA	NA	NA	NA
