REGION	POS	REF	ALT	REF_DP	REF_RV	REF_QUAL	ALT_DP	ALT_RV	ALT_QUAL	ALT_FREQ	TOTAL_DP	PVAL	PASS	GFF_FEATURE	REF_CODON	REF_AA	ALT_CODON	ALT_AA	POS_AA
NC_045512.2	1731	A	G	61	49	38	1	1	37	0.016129	62	0.504065	FALSE	NA	NA	NA	NA	NA	NA
NC_045512.2	2006	A	G	13	0	41	1	0	38	0.0714286	14	0.518519	FALSE	NA	NA	NA	NA	NA	NA
NC_045512.2	4184	G	A	0	0	0	5	2	38	1	5	0.00793651	TRUE	NA	NA	NA	NA	NA	NA
NC_045512.2	9344	C	T	0	0	0	1	1	38	1	1	1	FALSE	NA	NA	NA	NA	NA	NA
NC_045512.2	12160	G	A	6	2	37	7	4	37	0.538462	13	0.00356979	TRUE	NA	NA	NA	NA	NA	NA
NC_045512.2	15714	C	T	0	0	0	25	13	39	1	25	1.58215e-14	TRUE	NA	NA	NA	NA	NA	NA
NC_045512.2	16946	C	A	211	191	41	1	1	37	0.00471698	212	0.501182	FALSE	NA	NA	NA	NA	NA	NA
NC_045512.2	17410	C	T	0	0	0	2	2	39	1	2	0.333333	FALSE	NA	NA	NA	NA	NA	NA
NC_045512.2	17464	A	T	57	1	37	8	0	37	0.123077	65	0.00331143	TRUE	NA	NA	NA	NA	NA	NA
NC_045512.2	20329	T	A	25	13	38	1	1	39	0.0384615	26	0.509804	FALSE	NA	NA	NA	NA	NA	NA
NC_045512.2	21721	C	T	11	8	45	5	4	45	0.3125	16	0.0257076	FALSE	NA	NA	NA	NA	NA	NA
NC_045512.2	23403	A	G	0	0	0	13	8	37	1	13	1.92297e-07	TRUE	NA	NA	NA	NA	NA	NA
NC_045512.2	27382	G	C	0	0	0	1	0	37	1	1	1	FALSE	NA	NA	NA	NA	NA	NA
NC_045512.2	27921	A	T	12	8	40	1	1	39	0.0769231	13	0.52	FALSE	NA	NA	NA	NA	NA	NA
NC_045512.2	28171	C	A	63	12	42	1	0	39	0.015625	64	0.503937	FALSE	NA	NA	NA	NA	NA	NA
NC_045512.2	28271	A	T	0	0	0	45	45	37	1	45	1.92627e-26	TRUE	NA	NA	NA	NA	NA	NA
NC_045512.2	28363	A	T	0	0	0	4	0	36	1	4	0.0285714	FALSE	NA	NA	NA	NA	NA	NA
NC_045512.2	28677	C	T	35	10	44	7	0	37	0.166667	42	0.0064978	TRUE	NA	NA	NA	NA	NA	NA
NC_045512.2	29266	G	T	7	0	36	2	0	39	0.222222	9	0.264706	FALSE	NA	NA	NA	NA	NA	NA
NC_045512.2	29324	A	T	53	35	38	1	0	38	0.0185185	54	0.504673	FALSE	NA	NA	NA	NA	NA	NA
