REGION	POS	REF	ALT	REF_DP	REF_RV	REF_QUAL	ALT_DP	ALT_RV	ALT_QUAL	ALT_FREQ	TOTAL_DP	PVAL	PASS	GFF_FEATURE	REF_CODON	REF_AA	ALT_CODON	ALT_AA	POS_AA
NC_045512.2	3037	C	T	0	0	0	2	2	34	1	2	0.333333	FALSE	NA	NA	NA	NA	NA	NA
NC_045512.2	3795	T	C	0	0	0	1	0	34	1	1	1	FALSE	NA	NA	NA	NA	NA	NA
NC_045512.2	3826	T	C	0	0	0	1	0	34	1	1	1	FALSE	NA	NA	NA	NA	NA	NA
NC_045512.2	11287	G	-TCTGGTTTT	4	4	34	4	0	20	1	4	0.212121	FALSE	NA	NA	NA	NA	NA	NA
NC_045512.2	12740	A	G	0	0	0	1	0	34	1	1	1	FALSE	NA	NA	NA	NA	NA	NA
NC_045512.2	12880	C	T	0	0	0	3	1	34	1	3	0.1	FALSE	NA	NA	NA	NA	NA	NA
NC_045512.2	17410	C	T	0	0	0	1	0	34	1	1	1	FALSE	NA	NA	NA	NA	NA	NA
NC_045512.2	21618	C	T	0	0	0	1	0	34	1	1	1	FALSE	NA	NA	NA	NA	NA	NA
NC_045512.2	21632	T	-TACCCCCTG	1	0	34	1	0	20	1	1	1	FALSE	NA	NA	NA	NA	NA	NA
NC_045512.2	22992	G	A	0	0	0	1	0	34	1	1	1	FALSE	NA	NA	NA	NA	NA	NA
NC_045512.2	22995	C	A	0	0	0	1	0	34	1	1	1	FALSE	NA	NA	NA	NA	NA	NA
NC_045512.2	23013	A	C	0	0	0	1	0	34	1	1	1	FALSE	NA	NA	NA	NA	NA	NA
NC_045512.2	23040	A	G	0	0	0	1	1	34	1	1	1	FALSE	NA	NA	NA	NA	NA	NA
NC_045512.2	23055	A	G	0	0	0	1	1	34	1	1	1	FALSE	NA	NA	NA	NA	NA	NA
NC_045512.2	23063	A	T	0	0	0	1	1	34	1	1	1	FALSE	NA	NA	NA	NA	NA	NA
NC_045512.2	23075	T	C	0	0	0	1	1	34	1	1	1	FALSE	NA	NA	NA	NA	NA	NA
NC_045512.2	23403	A	G	0	0	0	1	0	34	1	1	1	FALSE	NA	NA	NA	NA	NA	NA
NC_045512.2	23525	C	T	0	0	0	2	1	51	1	2	0.333333	FALSE	NA	NA	NA	NA	NA	NA
NC_045512.2	23599	T	G	0	0	0	3	2	45	1	3	0.1	FALSE	NA	NA	NA	NA	NA	NA
NC_045512.2	23604	C	A	0	0	0	3	2	45	1	3	0.1	FALSE	NA	NA	NA	NA	NA	NA
NC_045512.2	23948	G	T	0	0	0	1	0	34	1	1	1	FALSE	NA	NA	NA	NA	NA	NA
NC_045512.2	26060	C	T	0	0	0	1	0	34	1	1	1	FALSE	NA	NA	NA	NA	NA	NA
NC_045512.2	26162	A	T	0	0	0	1	1	34	1	1	1	FALSE	NA	NA	NA	NA	NA	NA
NC_045512.2	26577	C	G	0	0	0	2	2	34	1	2	0.333333	FALSE	NA	NA	NA	NA	NA	NA
NC_045512.2	26709	G	A	0	0	0	1	1	68	1	1	1	FALSE	NA	NA	NA	NA	NA	NA
NC_045512.2	27259	A	C	0	0	0	3	0	34	1	3	0.1	FALSE	NA	NA	NA	NA	NA	NA
NC_045512.2	27807	C	T	0	0	0	1	1	34	1	1	1	FALSE	NA	NA	NA	NA	NA	NA
