REGION	POS	REF	ALT	REF_DP	REF_RV	REF_QUAL	ALT_DP	ALT_RV	ALT_QUAL	ALT_FREQ	TOTAL_DP	PVAL	PASS	GFF_FEATURE	REF_CODON	REF_AA	ALT_CODON	ALT_AA	POS_AA
NC_045512.2	2036	G	T	62	50	45	1	1	74	0.015873	63	0.504	FALSE	NA	NA	NA	NA	NA	NA
NC_045512.2	5485	T	A	8	8	43	1	1	39	0.111111	9	0.529412	FALSE	NA	NA	NA	NA	NA	NA
NC_045512.2	12201	A	G	16	16	38	1	1	38	0.0588235	17	0.515152	FALSE	NA	NA	NA	NA	NA	NA
NC_045512.2	12748	T	C	5	4	38	2	2	38	0.285714	7	0.269231	FALSE	NA	NA	NA	NA	NA	NA
NC_045512.2	12749	G	T	5	4	37	1	1	39	0.166667	6	0.545455	FALSE	NA	NA	NA	NA	NA	NA
NC_045512.2	15714	C	T	0	0	0	59	29	41	1	59	8.21129e-35	TRUE	NA	NA	NA	NA	NA	NA
NC_045512.2	15785	T	A	322	296	45	1	1	37	0.00309598	323	0.500775	FALSE	NA	NA	NA	NA	NA	NA
NC_045512.2	15796	C	-T	257	240	44	1	0	20	0.00389105	257	0.877182	FALSE	NA	NA	NA	NA	NA	NA
NC_045512.2	16014	G	A	2	0	35	5	0	37	0.714286	7	0.016317	FALSE	NA	NA	NA	NA	NA	NA
NC_045512.2	16944	T	A	224	184	43	1	1	39	0.00444444	225	0.501114	FALSE	NA	NA	NA	NA	NA	NA
NC_045512.2	21721	C	T	11	8	40	5	1	37	0.3125	16	0.0257076	FALSE	NA	NA	NA	NA	NA	NA
NC_045512.2	22916	C	A	0	0	0	1	0	39	1	1	1	FALSE	NA	NA	NA	NA	NA	NA
NC_045512.2	22992	G	A	0	0	0	1	1	39	1	1	1	FALSE	NA	NA	NA	NA	NA	NA
NC_045512.2	22995	C	A	0	0	0	1	1	39	1	1	1	FALSE	NA	NA	NA	NA	NA	NA
NC_045512.2	23403	A	G	0	0	0	16	7	43	1	16	3.32734e-09	TRUE	NA	NA	NA	NA	NA	NA
NC_045512.2	25584	C	T	0	0	0	3	3	37	1	3	0.1	FALSE	NA	NA	NA	NA	NA	NA
NC_045512.2	26229	T	C	38	38	38	1	1	39	0.025641	39	0.506494	FALSE	NA	NA	NA	NA	NA	NA
NC_045512.2	27382	G	C	1	1	39	2	0	39	0.666667	3	0.3	FALSE	NA	NA	NA	NA	NA	NA
NC_045512.2	27384	T	C	1	1	39	3	2	38	0.75	4	0.114286	FALSE	NA	NA	NA	NA	NA	NA
NC_045512.2	28214	C	-T	161	94	42	1	0	20	0.00621118	161	0.753875	FALSE	NA	NA	NA	NA	NA	NA
NC_045512.2	28215	T	C	174	112	44	1	1	37	0.00571429	175	0.5	FALSE	NA	NA	NA	NA	NA	NA
NC_045512.2	28271	A	T	0	0	0	73	73	38	1	73	3.40119e-43	TRUE	NA	NA	NA	NA	NA	NA
NC_045512.2	28311	C	T	0	0	0	1	0	27	1	1	1	FALSE	NA	NA	NA	NA	NA	NA
NC_045512.2	28363	A	T	0	0	0	9	0	37	1	9	4.11353e-05	TRUE	NA	NA	NA	NA	NA	NA
NC_045512.2	28656	A	G	251	17	41	1	0	38	0.00396825	252	0.500994	FALSE	NA	NA	NA	NA	NA	NA
NC_045512.2	28657	C	T	249	17	41	8	0	38	0.0311284	257	0.0037546	TRUE	NA	NA	NA	NA	NA	NA
NC_045512.2	28685	G	T	177	78	40	4	2	35	0.0220994	181	0.0621494	FALSE	NA	NA	NA	NA	NA	NA
NC_045512.2	28883	G	C	0	0	0	1	0	39	1	1	1	FALSE	NA	NA	NA	NA	NA	NA
NC_045512.2	29312	A	G	224	98	43	1	0	39	0.00444444	225	0.501114	FALSE	NA	NA	NA	NA	NA	NA
