REGION	POS	REF	ALT	REF_DP	REF_RV	REF_QUAL	ALT_DP	ALT_RV	ALT_QUAL	ALT_FREQ	TOTAL_DP	PVAL	PASS	GFF_FEATURE	REF_CODON	REF_AA	ALT_CODON	ALT_AA	POS_AA
NC_045512.2	11167	A	T	47	13	41	1	0	29	0.0208333	48	0.505263	FALSE	NA	NA	NA	NA	NA	NA
NC_045512.2	11250	G	A	87	84	41	1	1	39	0.0113636	88	0.502857	FALSE	NA	NA	NA	NA	NA	NA
NC_045512.2	12160	G	A	0	0	0	1	1	39	1	1	1	FALSE	NA	NA	NA	NA	NA	NA
NC_045512.2	12976	A	T	47	0	38	1	0	33	0.0208333	48	0.505263	FALSE	NA	NA	NA	NA	NA	NA
NC_045512.2	13306	T	C	23	2	42	1	0	27	0.0416667	24	0.510638	FALSE	NA	NA	NA	NA	NA	NA
NC_045512.2	13924	T	A	15	5	38	1	0	39	0.0625	16	0.516129	FALSE	NA	NA	NA	NA	NA	NA
NC_045512.2	15714	C	T	0	0	0	25	12	40	1	25	1.58215e-14	TRUE	NA	NA	NA	NA	NA	NA
NC_045512.2	16616	C	A	6	4	51	2	0	36	0.25	8	0.266667	FALSE	NA	NA	NA	NA	NA	NA
NC_045512.2	16935	G	A	0	0	0	4	4	38	1	4	0.0285714	FALSE	NA	NA	NA	NA	NA	NA
NC_045512.2	17410	C	T	0	0	0	2	2	38	1	2	0.333333	FALSE	NA	NA	NA	NA	NA	NA
NC_045512.2	19141	T	A	25	24	40	1	1	39	0.0384615	26	0.509804	FALSE	NA	NA	NA	NA	NA	NA
NC_045512.2	23403	A	G	0	0	0	10	4	37	1	10	1.08251e-05	TRUE	NA	NA	NA	NA	NA	NA
NC_045512.2	25584	C	T	0	0	0	9	9	38	1	9	4.11353e-05	TRUE	NA	NA	NA	NA	NA	NA
NC_045512.2	26118	A	T	61	1	40	1	1	39	0.016129	62	0.504065	FALSE	NA	NA	NA	NA	NA	NA
NC_045512.2	27889	C	T	18	11	48	69	52	39	0.793103	87	9.18169e-32	TRUE	NA	NA	NA	NA	NA	NA
NC_045512.2	28271	A	T	0	0	0	48	48	38	1	48	3.10797e-28	TRUE	NA	NA	NA	NA	NA	NA
NC_045512.2	28330	A	G	7	1	44	1	0	38	0.125	8	0.533333	FALSE	NA	NA	NA	NA	NA	NA
NC_045512.2	28363	A	T	0	0	0	7	0	35	1	7	0.000582751	TRUE	NA	NA	NA	NA	NA	NA
NC_045512.2	28390	A	G	16	10	37	2	2	38	0.111111	18	0.257143	FALSE	NA	NA	NA	NA	NA	NA
NC_045512.2	28681	G	T	24	6	47	52	8	40	0.684211	76	3.2874e-22	TRUE	NA	NA	NA	NA	NA	NA
NC_045512.2	29010	T	G	12	8	37	1	0	30	0.0769231	13	0.52	FALSE	NA	NA	NA	NA	NA	NA
NC_045512.2	29370	C	T	70	51	45	4	3	48	0.0540541	74	0.0616233	FALSE	NA	NA	NA	NA	NA	NA
NC_045512.2	29687	A	G	120	117	40	1	1	38	0.00826446	121	0.502075	FALSE	NA	NA	NA	NA	NA	NA
