REGION	POS	REF	ALT	REF_DP	REF_RV	REF_QUAL	ALT_DP	ALT_RV	ALT_QUAL	ALT_FREQ	TOTAL_DP	PVAL	PASS	GFF_FEATURE	REF_CODON	REF_AA	ALT_CODON	ALT_AA	POS_AA
NC_045512.2	3469	A	G	0	0	0	1	0	38	1	1	1	FALSE	NA	NA	NA	NA	NA	NA
NC_045512.2	4148	G	-T	21	6	51	1	0	20	0.047619	21	0.52381	FALSE	NA	NA	NA	NA	NA	NA
NC_045512.2	4149	T	G	21	5	49	3	0	37	0.125	24	0.117021	FALSE	NA	NA	NA	NA	NA	NA
NC_045512.2	4184	G	A	0	0	0	6	1	45	1	6	0.0021645	TRUE	NA	NA	NA	NA	NA	NA
NC_045512.2	13002	T	C	334	35	41	1	0	33	0.00298507	335	0.500747	FALSE	NA	NA	NA	NA	NA	NA
NC_045512.2	15714	C	T	0	0	0	58	30	39	1	58	3.25668e-34	TRUE	NA	NA	NA	NA	NA	NA
NC_045512.2	16268	A	G	100	8	42	1	0	38	0.00990099	101	0.502488	FALSE	NA	NA	NA	NA	NA	NA
NC_045512.2	16862	T	C	159	61	43	1	1	39	0.00625	160	0.501567	FALSE	NA	NA	NA	NA	NA	NA
NC_045512.2	17410	C	T	0	0	0	3	3	39	1	3	0.1	FALSE	NA	NA	NA	NA	NA	NA
NC_045512.2	17465	C	T	90	1	37	1	0	38	0.010989	91	0.502762	FALSE	NA	NA	NA	NA	NA	NA
NC_045512.2	17776	C	T	74	9	46	1	0	39	0.0133333	75	0.503356	FALSE	NA	NA	NA	NA	NA	NA
NC_045512.2	22578	G	A	0	0	0	3	0	38	1	3	0.1	FALSE	NA	NA	NA	NA	NA	NA
NC_045512.2	23356	A	G	5	0	39	1	0	39	0.166667	6	0.545455	FALSE	NA	NA	NA	NA	NA	NA
NC_045512.2	23375	T	A	14	2	49	1	0	36	0.0666667	15	0.517241	FALSE	NA	NA	NA	NA	NA	NA
NC_045512.2	23403	A	G	0	0	0	10	4	38	1	10	1.08251e-05	TRUE	NA	NA	NA	NA	NA	NA
NC_045512.2	24130	C	A	0	0	0	3	3	38	1	3	0.1	FALSE	NA	NA	NA	NA	NA	NA
NC_045512.2	27344	A	T	68	51	41	1	1	39	0.0144928	69	0.50365	FALSE	NA	NA	NA	NA	NA	NA
NC_045512.2	27384	T	C	0	0	0	5	2	39	1	5	0.00793651	TRUE	NA	NA	NA	NA	NA	NA
NC_045512.2	27888	A	G	82	69	38	1	1	38	0.0120482	83	0.50303	FALSE	NA	NA	NA	NA	NA	NA
NC_045512.2	27889	C	T	80	66	39	1	1	39	0.0123457	81	0.503106	FALSE	NA	NA	NA	NA	NA	NA
NC_045512.2	28154	A	G	66	3	40	1	0	36	0.0149254	67	0.503759	FALSE	NA	NA	NA	NA	NA	NA
NC_045512.2	28271	A	T	0	0	0	25	25	38	1	25	1.58215e-14	TRUE	NA	NA	NA	NA	NA	NA
NC_045512.2	28311	C	T	0	0	0	1	0	39	1	1	1	FALSE	NA	NA	NA	NA	NA	NA
NC_045512.2	28333	C	A	33	0	37	1	0	38	0.0294118	34	0.507463	FALSE	NA	NA	NA	NA	NA	NA
NC_045512.2	28363	A	T	0	0	0	8	0	38	1	8	0.0001554	TRUE	NA	NA	NA	NA	NA	NA
NC_045512.2	28370	A	G	0	0	0	2	1	38	1	2	0.333333	FALSE	NA	NA	NA	NA	NA	NA
NC_045512.2	28679	G	A	58	20	46	1	0	33	0.0169492	59	0.504274	FALSE	NA	NA	NA	NA	NA	NA
NC_045512.2	28739	G	A	63	32	41	1	1	37	0.015625	64	0.503937	FALSE	NA	NA	NA	NA	NA	NA
NC_045512.2	28961	C	T	1	0	34	3	0	35	0.75	4	0.114286	FALSE	NA	NA	NA	NA	NA	NA
