REGION	POS	REF	ALT	REF_DP	REF_RV	REF_QUAL	ALT_DP	ALT_RV	ALT_QUAL	ALT_FREQ	TOTAL_DP	PVAL	PASS	GFF_FEATURE	REF_CODON	REF_AA	ALT_CODON	ALT_AA	POS_AA
NC_045512.2	29637	T	A	25	14	40	1	0	28	0.0384615	26	0.509804	FALSE	NA	NA	NA	NA	NA	NA
NC_045512.2	29648	G	T	32	19	36	1	0	32	0.030303	33	0.507692	FALSE	NA	NA	NA	NA	NA	NA
NC_045512.2	29666	C	T	0	0	0	8	1	33	1	8	0.0001554	TRUE	NA	NA	NA	NA	NA	NA
NC_045512.2	29867	T	G	0	0	0	1	0	36	1	1	1	FALSE	NA	NA	NA	NA	NA	NA
NC_045512.2	29897	A	T	156	104	31	1	0	36	0.00636943	157	0.501597	FALSE	NA	NA	NA	NA	NA	NA
