REGION	POS	REF	ALT	REF_DP	REF_RV	REF_QUAL	ALT_DP	ALT_RV	ALT_QUAL	ALT_FREQ	TOTAL_DP	PVAL	PASS	GFF_FEATURE	REF_CODON	REF_AA	ALT_CODON	ALT_AA	POS_AA
NC_045512.2	3643	A	G	12	11	42	1	1	39	0.0769231	13	0.52	FALSE	NA	NA	NA	NA	NA	NA
NC_045512.2	10590	G	A	3	0	39	1	0	39	0.25	4	0.571429	FALSE	NA	NA	NA	NA	NA	NA
NC_045512.2	11156	C	T	36	0	41	1	0	39	0.027027	37	0.506849	FALSE	NA	NA	NA	NA	NA	NA
NC_045512.2	11219	A	G	22	18	38	1	1	39	0.0434783	23	0.511111	FALSE	NA	NA	NA	NA	NA	NA
NC_045512.2	12160	G	A	0	0	0	4	3	37	1	4	0.0285714	FALSE	NA	NA	NA	NA	NA	NA
NC_045512.2	14556	T	C	22	11	38	1	1	38	0.0434783	23	0.511111	FALSE	NA	NA	NA	NA	NA	NA
NC_045512.2	15212	C	T	37	37	40	1	1	37	0.0263158	38	0.506667	FALSE	NA	NA	NA	NA	NA	NA
NC_045512.2	15714	C	T	0	0	0	43	26	39	1	43	3.01316e-25	TRUE	NA	NA	NA	NA	NA	NA
NC_045512.2	15766	G	A	238	128	45	1	1	39	0.0041841	239	0.501048	FALSE	NA	NA	NA	NA	NA	NA
NC_045512.2	16616	C	A	4	0	48	2	0	39	0.333333	6	0.272727	FALSE	NA	NA	NA	NA	NA	NA
NC_045512.2	18682	A	G	20	0	38	3	0	37	0.130435	23	0.124806	FALSE	NA	NA	NA	NA	NA	NA
NC_045512.2	22578	G	A	0	0	0	1	1	39	1	1	1	FALSE	NA	NA	NA	NA	NA	NA
NC_045512.2	22674	C	T	0	0	0	1	1	30	1	1	1	FALSE	NA	NA	NA	NA	NA	NA
NC_045512.2	23403	A	G	0	0	0	11	2	38	1	11	2.83514e-06	TRUE	NA	NA	NA	NA	NA	NA
NC_045512.2	25502	T	C	4	2	38	3	0	38	0.428571	7	0.122378	FALSE	NA	NA	NA	NA	NA	NA
NC_045512.2	25584	C	T	0	0	0	3	3	38	1	3	0.1	FALSE	NA	NA	NA	NA	NA	NA
NC_045512.2	25903	T	C	9	9	47	1	1	38	0.1	10	0.526316	FALSE	NA	NA	NA	NA	NA	NA
NC_045512.2	27389	C	T	42	42	37	5	5	46	0.106383	47	0.0295151	FALSE	NA	NA	NA	NA	NA	NA
NC_045512.2	27889	C	T	0	0	0	52	48	39	1	52	1.26337e-30	TRUE	NA	NA	NA	NA	NA	NA
NC_045512.2	28215	T	C	243	202	44	1	1	37	0.00409836	244	0.501027	FALSE	NA	NA	NA	NA	NA	NA
NC_045512.2	28253	C	-A	89	82	44	6	0	20	0.0674157	89	0.0180992	FALSE	NA	NA	NA	NA	NA	NA
NC_045512.2	28271	A	T	0	0	0	54	54	38	1	54	8.04577e-32	TRUE	NA	NA	NA	NA	NA	NA
NC_045512.2	28363	A	T	0	0	0	4	0	36	1	4	0.0285714	FALSE	NA	NA	NA	NA	NA	NA
NC_045512.2	28461	A	G	7	6	44	1	1	39	0.125	8	0.533333	FALSE	NA	NA	NA	NA	NA	NA
NC_045512.2	28719	G	C	94	52	40	1	0	38	0.0105263	95	0.502646	FALSE	NA	NA	NA	NA	NA	NA
NC_045512.2	28947	A	T	1	1	39	1	0	30	0.5	2	0.666667	FALSE	NA	NA	NA	NA	NA	NA
NC_045512.2	29308	T	C	38	11	41	1	0	32	0.025641	39	0.506494	FALSE	NA	NA	NA	NA	NA	NA
