REGION	POS	REF	ALT	REF_DP	REF_RV	REF_QUAL	ALT_DP	ALT_RV	ALT_QUAL	ALT_FREQ	TOTAL_DP	PVAL	PASS	GFF_FEATURE	REF_CODON	REF_AA	ALT_CODON	ALT_AA	POS_AA
NC_045512.2	4184	G	A	0	0	0	2	1	38	1	2	0.333333	FALSE	NA	NA	NA	NA	NA	NA
NC_045512.2	8484	T	C	44	4	39	1	0	39	0.0222222	45	0.505618	FALSE	NA	NA	NA	NA	NA	NA
NC_045512.2	12160	G	A	0	0	0	2	2	39	1	2	0.333333	FALSE	NA	NA	NA	NA	NA	NA
NC_045512.2	12443	A	G	3	0	37	1	0	37	0.25	4	0.571429	FALSE	NA	NA	NA	NA	NA	NA
NC_045512.2	16551	C	T	30	7	43	1	1	39	0.0322581	31	0.508197	FALSE	NA	NA	NA	NA	NA	NA
NC_045512.2	17410	C	T	0	0	0	1	0	39	1	1	1	FALSE	NA	NA	NA	NA	NA	NA
NC_045512.2	19057	T	C	0	0	0	1	1	38	1	1	1	FALSE	NA	NA	NA	NA	NA	NA
NC_045512.2	20281	T	A	7	2	44	1	1	39	0.125	8	0.533333	FALSE	NA	NA	NA	NA	NA	NA
NC_045512.2	21770	G	A	0	0	0	2	2	38	1	2	0.333333	FALSE	NA	NA	NA	NA	NA	NA
NC_045512.2	23403	A	G	0	0	0	2	1	39	1	2	0.333333	FALSE	NA	NA	NA	NA	NA	NA
NC_045512.2	27807	C	T	0	0	0	1	1	39	1	1	1	FALSE	NA	NA	NA	NA	NA	NA
NC_045512.2	27833	T	C	33	0	38	1	0	39	0.0294118	34	0.507463	FALSE	NA	NA	NA	NA	NA	NA
NC_045512.2	27889	C	T	9	7	37	45	34	40	0.833333	54	1.63221e-21	TRUE	NA	NA	NA	NA	NA	NA
NC_045512.2	27969	A	C	20	20	38	1	1	39	0.047619	21	0.512195	FALSE	NA	NA	NA	NA	NA	NA
NC_045512.2	28141	G	T	195	4	40	1	0	39	0.00510204	196	0.501279	FALSE	NA	NA	NA	NA	NA	NA
NC_045512.2	28146	C	T	203	4	39	1	0	39	0.00490196	204	0.501229	FALSE	NA	NA	NA	NA	NA	NA
NC_045512.2	28211	A	G	138	58	42	1	0	33	0.00719424	139	0.501805	FALSE	NA	NA	NA	NA	NA	NA
NC_045512.2	28215	T	C	295	233	43	2	2	30	0.00673401	297	0.250422	FALSE	NA	NA	NA	NA	NA	NA
NC_045512.2	28271	A	T	0	0	0	86	85	38	1	86	5.49954e-51	TRUE	NA	NA	NA	NA	NA	NA
NC_045512.2	28330	A	G	4	0	37	1	0	38	0.2	5	0.555556	FALSE	NA	NA	NA	NA	NA	NA
NC_045512.2	28363	A	T	0	0	0	4	0	38	1	4	0.0285714	FALSE	NA	NA	NA	NA	NA	NA
NC_045512.2	28681	G	T	78	23	43	5	0	37	0.060241	83	0.0302857	FALSE	NA	NA	NA	NA	NA	NA
NC_045512.2	28724	C	T	67	33	39	1	0	39	0.0147059	68	0.503704	FALSE	NA	NA	NA	NA	NA	NA
NC_045512.2	28991	C	A	20	7	39	1	0	30	0.047619	21	0.512195	FALSE	NA	NA	NA	NA	NA	NA
NC_045512.2	29284	C	T	194	13	42	1	0	39	0.00512821	195	0.501285	FALSE	NA	NA	NA	NA	NA	NA
NC_045512.2	29666	C	T	94	66	53	1	1	39	0.0105263	95	0.502646	FALSE	NA	NA	NA	NA	NA	NA
