REGION	POS	REF	ALT	REF_DP	REF_RV	REF_QUAL	ALT_DP	ALT_RV	ALT_QUAL	ALT_FREQ	TOTAL_DP	PVAL	PASS	GFF_FEATURE	REF_CODON	REF_AA	ALT_CODON	ALT_AA	POS_AA
NC_045512.2	883	A	G	15	15	38	1	1	38	0.0625	16	0.516129	FALSE	NA	NA	NA	NA	NA	NA
NC_045512.2	897	C	A	5	5	38	1	1	38	0.166667	6	0.545455	FALSE	NA	NA	NA	NA	NA	NA
NC_045512.2	1147	T	A	70	29	40	1	0	33	0.0140845	71	0.503546	FALSE	NA	NA	NA	NA	NA	NA
NC_045512.2	3037	C	T	0	0	0	3	3	37	1	3	0.1	FALSE	NA	NA	NA	NA	NA	NA
NC_045512.2	4148	G	T	0	0	0	6	0	38	1	6	0.0021645	TRUE	NA	NA	NA	NA	NA	NA
NC_045512.2	4184	G	A	0	0	0	1	0	39	1	1	1	FALSE	NA	NA	NA	NA	NA	NA
NC_045512.2	5184	C	T	0	0	0	1	1	39	1	1	1	FALSE	NA	NA	NA	NA	NA	NA
NC_045512.2	13616	A	G	98	0	39	1	0	39	0.010101	99	0.502538	FALSE	NA	NA	NA	NA	NA	NA
NC_045512.2	20297	A	G	46	26	43	1	1	39	0.0212766	47	0.505376	FALSE	NA	NA	NA	NA	NA	NA
NC_045512.2	21505	A	G	13	4	38	1	1	39	0.0714286	14	0.518519	FALSE	NA	NA	NA	NA	NA	NA
NC_045512.2	22022	G	-A	41	0	37	1	0	20	0.0243902	41	0.512195	FALSE	NA	NA	NA	NA	NA	NA
NC_045512.2	22079	C	T	37	19	43	1	0	38	0.0263158	38	0.506667	FALSE	NA	NA	NA	NA	NA	NA
NC_045512.2	22674	C	T	0	0	0	1	1	29	1	1	1	FALSE	NA	NA	NA	NA	NA	NA
NC_045512.2	23403	A	G	0	0	0	6	3	45	1	6	0.0021645	TRUE	NA	NA	NA	NA	NA	NA
NC_045512.2	24101	A	T	52	48	44	1	1	39	0.0188679	53	0.504762	FALSE	NA	NA	NA	NA	NA	NA
NC_045512.2	25584	C	T	0	0	0	7	7	38	1	7	0.000582751	TRUE	NA	NA	NA	NA	NA	NA
NC_045512.2	25805	C	A	74	4	40	1	0	39	0.0133333	75	0.503356	FALSE	NA	NA	NA	NA	NA	NA
NC_045512.2	25891	A	G	90	76	48	1	1	78	0.010989	91	0.502762	FALSE	NA	NA	NA	NA	NA	NA
NC_045512.2	27038	A	G	2	0	39	1	0	38	0.333333	3	0.6	FALSE	NA	NA	NA	NA	NA	NA
NC_045512.2	27889	C	T	0	0	0	196	161	41	1	196	4.92325e-117	TRUE	NA	NA	NA	NA	NA	NA
NC_045512.2	28171	C	T	90	13	42	13	3	38	0.126214	103	8.70432e-05	TRUE	NA	NA	NA	NA	NA	NA
NC_045512.2	28271	A	T	0	0	0	99	99	38	1	99	8.79087e-59	TRUE	NA	NA	NA	NA	NA	NA
NC_045512.2	28363	A	T	0	0	0	5	0	38	1	5	0.00793651	TRUE	NA	NA	NA	NA	NA	NA
NC_045512.2	28674	C	T	57	3	42	82	11	40	0.589928	139	7.9629e-33	TRUE	NA	NA	NA	NA	NA	NA
NC_045512.2	28712	G	A	106	49	39	1	1	38	0.00934579	107	0.502347	FALSE	NA	NA	NA	NA	NA	NA
NC_045512.2	28971	A	G	20	2	43	1	1	30	0.047619	21	0.512195	FALSE	NA	NA	NA	NA	NA	NA
NC_045512.2	29035	T	C	15	11	40	1	0	30	0.0625	16	0.516129	FALSE	NA	NA	NA	NA	NA	NA
NC_045512.2	29312	A	G	33	9	44	1	0	36	0.0294118	34	0.507463	FALSE	NA	NA	NA	NA	NA	NA
NC_045512.2	29510	A	C	0	0	0	1	0	39	1	1	1	FALSE	NA	NA	NA	NA	NA	NA
NC_045512.2	29666	C	T	33	23	54	2	1	38	0.0571429	35	0.253623	FALSE	NA	NA	NA	NA	NA	NA
