REGION	POS	REF	ALT	REF_DP	REF_RV	REF_QUAL	ALT_DP	ALT_RV	ALT_QUAL	ALT_FREQ	TOTAL_DP	PVAL	PASS	GFF_FEATURE	REF_CODON	REF_AA	ALT_CODON	ALT_AA	POS_AA
NC_045512.2	2022	T	C	87	20	40	1	0	39	0.0113636	88	0.502857	FALSE	NA	NA	NA	NA	NA	NA
NC_045512.2	4184	G	A	0	0	0	1	1	39	1	1	1	FALSE	NA	NA	NA	NA	NA	NA
NC_045512.2	5455	A	C	19	10	42	1	0	27	0.05	20	0.512821	FALSE	NA	NA	NA	NA	NA	NA
NC_045512.2	5769	A	G	100	60	42	1	1	37	0.00990099	101	0.502488	FALSE	NA	NA	NA	NA	NA	NA
NC_045512.2	12160	G	A	0	0	0	2	2	39	1	2	0.333333	FALSE	NA	NA	NA	NA	NA	NA
NC_045512.2	13003	A	G	137	13	40	1	0	37	0.00724638	138	0.501818	FALSE	NA	NA	NA	NA	NA	NA
NC_045512.2	15714	C	T	0	0	0	38	17	40	1	38	2.90165e-22	TRUE	NA	NA	NA	NA	NA	NA
NC_045512.2	15735	T	C	109	41	38	1	0	37	0.00909091	110	0.502283	FALSE	NA	NA	NA	NA	NA	NA
NC_045512.2	15744	C	A	213	43	39	1	0	39	0.0046729	214	0.501171	FALSE	NA	NA	NA	NA	NA	NA
NC_045512.2	15752	C	T	234	74	40	1	0	39	0.00425532	235	0.501066	FALSE	NA	NA	NA	NA	NA	NA
NC_045512.2	15808	A	G	127	127	38	1	1	39	0.0078125	128	0.501961	FALSE	NA	NA	NA	NA	NA	NA
NC_045512.2	16290	T	G	46	10	41	1	0	38	0.0212766	47	0.505376	FALSE	NA	NA	NA	NA	NA	NA
NC_045512.2	16935	G	A	38	28	44	10	7	38	0.208333	48	0.000647279	TRUE	NA	NA	NA	NA	NA	NA
NC_045512.2	19680	T	C	17	14	38	1	1	34	0.0555556	18	0.514286	FALSE	NA	NA	NA	NA	NA	NA
NC_045512.2	21770	G	A	0	0	0	2	2	39	1	2	0.333333	FALSE	NA	NA	NA	NA	NA	NA
NC_045512.2	23403	A	G	0	0	0	8	2	38	1	8	0.0001554	TRUE	NA	NA	NA	NA	NA	NA
NC_045512.2	23477	G	A	49	38	50	1	1	33	0.02	50	0.505051	FALSE	NA	NA	NA	NA	NA	NA
NC_045512.2	24565	T	C	112	5	43	1	0	39	0.00884956	113	0.502222	FALSE	NA	NA	NA	NA	NA	NA
NC_045512.2	27807	C	T	0	0	0	1	1	39	1	1	1	FALSE	NA	NA	NA	NA	NA	NA
NC_045512.2	27889	C	T	0	0	0	113	86	41	1	113	3.49821e-67	TRUE	NA	NA	NA	NA	NA	NA
NC_045512.2	28271	A	T	0	0	0	158	158	38	1	158	3.3404e-94	TRUE	NA	NA	NA	NA	NA	NA
NC_045512.2	28330	A	G	44	0	38	2	0	37	0.0434783	46	0.252747	FALSE	NA	NA	NA	NA	NA	NA
NC_045512.2	28363	A	T	0	0	0	13	0	37	1	13	1.92297e-07	TRUE	NA	NA	NA	NA	NA	NA
NC_045512.2	28370	A	G	0	0	0	2	1	38	1	2	0.333333	FALSE	NA	NA	NA	NA	NA	NA
NC_045512.2	28395	G	A	90	57	43	1	1	38	0.010989	91	0.502762	FALSE	NA	NA	NA	NA	NA	NA
NC_045512.2	28681	G	T	55	11	43	79	14	41	0.589552	134	1.23631e-31	TRUE	NA	NA	NA	NA	NA	NA
NC_045512.2	28704	A	T	98	67	39	2	1	38	0.02	100	0.251256	FALSE	NA	NA	NA	NA	NA	NA
NC_045512.2	29251	T	C	0	0	0	1	1	38	1	1	1	FALSE	NA	NA	NA	NA	NA	NA
NC_045512.2	29510	A	C	0	0	0	1	1	38	1	1	1	FALSE	NA	NA	NA	NA	NA	NA
