REGION	POS	REF	ALT	REF_DP	REF_RV	REF_QUAL	ALT_DP	ALT_RV	ALT_QUAL	ALT_FREQ	TOTAL_DP	PVAL	PASS	GFF_FEATURE	REF_CODON	REF_AA	ALT_CODON	ALT_AA	POS_AA
NC_045512.2	12160	G	A	0	0	0	1	1	39	1	1	1	FALSE	NA	NA	NA	NA	NA	NA
NC_045512.2	15714	C	T	0	0	0	12	7	39	1	12	7.39602e-07	TRUE	NA	NA	NA	NA	NA	NA
NC_045512.2	16935	G	A	0	0	0	6	4	36	1	6	0.0021645	TRUE	NA	NA	NA	NA	NA	NA
NC_045512.2	18722	A	T	0	0	0	1	0	39	1	1	1	FALSE	NA	NA	NA	NA	NA	NA
NC_045512.2	27889	C	T	1	0	65	18	13	40	0.947368	19	1.07511e-09	TRUE	NA	NA	NA	NA	NA	NA
NC_045512.2	28271	A	T	0	0	0	17	17	38	1	17	8.57043e-10	TRUE	NA	NA	NA	NA	NA	NA
NC_045512.2	28363	A	T	0	0	0	3	0	38	1	3	0.1	FALSE	NA	NA	NA	NA	NA	NA
NC_045512.2	28681	G	T	7	0	43	6	2	45	0.461538	13	0.00968944	TRUE	NA	NA	NA	NA	NA	NA
NC_045512.2	29051	C	A	0	0	0	1	1	38	1	1	1	FALSE	NA	NA	NA	NA	NA	NA
