REGION	POS	REF	ALT	REF_DP	REF_RV	REF_QUAL	ALT_DP	ALT_RV	ALT_QUAL	ALT_FREQ	TOTAL_DP	PVAL	PASS	GFF_FEATURE	REF_CODON	REF_AA	ALT_CODON	ALT_AA	POS_AA
NC_045512.2	5188	T	C	8	8	36	1	1	38	0.111111	9	0.529412	FALSE	NA	NA	NA	NA	NA	NA
NC_045512.2	11075	T	C	0	0	0	1	0	38	1	1	1	FALSE	NA	NA	NA	NA	NA	NA
NC_045512.2	15714	C	T	0	0	0	5	3	38	1	5	0.00793651	TRUE	NA	NA	NA	NA	NA	NA
NC_045512.2	15746	C	T	51	12	39	1	0	39	0.0192308	52	0.504854	FALSE	NA	NA	NA	NA	NA	NA
NC_045512.2	23403	A	G	0	0	0	10	6	37	1	10	1.08251e-05	TRUE	NA	NA	NA	NA	NA	NA
NC_045512.2	27384	T	C	0	0	0	3	2	37	1	3	0.1	FALSE	NA	NA	NA	NA	NA	NA
NC_045512.2	28214	C	T	108	52	42	1	1	38	0.00917431	109	0.502304	FALSE	NA	NA	NA	NA	NA	NA
NC_045512.2	28271	A	T	0	0	0	78	78	38	1	78	3.43296e-46	TRUE	NA	NA	NA	NA	NA	NA
NC_045512.2	28311	C	T	0	0	0	2	0	39	1	2	0.333333	FALSE	NA	NA	NA	NA	NA	NA
NC_045512.2	28363	A	T	0	0	0	21	1	37	1	21	3.71569e-12	TRUE	NA	NA	NA	NA	NA	NA
