REGION	POS	REF	ALT	REF_DP	REF_RV	REF_QUAL	ALT_DP	ALT_RV	ALT_QUAL	ALT_FREQ	TOTAL_DP	PVAL	PASS	GFF_FEATURE	REF_CODON	REF_AA	ALT_CODON	ALT_AA	POS_AA
NC_045512.2	2037	C	T	30	21	46	1	1	39	0.0322581	31	0.508197	FALSE	NA	NA	NA	NA	NA	NA
NC_045512.2	4184	G	A	0	0	0	1	0	39	1	1	1	FALSE	NA	NA	NA	NA	NA	NA
NC_045512.2	7882	T	A	10	5	38	1	0	26	0.0909091	11	0.52381	FALSE	NA	NA	NA	NA	NA	NA
NC_045512.2	9162	A	G	1	1	39	1	1	33	0.5	2	0.666667	FALSE	NA	NA	NA	NA	NA	NA
NC_045512.2	12160	G	A	0	0	0	7	5	38	1	7	0.000582751	TRUE	NA	NA	NA	NA	NA	NA
NC_045512.2	12661	G	T	18	0	40	1	0	27	0.0526316	19	0.513514	FALSE	NA	NA	NA	NA	NA	NA
NC_045512.2	15714	C	T	0	0	0	20	10	42	1	20	1.45089e-11	TRUE	NA	NA	NA	NA	NA	NA
NC_045512.2	16377	G	A	9	9	39	1	1	39	0.1	10	0.526316	FALSE	NA	NA	NA	NA	NA	NA
NC_045512.2	20364	A	G	21	21	38	1	1	39	0.0454545	22	0.511628	FALSE	NA	NA	NA	NA	NA	NA
NC_045512.2	20917	C	A	12	11	42	1	1	35	0.0769231	13	0.52	FALSE	NA	NA	NA	NA	NA	NA
NC_045512.2	21770	G	A	0	0	0	2	2	37	1	2	0.333333	FALSE	NA	NA	NA	NA	NA	NA
NC_045512.2	23403	A	G	0	0	0	7	2	39	1	7	0.000582751	TRUE	NA	NA	NA	NA	NA	NA
NC_045512.2	26577	C	G	0	0	0	1	1	39	1	1	1	FALSE	NA	NA	NA	NA	NA	NA
NC_045512.2	27889	C	T	5	3	38	29	22	40	0.852941	34	3.52821e-14	TRUE	NA	NA	NA	NA	NA	NA
NC_045512.2	28149	T	C	150	3	39	1	0	33	0.00662252	151	0.501661	FALSE	NA	NA	NA	NA	NA	NA
NC_045512.2	28217	T	C	167	141	45	1	1	37	0.00595238	168	0.501493	FALSE	NA	NA	NA	NA	NA	NA
NC_045512.2	28271	A	T	0	0	0	37	37	38	1	37	1.14539e-21	TRUE	NA	NA	NA	NA	NA	NA
NC_045512.2	28363	A	T	0	0	0	4	0	38	1	4	0.0285714	FALSE	NA	NA	NA	NA	NA	NA
NC_045512.2	28370	A	G	0	0	0	5	0	39	1	5	0.00793651	TRUE	NA	NA	NA	NA	NA	NA
NC_045512.2	28402	A	G	21	10	38	2	2	38	0.0869565	23	0.255556	FALSE	NA	NA	NA	NA	NA	NA
NC_045512.2	28657	C	T	43	5	43	1	0	39	0.0227273	44	0.505747	FALSE	NA	NA	NA	NA	NA	NA
NC_045512.2	28681	G	T	31	7	46	4	0	38	0.114286	35	0.0605667	FALSE	NA	NA	NA	NA	NA	NA
NC_045512.2	28756	T	C	34	33	40	1	1	38	0.0285714	35	0.507246	FALSE	NA	NA	NA	NA	NA	NA
NC_045512.2	29510	A	C	0	0	0	1	1	38	1	1	1	FALSE	NA	NA	NA	NA	NA	NA
NC_045512.2	29666	C	T	4	4	39	1	1	39	0.2	5	0.555556	FALSE	NA	NA	NA	NA	NA	NA
