REGION	POS	REF	ALT	REF_DP	REF_RV	REF_QUAL	ALT_DP	ALT_RV	ALT_QUAL	ALT_FREQ	TOTAL_DP	PVAL	PASS	GFF_FEATURE	REF_CODON	REF_AA	ALT_CODON	ALT_AA	POS_AA
NC_045512.2	3249	A	G	9	3	33	1	0	27	0.1	10	0.526316	FALSE	NA	NA	NA	NA	NA	NA
NC_045512.2	5123	G	T	12	4	37	1	0	21	0.0769231	13	0.52	FALSE	NA	NA	NA	NA	NA	NA
NC_045512.2	5737	T	A	60	22	32	1	0	21	0.0163934	61	0.504132	FALSE	NA	NA	NA	NA	NA	NA
NC_045512.2	5768	C	T	82	59	34	1	0	32	0.0117647	85	0.497006	FALSE	NA	NA	NA	NA	NA	NA
NC_045512.2	5768	C	G	82	59	34	2	0	29	0.0235294	85	0.248503	FALSE	NA	NA	NA	NA	NA	NA
NC_045512.2	5796	C	A	87	75	37	1	1	21	0.0113636	88	0.502857	FALSE	NA	NA	NA	NA	NA	NA
NC_045512.2	5800	G	A	72	64	37	1	0	21	0.0136986	73	0.503448	FALSE	NA	NA	NA	NA	NA	NA
NC_045512.2	7830	T	A	12	3	42	1	0	27	0.0769231	13	0.52	FALSE	NA	NA	NA	NA	NA	NA
NC_045512.2	7904	T	A	7	5	39	1	0	27	0.125	8	0.533333	FALSE	NA	NA	NA	NA	NA	NA
NC_045512.2	9979	C	G	20	14	32	1	1	21	0.047619	21	0.512195	FALSE	NA	NA	NA	NA	NA	NA
NC_045512.2	10029	C	T	0	0	0	6	6	36	1	6	0.0021645	TRUE	NA	NA	NA	NA	NA	NA
NC_045512.2	10550	G	T	8	1	34	1	0	21	0.111111	9	0.529412	FALSE	NA	NA	NA	NA	NA	NA
NC_045512.2	10675	G	A	0	0	0	7	7	35	1	7	0.000582751	TRUE	NA	NA	NA	NA	NA	NA
NC_045512.2	11170	T	G	69	13	35	1	0	36	0.0142857	70	0.503597	FALSE	NA	NA	NA	NA	NA	NA
NC_045512.2	11251	T	A	74	65	39	1	1	32	0.0133333	75	0.503356	FALSE	NA	NA	NA	NA	NA	NA
NC_045512.2	12962	G	A	32	0	32	1	0	36	0.030303	33	0.507692	FALSE	NA	NA	NA	NA	NA	NA
NC_045512.2	12967	A	T	32	0	32	1	0	32	0.030303	33	0.507692	FALSE	NA	NA	NA	NA	NA	NA
NC_045512.2	13051	C	A	97	74	34	1	1	21	0.0102041	98	0.502564	FALSE	NA	NA	NA	NA	NA	NA
NC_045512.2	13088	G	C	79	68	39	1	1	27	0.0125	80	0.503145	FALSE	NA	NA	NA	NA	NA	NA
NC_045512.2	28361	G	T	0	0	0	1	0	21	1	1	1	FALSE	NA	NA	NA	NA	NA	NA
NC_045512.2	28392	G	C	20	5	37	2	2	23	0.0909091	22	0.255814	FALSE	NA	NA	NA	NA	NA	NA
NC_045512.2	28648	T	A	40	1	35	1	1	25	0.0243902	41	0.506173	FALSE	NA	NA	NA	NA	NA	NA
NC_045512.2	28674	C	G	59	15	35	1	0	27	0.0166667	60	0.504202	FALSE	NA	NA	NA	NA	NA	NA
NC_045512.2	28690	G	C	28	20	35	2	2	24	0.0666667	30	0.254237	FALSE	NA	NA	NA	NA	NA	NA
NC_045512.2	28749	T	A	33	24	41	1	1	25	0.0294118	34	0.507463	FALSE	NA	NA	NA	NA	NA	NA
