REGION	POS	REF	ALT	REF_DP	REF_RV	REF_QUAL	ALT_DP	ALT_RV	ALT_QUAL	ALT_FREQ	TOTAL_DP	PVAL	PASS	GFF_FEATURE	REF_CODON	REF_AA	ALT_CODON	ALT_AA	POS_AA
NC_045512.2	241	C	T	0	0	0	1	1	38	1	1	1	FALSE	NA	NA	NA	NA	NA	NA
NC_045512.2	3300	T	-A	62	44	39	1	0	20	0.016129	62	0.508065	FALSE	NA	NA	NA	NA	NA	NA
NC_045512.2	4184	G	A	0	0	0	1	0	39	1	1	1	FALSE	NA	NA	NA	NA	NA	NA
NC_045512.2	5379	G	T	22	1	39	1	0	39	0.0434783	23	0.511111	FALSE	NA	NA	NA	NA	NA	NA
NC_045512.2	11133	C	-T	11	0	38	11	0	20	1	11	0.00546743	TRUE	NA	NA	NA	NA	NA	NA
NC_045512.2	11134	T	C	0	0	0	2	0	38	1	2	0.00952381	TRUE	NA	NA	NA	NA	NA	NA
NC_045512.2	15713	T	C	23	16	40	1	0	39	0.0416667	24	0.510638	FALSE	NA	NA	NA	NA	NA	NA
NC_045512.2	15714	C	T	0	0	0	19	16	40	1	19	5.65847e-11	TRUE	NA	NA	NA	NA	NA	NA
NC_045512.2	16393	C	T	4	4	38	1	1	38	0.2	5	0.555556	FALSE	NA	NA	NA	NA	NA	NA
NC_045512.2	17136	T	C	0	0	0	1	0	39	1	1	1	FALSE	NA	NA	NA	NA	NA	NA
NC_045512.2	19691	T	C	22	15	38	1	1	39	0.0434783	23	0.511111	FALSE	NA	NA	NA	NA	NA	NA
NC_045512.2	22674	C	T	0	0	0	1	1	38	1	1	1	FALSE	NA	NA	NA	NA	NA	NA
NC_045512.2	23179	C	T	35	28	39	1	1	39	0.0277778	36	0.507042	FALSE	NA	NA	NA	NA	NA	NA
NC_045512.2	23403	A	G	0	0	0	23	10	38	1	23	2.42912e-13	TRUE	NA	NA	NA	NA	NA	NA
NC_045512.2	23476	A	G	62	51	42	1	1	38	0.015873	63	0.504	FALSE	NA	NA	NA	NA	NA	NA
NC_045512.2	25584	C	T	0	0	0	1	1	39	1	1	1	FALSE	NA	NA	NA	NA	NA	NA
NC_045512.2	26736	A	-G	22	1	41	1	0	20	0.0454545	22	0.522727	FALSE	NA	NA	NA	NA	NA	NA
NC_045512.2	27382	G	C	28	24	44	1	0	35	0.0344828	29	0.508772	FALSE	NA	NA	NA	NA	NA	NA
NC_045512.2	27384	T	C	30	25	43	7	3	38	0.189189	37	0.00631877	TRUE	NA	NA	NA	NA	NA	NA
NC_045512.2	27912	T	C	74	64	38	1	1	39	0.0133333	75	0.503356	FALSE	NA	NA	NA	NA	NA	NA
NC_045512.2	27926	A	G	59	36	38	1	1	38	0.0166667	60	0.504202	FALSE	NA	NA	NA	NA	NA	NA
NC_045512.2	27949	A	G	90	83	44	1	1	39	0.010989	91	0.502762	FALSE	NA	NA	NA	NA	NA	NA
NC_045512.2	28271	A	T	0	0	0	61	61	38	1	61	5.21795e-36	TRUE	NA	NA	NA	NA	NA	NA
NC_045512.2	28363	A	T	0	0	0	14	0	37	1	14	4.98547e-08	TRUE	NA	NA	NA	NA	NA	NA
NC_045512.2	28370	A	G	0	0	0	1	0	37	1	1	1	FALSE	NA	NA	NA	NA	NA	NA
NC_045512.2	29010	T	A	32	13	41	1	0	70	0.030303	33	0.507692	FALSE	NA	NA	NA	NA	NA	NA
