REGION	POS	REF	ALT	REF_DP	REF_RV	REF_QUAL	ALT_DP	ALT_RV	ALT_QUAL	ALT_FREQ	TOTAL_DP	PVAL	PASS	GFF_FEATURE	REF_CODON	REF_AA	ALT_CODON	ALT_AA	POS_AA
NC_045512.2	4832	C	T	9	4	53	2	1	39	0.181818	11	0.261905	FALSE	NA	NA	NA	NA	NA	NA
NC_045512.2	11515	T	C	25	14	44	1	1	38	0.0384615	26	0.509804	FALSE	NA	NA	NA	NA	NA	NA
NC_045512.2	11537	A	T	39	30	42	1	1	39	0.025	40	0.506329	FALSE	NA	NA	NA	NA	NA	NA
NC_045512.2	12160	G	A	9	5	38	1	1	39	0.1	10	0.526316	FALSE	NA	NA	NA	NA	NA	NA
NC_045512.2	12194	C	T	16	15	40	1	1	39	0.0588235	17	0.515152	FALSE	NA	NA	NA	NA	NA	NA
NC_045512.2	15681	A	G	348	6	39	1	0	38	0.00286533	349	0.500717	FALSE	NA	NA	NA	NA	NA	NA
NC_045512.2	15682	T	C	431	6	39	1	0	38	0.00231481	432	0.500579	FALSE	NA	NA	NA	NA	NA	NA
NC_045512.2	15714	C	T	0	0	0	89	48	39	1	89	8.74119e-53	TRUE	NA	NA	NA	NA	NA	NA
NC_045512.2	16035	T	C	19	3	40	1	0	38	0.05	20	0.512821	FALSE	NA	NA	NA	NA	NA	NA
NC_045512.2	16284	T	A	58	11	42	1	0	39	0.0169492	59	0.504274	FALSE	NA	NA	NA	NA	NA	NA
NC_045512.2	16935	G	A	97	71	40	45	38	37	0.316901	142	5.28324e-16	TRUE	NA	NA	NA	NA	NA	NA
NC_045512.2	23403	A	G	0	0	0	12	3	38	1	12	7.39602e-07	TRUE	NA	NA	NA	NA	NA	NA
NC_045512.2	24585	T	C	28	9	43	1	0	37	0.0344828	29	0.508772	FALSE	NA	NA	NA	NA	NA	NA
NC_045512.2	27889	C	T	22	21	39	6	6	38	0.214286	28	0.0129957	FALSE	NA	NA	NA	NA	NA	NA
NC_045512.2	28147	C	T	292	6	39	6	0	38	0.0201342	298	0.015388	FALSE	NA	NA	NA	NA	NA	NA
NC_045512.2	28178	G	T	355	124	46	1	0	39	0.00280899	356	0.500703	FALSE	NA	NA	NA	NA	NA	NA
NC_045512.2	28179	G	T	273	144	44	1	0	29	0.00364964	274	0.87637	FALSE	NA	NA	NA	NA	NA	NA
NC_045512.2	28221	G	T	371	263	44	1	0	39	0.00268817	372	0.500673	FALSE	NA	NA	NA	NA	NA	NA
NC_045512.2	28271	A	T	0	0	0	192	192	38	1	192	1.24744e-114	TRUE	NA	NA	NA	NA	NA	NA
NC_045512.2	28363	A	T	0	0	0	1	0	39	1	1	1	FALSE	NA	NA	NA	NA	NA	NA
NC_045512.2	28681	G	T	102	20	44	104	16	41	0.504854	206	1.35224e-39	TRUE	NA	NA	NA	NA	NA	NA
NC_045512.2	29268	C	T	87	0	39	1	0	39	0.0113636	88	0.502857	FALSE	NA	NA	NA	NA	NA	NA
NC_045512.2	29296	C	A	324	22	41	1	0	27	0.00307692	325	0.938461	FALSE	NA	NA	NA	NA	NA	NA
NC_045512.2	29363	C	A	255	156	41	1	0	39	0.00390625	256	0.500978	FALSE	NA	NA	NA	NA	NA	NA
NC_045512.2	29370	C	T	331	287	44	5	4	46	0.0148368	337	0.0307853	FALSE	NA	NA	NA	NA	NA	NA
NC_045512.2	29370	C	A	331	287	44	1	1	39	0.00296736	337	0.497006	FALSE	NA	NA	NA	NA	NA	NA
NC_045512.2	29395	G	A	241	241	38	1	1	33	0.00413223	242	0.501035	FALSE	NA	NA	NA	NA	NA	NA
