REGION	POS	REF	ALT	REF_DP	REF_RV	REF_QUAL	ALT_DP	ALT_RV	ALT_QUAL	ALT_FREQ	TOTAL_DP	PVAL	PASS	GFF_FEATURE	REF_CODON	REF_AA	ALT_CODON	ALT_AA	POS_AA
NC_045512.2	4184	G	A	0	0	0	2	1	39	1	2	0.333333	FALSE	NA	NA	NA	NA	NA	NA
NC_045512.2	8549	G	A	27	21	42	1	1	38	0.0357143	28	0.509091	FALSE	NA	NA	NA	NA	NA	NA
NC_045512.2	15714	C	T	0	0	0	13	7	38	1	13	1.92297e-07	TRUE	NA	NA	NA	NA	NA	NA
NC_045512.2	16616	C	A	64	41	42	1	0	37	0.0153846	65	0.503876	FALSE	NA	NA	NA	NA	NA	NA
NC_045512.2	17410	C	T	0	0	0	1	1	39	1	1	1	FALSE	NA	NA	NA	NA	NA	NA
NC_045512.2	19024	C	T	64	1	40	1	0	37	0.0153846	65	0.503876	FALSE	NA	NA	NA	NA	NA	NA
NC_045512.2	19047	A	G	68	25	39	1	0	39	0.0144928	69	0.50365	FALSE	NA	NA	NA	NA	NA	NA
NC_045512.2	21770	G	A	0	0	0	1	1	37	1	1	1	FALSE	NA	NA	NA	NA	NA	NA
NC_045512.2	23215	T	C	3	3	39	1	1	38	0.25	4	0.571429	FALSE	NA	NA	NA	NA	NA	NA
NC_045512.2	23403	A	G	0	0	0	3	2	52	1	3	0.1	FALSE	NA	NA	NA	NA	NA	NA
NC_045512.2	25249	G	T	0	0	0	6	3	39	1	6	0.0021645	TRUE	NA	NA	NA	NA	NA	NA
NC_045512.2	25584	C	T	0	0	0	7	7	37	1	7	0.000582751	TRUE	NA	NA	NA	NA	NA	NA
NC_045512.2	26709	G	A	0	0	0	2	0	38	1	2	0.333333	FALSE	NA	NA	NA	NA	NA	NA
NC_045512.2	27336	T	C	62	40	42	1	1	38	0.015873	63	0.504	FALSE	NA	NA	NA	NA	NA	NA
NC_045512.2	28271	A	T	0	0	0	2	2	38	1	2	0.333333	FALSE	NA	NA	NA	NA	NA	NA
NC_045512.2	28711	T	G	0	0	0	8	3	37	1	8	0.0001554	TRUE	NA	NA	NA	NA	NA	NA
NC_045512.2	29581	T	C	18	0	37	1	0	38	0.0526316	19	0.513514	FALSE	NA	NA	NA	NA	NA	NA
NC_045512.2	29642	C	T	148	81	45	1	0	39	0.00671141	149	0.501684	FALSE	NA	NA	NA	NA	NA	NA
NC_045512.2	29648	G	T	164	72	44	6	1	38	0.0352941	170	0.0152082	FALSE	NA	NA	NA	NA	NA	NA
NC_045512.2	29666	C	T	122	88	53	8	7	37	0.0615385	130	0.00360717	TRUE	NA	NA	NA	NA	NA	NA
NC_045512.2	29698	T	C	15	15	37	1	1	38	0.0625	16	0.516129	FALSE	NA	NA	NA	NA	NA	NA
