REGION	POS	REF	ALT	REF_DP	REF_RV	REF_QUAL	ALT_DP	ALT_RV	ALT_QUAL	ALT_FREQ	TOTAL_DP	PVAL	PASS	GFF_FEATURE	REF_CODON	REF_AA	ALT_CODON	ALT_AA	POS_AA
NC_045512.2	4780	C	A	51	0	38	1	0	33	0.0192308	52	0.504854	FALSE	NA	NA	NA	NA	NA	NA
NC_045512.2	15714	C	T	1	0	35	17	9	40	0.944444	18	3.96688e-09	TRUE	NA	NA	NA	NA	NA	NA
NC_045512.2	15788	A	T	115	110	44	1	1	33	0.00862069	116	0.502165	FALSE	NA	NA	NA	NA	NA	NA
NC_045512.2	16935	G	A	2	2	33	4	3	38	0.666667	6	0.0454545	FALSE	NA	NA	NA	NA	NA	NA
NC_045512.2	21770	G	A	0	0	0	3	3	36	1	3	0.1	FALSE	NA	NA	NA	NA	NA	NA
NC_045512.2	23403	A	G	0	0	0	7	1	38	1	7	0.000582751	TRUE	NA	NA	NA	NA	NA	NA
NC_045512.2	27889	C	T	0	0	0	76	67	39	1	76	5.42209e-45	TRUE	NA	NA	NA	NA	NA	NA
NC_045512.2	27942	C	T	67	57	44	1	1	37	0.0147059	68	0.503704	FALSE	NA	NA	NA	NA	NA	NA
NC_045512.2	27943	A	G	75	66	43	1	1	38	0.0131579	76	0.503311	FALSE	NA	NA	NA	NA	NA	NA
NC_045512.2	28243	T	C	546	490	39	1	1	33	0.00182815	547	0.500457	FALSE	NA	NA	NA	NA	NA	NA
NC_045512.2	28271	A	T	0	0	0	194	194	38	1	194	7.83695e-116	TRUE	NA	NA	NA	NA	NA	NA
NC_045512.2	28330	A	G	4	1	48	2	0	38	0.333333	6	0.272727	FALSE	NA	NA	NA	NA	NA	NA
NC_045512.2	28363	A	T	0	0	0	10	0	36	1	10	1.08251e-05	TRUE	NA	NA	NA	NA	NA	NA
NC_045512.2	28724	C	T	48	26	41	11	2	38	0.186441	59	0.000322569	TRUE	NA	NA	NA	NA	NA	NA
