REGION	POS	REF	ALT	REF_DP	REF_RV	REF_QUAL	ALT_DP	ALT_RV	ALT_QUAL	ALT_FREQ	TOTAL_DP	PVAL	PASS	GFF_FEATURE	REF_CODON	REF_AA	ALT_CODON	ALT_AA	POS_AA
NC_045512.2	3927	C	T	0	0	0	1	0	39	1	1	1	FALSE	NA	NA	NA	NA	NA	NA
NC_045512.2	5509	G	A	0	0	0	1	1	33	1	1	1	FALSE	NA	NA	NA	NA	NA	NA
NC_045512.2	9344	C	T	0	0	0	1	0	39	1	1	1	FALSE	NA	NA	NA	NA	NA	NA
NC_045512.2	10612	T	C	15	6	38	1	0	39	0.0625	16	0.516129	FALSE	NA	NA	NA	NA	NA	NA
NC_045512.2	11250	G	A	20	19	40	1	1	35	0.047619	21	0.512195	FALSE	NA	NA	NA	NA	NA	NA
NC_045512.2	12160	G	A	2	1	58	1	1	39	0.333333	3	0.6	FALSE	NA	NA	NA	NA	NA	NA
NC_045512.2	15706	A	T	41	5	38	1	0	37	0.0238095	42	0.506024	FALSE	NA	NA	NA	NA	NA	NA
NC_045512.2	15714	C	T	0	0	0	20	17	38	1	20	1.45089e-11	TRUE	NA	NA	NA	NA	NA	NA
NC_045512.2	16883	C	T	32	11	38	1	0	33	0.030303	33	0.507692	FALSE	NA	NA	NA	NA	NA	NA
NC_045512.2	17454	T	C	15	0	38	1	0	39	0.0625	16	0.516129	FALSE	NA	NA	NA	NA	NA	NA
NC_045512.2	17466	A	G	101	0	37	1	0	30	0.00980392	102	0.502463	FALSE	NA	NA	NA	NA	NA	NA
NC_045512.2	18728	C	T	32	5	41	1	0	33	0.030303	33	0.507692	FALSE	NA	NA	NA	NA	NA	NA
NC_045512.2	19030	G	T	25	0	38	1	0	39	0.0384615	26	0.509804	FALSE	NA	NA	NA	NA	NA	NA
NC_045512.2	19687	C	T	9	7	37	1	0	37	0.1	10	0.526316	FALSE	NA	NA	NA	NA	NA	NA
NC_045512.2	19735	G	A	7	6	44	1	1	33	0.125	8	0.533333	FALSE	NA	NA	NA	NA	NA	NA
NC_045512.2	21710	T	A	6	1	52	1	1	30	0.142857	7	0.538462	FALSE	NA	NA	NA	NA	NA	NA
NC_045512.2	23403	A	G	0	0	0	6	5	38	1	6	0.0021645	TRUE	NA	NA	NA	NA	NA	NA
NC_045512.2	26141	A	T	8	0	42	1	0	30	0.111111	9	0.529412	FALSE	NA	NA	NA	NA	NA	NA
NC_045512.2	27854	A	T	27	1	41	1	0	30	0.0357143	28	0.509091	FALSE	NA	NA	NA	NA	NA	NA
NC_045512.2	27889	C	T	2	1	38	13	9	38	0.866667	15	1.54721e-06	TRUE	NA	NA	NA	NA	NA	NA
NC_045512.2	27915	G	A	14	8	38	1	1	39	0.0666667	15	0.517241	FALSE	NA	NA	NA	NA	NA	NA
NC_045512.2	27961	A	G	11	11	38	1	1	39	0.0833333	12	0.521739	FALSE	NA	NA	NA	NA	NA	NA
NC_045512.2	28172	T	A	71	15	43	2	1	35	0.0273973	73	0.251724	FALSE	NA	NA	NA	NA	NA	NA
NC_045512.2	28271	A	T	0	0	0	28	28	38	1	28	2.61483e-16	TRUE	NA	NA	NA	NA	NA	NA
NC_045512.2	28330	A	G	2	0	39	1	0	38	0.333333	3	0.6	FALSE	NA	NA	NA	NA	NA	NA
NC_045512.2	28724	C	T	68	39	40	4	0	38	0.0555556	72	0.061598	FALSE	NA	NA	NA	NA	NA	NA
NC_045512.2	29268	C	T	19	0	38	1	0	31	0.05	20	0.512821	FALSE	NA	NA	NA	NA	NA	NA
NC_045512.2	29332	G	A	36	21	38	1	0	39	0.027027	37	0.506849	FALSE	NA	NA	NA	NA	NA	NA
NC_045512.2	29340	A	T	29	7	38	1	0	39	0.0333333	30	0.508475	FALSE	NA	NA	NA	NA	NA	NA
NC_045512.2	29510	A	C	0	0	0	1	0	39	1	1	1	FALSE	NA	NA	NA	NA	NA	NA
