REGION	POS	REF	ALT	REF_DP	REF_RV	REF_QUAL	ALT_DP	ALT_RV	ALT_QUAL	ALT_FREQ	TOTAL_DP	PVAL	PASS	GFF_FEATURE	REF_CODON	REF_AA	ALT_CODON	ALT_AA	POS_AA
NC_045512.2	4184	G	A	0	0	0	2	1	39	1	2	0.333333	FALSE	NA	NA	NA	NA	NA	NA
NC_045512.2	7922	T	G	3	3	36	1	1	36	0.25	4	0.571429	FALSE	NA	NA	NA	NA	NA	NA
NC_045512.2	8004	T	G	0	0	0	1	0	39	1	1	1	FALSE	NA	NA	NA	NA	NA	NA
NC_045512.2	8435	C	T	3	0	38	1	0	30	0.25	4	0.571429	FALSE	NA	NA	NA	NA	NA	NA
NC_045512.2	8510	C	A	4	3	37	1	1	37	0.2	5	0.555556	FALSE	NA	NA	NA	NA	NA	NA
NC_045512.2	8522	G	T	10	6	38	1	0	33	0.0909091	11	0.52381	FALSE	NA	NA	NA	NA	NA	NA
NC_045512.2	9344	C	T	0	0	0	1	0	39	1	1	1	FALSE	NA	NA	NA	NA	NA	NA
NC_045512.2	12395	G	T	0	0	0	1	0	36	1	1	1	FALSE	NA	NA	NA	NA	NA	NA
NC_045512.2	15684	T	C	23	0	39	1	0	30	0.0416667	24	0.510638	FALSE	NA	NA	NA	NA	NA	NA
NC_045512.2	15714	C	T	0	0	0	8	4	38	1	8	0.0001554	TRUE	NA	NA	NA	NA	NA	NA
NC_045512.2	15812	A	G	13	13	38	1	1	30	0.0714286	14	0.518519	FALSE	NA	NA	NA	NA	NA	NA
NC_045512.2	25584	C	T	0	0	0	1	1	38	1	1	1	FALSE	NA	NA	NA	NA	NA	NA
NC_045512.2	27889	C	T	0	0	0	4	3	37	1	4	0.0285714	FALSE	NA	NA	NA	NA	NA	NA
NC_045512.2	28177	T	C	13	2	41	1	0	30	0.0714286	14	0.518519	FALSE	NA	NA	NA	NA	NA	NA
NC_045512.2	28207	A	-TG	12	0	37	1	0	20	0.0833333	12	0.541667	FALSE	NA	NA	NA	NA	NA	NA
NC_045512.2	28271	A	T	0	0	0	2	2	38	1	2	0.333333	FALSE	NA	NA	NA	NA	NA	NA
NC_045512.2	28709	A	T	4	3	38	1	0	39	0.2	5	0.555556	FALSE	NA	NA	NA	NA	NA	NA
