REGION	POS	REF	ALT	REF_DP	REF_RV	REF_QUAL	ALT_DP	ALT_RV	ALT_QUAL	ALT_FREQ	TOTAL_DP	PVAL	PASS	GFF_FEATURE	REF_CODON	REF_AA	ALT_CODON	ALT_AA	POS_AA
NC_045512.2	1736	G	A	50	35	43	1	1	39	0.0196078	51	0.50495	FALSE	NA	NA	NA	NA	NA	NA
NC_045512.2	1738	G	-A	50	35	43	1	0	20	0.02	50	0.51	FALSE	NA	NA	NA	NA	NA	NA
NC_045512.2	3037	C	T	0	0	0	1	1	39	1	1	1	FALSE	NA	NA	NA	NA	NA	NA
NC_045512.2	3333	T	C	20	18	42	1	1	35	0.047619	21	0.512195	FALSE	NA	NA	NA	NA	NA	NA
NC_045512.2	4184	G	A	0	0	0	1	1	39	1	1	1	FALSE	NA	NA	NA	NA	NA	NA
NC_045512.2	12676	C	G	24	3	46	1	0	39	0.04	25	0.510204	FALSE	NA	NA	NA	NA	NA	NA
NC_045512.2	13353	T	C	112	99	43	1	1	39	0.00884956	113	0.502222	FALSE	NA	NA	NA	NA	NA	NA
NC_045512.2	15714	C	T	0	0	0	15	9	38	1	15	1.28935e-08	TRUE	NA	NA	NA	NA	NA	NA
NC_045512.2	15783	C	-TT	118	104	42	1	0	20	0.00847458	118	0.755283	FALSE	NA	NA	NA	NA	NA	NA
NC_045512.2	15785	T	C	117	111	44	1	1	39	0.00847458	118	0.5	FALSE	NA	NA	NA	NA	NA	NA
NC_045512.2	15810	C	T	39	38	38	4	4	38	0.0930233	43	0.0609497	FALSE	NA	NA	NA	NA	NA	NA
NC_045512.2	16092	C	T	105	104	38	4	4	37	0.0366972	109	0.0619119	FALSE	NA	NA	NA	NA	NA	NA
NC_045512.2	17410	C	T	0	0	0	2	2	39	1	2	0.333333	FALSE	NA	NA	NA	NA	NA	NA
NC_045512.2	20312	C	T	9	8	46	1	0	38	0.1	10	0.526316	FALSE	NA	NA	NA	NA	NA	NA
NC_045512.2	21721	C	T	1	0	36	3	2	38	0.75	4	0.114286	FALSE	NA	NA	NA	NA	NA	NA
NC_045512.2	23104	T	C	2	0	39	1	0	39	0.333333	3	0.6	FALSE	NA	NA	NA	NA	NA	NA
NC_045512.2	23403	A	G	0	0	0	5	2	37	1	5	0.00793651	TRUE	NA	NA	NA	NA	NA	NA
NC_045512.2	25423	G	T	0	0	0	1	0	39	1	1	1	FALSE	NA	NA	NA	NA	NA	NA
NC_045512.2	25538	G	T	0	0	0	1	1	38	1	1	1	FALSE	NA	NA	NA	NA	NA	NA
NC_045512.2	26270	C	T	0	0	0	1	1	39	1	1	1	FALSE	NA	NA	NA	NA	NA	NA
NC_045512.2	27807	C	T	0	0	0	1	1	39	1	1	1	FALSE	NA	NA	NA	NA	NA	NA
NC_045512.2	28271	A	T	0	0	0	36	36	38	1	36	4.51965e-21	TRUE	NA	NA	NA	NA	NA	NA
NC_045512.2	28311	C	T	0	0	0	1	0	39	1	1	1	FALSE	NA	NA	NA	NA	NA	NA
NC_045512.2	28363	A	T	0	0	0	3	0	36	1	3	0.1	FALSE	NA	NA	NA	NA	NA	NA
