REGION	POS	REF	ALT	REF_DP	REF_RV	REF_QUAL	ALT_DP	ALT_RV	ALT_QUAL	ALT_FREQ	TOTAL_DP	PVAL	PASS	GFF_FEATURE	REF_CODON	REF_AA	ALT_CODON	ALT_AA	POS_AA
NC_045512.2	807	C	G	4	4	32	1	1	26	0.2	5	0.555556	FALSE	NA	NA	NA	NA	NA	NA
NC_045512.2	3346	T	G	43	42	34	1	1	26	0.0227273	44	0.505747	FALSE	NA	NA	NA	NA	NA	NA
NC_045512.2	3642	A	T	21	19	32	1	1	34	0.0454545	22	0.511628	FALSE	NA	NA	NA	NA	NA	NA
NC_045512.2	10198	C	T	0	0	0	1	0	34	1	1	1	FALSE	NA	NA	NA	NA	NA	NA
NC_045512.2	10617	G	A	11	6	34	1	0	34	0.0833333	12	0.521739	FALSE	NA	NA	NA	NA	NA	NA
NC_045512.2	10659	T	G	27	23	34	1	1	26	0.0357143	28	0.509091	FALSE	NA	NA	NA	NA	NA	NA
NC_045512.2	12442	G	A	21	12	32	2	0	34	0.0869565	23	0.255556	FALSE	NA	NA	NA	NA	NA	NA
NC_045512.2	13093	T	C	52	50	36	1	1	34	0.0188679	53	0.504762	FALSE	NA	NA	NA	NA	NA	NA
NC_045512.2	16821	A	T	116	0	33	1	0	34	0.00854701	117	0.502146	FALSE	NA	NA	NA	NA	NA	NA
NC_045512.2	18153	A	G	0	0	0	1	1	34	1	1	1	FALSE	NA	NA	NA	NA	NA	NA
NC_045512.2	18163	A	G	0	0	0	1	0	34	1	1	1	FALSE	NA	NA	NA	NA	NA	NA
NC_045512.2	18524	T	G	463	462	31	1	1	26	0.00215517	464	0.969254	FALSE	NA	NA	NA	NA	NA	NA
NC_045512.2	18525	G	A	692	691	33	1	1	34	0.001443	693	0.500361	FALSE	NA	NA	NA	NA	NA	NA
NC_045512.2	23388	C	T	14	12	34	1	1	34	0.0666667	15	0.517241	FALSE	NA	NA	NA	NA	NA	NA
NC_045512.2	23403	A	G	0	0	0	8	8	33	1	8	0.0001554	TRUE	NA	NA	NA	NA	NA	NA
NC_045512.2	24873	T	C	664	0	33	1	0	34	0.00150376	665	0.500376	FALSE	NA	NA	NA	NA	NA	NA
NC_045512.2	24876	C	T	1032	0	33	1	0	34	0.000968054	1033	0.750363	FALSE	NA	NA	NA	NA	NA	NA
NC_045512.2	24877	A	T	919	0	32	1	0	26	0.00108696	920	0.999052	FALSE	NA	NA	NA	NA	NA	NA
NC_045512.2	24878	C	T	1060	0	33	1	0	34	0.000942507	1061	0.750354	FALSE	NA	NA	NA	NA	NA	NA
NC_045512.2	24905	A	T	114	19	33	1	0	34	0.00869565	115	0.502183	FALSE	NA	NA	NA	NA	NA	NA
NC_045512.2	25000	C	T	0	0	0	908	906	32	0.9989	909	0	TRUE	NA	NA	NA	NA	NA	NA
NC_045512.2	25000	C	G	0	0	0	1	1	34	0.00110011	909	0.00110011	TRUE	NA	NA	NA	NA	NA	NA
NC_045512.2	25004	T	C	1012	1012	33	1	1	34	0.000987167	1013	0.75037	FALSE	NA	NA	NA	NA	NA	NA
NC_045512.2	28271	A	T	0	0	0	2	2	30	1	2	0.333333	FALSE	NA	NA	NA	NA	NA	NA
NC_045512.2	28312	C	T	0	0	0	21	0	33	1	21	3.71569e-12	TRUE	NA	NA	NA	NA	NA	NA
NC_045512.2	28389	A	T	1	0	34	1	0	34	0.5	2	0.666667	FALSE	NA	NA	NA	NA	NA	NA
NC_045512.2	28681	G	T	0	0	0	9	4	34	1	9	4.11353e-05	TRUE	NA	NA	NA	NA	NA	NA
NC_045512.2	29868	G	A	0	0	0	1	0	34	1	1	1	FALSE	NA	NA	NA	NA	NA	NA
