REGION	POS	REF	ALT	REF_DP	REF_RV	REF_QUAL	ALT_DP	ALT_RV	ALT_QUAL	ALT_FREQ	TOTAL_DP	PVAL	PASS	GFF_FEATURE	REF_CODON	REF_AA	ALT_CODON	ALT_AA	POS_AA
NC_045512.2	13344	C	-TG	8	3	37	1	0	20	0.125	8	0.5625	FALSE	NA	NA	NA	NA	NA	NA
NC_045512.2	15714	C	T	0	0	0	16	8	38	1	16	3.32734e-09	TRUE	NA	NA	NA	NA	NA	NA
NC_045512.2	15747	T	C	134	26	40	1	0	39	0.00740741	135	0.501859	FALSE	NA	NA	NA	NA	NA	NA
NC_045512.2	16308	C	T	6	4	39	7	6	38	0.538462	13	0.00356979	TRUE	NA	NA	NA	NA	NA	NA
NC_045512.2	16323	C	T	9	7	43	1	0	39	0.1	10	0.526316	FALSE	NA	NA	NA	NA	NA	NA
NC_045512.2	23403	A	G	0	0	0	16	7	38	1	16	3.32734e-09	TRUE	NA	NA	NA	NA	NA	NA
NC_045512.2	27889	C	T	0	0	0	5	3	38	1	5	0.00793651	TRUE	NA	NA	NA	NA	NA	NA
NC_045512.2	28195	G	A	81	50	39	1	1	35	0.0121951	82	0.503067	FALSE	NA	NA	NA	NA	NA	NA
NC_045512.2	28271	A	T	0	0	0	55	55	38	1	55	2.0299e-32	TRUE	NA	NA	NA	NA	NA	NA
NC_045512.2	28363	A	T	0	0	0	1	0	37	1	1	1	FALSE	NA	NA	NA	NA	NA	NA
NC_045512.2	28370	A	G	0	0	0	2	0	38	1	2	0.333333	FALSE	NA	NA	NA	NA	NA	NA
NC_045512.2	29666	C	T	6	5	46	1	1	39	0.142857	7	0.538462	FALSE	NA	NA	NA	NA	NA	NA
