REGION	POS	REF	ALT	REF_DP	REF_RV	REF_QUAL	ALT_DP	ALT_RV	ALT_QUAL	ALT_FREQ	TOTAL_DP	PVAL	PASS	GFF_FEATURE	REF_CODON	REF_AA	ALT_CODON	ALT_AA	POS_AA
NC_045512.2	9344	C	T	0	0	0	1	0	39	1	1	1	FALSE	NA	NA	NA	NA	NA	NA
NC_045512.2	12160	G	A	0	0	0	3	3	37	1	3	0.1	FALSE	NA	NA	NA	NA	NA	NA
NC_045512.2	12365	T	G	2	0	39	1	0	39	0.333333	3	0.6	FALSE	NA	NA	NA	NA	NA	NA
NC_045512.2	13982	G	A	28	25	40	1	1	39	0.0344828	29	0.508772	FALSE	NA	NA	NA	NA	NA	NA
NC_045512.2	14282	A	G	6	5	45	1	0	38	0.142857	7	0.538462	FALSE	NA	NA	NA	NA	NA	NA
NC_045512.2	15714	C	T	0	0	0	22	11	40	1	22	9.50526e-13	TRUE	NA	NA	NA	NA	NA	NA
NC_045512.2	15729	T	G	52	22	39	1	0	39	0.0188679	53	0.504762	FALSE	NA	NA	NA	NA	NA	NA
NC_045512.2	15765	A	T	134	81	44	1	0	39	0.00740741	135	0.501859	FALSE	NA	NA	NA	NA	NA	NA
NC_045512.2	17410	C	T	0	0	0	1	1	39	1	1	1	FALSE	NA	NA	NA	NA	NA	NA
NC_045512.2	17547	C	A	79	50	41	1	0	39	0.0125	80	0.503145	FALSE	NA	NA	NA	NA	NA	NA
NC_045512.2	18811	G	C	19	19	40	1	1	39	0.05	20	0.512821	FALSE	NA	NA	NA	NA	NA	NA
NC_045512.2	19141	T	C	57	57	38	12	12	38	0.173913	69	0.000158581	TRUE	NA	NA	NA	NA	NA	NA
NC_045512.2	21766	A	C	0	0	0	1	1	39	1	1	1	FALSE	NA	NA	NA	NA	NA	NA
NC_045512.2	21770	G	A	0	0	0	9	9	37	1	9	4.11353e-05	TRUE	NA	NA	NA	NA	NA	NA
NC_045512.2	23403	A	G	0	0	0	5	4	37	1	5	0.00793651	TRUE	NA	NA	NA	NA	NA	NA
NC_045512.2	23447	C	-T	36	13	40	1	0	20	0.0277778	36	0.513889	FALSE	NA	NA	NA	NA	NA	NA
NC_045512.2	25584	C	T	0	0	0	2	2	39	1	2	0.333333	FALSE	NA	NA	NA	NA	NA	NA
NC_045512.2	27384	T	C	0	0	0	1	0	39	1	1	1	FALSE	NA	NA	NA	NA	NA	NA
NC_045512.2	27889	C	T	28	19	44	61	47	42	0.685393	89	5.24474e-26	TRUE	NA	NA	NA	NA	NA	NA
NC_045512.2	28170	C	A	97	15	42	2	2	38	0.020202	99	0.251269	FALSE	NA	NA	NA	NA	NA	NA
NC_045512.2	28271	A	T	0	0	0	68	68	38	1	68	3.36185e-40	TRUE	NA	NA	NA	NA	NA	NA
NC_045512.2	28311	C	T	0	0	0	1	0	39	1	1	1	FALSE	NA	NA	NA	NA	NA	NA
NC_045512.2	28330	A	G	6	0	37	5	1	38	0.454545	11	0.0227038	FALSE	NA	NA	NA	NA	NA	NA
NC_045512.2	28363	A	T	0	0	0	7	0	38	1	7	0.000582751	TRUE	NA	NA	NA	NA	NA	NA
NC_045512.2	28547	A	G	1	1	39	1	0	38	0.5	2	0.666667	FALSE	NA	NA	NA	NA	NA	NA
NC_045512.2	28724	C	T	59	32	38	5	1	39	0.078125	64	0.0299904	FALSE	NA	NA	NA	NA	NA	NA
NC_045512.2	28726	T	C	63	32	38	1	1	38	0.015625	64	0.503937	FALSE	NA	NA	NA	NA	NA	NA
NC_045512.2	28748	C	T	51	39	41	9	7	43	0.15	60	0.00152839	TRUE	NA	NA	NA	NA	NA	NA
NC_045512.2	28775	C	G	56	56	37	1	1	39	0.0175439	57	0.504425	FALSE	NA	NA	NA	NA	NA	NA
NC_045512.2	29585	C	A	23	0	38	1	0	39	0.0416667	24	0.510638	FALSE	NA	NA	NA	NA	NA	NA
