REGION	POS	REF	ALT	REF_DP	REF_RV	REF_QUAL	ALT_DP	ALT_RV	ALT_QUAL	ALT_FREQ	TOTAL_DP	PVAL	PASS	GFF_FEATURE	REF_CODON	REF_AA	ALT_CODON	ALT_AA	POS_AA
NC_045512.2	7256	T	C	0	0	0	3	1	38	1	3	0.1	FALSE	NA	NA	NA	NA	NA	NA
NC_045512.2	12160	G	A	0	0	0	9	6	37	1	9	4.11353e-05	TRUE	NA	NA	NA	NA	NA	NA
NC_045512.2	23403	A	G	0	0	0	2	0	39	1	2	0.333333	FALSE	NA	NA	NA	NA	NA	NA
NC_045512.2	25248	T	-G	2	0	38	1	0	20	0.5	2	0.75	FALSE	NA	NA	NA	NA	NA	NA
NC_045512.2	25584	C	T	0	0	0	2	2	39	1	2	0.333333	FALSE	NA	NA	NA	NA	NA	NA
NC_045512.2	27038	A	G	9	0	38	1	0	38	0.1	10	0.526316	FALSE	NA	NA	NA	NA	NA	NA
NC_045512.2	27317	A	T	161	19	43	1	0	39	0.00617284	162	0.501548	FALSE	NA	NA	NA	NA	NA	NA
NC_045512.2	27831	A	G	43	0	38	1	0	27	0.0227273	44	0.505747	FALSE	NA	NA	NA	NA	NA	NA
NC_045512.2	27889	C	T	0	0	0	79	67	40	1	79	8.63707e-47	TRUE	NA	NA	NA	NA	NA	NA
NC_045512.2	27959	A	T	101	100	38	1	1	36	0.00980392	102	0.502463	FALSE	NA	NA	NA	NA	NA	NA
NC_045512.2	28153	C	T	772	21	40	1	0	39	0.00129366	773	0.500324	FALSE	NA	NA	NA	NA	NA	NA
NC_045512.2	28169	A	T	477	50	40	1	0	39	0.00209205	478	0.500524	FALSE	NA	NA	NA	NA	NA	NA
NC_045512.2	28271	A	T	0	0	0	227	227	38	1	227	1.14879e-135	TRUE	NA	NA	NA	NA	NA	NA
NC_045512.2	28330	A	G	10	0	38	1	0	38	0.0909091	11	0.52381	FALSE	NA	NA	NA	NA	NA	NA
NC_045512.2	28363	A	T	0	0	0	7	0	38	1	7	0.000582751	TRUE	NA	NA	NA	NA	NA	NA
NC_045512.2	28662	T	C	314	20	40	1	0	27	0.0031746	315	0.938491	FALSE	NA	NA	NA	NA	NA	NA
NC_045512.2	28681	G	T	242	68	45	42	11	40	0.147887	284	4.77697e-14	TRUE	NA	NA	NA	NA	NA	NA
NC_045512.2	28725	C	T	213	111	40	1	1	27	0.0046729	214	0.876754	FALSE	NA	NA	NA	NA	NA	NA
NC_045512.2	29639	G	A	107	42	42	1	0	39	0.00925926	108	0.502326	FALSE	NA	NA	NA	NA	NA	NA
