REGION	POS	REF	ALT	REF_DP	REF_RV	REF_QUAL	ALT_DP	ALT_RV	ALT_QUAL	ALT_FREQ	TOTAL_DP	PVAL	PASS	GFF_FEATURE	REF_CODON	REF_AA	ALT_CODON	ALT_AA	POS_AA
NC_045512.2	1702	T	A	107	7	41	1	0	39	0.00925926	108	0.502326	FALSE	NA	NA	NA	NA	NA	NA
NC_045512.2	1758	C	T	25	18	43	4	3	39	0.137931	29	0.0601276	FALSE	NA	NA	NA	NA	NA	NA
NC_045512.2	3037	C	T	0	0	0	1	1	39	1	1	1	FALSE	NA	NA	NA	NA	NA	NA
NC_045512.2	4184	G	A	0	0	0	7	4	38	1	7	0.000582751	TRUE	NA	NA	NA	NA	NA	NA
NC_045512.2	4878	C	T	16	16	39	4	4	39	0.2	20	0.0589051	FALSE	NA	NA	NA	NA	NA	NA
NC_045512.2	6040	C	T	7	2	43	2	1	58	0.222222	9	0.264706	FALSE	NA	NA	NA	NA	NA	NA
NC_045512.2	12160	G	A	0	0	0	4	4	39	1	4	0.0285714	FALSE	NA	NA	NA	NA	NA	NA
NC_045512.2	14486	G	T	20	0	38	2	0	39	0.0909091	22	0.255814	FALSE	NA	NA	NA	NA	NA	NA
NC_045512.2	15706	A	G	93	4	39	1	0	37	0.0106383	94	0.502674	FALSE	NA	NA	NA	NA	NA	NA
NC_045512.2	15714	C	T	0	0	0	34	20	41	1	34	7.02913e-20	TRUE	NA	NA	NA	NA	NA	NA
NC_045512.2	15759	A	G	198	83	42	1	1	36	0.00502513	199	0.501259	FALSE	NA	NA	NA	NA	NA	NA
NC_045512.2	15787	A	G	251	241	42	1	1	39	0.00396825	252	0.500994	FALSE	NA	NA	NA	NA	NA	NA
NC_045512.2	16053	A	G	118	14	39	1	0	39	0.00840336	119	0.50211	FALSE	NA	NA	NA	NA	NA	NA
NC_045512.2	16616	C	A	17	11	41	1	0	39	0.0555556	18	0.514286	FALSE	NA	NA	NA	NA	NA	NA
NC_045512.2	16938	A	T	172	134	40	1	1	39	0.00578035	173	0.501449	FALSE	NA	NA	NA	NA	NA	NA
NC_045512.2	21766	A	C	0	0	0	2	2	39	1	2	0.333333	FALSE	NA	NA	NA	NA	NA	NA
NC_045512.2	21770	G	A	0	0	0	5	5	38	1	5	0.00793651	TRUE	NA	NA	NA	NA	NA	NA
NC_045512.2	22882	T	G	0	0	0	1	0	39	1	1	1	FALSE	NA	NA	NA	NA	NA	NA
NC_045512.2	23403	A	G	0	0	0	17	9	38	1	17	8.57043e-10	TRUE	NA	NA	NA	NA	NA	NA
NC_045512.2	25584	C	T	0	0	0	2	2	39	1	2	0.333333	FALSE	NA	NA	NA	NA	NA	NA
NC_045512.2	27889	C	T	0	0	0	34	29	40	1	34	7.02913e-20	TRUE	NA	NA	NA	NA	NA	NA
NC_045512.2	28239	G	T	224	193	42	1	1	38	0.00444444	225	0.501114	FALSE	NA	NA	NA	NA	NA	NA
NC_045512.2	28271	A	T	0	0	0	96	96	38	1	96	5.54047e-57	TRUE	NA	NA	NA	NA	NA	NA
NC_045512.2	28363	A	T	0	0	0	4	0	38	1	4	0.0285714	FALSE	NA	NA	NA	NA	NA	NA
NC_045512.2	28677	C	T	89	22	44	1	0	37	0.0111111	90	0.502793	FALSE	NA	NA	NA	NA	NA	NA
NC_045512.2	28681	G	T	89	22	46	1	1	39	0.0111111	90	0.502793	FALSE	NA	NA	NA	NA	NA	NA
NC_045512.2	28744	C	T	79	50	44	2	2	39	0.0246914	81	0.251553	FALSE	NA	NA	NA	NA	NA	NA
NC_045512.2	28749	T	C	80	66	45	1	1	38	0.0123457	81	0.503106	FALSE	NA	NA	NA	NA	NA	NA
NC_045512.2	29288	T	C	91	2	40	1	0	39	0.0108696	92	0.502732	FALSE	NA	NA	NA	NA	NA	NA
