REGION	POS	REF	ALT	REF_DP	REF_RV	REF_QUAL	ALT_DP	ALT_RV	ALT_QUAL	ALT_FREQ	TOTAL_DP	PVAL	PASS	GFF_FEATURE	REF_CODON	REF_AA	ALT_CODON	ALT_AA	POS_AA
NC_045512.2	2110	C	T	0	0	0	1	1	39	1	1	1	FALSE	NA	NA	NA	NA	NA	NA
NC_045512.2	3342	A	C	6	6	38	1	0	31	0.142857	7	0.538462	FALSE	NA	NA	NA	NA	NA	NA
NC_045512.2	7610	A	G	13	11	49	1	1	39	0.0714286	14	0.518519	FALSE	NA	NA	NA	NA	NA	NA
NC_045512.2	13050	C	G	41	33	40	1	0	39	0.0238095	42	0.506024	FALSE	NA	NA	NA	NA	NA	NA
NC_045512.2	13355	A	G	15	14	38	1	1	39	0.0625	16	0.516129	FALSE	NA	NA	NA	NA	NA	NA
NC_045512.2	15676	T	C	53	2	42	1	0	39	0.0185185	54	0.504673	FALSE	NA	NA	NA	NA	NA	NA
NC_045512.2	15714	C	T	0	0	0	9	2	42	1	9	4.11353e-05	TRUE	NA	NA	NA	NA	NA	NA
NC_045512.2	15738	C	T	54	8	38	10	0	38	0.15625	64	0.000724323	TRUE	NA	NA	NA	NA	NA	NA
NC_045512.2	15765	A	G	113	56	42	1	1	39	0.00877193	114	0.502203	FALSE	NA	NA	NA	NA	NA	NA
NC_045512.2	16342	T	C	16	12	37	6	6	38	0.272727	22	0.0122388	FALSE	NA	NA	NA	NA	NA	NA
NC_045512.2	16863	T	C	54	23	41	1	1	38	0.0181818	55	0.504587	FALSE	NA	NA	NA	NA	NA	NA
NC_045512.2	16935	G	A	56	46	42	2	2	38	0.0344828	58	0.252174	FALSE	NA	NA	NA	NA	NA	NA
NC_045512.2	17124	T	C	6	0	38	2	0	38	0.25	8	0.266667	FALSE	NA	NA	NA	NA	NA	NA
NC_045512.2	17145	C	A	22	1	39	1	0	33	0.0434783	23	0.511111	FALSE	NA	NA	NA	NA	NA	NA
NC_045512.2	17410	C	T	0	0	0	1	1	39	1	1	1	FALSE	NA	NA	NA	NA	NA	NA
NC_045512.2	20235	C	T	1	0	34	2	0	35	0.666667	3	0.3	FALSE	NA	NA	NA	NA	NA	NA
NC_045512.2	21726	T	A	8	2	38	1	0	39	0.111111	9	0.529412	FALSE	NA	NA	NA	NA	NA	NA
NC_045512.2	22109	C	G	0	0	0	2	2	39	1	2	0.333333	FALSE	NA	NA	NA	NA	NA	NA
NC_045512.2	23403	A	G	0	0	0	3	1	38	1	3	0.1	FALSE	NA	NA	NA	NA	NA	NA
NC_045512.2	25584	C	T	0	0	0	2	2	37	1	2	0.333333	FALSE	NA	NA	NA	NA	NA	NA
NC_045512.2	26134	A	G	41	5	41	1	0	39	0.0238095	42	0.506024	FALSE	NA	NA	NA	NA	NA	NA
NC_045512.2	27889	C	T	23	17	39	20	12	43	0.465116	43	6.84195e-08	TRUE	NA	NA	NA	NA	NA	NA
NC_045512.2	27915	G	T	37	29	39	10	8	38	0.212766	47	0.000640896	TRUE	NA	NA	NA	NA	NA	NA
NC_045512.2	27948	G	A	54	48	45	1	1	37	0.0181818	55	0.504587	FALSE	NA	NA	NA	NA	NA	NA
NC_045512.2	28223	G	C	69	44	44	1	1	29	0.0142857	70	0.503597	FALSE	NA	NA	NA	NA	NA	NA
NC_045512.2	28271	A	T	0	0	0	37	37	38	1	37	1.14539e-21	TRUE	NA	NA	NA	NA	NA	NA
NC_045512.2	28363	A	T	0	0	0	3	0	36	1	3	0.1	FALSE	NA	NA	NA	NA	NA	NA
NC_045512.2	28681	G	T	48	7	45	14	5	44	0.225806	62	3.01348e-05	TRUE	NA	NA	NA	NA	NA	NA
NC_045512.2	29666	C	T	43	30	50	1	1	39	0.0227273	44	0.505747	FALSE	NA	NA	NA	NA	NA	NA
