REGION	POS	REF	ALT	REF_DP	REF_RV	REF_QUAL	ALT_DP	ALT_RV	ALT_QUAL	ALT_FREQ	TOTAL_DP	PVAL	PASS	GFF_FEATURE	REF_CODON	REF_AA	ALT_CODON	ALT_AA	POS_AA
NC_045512.2	10264	T	C	76	30	41	1	0	38	0.012987	77	0.503268	FALSE	NA	NA	NA	NA	NA	NA
NC_045512.2	10333	A	G	125	119	43	1	1	39	0.00793651	126	0.501992	FALSE	NA	NA	NA	NA	NA	NA
NC_045512.2	12121	A	T	7	2	43	1	0	39	0.125	8	0.533333	FALSE	NA	NA	NA	NA	NA	NA
NC_045512.2	12160	G	A	0	0	0	2	2	38	1	2	0.333333	FALSE	NA	NA	NA	NA	NA	NA
NC_045512.2	12172	T	G	7	7	39	1	1	29	0.125	8	0.533333	FALSE	NA	NA	NA	NA	NA	NA
NC_045512.2	15714	C	T	0	0	0	20	12	38	1	20	1.45089e-11	TRUE	NA	NA	NA	NA	NA	NA
NC_045512.2	15753	A	G	70	20	40	1	0	38	0.0140845	71	0.503546	FALSE	NA	NA	NA	NA	NA	NA
NC_045512.2	16616	C	A	0	0	0	2	0	39	1	2	0.333333	FALSE	NA	NA	NA	NA	NA	NA
NC_045512.2	25584	C	T	0	0	0	2	2	37	1	2	0.333333	FALSE	NA	NA	NA	NA	NA	NA
NC_045512.2	27390	G	A	21	19	40	1	1	39	0.0454545	22	0.511628	FALSE	NA	NA	NA	NA	NA	NA
NC_045512.2	27641	C	T	7	2	39	1	1	39	0.125	8	0.533333	FALSE	NA	NA	NA	NA	NA	NA
NC_045512.2	27841	G	C	104	4	41	1	0	39	0.00952381	105	0.502392	FALSE	NA	NA	NA	NA	NA	NA
NC_045512.2	27889	C	T	0	0	0	51	40	42	1	51	5.00489e-30	TRUE	NA	NA	NA	NA	NA	NA
NC_045512.2	28167	G	A	236	26	40	8	0	39	0.0327869	244	0.00374654	TRUE	NA	NA	NA	NA	NA	NA
NC_045512.2	28219	T	C	261	178	44	1	0	39	0.00381679	262	0.500956	FALSE	NA	NA	NA	NA	NA	NA
NC_045512.2	28271	A	T	0	0	0	151	151	38	1	151	5.3505e-90	TRUE	NA	NA	NA	NA	NA	NA
NC_045512.2	28330	A	G	6	0	38	6	0	36	0.5	12	0.00915332	TRUE	NA	NA	NA	NA	NA	NA
NC_045512.2	28363	A	T	0	0	0	9	0	35	1	9	4.11353e-05	TRUE	NA	NA	NA	NA	NA	NA
NC_045512.2	28656	A	G	158	4	40	1	0	39	0.00628931	159	0.501577	FALSE	NA	NA	NA	NA	NA	NA
NC_045512.2	28681	G	T	146	22	43	1	0	39	0.00680272	147	0.501706	FALSE	NA	NA	NA	NA	NA	NA
NC_045512.2	28683	G	A	113	25	41	1	0	37	0.00877193	114	0.502203	FALSE	NA	NA	NA	NA	NA	NA
NC_045512.2	28687	C	T	64	27	40	12	5	39	0.157895	76	0.000165623	TRUE	NA	NA	NA	NA	NA	NA
NC_045512.2	28690	G	T	79	40	40	6	2	38	0.0705882	85	0.0147848	FALSE	NA	NA	NA	NA	NA	NA
NC_045512.2	28753	A	G	167	145	43	1	0	55	0.00595238	168	0.501493	FALSE	NA	NA	NA	NA	NA	NA
