REGION	POS	REF	ALT	REF_DP	REF_RV	REF_QUAL	ALT_DP	ALT_RV	ALT_QUAL	ALT_FREQ	TOTAL_DP	PVAL	PASS	GFF_FEATURE	REF_CODON	REF_AA	ALT_CODON	ALT_AA	POS_AA
NC_045512.2	1623	T	G	0	0	0	1	0	37	1	1	1	FALSE	NA	NA	NA	NA	NA	NA
NC_045512.2	1789	T	G	41	16	41	1	0	37	0.0238095	42	0.506024	FALSE	NA	NA	NA	NA	NA	NA
NC_045512.2	9424	A	G	0	0	0	1	0	37	1	1	1	FALSE	NA	NA	NA	NA	NA	NA
NC_045512.2	24090	A	G	0	0	0	2	0	37	1	2	0.333333	FALSE	NA	NA	NA	NA	NA	NA
NC_045512.2	24817	A	C	4	1	34	1	0	37	0.2	5	0.555556	FALSE	NA	NA	NA	NA	NA	NA
NC_045512.2	24821	G	A	151	1	36	1	0	37	0.00657895	152	0.50165	FALSE	NA	NA	NA	NA	NA	NA
NC_045512.2	24826	C	+T	163	1	36	1	0	20	0.00613497	163	0.753827	FALSE	NA	NA	NA	NA	NA	NA
NC_045512.2	24843	T	G	187	23	43	1	0	37	0.00531915	188	0.501333	FALSE	NA	NA	NA	NA	NA	NA
NC_045512.2	24859	C	T	104	66	37	1	1	37	0.00952381	105	0.502392	FALSE	NA	NA	NA	NA	NA	NA
NC_045512.2	25000	C	T	0	0	0	1	1	37	1	1	1	FALSE	NA	NA	NA	NA	NA	NA
NC_045512.2	26674	T	A	50	23	42	1	0	25	0.0196078	51	0.50495	FALSE	NA	NA	NA	NA	NA	NA
NC_045512.2	26709	G	A	0	0	0	16	8	36	1	16	3.32734e-09	TRUE	NA	NA	NA	NA	NA	NA
NC_045512.2	28204	T	G	149	8	37	1	0	37	0.00666667	150	0.501672	FALSE	NA	NA	NA	NA	NA	NA
NC_045512.2	28232	C	T	211	49	48	1	0	37	0.00471698	212	0.501182	FALSE	NA	NA	NA	NA	NA	NA
NC_045512.2	28245	T	C	117	86	38	1	1	37	0.00847458	118	0.502128	FALSE	NA	NA	NA	NA	NA	NA
NC_045512.2	28254	A	C	99	79	38	1	1	25	0.01	100	0.751256	FALSE	NA	NA	NA	NA	NA	NA
NC_045512.2	28271	A	T	0	0	0	46	33	36	1	46	4.8686e-27	TRUE	NA	NA	NA	NA	NA	NA
NC_045512.2	28277	T	C	44	24	37	1	1	37	0.0222222	45	0.505618	FALSE	NA	NA	NA	NA	NA	NA
NC_045512.2	28280	G	T	55	27	38	1	0	37	0.0178571	56	0.504505	FALSE	NA	NA	NA	NA	NA	NA
NC_045512.2	28311	C	T	0	0	0	101	97	38	1	101	5.54937e-60	TRUE	NA	NA	NA	NA	NA	NA
NC_045512.2	28363	A	T	0	0	0	2	2	37	1	2	0.333333	FALSE	NA	NA	NA	NA	NA	NA
NC_045512.2	28409	C	A	3	3	37	1	1	37	0.25	4	0.571429	FALSE	NA	NA	NA	NA	NA	NA
NC_045512.2	28448	C	G	0	0	0	1	0	37	1	1	1	FALSE	NA	NA	NA	NA	NA	NA
