REGION	POS	REF	ALT	REF_DP	REF_RV	REF_QUAL	ALT_DP	ALT_RV	ALT_QUAL	ALT_FREQ	TOTAL_DP	PVAL	PASS	GFF_FEATURE	REF_CODON	REF_AA	ALT_CODON	ALT_AA	POS_AA
NC_045512.2	1996	A	G	98	1	40	1	0	39	0.010101	99	0.502538	FALSE	NA	NA	NA	NA	NA	NA
NC_045512.2	2101	G	C	49	47	40	5	5	39	0.0925926	54	0.0297484	FALSE	NA	NA	NA	NA	NA	NA
NC_045512.2	3326	C	T	40	38	40	1	1	39	0.0243902	41	0.506173	FALSE	NA	NA	NA	NA	NA	NA
NC_045512.2	9424	A	G	0	0	0	1	1	37	1	1	1	FALSE	NA	NA	NA	NA	NA	NA
NC_045512.2	15150	G	T	11	4	39	1	0	33	0.0833333	12	0.521739	FALSE	NA	NA	NA	NA	NA	NA
NC_045512.2	15226	G	A	3	3	34	1	1	39	0.25	4	0.571429	FALSE	NA	NA	NA	NA	NA	NA
NC_045512.2	15714	C	T	0	0	0	50	26	40	1	50	1.98233e-29	TRUE	NA	NA	NA	NA	NA	NA
NC_045512.2	15779	A	T	240	209	44	1	1	33	0.00414938	241	0.50104	FALSE	NA	NA	NA	NA	NA	NA
NC_045512.2	16616	C	A	6	5	38	1	0	39	0.142857	7	0.538462	FALSE	NA	NA	NA	NA	NA	NA
NC_045512.2	18444	A	G	0	0	0	3	3	39	1	3	0.1	FALSE	NA	NA	NA	NA	NA	NA
NC_045512.2	20595	A	C	2	1	38	1	1	30	0.333333	3	0.6	FALSE	NA	NA	NA	NA	NA	NA
NC_045512.2	23403	A	G	0	0	0	6	3	38	1	6	0.0021645	TRUE	NA	NA	NA	NA	NA	NA
NC_045512.2	27889	C	T	0	0	0	66	52	41	1	66	5.29956e-39	TRUE	NA	NA	NA	NA	NA	NA
NC_045512.2	28132	C	T	37	0	38	9	0	38	0.195652	46	0.00140567	TRUE	NA	NA	NA	NA	NA	NA
NC_045512.2	28162	G	T	123	12	41	1	0	37	0.00806452	124	0.502024	FALSE	NA	NA	NA	NA	NA	NA
NC_045512.2	28184	T	A	77	40	42	1	0	29	0.0128205	78	0.503226	FALSE	NA	NA	NA	NA	NA	NA
NC_045512.2	28271	A	T	0	0	0	66	66	38	1	66	5.29956e-39	TRUE	NA	NA	NA	NA	NA	NA
NC_045512.2	28330	A	G	0	0	0	5	0	37	1	5	0.00793651	TRUE	NA	NA	NA	NA	NA	NA
NC_045512.2	28363	A	T	0	0	0	12	0	35	1	12	7.39602e-07	TRUE	NA	NA	NA	NA	NA	NA
NC_045512.2	28394	C	-GG	32	22	46	1	0	20	0.03125	32	0.515625	FALSE	NA	NA	NA	NA	NA	NA
NC_045512.2	28426	T	C	23	11	46	2	1	38	0.08	25	0.255102	FALSE	NA	NA	NA	NA	NA	NA
NC_045512.2	28649	A	G	41	0	40	1	0	39	0.0238095	42	0.506024	FALSE	NA	NA	NA	NA	NA	NA
NC_045512.2	28744	C	T	72	56	41	2	2	39	0.027027	74	0.251701	FALSE	NA	NA	NA	NA	NA	NA
