REGION	POS	REF	ALT	REF_DP	REF_RV	REF_QUAL	ALT_DP	ALT_RV	ALT_QUAL	ALT_FREQ	TOTAL_DP	PVAL	PASS	GFF_FEATURE	REF_CODON	REF_AA	ALT_CODON	ALT_AA	POS_AA
NC_045512.2	15714	C	T	0	0	0	33	16	41	1	33	2.7703e-19	TRUE	NA	NA	NA	NA	NA	NA
NC_045512.2	17224	T	C	18	12	41	1	0	39	0.0526316	19	0.513514	FALSE	NA	NA	NA	NA	NA	NA
NC_045512.2	17410	C	T	0	0	0	1	1	38	1	1	1	FALSE	NA	NA	NA	NA	NA	NA
NC_045512.2	23403	A	G	0	0	0	9	6	38	1	9	4.11353e-05	TRUE	NA	NA	NA	NA	NA	NA
NC_045512.2	27889	C	T	0	0	0	50	45	39	1	50	1.98233e-29	TRUE	NA	NA	NA	NA	NA	NA
NC_045512.2	27896	G	A	31	30	38	1	1	37	0.03125	32	0.507937	FALSE	NA	NA	NA	NA	NA	NA
NC_045512.2	27942	C	T	0	0	0	16	16	38	1	16	3.32734e-09	TRUE	NA	NA	NA	NA	NA	NA
NC_045512.2	28363	A	T	0	0	0	4	0	37	1	4	0.0285714	FALSE	NA	NA	NA	NA	NA	NA
NC_045512.2	28489	T	C	0	0	0	1	0	38	1	1	1	FALSE	NA	NA	NA	NA	NA	NA
NC_045512.2	29627	C	T	70	21	39	2	1	38	0.0277778	72	0.251748	FALSE	NA	NA	NA	NA	NA	NA
NC_045512.2	29644	A	T	70	23	42	1	0	39	0.0140845	71	0.503546	FALSE	NA	NA	NA	NA	NA	NA
NC_045512.2	29694	A	G	29	29	38	1	1	39	0.0333333	30	0.508475	FALSE	NA	NA	NA	NA	NA	NA
