REGION	POS	REF	ALT	REF_DP	REF_RV	REF_QUAL	ALT_DP	ALT_RV	ALT_QUAL	ALT_FREQ	TOTAL_DP	PVAL	PASS	GFF_FEATURE	REF_CODON	REF_AA	ALT_CODON	ALT_AA	POS_AA
NC_045512.2	2031	A	T	28	14	44	1	1	37	0.0344828	29	0.508772	FALSE	NA	NA	NA	NA	NA	NA
NC_045512.2	2037	C	T	36	28	44	1	1	37	0.027027	37	0.506849	FALSE	NA	NA	NA	NA	NA	NA
NC_045512.2	7232	T	G	0	0	0	2	1	38	1	2	0.333333	FALSE	NA	NA	NA	NA	NA	NA
NC_045512.2	10263	C	T	26	5	42	1	1	30	0.037037	27	0.509434	FALSE	NA	NA	NA	NA	NA	NA
NC_045512.2	10274	C	+A	27	6	42	1	0	20	0.037037	27	0.518519	FALSE	NA	NA	NA	NA	NA	NA
NC_045512.2	12310	G	A	1	1	39	3	1	64	0.75	4	0.114286	FALSE	NA	NA	NA	NA	NA	NA
NC_045512.2	17410	C	T	0	0	0	1	1	39	1	1	1	FALSE	NA	NA	NA	NA	NA	NA
NC_045512.2	25584	C	T	0	0	0	5	5	38	1	5	0.00793651	TRUE	NA	NA	NA	NA	NA	NA
NC_045512.2	27889	C	T	0	0	0	51	41	43	1	51	5.00489e-30	TRUE	NA	NA	NA	NA	NA	NA
NC_045512.2	28271	A	T	0	0	0	19	19	38	1	19	5.65847e-11	TRUE	NA	NA	NA	NA	NA	NA
NC_045512.2	28681	G	T	81	15	45	6	0	38	0.0689655	87	0.0148045	FALSE	NA	NA	NA	NA	NA	NA
