REGION	POS	REF	ALT	REF_DP	REF_RV	REF_QUAL	ALT_DP	ALT_RV	ALT_QUAL	ALT_FREQ	TOTAL_DP	PVAL	PASS	GFF_FEATURE	REF_CODON	REF_AA	ALT_CODON	ALT_AA	POS_AA
NC_045512.2	4184	G	A	0	0	0	6	4	45	1	6	0.0021645	TRUE	NA	NA	NA	NA	NA	NA
NC_045512.2	15714	C	T	0	0	0	13	4	38	1	13	1.92297e-07	TRUE	NA	NA	NA	NA	NA	NA
NC_045512.2	15738	C	T	0	0	0	47	7	38	1	47	1.23024e-27	TRUE	NA	NA	NA	NA	NA	NA
NC_045512.2	16089	G	T	189	176	40	1	1	39	0.00526316	190	0.501319	FALSE	NA	NA	NA	NA	NA	NA
NC_045512.2	16342	T	C	0	0	0	14	13	38	1	14	4.98547e-08	TRUE	NA	NA	NA	NA	NA	NA
NC_045512.2	16646	C	-G	9	9	46	1	0	20	0.111111	9	0.555556	FALSE	NA	NA	NA	NA	NA	NA
NC_045512.2	19326	A	G	0	0	0	1	0	36	1	1	1	FALSE	NA	NA	NA	NA	NA	NA
NC_045512.2	23403	A	G	0	0	0	21	6	38	1	21	3.71569e-12	TRUE	NA	NA	NA	NA	NA	NA
NC_045512.2	27384	T	C	0	0	0	1	0	39	1	1	1	FALSE	NA	NA	NA	NA	NA	NA
NC_045512.2	27831	A	T	67	0	38	1	0	39	0.0147059	68	0.503704	FALSE	NA	NA	NA	NA	NA	NA
NC_045512.2	27869	T	G	161	38	41	1	0	38	0.00617284	162	0.501548	FALSE	NA	NA	NA	NA	NA	NA
NC_045512.2	27879	C	T	63	34	41	18	3	38	0.222222	81	1.48473e-06	TRUE	NA	NA	NA	NA	NA	NA
NC_045512.2	27913	T	C	110	99	38	1	1	37	0.00900901	111	0.502262	FALSE	NA	NA	NA	NA	NA	NA
NC_045512.2	27915	G	T	0	0	0	103	90	38	1	103	3.50245e-61	TRUE	NA	NA	NA	NA	NA	NA
NC_045512.2	28363	A	T	0	0	0	16	0	37	1	16	3.32734e-09	TRUE	NA	NA	NA	NA	NA	NA
NC_045512.2	28447	A	G	0	0	0	26	26	38	1	26	4.03292e-15	TRUE	NA	NA	NA	NA	NA	NA
