REGION	POS	REF	ALT	REF_DP	REF_RV	REF_QUAL	ALT_DP	ALT_RV	ALT_QUAL	ALT_FREQ	TOTAL_DP	PVAL	PASS	GFF_FEATURE	REF_CODON	REF_AA	ALT_CODON	ALT_AA	POS_AA
NC_045512.2	4783	A	T	4	0	38	1	0	33	0.2	5	0.555556	FALSE	NA	NA	NA	NA	NA	NA
NC_045512.2	9344	C	T	0	0	0	2	2	39	1	2	0.333333	FALSE	NA	NA	NA	NA	NA	NA
NC_045512.2	15714	C	T	0	0	0	14	10	38	1	14	4.98547e-08	TRUE	NA	NA	NA	NA	NA	NA
NC_045512.2	16526	G	A	15	0	38	1	0	39	0.0625	16	0.516129	FALSE	NA	NA	NA	NA	NA	NA
NC_045512.2	16935	G	A	11	6	45	2	0	39	0.153846	13	0.26	FALSE	NA	NA	NA	NA	NA	NA
NC_045512.2	18377	C	T	1	0	39	1	0	29	0.5	2	0.666667	FALSE	NA	NA	NA	NA	NA	NA
NC_045512.2	19116	A	C	47	42	43	1	1	36	0.0208333	48	0.505263	FALSE	NA	NA	NA	NA	NA	NA
NC_045512.2	22674	C	T	0	0	0	1	1	36	1	1	1	FALSE	NA	NA	NA	NA	NA	NA
NC_045512.2	23217	T	C	3	3	39	3	3	36	0.5	6	0.121212	FALSE	NA	NA	NA	NA	NA	NA
NC_045512.2	23403	A	G	0	0	0	1	1	39	1	1	1	FALSE	NA	NA	NA	NA	NA	NA
NC_045512.2	25584	C	T	0	0	0	9	9	38	1	9	4.11353e-05	TRUE	NA	NA	NA	NA	NA	NA
NC_045512.2	26778	T	C	27	24	45	1	1	38	0.0357143	28	0.509091	FALSE	NA	NA	NA	NA	NA	NA
NC_045512.2	27294	C	T	18	0	38	2	0	39	0.1	20	0.25641	FALSE	NA	NA	NA	NA	NA	NA
NC_045512.2	27382	G	C	7	6	38	2	2	39	0.222222	9	0.264706	FALSE	NA	NA	NA	NA	NA	NA
NC_045512.2	27384	T	C	7	6	38	4	0	39	0.363636	11	0.0551378	FALSE	NA	NA	NA	NA	NA	NA
NC_045512.2	27390	G	T	17	11	37	9	9	43	0.346154	26	0.00102703	TRUE	NA	NA	NA	NA	NA	NA
NC_045512.2	27840	T	A	339	7	39	1	0	33	0.00294118	340	0.500736	FALSE	NA	NA	NA	NA	NA	NA
NC_045512.2	27889	C	T	214	171	40	42	34	39	0.164062	256	3.96401e-14	TRUE	NA	NA	NA	NA	NA	NA
NC_045512.2	28271	A	T	0	0	0	26	26	38	0.962963	27	2.01646e-15	TRUE	NA	NA	NA	NA	NA	NA
NC_045512.2	28271	A	C	0	0	0	1	1	39	0.037037	27	0.037037	FALSE	NA	NA	NA	NA	NA	NA
NC_045512.2	28330	A	G	16	0	37	2	0	38	0.111111	18	0.257143	FALSE	NA	NA	NA	NA	NA	NA
NC_045512.2	28363	A	T	0	0	0	12	1	34	1	12	7.39602e-07	TRUE	NA	NA	NA	NA	NA	NA
NC_045512.2	28681	G	T	47	11	46	7	2	38	0.12963	54	0.00679171	TRUE	NA	NA	NA	NA	NA	NA
NC_045512.2	28724	C	T	19	10	38	4	3	48	0.173913	23	0.0594315	FALSE	NA	NA	NA	NA	NA	NA
NC_045512.2	28991	C	A	17	4	42	1	0	31	0.0555556	18	0.514286	FALSE	NA	NA	NA	NA	NA	NA
