REGION	POS	REF	ALT	REF_DP	REF_RV	REF_QUAL	ALT_DP	ALT_RV	ALT_QUAL	ALT_FREQ	TOTAL_DP	PVAL	PASS	GFF_FEATURE	REF_CODON	REF_AA	ALT_CODON	ALT_AA	POS_AA
NC_045512.2	4184	G	A	0	0	0	1	0	39	1	1	1	FALSE	NA	NA	NA	NA	NA	NA
NC_045512.2	4321	C	T	0	0	0	1	1	39	1	1	1	FALSE	NA	NA	NA	NA	NA	NA
NC_045512.2	13067	T	C	19	10	44	1	1	37	0.05	20	0.512821	FALSE	NA	NA	NA	NA	NA	NA
NC_045512.2	15714	C	T	11	5	38	13	9	38	0.541667	24	1.77438e-05	TRUE	NA	NA	NA	NA	NA	NA
NC_045512.2	16259	G	C	20	0	42	5	0	38	0.2	25	0.0278622	FALSE	NA	NA	NA	NA	NA	NA
NC_045512.2	17410	C	T	0	0	0	1	1	39	1	1	1	FALSE	NA	NA	NA	NA	NA	NA
NC_045512.2	22578	G	A	0	0	0	1	0	38	1	1	1	FALSE	NA	NA	NA	NA	NA	NA
NC_045512.2	23202	C	A	2	2	39	2	2	39	0.5	4	0.285714	FALSE	NA	NA	NA	NA	NA	NA
NC_045512.2	23403	A	G	0	0	0	3	2	37	1	3	0.1	FALSE	NA	NA	NA	NA	NA	NA
NC_045512.2	25284	G	T	15	14	41	4	4	38	0.210526	19	0.0586873	FALSE	NA	NA	NA	NA	NA	NA
NC_045512.2	27290	A	-T	50	0	37	1	0	20	0.02	50	0.51	FALSE	NA	NA	NA	NA	NA	NA
NC_045512.2	27340	A	T	61	45	44	1	0	39	0.016129	62	0.504065	FALSE	NA	NA	NA	NA	NA	NA
NC_045512.2	27384	T	C	7	5	43	8	2	38	0.533333	15	0.00149925	TRUE	NA	NA	NA	NA	NA	NA
NC_045512.2	27945	C	T	16	13	45	6	5	48	0.272727	22	0.0122388	FALSE	NA	NA	NA	NA	NA	NA
NC_045512.2	28271	A	T	0	0	0	50	50	38	1	50	1.98233e-29	TRUE	NA	NA	NA	NA	NA	NA
NC_045512.2	28363	A	T	0	0	0	3	0	37	0.75	4	0.05	FALSE	NA	NA	NA	NA	NA	NA
NC_045512.2	28363	A	G	0	0	0	1	0	39	0.25	4	0.25	FALSE	NA	NA	NA	NA	NA	NA
NC_045512.2	28391	C	T	18	12	44	1	1	38	0.0526316	19	0.513514	FALSE	NA	NA	NA	NA	NA	NA
NC_045512.2	29072	G	A	25	23	43	1	1	39	0.0384615	26	0.509804	FALSE	NA	NA	NA	NA	NA	NA
