REGION	POS	REF	ALT	REF_DP	REF_RV	REF_QUAL	ALT_DP	ALT_RV	ALT_QUAL	ALT_FREQ	TOTAL_DP	PVAL	PASS	GFF_FEATURE	REF_CODON	REF_AA	ALT_CODON	ALT_AA	POS_AA
NC_045512.2	6068	A	T	42	18	37	1	0	34	0.0232558	43	0.505882	FALSE	NA	NA	NA	NA	NA	NA
NC_045512.2	6169	G	C	1	0	34	1	1	34	0.5	2	0.666667	FALSE	NA	NA	NA	NA	NA	NA
NC_045512.2	6231	C	T	1	1	34	1	0	27	0.5	2	0.666667	FALSE	NA	NA	NA	NA	NA	NA
NC_045512.2	8617	T	-GC	2	1	34	1	0	20	0.5	2	0.75	FALSE	NA	NA	NA	NA	NA	NA
NC_045512.2	25584	C	T	0	0	0	5	5	29	1	5	0.00793651	TRUE	NA	NA	NA	NA	NA	NA
NC_045512.2	29272	C	G	1	0	34	1	0	34	0.5	2	0.666667	FALSE	NA	NA	NA	NA	NA	NA
NC_045512.2	29370	C	T	127	51	35	1	1	26	0.0078125	128	0.752941	FALSE	NA	NA	NA	NA	NA	NA
NC_045512.2	29385	A	C	158	112	37	1	1	26	0.00628931	159	0.752366	FALSE	NA	NA	NA	NA	NA	NA
