REGION	POS	REF	ALT	REF_DP	REF_RV	REF_QUAL	ALT_DP	ALT_RV	ALT_QUAL	ALT_FREQ	TOTAL_DP	PVAL	PASS	GFF_FEATURE	REF_CODON	REF_AA	ALT_CODON	ALT_AA	POS_AA
NC_045512.2	9344	C	T	0	0	0	5	0	39	1	5	0.00793651	TRUE	NA	NA	NA	NA	NA	NA
NC_045512.2	10213	T	C	26	1	40	1	0	39	0.037037	27	0.509434	FALSE	NA	NA	NA	NA	NA	NA
NC_045512.2	10644	A	G	40	36	41	1	1	36	0.0243902	41	0.506173	FALSE	NA	NA	NA	NA	NA	NA
NC_045512.2	12786	C	T	10	10	38	5	5	37	0.333333	15	0.0252874	FALSE	NA	NA	NA	NA	NA	NA
NC_045512.2	15714	C	T	0	0	0	1	0	38	1	1	1	FALSE	NA	NA	NA	NA	NA	NA
NC_045512.2	19746	G	C	26	25	40	1	1	38	0.037037	27	0.509434	FALSE	NA	NA	NA	NA	NA	NA
NC_045512.2	20553	A	G	16	4	43	1	1	39	0.0588235	17	0.515152	FALSE	NA	NA	NA	NA	NA	NA
NC_045512.2	21721	C	T	0	0	0	1	0	39	1	1	1	FALSE	NA	NA	NA	NA	NA	NA
NC_045512.2	23198	T	A	26	24	44	1	1	38	0.037037	27	0.509434	FALSE	NA	NA	NA	NA	NA	NA
NC_045512.2	23381	C	-AG	7	0	38	1	0	20	0.142857	7	0.571429	FALSE	NA	NA	NA	NA	NA	NA
NC_045512.2	23403	A	G	0	0	0	1	0	39	1	1	1	FALSE	NA	NA	NA	NA	NA	NA
NC_045512.2	26270	C	T	0	0	0	1	0	39	1	1	1	FALSE	NA	NA	NA	NA	NA	NA
NC_045512.2	27384	T	C	0	0	0	2	0	39	1	2	0.333333	FALSE	NA	NA	NA	NA	NA	NA
NC_045512.2	28271	A	T	0	0	0	23	23	38	1	23	2.42912e-13	TRUE	NA	NA	NA	NA	NA	NA
NC_045512.2	28363	A	T	0	0	0	8	0	37	1	8	0.0001554	TRUE	NA	NA	NA	NA	NA	NA
