REGION	POS	REF	ALT	REF_DP	REF_RV	REF_QUAL	ALT_DP	ALT_RV	ALT_QUAL	ALT_FREQ	TOTAL_DP	PVAL	PASS	GFF_FEATURE	REF_CODON	REF_AA	ALT_CODON	ALT_AA	POS_AA
NC_045512.2	5180	G	T	6	6	45	1	1	39	0.142857	7	0.538462	FALSE	NA	NA	NA	NA	NA	NA
NC_045512.2	8462	G	T	0	0	0	13	1	38	1	13	1.92297e-07	TRUE	NA	NA	NA	NA	NA	NA
NC_045512.2	11520	T	C	8	4	39	1	1	38	0.111111	9	0.529412	FALSE	NA	NA	NA	NA	NA	NA
NC_045512.2	14215	A	T	10	3	42	1	0	37	0.0909091	11	0.52381	FALSE	NA	NA	NA	NA	NA	NA
NC_045512.2	15714	C	T	0	0	0	17	10	38	1	17	8.57043e-10	TRUE	NA	NA	NA	NA	NA	NA
NC_045512.2	15810	C	T	20	20	38	8	8	37	0.285714	28	0.00255272	TRUE	NA	NA	NA	NA	NA	NA
NC_045512.2	16926	T	A	33	18	43	1	0	33	0.0294118	34	0.507463	FALSE	NA	NA	NA	NA	NA	NA
NC_045512.2	16960	C	T	49	46	42	1	1	33	0.02	50	0.505051	FALSE	NA	NA	NA	NA	NA	NA
NC_045512.2	19324	C	A	0	0	0	1	0	27	1	1	1	FALSE	NA	NA	NA	NA	NA	NA
NC_045512.2	28216	T	C	90	69	42	1	1	27	0.010989	91	0.502762	FALSE	NA	NA	NA	NA	NA	NA
NC_045512.2	28271	A	T	0	0	0	52	52	38	1	52	1.26337e-30	TRUE	NA	NA	NA	NA	NA	NA
NC_045512.2	28311	C	T	0	0	0	1	0	39	1	1	1	FALSE	NA	NA	NA	NA	NA	NA
NC_045512.2	28363	A	T	0	0	0	2	0	35	1	2	0.333333	FALSE	NA	NA	NA	NA	NA	NA
NC_045512.2	28755	T	C	33	29	46	1	1	30	0.0294118	34	0.507463	FALSE	NA	NA	NA	NA	NA	NA
NC_045512.2	29057	C	A	10	7	37	1	0	30	0.0909091	11	0.52381	FALSE	NA	NA	NA	NA	NA	NA
NC_045512.2	29690	G	T	6	6	38	1	1	39	0.142857	7	0.538462	FALSE	NA	NA	NA	NA	NA	NA
