REGION	POS	REF	ALT	REF_DP	REF_RV	REF_QUAL	ALT_DP	ALT_RV	ALT_QUAL	ALT_FREQ	TOTAL_DP	PVAL	PASS	GFF_FEATURE	REF_CODON	REF_AA	ALT_CODON	ALT_AA	POS_AA
NC_045512.2	3259	G	T	24	5	43	2	0	38	0.0769231	26	0.254902	FALSE	NA	NA	NA	NA	NA	NA
NC_045512.2	3557	A	G	40	5	40	1	0	39	0.0243902	41	0.506173	FALSE	NA	NA	NA	NA	NA	NA
NC_045512.2	4184	G	A	0	0	0	6	3	39	1	6	0.0021645	TRUE	NA	NA	NA	NA	NA	NA
NC_045512.2	10262	G	T	22	7	39	1	0	39	0.0434783	23	0.511111	FALSE	NA	NA	NA	NA	NA	NA
NC_045512.2	15714	C	T	0	0	0	43	22	40	1	43	3.01316e-25	TRUE	NA	NA	NA	NA	NA	NA
NC_045512.2	15788	A	G	212	198	43	1	1	39	0.00469484	213	0.501176	FALSE	NA	NA	NA	NA	NA	NA
NC_045512.2	16084	C	T	54	48	38	2	2	39	0.0357143	56	0.252252	FALSE	NA	NA	NA	NA	NA	NA
NC_045512.2	16262	A	C	39	3	42	1	0	29	0.025	40	0.506329	FALSE	NA	NA	NA	NA	NA	NA
NC_045512.2	16860	T	C	152	46	45	1	0	38	0.00653595	153	0.501639	FALSE	NA	NA	NA	NA	NA	NA
NC_045512.2	16871	G	C	155	64	38	2	0	38	0.0127389	157	0.250799	FALSE	NA	NA	NA	NA	NA	NA
NC_045512.2	16934	T	A	203	162	42	1	1	33	0.00490196	204	0.501229	FALSE	NA	NA	NA	NA	NA	NA
NC_045512.2	17410	C	T	0	0	0	1	1	39	1	1	1	FALSE	NA	NA	NA	NA	NA	NA
NC_045512.2	18398	T	C	0	0	0	1	0	39	1	1	1	FALSE	NA	NA	NA	NA	NA	NA
NC_045512.2	21721	C	T	0	0	0	1	0	39	1	1	1	FALSE	NA	NA	NA	NA	NA	NA
NC_045512.2	23201	A	C	13	13	38	1	1	32	0.0714286	14	0.518519	FALSE	NA	NA	NA	NA	NA	NA
NC_045512.2	23382	A	T	31	5	41	1	1	34	0.03125	32	0.507937	FALSE	NA	NA	NA	NA	NA	NA
NC_045512.2	23403	A	G	0	0	0	10	1	38	1	10	1.08251e-05	TRUE	NA	NA	NA	NA	NA	NA
NC_045512.2	24679	A	G	35	29	49	1	1	27	0.0277778	36	0.507042	FALSE	NA	NA	NA	NA	NA	NA
NC_045512.2	28271	A	T	0	0	0	36	36	37	1	36	4.51965e-21	TRUE	NA	NA	NA	NA	NA	NA
NC_045512.2	28311	C	T	0	0	0	1	0	39	1	1	1	FALSE	NA	NA	NA	NA	NA	NA
NC_045512.2	28363	A	T	0	0	0	2	0	34	1	2	0.333333	FALSE	NA	NA	NA	NA	NA	NA
NC_045512.2	29403	A	G	37	37	38	1	1	39	0.0263158	38	0.506667	FALSE	NA	NA	NA	NA	NA	NA
