REGION	POS	REF	ALT	REF_DP	REF_RV	REF_QUAL	ALT_DP	ALT_RV	ALT_QUAL	ALT_FREQ	TOTAL_DP	PVAL	PASS	GFF_FEATURE	REF_CODON	REF_AA	ALT_CODON	ALT_AA	POS_AA
NC_045512.2	4819	A	G	8	4	38	1	1	38	0.111111	9	0.529412	FALSE	NA	NA	NA	NA	NA	NA
NC_045512.2	11469	C	T	3	0	35	1	1	38	0.25	4	0.571429	FALSE	NA	NA	NA	NA	NA	NA
NC_045512.2	15714	C	T	0	0	0	32	21	38	1	32	1.09133e-18	TRUE	NA	NA	NA	NA	NA	NA
NC_045512.2	16528	G	T	16	0	41	1	0	39	0.0588235	17	0.515152	FALSE	NA	NA	NA	NA	NA	NA
NC_045512.2	17410	C	T	0	0	0	1	1	39	1	1	1	FALSE	NA	NA	NA	NA	NA	NA
NC_045512.2	17559	T	A	7	6	60	1	1	38	0.125	8	0.533333	FALSE	NA	NA	NA	NA	NA	NA
NC_045512.2	21721	C	T	1	1	74	2	0	38	0.666667	3	0.3	FALSE	NA	NA	NA	NA	NA	NA
NC_045512.2	23403	A	G	0	0	0	9	3	38	1	9	4.11353e-05	TRUE	NA	NA	NA	NA	NA	NA
NC_045512.2	23948	G	T	0	0	0	1	0	35	1	1	1	FALSE	NA	NA	NA	NA	NA	NA
NC_045512.2	25916	C	T	2	2	39	1	1	35	0.333333	3	0.6	FALSE	NA	NA	NA	NA	NA	NA
NC_045512.2	27384	T	C	0	0	0	3	2	38	1	3	0.1	FALSE	NA	NA	NA	NA	NA	NA
NC_045512.2	28209	G	T	37	9	38	1	0	39	0.0263158	38	0.506667	FALSE	NA	NA	NA	NA	NA	NA
NC_045512.2	28217	T	C	51	32	43	1	1	37	0.0192308	52	0.504854	FALSE	NA	NA	NA	NA	NA	NA
NC_045512.2	28271	A	T	0	0	0	35	35	38	1	35	1.78275e-20	TRUE	NA	NA	NA	NA	NA	NA
NC_045512.2	28363	A	T	0	0	0	11	0	36	1	11	2.83514e-06	TRUE	NA	NA	NA	NA	NA	NA
NC_045512.2	28370	A	G	0	0	0	3	0	35	1	3	0.1	FALSE	NA	NA	NA	NA	NA	NA
NC_045512.2	28462	C	T	25	25	38	1	1	38	0.0384615	26	0.509804	FALSE	NA	NA	NA	NA	NA	NA
