REGION	POS	REF	ALT	REF_DP	REF_RV	REF_QUAL	ALT_DP	ALT_RV	ALT_QUAL	ALT_FREQ	TOTAL_DP	PVAL	PASS	GFF_FEATURE	REF_CODON	REF_AA	ALT_CODON	ALT_AA	POS_AA
NC_045512.2	2005	C	G	58	6	42	1	0	39	0.0169492	59	0.504274	FALSE	NA	NA	NA	NA	NA	NA
NC_045512.2	4184	G	A	0	0	0	1	0	38	1	1	1	FALSE	NA	NA	NA	NA	NA	NA
NC_045512.2	5692	A	C	18	0	38	1	0	31	0.0526316	19	0.513514	FALSE	NA	NA	NA	NA	NA	NA
NC_045512.2	6913	T	C	1	0	39	1	0	37	0.5	2	0.666667	FALSE	NA	NA	NA	NA	NA	NA
NC_045512.2	7540	T	C	23	0	40	13	0	36	0.361111	36	3.97694e-05	TRUE	NA	NA	NA	NA	NA	NA
NC_045512.2	8469	A	G	8	0	37	1	1	35	0.111111	9	0.529412	FALSE	NA	NA	NA	NA	NA	NA
NC_045512.2	9424	A	G	0	0	0	2	2	39	1	2	0.333333	FALSE	NA	NA	NA	NA	NA	NA
NC_045512.2	12391	T	C	6	1	38	1	1	38	0.142857	7	0.538462	FALSE	NA	NA	NA	NA	NA	NA
NC_045512.2	12617	A	C	0	0	0	1	0	39	1	1	1	FALSE	NA	NA	NA	NA	NA	NA
NC_045512.2	14218	G	T	26	15	44	3	2	39	0.103448	29	0.12488	FALSE	NA	NA	NA	NA	NA	NA
NC_045512.2	15714	C	T	0	0	0	37	16	42	1	37	1.14539e-21	TRUE	NA	NA	NA	NA	NA	NA
NC_045512.2	15989	C	T	23	0	37	1	0	38	0.0416667	24	0.510638	FALSE	NA	NA	NA	NA	NA	NA
NC_045512.2	16092	C	T	20	20	37	36	36	38	0.642857	56	4.11259e-15	TRUE	NA	NA	NA	NA	NA	NA
NC_045512.2	16855	G	T	23	2	43	1	0	35	0.0416667	24	0.510638	FALSE	NA	NA	NA	NA	NA	NA
NC_045512.2	17410	C	T	0	0	0	2	2	37	1	2	0.333333	FALSE	NA	NA	NA	NA	NA	NA
NC_045512.2	22120	C	A	16	16	39	1	1	38	0.0588235	17	0.515152	FALSE	NA	NA	NA	NA	NA	NA
NC_045512.2	23143	T	A	7	1	42	1	1	38	0.125	8	0.533333	FALSE	NA	NA	NA	NA	NA	NA
NC_045512.2	23403	A	G	0	0	0	18	9	40	1	18	2.20382e-10	TRUE	NA	NA	NA	NA	NA	NA
NC_045512.2	25584	C	T	0	0	0	2	2	38	1	2	0.333333	FALSE	NA	NA	NA	NA	NA	NA
NC_045512.2	27384	T	C	0	0	0	4	0	38	1	4	0.0285714	FALSE	NA	NA	NA	NA	NA	NA
NC_045512.2	27945	C	T	25	23	43	16	15	38	0.390244	41	3.06832e-06	TRUE	NA	NA	NA	NA	NA	NA
NC_045512.2	27963	T	C	13	13	38	3	3	37	0.1875	16	0.124583	FALSE	NA	NA	NA	NA	NA	NA
NC_045512.2	28271	A	T	0	0	0	63	63	37	1	63	3.31404e-37	TRUE	NA	NA	NA	NA	NA	NA
NC_045512.2	28363	A	T	0	0	0	6	0	38	1	6	0.0021645	TRUE	NA	NA	NA	NA	NA	NA
NC_045512.2	28370	A	G	0	0	0	3	0	38	1	3	0.1	FALSE	NA	NA	NA	NA	NA	NA
NC_045512.2	28792	A	T	0	0	0	1	1	39	1	1	1	FALSE	NA	NA	NA	NA	NA	NA
NC_045512.2	29645	G	T	40	15	44	1	0	39	0.0243902	41	0.506173	FALSE	NA	NA	NA	NA	NA	NA
