REGION	POS	REF	ALT	REF_DP	REF_RV	REF_QUAL	ALT_DP	ALT_RV	ALT_QUAL	ALT_FREQ	TOTAL_DP	PVAL	PASS	GFF_FEATURE	REF_CODON	REF_AA	ALT_CODON	ALT_AA	POS_AA
NC_045512.2	4184	G	A	0	0	0	1	1	39	1	1	1	FALSE	NA	NA	NA	NA	NA	NA
NC_045512.2	10268	A	G	12	2	40	1	0	37	0.0769231	13	0.52	FALSE	NA	NA	NA	NA	NA	NA
NC_045512.2	12160	G	A	2	1	39	4	4	38	0.666667	6	0.0454545	FALSE	NA	NA	NA	NA	NA	NA
NC_045512.2	15714	C	T	0	0	0	16	11	38	1	16	3.32734e-09	TRUE	NA	NA	NA	NA	NA	NA
NC_045512.2	16935	G	A	19	15	43	1	1	39	0.05	20	0.512821	FALSE	NA	NA	NA	NA	NA	NA
NC_045512.2	17410	C	T	0	0	0	1	1	39	1	1	1	FALSE	NA	NA	NA	NA	NA	NA
NC_045512.2	17580	T	C	12	12	38	1	1	38	0.0769231	13	0.52	FALSE	NA	NA	NA	NA	NA	NA
NC_045512.2	18800	A	G	37	28	42	1	1	39	0.0263158	38	0.506667	FALSE	NA	NA	NA	NA	NA	NA
NC_045512.2	19328	C	A	3	0	39	1	0	39	0.25	4	0.571429	FALSE	NA	NA	NA	NA	NA	NA
NC_045512.2	20646	C	T	7	7	37	1	1	39	0.125	8	0.533333	FALSE	NA	NA	NA	NA	NA	NA
NC_045512.2	21766	A	C	0	0	0	1	1	39	1	1	1	FALSE	NA	NA	NA	NA	NA	NA
NC_045512.2	21770	G	A	0	0	0	2	2	38	1	2	0.333333	FALSE	NA	NA	NA	NA	NA	NA
NC_045512.2	23403	A	G	0	0	0	5	2	38	1	5	0.00793651	TRUE	NA	NA	NA	NA	NA	NA
NC_045512.2	24699	G	T	12	12	38	1	1	39	0.0769231	13	0.52	FALSE	NA	NA	NA	NA	NA	NA
NC_045512.2	27889	C	T	1	1	38	19	15	39	0.95	20	2.90178e-10	TRUE	NA	NA	NA	NA	NA	NA
NC_045512.2	28141	G	-T	128	0	38	1	0	20	0.0078125	128	0.754871	FALSE	NA	NA	NA	NA	NA	NA
NC_045512.2	28270	T	-A	72	72	38	1	0	20	0.0138889	72	0.506944	FALSE	NA	NA	NA	NA	NA	NA
NC_045512.2	28271	A	T	0	0	0	70	70	38	1	70	1.06586e-41	TRUE	NA	NA	NA	NA	NA	NA
NC_045512.2	28330	A	G	3	0	38	1	0	30	0.25	4	0.571429	FALSE	NA	NA	NA	NA	NA	NA
NC_045512.2	28363	A	T	0	0	0	1	0	38	1	1	1	FALSE	NA	NA	NA	NA	NA	NA
NC_045512.2	28370	A	G	0	0	0	1	0	39	1	1	1	FALSE	NA	NA	NA	NA	NA	NA
NC_045512.2	28402	A	G	14	9	41	1	0	38	0.0666667	15	0.517241	FALSE	NA	NA	NA	NA	NA	NA
NC_045512.2	28681	G	T	46	12	43	2	0	37	0.0416667	48	0.252632	FALSE	NA	NA	NA	NA	NA	NA
NC_045512.2	29296	C	-A	22	4	41	1	0	20	0.0454545	22	0.522727	FALSE	NA	NA	NA	NA	NA	NA
