REGION	POS	REF	ALT	REF_DP	REF_RV	REF_QUAL	ALT_DP	ALT_RV	ALT_QUAL	ALT_FREQ	TOTAL_DP	PVAL	PASS	GFF_FEATURE	REF_CODON	REF_AA	ALT_CODON	ALT_AA	POS_AA
NC_045512.2	7011	C	T	8	8	38	1	1	39	0.111111	9	0.529412	FALSE	NA	NA	NA	NA	NA	NA
NC_045512.2	15714	C	T	0	0	0	26	17	41	1	26	4.03292e-15	TRUE	NA	NA	NA	NA	NA	NA
NC_045512.2	17172	C	T	15	14	38	1	1	33	0.0625	16	0.516129	FALSE	NA	NA	NA	NA	NA	NA
NC_045512.2	27880	A	G	26	15	37	1	1	38	0.037037	27	0.509434	FALSE	NA	NA	NA	NA	NA	NA
NC_045512.2	27889	C	T	1	1	38	38	31	41	0.974359	39	2.86585e-21	TRUE	NA	NA	NA	NA	NA	NA
NC_045512.2	29376	C	T	99	93	42	10	10	37	0.0917431	109	0.000824762	TRUE	NA	NA	NA	NA	NA	NA
