REGION	POS	REF	ALT	REF_DP	REF_RV	REF_QUAL	ALT_DP	ALT_RV	ALT_QUAL	ALT_FREQ	TOTAL_DP	PVAL	PASS	GFF_FEATURE	REF_CODON	REF_AA	ALT_CODON	ALT_AA	POS_AA
NC_045512.2	11537	A	G	2	2	39	1	1	39	0.333333	3	0.6	FALSE	NA	NA	NA	NA	NA	NA
NC_045512.2	12325	C	-A	2	1	37	1	0	20	0.5	2	0.75	FALSE	NA	NA	NA	NA	NA	NA
NC_045512.2	13887	C	T	0	0	0	1	0	39	1	1	1	FALSE	NA	NA	NA	NA	NA	NA
NC_045512.2	17174	C	T	24	17	37	1	1	39	0.04	25	0.510204	FALSE	NA	NA	NA	NA	NA	NA
NC_045512.2	22578	G	A	0	0	0	2	2	39	1	2	0.333333	FALSE	NA	NA	NA	NA	NA	NA
NC_045512.2	23202	C	A	3	2	52	1	1	39	0.25	4	0.571429	FALSE	NA	NA	NA	NA	NA	NA
NC_045512.2	23403	A	G	0	0	0	5	3	38	1	5	0.00793651	TRUE	NA	NA	NA	NA	NA	NA
NC_045512.2	25792	C	T	4	1	48	1	0	39	0.2	5	0.555556	FALSE	NA	NA	NA	NA	NA	NA
NC_045512.2	27382	G	C	53	43	42	1	1	39	0.0185185	54	0.504673	FALSE	NA	NA	NA	NA	NA	NA
NC_045512.2	27384	T	C	55	45	42	2	1	39	0.0350877	57	0.252212	FALSE	NA	NA	NA	NA	NA	NA
NC_045512.2	27874	C	T	78	40	41	2	0	39	0.025	80	0.251572	FALSE	NA	NA	NA	NA	NA	NA
NC_045512.2	28163	C	T	95	6	42	1	0	39	0.0104167	96	0.502618	FALSE	NA	NA	NA	NA	NA	NA
NC_045512.2	28271	A	T	0	0	0	36	36	38	1	36	4.51965e-21	TRUE	NA	NA	NA	NA	NA	NA
NC_045512.2	28363	A	T	0	0	0	6	0	38	1	6	0.0021645	TRUE	NA	NA	NA	NA	NA	NA
NC_045512.2	28656	A	-C	56	4	39	1	0	20	0.0178571	56	0.508929	FALSE	NA	NA	NA	NA	NA	NA
NC_045512.2	29614	C	T	29	5	47	4	0	38	0.121212	33	0.0604396	FALSE	NA	NA	NA	NA	NA	NA
