REGION	POS	REF	ALT	REF_DP	REF_RV	REF_QUAL	ALT_DP	ALT_RV	ALT_QUAL	ALT_FREQ	TOTAL_DP	PVAL	PASS	GFF_FEATURE	REF_CODON	REF_AA	ALT_CODON	ALT_AA	POS_AA
NC_045512.2	4827	C	T	60	45	41	1	1	37	0.0163934	61	0.504132	FALSE	NA	NA	NA	NA	NA	NA
NC_045512.2	11442	C	-TT	20	1	44	1	0	20	0.05	20	0.525	FALSE	NA	NA	NA	NA	NA	NA
NC_045512.2	15714	C	T	0	0	0	34	15	39	1	34	7.02913e-20	TRUE	NA	NA	NA	NA	NA	NA
NC_045512.2	15738	C	T	89	39	39	14	1	38	0.135922	103	4.08015e-05	TRUE	NA	NA	NA	NA	NA	NA
NC_045512.2	16342	T	C	8	7	38	3	3	37	0.272727	11	0.12406	FALSE	NA	NA	NA	NA	NA	NA
NC_045512.2	16935	G	A	29	21	46	1	0	39	0.0333333	30	0.508475	FALSE	NA	NA	NA	NA	NA	NA
NC_045512.2	17512	T	C	32	17	38	1	1	38	0.030303	33	0.507692	FALSE	NA	NA	NA	NA	NA	NA
NC_045512.2	17803	T	C	1	0	39	1	1	39	0.5	2	0.666667	FALSE	NA	NA	NA	NA	NA	NA
NC_045512.2	17859	T	C	0	0	0	1	1	38	1	1	1	FALSE	NA	NA	NA	NA	NA	NA
NC_045512.2	20853	G	T	0	0	0	1	0	39	1	1	1	FALSE	NA	NA	NA	NA	NA	NA
NC_045512.2	22942	T	G	0	0	0	2	2	39	1	2	0.333333	FALSE	NA	NA	NA	NA	NA	NA
NC_045512.2	23403	A	G	0	0	0	1	1	39	1	1	1	FALSE	NA	NA	NA	NA	NA	NA
NC_045512.2	25584	C	T	0	0	0	5	5	39	1	5	0.00793651	TRUE	NA	NA	NA	NA	NA	NA
NC_045512.2	26229	T	C	53	53	38	1	1	39	0.0185185	54	0.504673	FALSE	NA	NA	NA	NA	NA	NA
NC_045512.2	26709	G	A	0	0	0	1	0	37	1	1	1	FALSE	NA	NA	NA	NA	NA	NA
NC_045512.2	27889	C	T	140	115	40	18	15	40	0.113924	158	2.42215e-06	TRUE	NA	NA	NA	NA	NA	NA
NC_045512.2	27915	G	T	36	27	38	66	57	38	0.647059	102	1.99318e-27	TRUE	NA	NA	NA	NA	NA	NA
NC_045512.2	28154	A	G	343	17	40	1	0	38	0.00290698	344	0.500728	FALSE	NA	NA	NA	NA	NA	NA
NC_045512.2	28161	T	C	304	31	40	1	0	39	0.00327869	305	0.500821	FALSE	NA	NA	NA	NA	NA	NA
NC_045512.2	28222	A	G	272	152	43	1	0	39	0.003663	273	0.500917	FALSE	NA	NA	NA	NA	NA	NA
NC_045512.2	28271	A	T	0	0	0	121	121	38	1	121	5.52316e-72	TRUE	NA	NA	NA	NA	NA	NA
NC_045512.2	28327	T	A	10	0	38	1	0	33	0.0909091	11	0.52381	FALSE	NA	NA	NA	NA	NA	NA
NC_045512.2	28363	A	T	0	0	0	12	0	35	1	12	7.39602e-07	TRUE	NA	NA	NA	NA	NA	NA
NC_045512.2	28370	A	G	0	0	0	1	0	39	1	1	1	FALSE	NA	NA	NA	NA	NA	NA
NC_045512.2	28681	G	T	46	6	47	57	7	42	0.553398	103	1.69236e-22	TRUE	NA	NA	NA	NA	NA	NA
NC_045512.2	28705	T	C	40	26	44	12	6	38	0.230769	52	0.000134964	TRUE	NA	NA	NA	NA	NA	NA
