REGION	POS	REF	ALT	REF_DP	REF_RV	REF_QUAL	ALT_DP	ALT_RV	ALT_QUAL	ALT_FREQ	TOTAL_DP	PVAL	PASS	GFF_FEATURE	REF_CODON	REF_AA	ALT_CODON	ALT_AA	POS_AA
NC_045512.2	3640	T	C	39	36	42	1	1	39	0.025	40	0.506329	FALSE	NA	NA	NA	NA	NA	NA
NC_045512.2	5730	C	T	27	9	40	3	0	39	0.1	30	0.124888	FALSE	NA	NA	NA	NA	NA	NA
NC_045512.2	8004	T	G	0	0	0	1	0	39	1	1	1	FALSE	NA	NA	NA	NA	NA	NA
NC_045512.2	8471	A	T	91	8	38	1	0	39	0.0108696	92	0.502732	FALSE	NA	NA	NA	NA	NA	NA
NC_045512.2	9344	C	T	0	0	0	1	0	38	1	1	1	FALSE	NA	NA	NA	NA	NA	NA
NC_045512.2	10267	T	A	30	13	42	1	1	38	0.0322581	31	0.508197	FALSE	NA	NA	NA	NA	NA	NA
NC_045512.2	11571	T	A	24	23	38	1	1	31	0.04	25	0.510204	FALSE	NA	NA	NA	NA	NA	NA
NC_045512.2	12160	G	A	0	0	0	6	4	38	1	6	0.0021645	TRUE	NA	NA	NA	NA	NA	NA
NC_045512.2	15714	C	T	0	0	0	30	15	42	1	30	1.69112e-17	TRUE	NA	NA	NA	NA	NA	NA
NC_045512.2	16061	A	C	161	42	39	1	0	34	0.00617284	162	0.501548	FALSE	NA	NA	NA	NA	NA	NA
NC_045512.2	16616	C	A	0	0	0	4	3	39	1	4	0.0285714	FALSE	NA	NA	NA	NA	NA	NA
NC_045512.2	16637	C	T	22	19	45	1	1	39	0.0434783	23	0.511111	FALSE	NA	NA	NA	NA	NA	NA
NC_045512.2	17204	A	T	26	19	47	1	1	39	0.037037	27	0.509434	FALSE	NA	NA	NA	NA	NA	NA
NC_045512.2	17261	G	T	11	9	45	1	1	39	0.0833333	12	0.521739	FALSE	NA	NA	NA	NA	NA	NA
NC_045512.2	17802	C	T	52	27	39	1	1	39	0.0188679	53	0.504762	FALSE	NA	NA	NA	NA	NA	NA
NC_045512.2	21770	G	A	0	0	0	2	2	36	1	2	0.333333	FALSE	NA	NA	NA	NA	NA	NA
NC_045512.2	23162	G	T	26	17	38	4	4	38	0.133333	30	0.0602141	FALSE	NA	NA	NA	NA	NA	NA
NC_045512.2	23403	A	G	0	0	0	7	4	38	1	7	0.000582751	TRUE	NA	NA	NA	NA	NA	NA
NC_045512.2	25584	C	T	0	0	0	5	5	37	1	5	0.00793651	TRUE	NA	NA	NA	NA	NA	NA
NC_045512.2	26709	G	A	0	0	0	1	0	39	1	1	1	FALSE	NA	NA	NA	NA	NA	NA
NC_045512.2	27296	T	A	167	4	39	1	0	39	0.00595238	168	0.501493	FALSE	NA	NA	NA	NA	NA	NA
NC_045512.2	27307	A	G	242	11	41	1	0	37	0.00411523	243	0.501031	FALSE	NA	NA	NA	NA	NA	NA
NC_045512.2	27889	C	T	0	0	0	233	185	39	1	233	2.84144e-139	TRUE	NA	NA	NA	NA	NA	NA
NC_045512.2	28149	T	A	218	9	41	1	0	39	0.00456621	219	0.501144	FALSE	NA	NA	NA	NA	NA	NA
NC_045512.2	28188	G	A	121	89	38	1	1	35	0.00819672	122	0.502058	FALSE	NA	NA	NA	NA	NA	NA
NC_045512.2	28271	A	T	0	0	0	89	89	38	1	89	8.74119e-53	TRUE	NA	NA	NA	NA	NA	NA
NC_045512.2	28330	A	G	0	0	0	3	0	38	1	3	0.1	FALSE	NA	NA	NA	NA	NA	NA
NC_045512.2	28363	A	T	0	0	0	14	0	36	1	14	4.98547e-08	TRUE	NA	NA	NA	NA	NA	NA
NC_045512.2	28698	C	-A	68	38	39	1	0	20	0.0147059	68	0.507353	FALSE	NA	NA	NA	NA	NA	NA
NC_045512.2	29510	A	C	0	0	0	1	0	39	1	1	1	FALSE	NA	NA	NA	NA	NA	NA
