REGION	POS	REF	ALT	REF_DP	REF_RV	REF_QUAL	ALT_DP	ALT_RV	ALT_QUAL	ALT_FREQ	TOTAL_DP	PVAL	PASS	GFF_FEATURE	REF_CODON	REF_AA	ALT_CODON	ALT_AA	POS_AA
NC_045512.2	4184	G	A	0	0	0	1	0	37	1	1	1	FALSE	NA	NA	NA	NA	NA	NA
NC_045512.2	5440	A	G	29	20	42	1	0	36	0.0333333	30	0.508475	FALSE	NA	NA	NA	NA	NA	NA
NC_045512.2	10279	C	T	0	0	0	4	1	39	1	4	0.0285714	FALSE	NA	NA	NA	NA	NA	NA
NC_045512.2	10286	A	G	0	0	0	4	2	36	1	4	0.0285714	FALSE	NA	NA	NA	NA	NA	NA
NC_045512.2	12160	G	A	0	0	0	7	4	38	1	7	0.000582751	TRUE	NA	NA	NA	NA	NA	NA
NC_045512.2	13087	A	G	17	16	51	1	1	39	0.0555556	18	0.514286	FALSE	NA	NA	NA	NA	NA	NA
NC_045512.2	14499	T	C	15	1	42	1	0	38	0.0625	16	0.516129	FALSE	NA	NA	NA	NA	NA	NA
NC_045512.2	15714	C	T	0	0	0	7	5	37	1	7	0.000582751	TRUE	NA	NA	NA	NA	NA	NA
NC_045512.2	16092	C	T	0	0	0	23	22	38	1	23	2.42912e-13	TRUE	NA	NA	NA	NA	NA	NA
NC_045512.2	17410	C	T	0	0	0	1	1	39	1	1	1	FALSE	NA	NA	NA	NA	NA	NA
NC_045512.2	21770	G	A	0	0	0	1	1	39	1	1	1	FALSE	NA	NA	NA	NA	NA	NA
NC_045512.2	23163	T	C	1	1	38	1	1	39	0.5	2	0.666667	FALSE	NA	NA	NA	NA	NA	NA
NC_045512.2	23403	A	G	0	0	0	6	0	37	1	6	0.0021645	TRUE	NA	NA	NA	NA	NA	NA
NC_045512.2	27889	C	T	1	1	38	65	55	38	0.984848	66	3.49771e-37	TRUE	NA	NA	NA	NA	NA	NA
NC_045512.2	28271	A	T	0	0	0	61	61	38	1	61	5.21795e-36	TRUE	NA	NA	NA	NA	NA	NA
NC_045512.2	28330	A	G	13	1	38	1	0	38	0.0714286	14	0.518519	FALSE	NA	NA	NA	NA	NA	NA
NC_045512.2	28363	A	T	0	0	0	5	0	37	1	5	0.00793651	TRUE	NA	NA	NA	NA	NA	NA
NC_045512.2	28402	A	G	25	16	38	1	0	38	0.0384615	26	0.509804	FALSE	NA	NA	NA	NA	NA	NA
NC_045512.2	28724	C	A	91	50	42	1	0	30	0.0108696	92	0.502732	FALSE	NA	NA	NA	NA	NA	NA
NC_045512.2	28775	C	T	41	41	37	7	7	38	0.145833	48	0.00666321	TRUE	NA	NA	NA	NA	NA	NA
NC_045512.2	28881	G	A	0	0	0	1	1	39	1	1	1	FALSE	NA	NA	NA	NA	NA	NA
NC_045512.2	29322	T	C	53	33	39	2	2	39	0.0363636	55	0.252294	FALSE	NA	NA	NA	NA	NA	NA
NC_045512.2	29589	T	C	27	1	38	1	0	29	0.0357143	28	0.509091	FALSE	NA	NA	NA	NA	NA	NA
NC_045512.2	29656	T	C	64	29	41	1	1	39	0.0153846	65	0.503876	FALSE	NA	NA	NA	NA	NA	NA
