REGION	POS	REF	ALT	REF_DP	REF_RV	REF_QUAL	ALT_DP	ALT_RV	ALT_QUAL	ALT_FREQ	TOTAL_DP	PVAL	PASS	GFF_FEATURE	REF_CODON	REF_AA	ALT_CODON	ALT_AA	POS_AA
NC_045512.2	2080	T	C	45	34	43	1	1	39	0.0217391	46	0.505495	FALSE	NA	NA	NA	NA	NA	NA
NC_045512.2	7617	A	G	29	26	43	1	1	38	0.0333333	30	0.508475	FALSE	NA	NA	NA	NA	NA	NA
NC_045512.2	9424	A	G	0	0	0	2	2	39	1	2	0.333333	FALSE	NA	NA	NA	NA	NA	NA
NC_045512.2	11527	G	A	64	20	41	1	0	39	0.0153846	65	0.503876	FALSE	NA	NA	NA	NA	NA	NA
NC_045512.2	12160	G	A	0	0	0	6	5	38	1	6	0.0021645	TRUE	NA	NA	NA	NA	NA	NA
NC_045512.2	13297	C	T	130	14	41	1	0	39	0.00763359	131	0.501916	FALSE	NA	NA	NA	NA	NA	NA
NC_045512.2	13342	C	T	20	16	41	9	9	36	0.310345	29	0.00111322	TRUE	NA	NA	NA	NA	NA	NA
NC_045512.2	15714	C	T	0	0	0	21	11	40	1	21	3.71569e-12	TRUE	NA	NA	NA	NA	NA	NA
NC_045512.2	20320	C	T	40	25	40	1	1	39	0.0243902	41	0.506173	FALSE	NA	NA	NA	NA	NA	NA
NC_045512.2	21770	G	A	0	0	0	1	1	37	1	1	1	FALSE	NA	NA	NA	NA	NA	NA
NC_045512.2	22578	G	A	0	0	0	2	1	38	1	2	0.333333	FALSE	NA	NA	NA	NA	NA	NA
NC_045512.2	23403	A	G	0	0	0	5	3	38	1	5	0.00793651	TRUE	NA	NA	NA	NA	NA	NA
NC_045512.2	25262	C	-T	25	11	49	7	0	20	0.28	25	0.0145132	FALSE	NA	NA	NA	NA	NA	NA
NC_045512.2	25584	C	T	0	0	0	2	2	38	1	2	0.333333	FALSE	NA	NA	NA	NA	NA	NA
NC_045512.2	27330	A	T	56	32	43	1	0	36	0.0175439	57	0.504425	FALSE	NA	NA	NA	NA	NA	NA
NC_045512.2	27385	T	A	57	51	39	3	3	38	0.05	60	0.124973	FALSE	NA	NA	NA	NA	NA	NA
NC_045512.2	27620	A	T	5	0	39	1	0	39	0.166667	6	0.545455	FALSE	NA	NA	NA	NA	NA	NA
NC_045512.2	27889	C	T	0	0	0	54	45	39	1	54	8.04577e-32	TRUE	NA	NA	NA	NA	NA	NA
NC_045512.2	28244	T	C	236	217	39	1	1	30	0.00421941	237	0.501057	FALSE	NA	NA	NA	NA	NA	NA
NC_045512.2	28271	A	T	0	0	0	55	55	38	1	55	2.0299e-32	TRUE	NA	NA	NA	NA	NA	NA
NC_045512.2	28330	A	G	5	0	46	1	0	38	0.166667	6	0.545455	FALSE	NA	NA	NA	NA	NA	NA
NC_045512.2	28363	A	T	0	0	0	1	0	31	1	1	1	FALSE	NA	NA	NA	NA	NA	NA
NC_045512.2	28370	A	G	0	0	0	8	0	39	1	8	0.0001554	TRUE	NA	NA	NA	NA	NA	NA
NC_045512.2	28681	G	T	39	11	44	35	6	40	0.472973	74	1.85383e-13	TRUE	NA	NA	NA	NA	NA	NA
