REGION	POS	REF	ALT	REF_DP	REF_RV	REF_QUAL	ALT_DP	ALT_RV	ALT_QUAL	ALT_FREQ	TOTAL_DP	PVAL	PASS	GFF_FEATURE	REF_CODON	REF_AA	ALT_CODON	ALT_AA	POS_AA
NC_045512.2	2974	T	C	3	1	52	1	0	39	0.25	4	0.571429	FALSE	NA	NA	NA	NA	NA	NA
NC_045512.2	12160	G	A	0	0	0	2	1	36	1	2	0.333333	FALSE	NA	NA	NA	NA	NA	NA
NC_045512.2	13953	A	T	28	16	40	1	1	73	0.0344828	29	0.508772	FALSE	NA	NA	NA	NA	NA	NA
NC_045512.2	15714	C	T	0	0	0	27	16	38	1	27	1.02725e-15	TRUE	NA	NA	NA	NA	NA	NA
NC_045512.2	16935	G	A	47	39	41	2	2	39	0.0408163	49	0.252577	FALSE	NA	NA	NA	NA	NA	NA
NC_045512.2	16957	G	T	68	65	41	1	1	33	0.0144928	69	0.50365	FALSE	NA	NA	NA	NA	NA	NA
NC_045512.2	20235	C	T	10	0	36	1	0	38	0.0909091	11	0.52381	FALSE	NA	NA	NA	NA	NA	NA
NC_045512.2	21770	G	A	0	0	0	2	2	35	1	2	0.333333	FALSE	NA	NA	NA	NA	NA	NA
NC_045512.2	23403	A	G	0	0	0	18	7	38	1	18	2.20382e-10	TRUE	NA	NA	NA	NA	NA	NA
NC_045512.2	27038	A	G	1	0	39	1	0	38	0.5	2	0.666667	FALSE	NA	NA	NA	NA	NA	NA
NC_045512.2	27370	C	A	53	37	45	1	1	33	0.0185185	54	0.504673	FALSE	NA	NA	NA	NA	NA	NA
NC_045512.2	27384	T	C	52	47	39	1	0	38	0.0188679	53	0.504762	FALSE	NA	NA	NA	NA	NA	NA
NC_045512.2	27807	C	T	0	0	0	2	1	39	1	2	0.333333	FALSE	NA	NA	NA	NA	NA	NA
NC_045512.2	27840	T	C	87	5	40	22	0	38	0.201835	109	8.16538e-08	TRUE	NA	NA	NA	NA	NA	NA
NC_045512.2	27889	C	T	0	0	0	57	41	41	1	57	1.29144e-33	TRUE	NA	NA	NA	NA	NA	NA
NC_045512.2	28143	T	C	122	0	38	1	0	34	0.00813008	123	0.502041	FALSE	NA	NA	NA	NA	NA	NA
NC_045512.2	28195	G	A	99	55	37	1	1	37	0.01	100	0.502513	FALSE	NA	NA	NA	NA	NA	NA
NC_045512.2	28215	T	C	206	167	45	1	1	37	0.00483092	207	0.501211	FALSE	NA	NA	NA	NA	NA	NA
NC_045512.2	28271	A	T	0	0	0	50	50	37	1	50	1.98233e-29	TRUE	NA	NA	NA	NA	NA	NA
NC_045512.2	28311	C	T	0	0	0	2	0	38	1	2	0.333333	FALSE	NA	NA	NA	NA	NA	NA
NC_045512.2	28312	C	T	0	0	0	2	0	38	1	2	0.333333	FALSE	NA	NA	NA	NA	NA	NA
NC_045512.2	28330	A	G	12	1	44	1	0	38	0.0769231	13	0.52	FALSE	NA	NA	NA	NA	NA	NA
NC_045512.2	28363	A	T	0	0	0	2	0	37	1	2	0.333333	FALSE	NA	NA	NA	NA	NA	NA
NC_045512.2	28370	A	G	0	0	0	3	0	38	1	3	0.1	FALSE	NA	NA	NA	NA	NA	NA
NC_045512.2	28681	G	T	37	9	41	36	9	41	0.493151	73	5.8267e-14	TRUE	NA	NA	NA	NA	NA	NA
NC_045512.2	28748	C	T	75	60	42	3	1	38	0.0384615	78	0.124984	FALSE	NA	NA	NA	NA	NA	NA
NC_045512.2	28759	T	A	79	72	40	1	1	27	0.0125	80	0.503145	FALSE	NA	NA	NA	NA	NA	NA
NC_045512.2	29284	C	T	84	3	41	2	0	39	0.0232558	86	0.251462	FALSE	NA	NA	NA	NA	NA	NA
