REGION	POS	REF	ALT	REF_DP	REF_RV	REF_QUAL	ALT_DP	ALT_RV	ALT_QUAL	ALT_FREQ	TOTAL_DP	PVAL	PASS	GFF_FEATURE	REF_CODON	REF_AA	ALT_CODON	ALT_AA	POS_AA
NC_045512.2	3340	G	T	4	4	34	2	2	34	0.333333	6	0.272727	FALSE	NA	NA	NA	NA	NA	NA
NC_045512.2	3343	T	A	28	28	33	1	1	34	0.0344828	29	0.508772	FALSE	NA	NA	NA	NA	NA	NA
NC_045512.2	3621	G	-C	10	4	33	1	0	20	0.1	10	0.55	FALSE	NA	NA	NA	NA	NA	NA
NC_045512.2	7320	G	A	4	4	42	1	1	34	0.2	5	0.555556	FALSE	NA	NA	NA	NA	NA	NA
NC_045512.2	16935	G	A	0	0	0	2	0	34	1	2	0.333333	FALSE	NA	NA	NA	NA	NA	NA
NC_045512.2	21987	G	A	0	0	0	7	0	34	1	7	0.000582751	TRUE	NA	NA	NA	NA	NA	NA
NC_045512.2	23403	A	G	0	0	0	4	4	32	1	4	0.0285714	FALSE	NA	NA	NA	NA	NA	NA
NC_045512.2	23487	T	G	98	94	35	1	1	26	0.010101	99	0.502538	FALSE	NA	NA	NA	NA	NA	NA
NC_045512.2	23509	T	G	79	79	31	1	1	26	0.0125	80	0.503145	FALSE	NA	NA	NA	NA	NA	NA
NC_045512.2	24130	C	T	3	3	34	1	1	34	0.25	4	0.571429	FALSE	NA	NA	NA	NA	NA	NA
NC_045512.2	28312	C	T	0	0	0	44	0	33	1	44	7.61948e-26	TRUE	NA	NA	NA	NA	NA	NA
NC_045512.2	28681	G	T	4	0	34	18	11	33	0.818182	22	1.20241e-08	TRUE	NA	NA	NA	NA	NA	NA
