REGION	POS	REF	ALT	REF_DP	REF_RV	REF_QUAL	ALT_DP	ALT_RV	ALT_QUAL	ALT_FREQ	TOTAL_DP	PVAL	PASS	GFF_FEATURE	REF_CODON	REF_AA	ALT_CODON	ALT_AA	POS_AA
NC_045512.2	15714	C	T	0	0	0	28	18	41	1	28	2.61483e-16	TRUE	NA	NA	NA	NA	NA	NA
NC_045512.2	19033	A	T	13	3	43	1	0	34	0.0714286	14	0.518519	FALSE	NA	NA	NA	NA	NA	NA
NC_045512.2	20269	G	A	44	14	40	1	0	38	0.0222222	45	0.505618	FALSE	NA	NA	NA	NA	NA	NA
NC_045512.2	23403	A	G	0	0	0	3	2	39	1	3	0.1	FALSE	NA	NA	NA	NA	NA	NA
NC_045512.2	25584	C	T	0	0	0	2	2	38	1	2	0.333333	FALSE	NA	NA	NA	NA	NA	NA
NC_045512.2	27889	C	T	86	68	41	45	41	40	0.343511	131	3.505e-16	TRUE	NA	NA	NA	NA	NA	NA
NC_045512.2	28136	T	C	65	2	39	1	0	39	0.0151515	66	0.503817	FALSE	NA	NA	NA	NA	NA	NA
NC_045512.2	28271	A	T	0	0	0	51	51	38	1	51	5.00489e-30	TRUE	NA	NA	NA	NA	NA	NA
NC_045512.2	28363	A	T	0	0	0	7	0	37	1	7	0.000582751	TRUE	NA	NA	NA	NA	NA	NA
NC_045512.2	28681	G	T	18	4	40	18	4	43	0.5	36	2.92049e-07	TRUE	NA	NA	NA	NA	NA	NA
NC_045512.2	29589	T	C	19	1	39	4	0	38	0.173913	23	0.0594315	FALSE	NA	NA	NA	NA	NA	NA
