REGION	POS	REF	ALT	REF_DP	REF_RV	REF_QUAL	ALT_DP	ALT_RV	ALT_QUAL	ALT_FREQ	TOTAL_DP	PVAL	PASS	GFF_FEATURE	REF_CODON	REF_AA	ALT_CODON	ALT_AA	POS_AA
NC_045512.2	10526	T	C	7	0	38	1	0	39	0.125	8	0.533333	FALSE	NA	NA	NA	NA	NA	NA
NC_045512.2	13666	A	G	138	69	41	1	1	39	0.00719424	139	0.501805	FALSE	NA	NA	NA	NA	NA	NA
NC_045512.2	13673	C	T	143	90	42	1	0	37	0.00694444	144	0.501742	FALSE	NA	NA	NA	NA	NA	NA
NC_045512.2	13678	T	C	152	99	43	1	0	39	0.00653595	153	0.501639	FALSE	NA	NA	NA	NA	NA	NA
NC_045512.2	15706	A	T	203	7	38	1	0	33	0.00490196	204	0.501229	FALSE	NA	NA	NA	NA	NA	NA
NC_045512.2	15714	C	T	0	0	0	98	53	39	1	98	3.49859e-58	TRUE	NA	NA	NA	NA	NA	NA
NC_045512.2	15760	G	A	423	182	43	1	1	37	0.00235849	424	0.50059	FALSE	NA	NA	NA	NA	NA	NA
NC_045512.2	15789	G	A	509	474	43	2	2	35	0.00391389	511	0.250245	FALSE	NA	NA	NA	NA	NA	NA
NC_045512.2	15790	T	A	500	468	43	1	1	33	0.00199601	501	0.5005	FALSE	NA	NA	NA	NA	NA	NA
NC_045512.2	16323	C	T	19	15	42	3	0	38	0.136364	22	0.124787	FALSE	NA	NA	NA	NA	NA	NA
NC_045512.2	16573	G	T	9	3	38	1	1	39	0.1	10	0.526316	FALSE	NA	NA	NA	NA	NA	NA
NC_045512.2	16583	A	G	3	0	39	2	2	38	0.4	5	0.277778	FALSE	NA	NA	NA	NA	NA	NA
NC_045512.2	16887	C	T	123	33	40	2	2	39	0.016	125	0.251004	FALSE	NA	NA	NA	NA	NA	NA
NC_045512.2	16937	C	T	216	172	42	1	1	36	0.00460829	217	0.501155	FALSE	NA	NA	NA	NA	NA	NA
NC_045512.2	17149	G	A	0	0	0	1	1	37	1	1	1	FALSE	NA	NA	NA	NA	NA	NA
NC_045512.2	21770	G	A	0	0	0	1	1	37	1	1	1	FALSE	NA	NA	NA	NA	NA	NA
NC_045512.2	28271	A	T	0	0	0	1	1	37	1	1	1	FALSE	NA	NA	NA	NA	NA	NA
NC_045512.2	29057	C	A	14	5	40	1	1	30	0.0666667	15	0.517241	FALSE	NA	NA	NA	NA	NA	NA
NC_045512.2	29366	C	T	13	9	44	3	3	39	0.1875	16	0.124583	FALSE	NA	NA	NA	NA	NA	NA
NC_045512.2	29635	C	T	23	11	45	1	0	33	0.0416667	24	0.510638	FALSE	NA	NA	NA	NA	NA	NA
NC_045512.2	29671	A	G	27	22	51	1	1	35	0.0357143	28	0.509091	FALSE	NA	NA	NA	NA	NA	NA
NC_045512.2	29868	G	A	0	0	0	2	0	34	1	2	0.333333	FALSE	NA	NA	NA	NA	NA	NA
NC_045512.2	29895	A	T	18095	1964	34	43	0	24	0.00237071	18138	1	FALSE	NA	NA	NA	NA	NA	NA
NC_045512.2	29899	A	T	18956	1978	34	1	0	24	5.2751e-05	18957	1	FALSE	NA	NA	NA	NA	NA	NA
