REGION	POS	REF	ALT	REF_DP	REF_RV	REF_QUAL	ALT_DP	ALT_RV	ALT_QUAL	ALT_FREQ	TOTAL_DP	PVAL	PASS	GFF_FEATURE	REF_CODON	REF_AA	ALT_CODON	ALT_AA	POS_AA
NC_045512.2	2027	T	A	96	45	43	1	0	39	0.0103093	97	0.502591	FALSE	NA	NA	NA	NA	NA	NA
NC_045512.2	3312	T	C	57	46	40	1	1	35	0.0172414	58	0.504348	FALSE	NA	NA	NA	NA	NA	NA
NC_045512.2	4184	G	A	0	0	0	1	0	38	1	1	1	FALSE	NA	NA	NA	NA	NA	NA
NC_045512.2	6947	A	G	61	28	39	1	0	78	0.016129	62	0.504065	FALSE	NA	NA	NA	NA	NA	NA
NC_045512.2	7553	G	A	79	22	44	1	0	39	0.0125	80	0.503145	FALSE	NA	NA	NA	NA	NA	NA
NC_045512.2	7628	T	C	63	61	43	23	23	37	0.267442	86	2.51711e-08	TRUE	NA	NA	NA	NA	NA	NA
NC_045512.2	9344	C	T	0	0	0	1	1	39	1	1	1	FALSE	NA	NA	NA	NA	NA	NA
NC_045512.2	15118	G	T	13	3	37	1	0	37	0.0714286	14	0.518519	FALSE	NA	NA	NA	NA	NA	NA
NC_045512.2	15714	C	T	0	0	0	54	26	40	0.981818	55	4.02288e-32	TRUE	NA	NA	NA	NA	NA	NA
NC_045512.2	15714	C	A	0	0	0	1	1	39	0.0181818	55	0.0181818	FALSE	NA	NA	NA	NA	NA	NA
NC_045512.2	15811	A	G	71	71	38	1	1	39	0.0138889	72	0.503497	FALSE	NA	NA	NA	NA	NA	NA
NC_045512.2	16887	C	T	76	18	40	1	0	39	0.012987	77	0.503268	FALSE	NA	NA	NA	NA	NA	NA
NC_045512.2	17410	C	T	0	0	0	3	3	38	1	3	0.1	FALSE	NA	NA	NA	NA	NA	NA
NC_045512.2	17774	C	T	86	7	45	1	0	39	0.0114943	87	0.50289	FALSE	NA	NA	NA	NA	NA	NA
NC_045512.2	20932	G	A	116	116	38	1	1	39	0.00854701	117	0.502146	FALSE	NA	NA	NA	NA	NA	NA
NC_045512.2	21721	C	T	0	0	0	8	3	38	1	8	0.0001554	TRUE	NA	NA	NA	NA	NA	NA
NC_045512.2	22075	C	A	73	37	41	1	1	39	0.0135135	74	0.503401	FALSE	NA	NA	NA	NA	NA	NA
NC_045512.2	23187	A	C	23	22	42	1	1	33	0.0416667	24	0.510638	FALSE	NA	NA	NA	NA	NA	NA
NC_045512.2	23403	A	G	0	0	0	11	1	41	1	11	2.83514e-06	TRUE	NA	NA	NA	NA	NA	NA
NC_045512.2	25584	C	T	0	0	0	5	5	38	1	5	0.00793651	TRUE	NA	NA	NA	NA	NA	NA
NC_045512.2	27382	G	C	0	0	0	7	5	38	1	7	0.000582751	TRUE	NA	NA	NA	NA	NA	NA
NC_045512.2	27384	T	C	0	0	0	9	5	38	1	9	4.11353e-05	TRUE	NA	NA	NA	NA	NA	NA
NC_045512.2	28271	A	T	0	0	0	66	66	38	1	66	5.29956e-39	TRUE	NA	NA	NA	NA	NA	NA
NC_045512.2	28363	A	T	0	0	0	6	0	38	1	6	0.0021645	TRUE	NA	NA	NA	NA	NA	NA
NC_045512.2	28370	A	G	0	0	0	1	0	39	1	1	1	FALSE	NA	NA	NA	NA	NA	NA
NC_045512.2	29660	T	C	82	49	47	1	1	39	0.0120482	83	0.50303	FALSE	NA	NA	NA	NA	NA	NA
