REGION	POS	REF	ALT	REF_DP	REF_RV	REF_QUAL	ALT_DP	ALT_RV	ALT_QUAL	ALT_FREQ	TOTAL_DP	PVAL	PASS	GFF_FEATURE	REF_CODON	REF_AA	ALT_CODON	ALT_AA	POS_AA
NC_045512.2	8475	A	T	140	17	40	1	1	39	0.0070922	141	0.501779	FALSE	NA	NA	NA	NA	NA	NA
NC_045512.2	8501	A	G	100	61	41	1	1	33	0.00990099	101	0.502488	FALSE	NA	NA	NA	NA	NA	NA
NC_045512.2	12160	G	A	0	0	0	6	4	38	1	6	0.0021645	TRUE	NA	NA	NA	NA	NA	NA
NC_045512.2	15714	C	T	0	0	0	9	5	41	1	9	4.11353e-05	TRUE	NA	NA	NA	NA	NA	NA
NC_045512.2	16306	T	C	4	1	38	1	1	39	0.2	5	0.555556	FALSE	NA	NA	NA	NA	NA	NA
NC_045512.2	16616	C	A	13	9	44	1	1	39	0.0714286	14	0.518519	FALSE	NA	NA	NA	NA	NA	NA
NC_045512.2	16935	G	A	8	6	42	2	2	38	0.2	10	0.263158	FALSE	NA	NA	NA	NA	NA	NA
NC_045512.2	17746	C	A	2	0	39	1	0	39	0.333333	3	0.6	FALSE	NA	NA	NA	NA	NA	NA
NC_045512.2	23210	G	A	5	3	52	1	1	35	0.166667	6	0.545455	FALSE	NA	NA	NA	NA	NA	NA
NC_045512.2	23213	G	A	5	3	52	1	1	35	0.166667	6	0.545455	FALSE	NA	NA	NA	NA	NA	NA
NC_045512.2	23403	A	G	0	0	0	9	2	36	1	9	4.11353e-05	TRUE	NA	NA	NA	NA	NA	NA
NC_045512.2	27889	C	T	0	0	0	44	35	41	1	44	7.61948e-26	TRUE	NA	NA	NA	NA	NA	NA
NC_045512.2	28271	A	T	0	0	0	76	76	38	1	76	5.42209e-45	TRUE	NA	NA	NA	NA	NA	NA
NC_045512.2	28330	A	G	9	1	41	1	0	38	0.1	10	0.526316	FALSE	NA	NA	NA	NA	NA	NA
NC_045512.2	28363	A	T	0	0	0	12	0	35	1	12	7.39602e-07	TRUE	NA	NA	NA	NA	NA	NA
NC_045512.2	28681	G	T	48	7	43	61	11	43	0.559633	109	3.99625e-24	TRUE	NA	NA	NA	NA	NA	NA
NC_045512.2	28993	A	G	28	11	39	1	0	30	0.0344828	29	0.508772	FALSE	NA	NA	NA	NA	NA	NA
NC_045512.2	29051	C	+A	33	20	37	1	0	20	0.030303	33	0.515152	FALSE	NA	NA	NA	NA	NA	NA
NC_045512.2	29363	C	T	149	90	41	1	0	38	0.00666667	150	0.501672	FALSE	NA	NA	NA	NA	NA	NA
NC_045512.2	29510	A	C	0	0	0	1	0	37	1	1	1	FALSE	NA	NA	NA	NA	NA	NA
NC_045512.2	29621	A	G	40	18	39	1	0	39	0.0243902	41	0.506173	FALSE	NA	NA	NA	NA	NA	NA
