REGION	POS	REF	ALT	REF_DP	REF_RV	REF_QUAL	ALT_DP	ALT_RV	ALT_QUAL	ALT_FREQ	TOTAL_DP	PVAL	PASS	GFF_FEATURE	REF_CODON	REF_AA	ALT_CODON	ALT_AA	POS_AA
NC_045512.2	11397	T	G	11	2	42	1	1	29	0.0833333	12	0.521739	FALSE	NA	NA	NA	NA	NA	NA
NC_045512.2	11402	A	C	10	4	56	1	1	25	0.0909091	11	0.52381	FALSE	NA	NA	NA	NA	NA	NA
NC_045512.2	11503	T	C	59	24	39	1	1	37	0.0166667	60	0.504202	FALSE	NA	NA	NA	NA	NA	NA
NC_045512.2	11515	T	G	76	32	40	1	1	25	0.012987	77	0.503268	FALSE	NA	NA	NA	NA	NA	NA
NC_045512.2	11551	T	G	95	83	42	1	1	37	0.0104167	96	0.502618	FALSE	NA	NA	NA	NA	NA	NA
NC_045512.2	11629	T	C	4	3	52	1	1	37	0.2	5	0.555556	FALSE	NA	NA	NA	NA	NA	NA
