REGION	POS	REF	ALT	REF_DP	REF_RV	REF_QUAL	ALT_DP	ALT_RV	ALT_QUAL	ALT_FREQ	TOTAL_DP	PVAL	PASS	GFF_FEATURE	REF_CODON	REF_AA	ALT_CODON	ALT_AA	POS_AA
NC_045512.2	10610	G	A	4	1	48	1	0	38	0.2	5	0.555556	FALSE	NA	NA	NA	NA	NA	NA
NC_045512.2	12160	G	A	0	0	0	1	1	39	1	1	1	FALSE	NA	NA	NA	NA	NA	NA
NC_045512.2	15714	C	T	0	0	0	7	2	44	1	7	0.000582751	TRUE	NA	NA	NA	NA	NA	NA
NC_045512.2	15729	T	C	6	3	38	3	0	39	0.333333	9	0.123529	FALSE	NA	NA	NA	NA	NA	NA
NC_045512.2	27312	T	C	6	1	51	1	0	33	0.142857	7	0.538462	FALSE	NA	NA	NA	NA	NA	NA
NC_045512.2	28271	A	T	0	0	0	7	7	38	1	7	0.000582751	TRUE	NA	NA	NA	NA	NA	NA
NC_045512.2	28311	C	T	0	0	0	1	0	39	1	1	1	FALSE	NA	NA	NA	NA	NA	NA
NC_045512.2	28668	G	A	45	2	39	1	0	36	0.0217391	46	0.505495	FALSE	NA	NA	NA	NA	NA	NA
NC_045512.2	28752	A	G	49	43	44	1	1	35	0.02	50	0.505051	FALSE	NA	NA	NA	NA	NA	NA
