REGION	POS	REF	ALT	REF_DP	REF_RV	REF_QUAL	ALT_DP	ALT_RV	ALT_QUAL	ALT_FREQ	TOTAL_DP	PVAL	PASS	GFF_FEATURE	REF_CODON	REF_AA	ALT_CODON	ALT_AA	POS_AA
NC_045512.2	464	C	T	23	0	38	1	0	39	0.0416667	24	0.510638	FALSE	NA	NA	NA	NA	NA	NA
NC_045512.2	4184	G	A	0	0	0	5	4	38	1	5	0.00793651	TRUE	NA	NA	NA	NA	NA	NA
NC_045512.2	4850	A	G	62	56	43	1	1	33	0.015873	63	0.504	FALSE	NA	NA	NA	NA	NA	NA
NC_045512.2	12160	G	A	0	0	0	34	21	38	1	34	7.02913e-20	TRUE	NA	NA	NA	NA	NA	NA
NC_045512.2	16935	G	A	1	1	39	10	6	37	0.909091	11	3.11866e-05	TRUE	NA	NA	NA	NA	NA	NA
NC_045512.2	17526	A	C	138	84	40	1	0	33	0.00719424	139	0.501805	FALSE	NA	NA	NA	NA	NA	NA
NC_045512.2	20534	T	-A	35	3	40	1	0	20	0.0285714	35	0.514286	FALSE	NA	NA	NA	NA	NA	NA
NC_045512.2	23403	A	G	0	0	0	11	3	41	1	11	2.83514e-06	TRUE	NA	NA	NA	NA	NA	NA
NC_045512.2	25111	T	C	0	0	0	1	0	33	1	1	1	FALSE	NA	NA	NA	NA	NA	NA
NC_045512.2	27889	C	T	0	0	0	20	15	42	1	20	1.45089e-11	TRUE	NA	NA	NA	NA	NA	NA
NC_045512.2	28137	T	C	57	0	38	1	0	31	0.0172414	58	0.504348	FALSE	NA	NA	NA	NA	NA	NA
NC_045512.2	28141	G	-T	82	2	39	1	0	20	0.0121951	82	0.506098	FALSE	NA	NA	NA	NA	NA	NA
NC_045512.2	28271	A	T	0	0	0	37	37	38	1	37	1.14539e-21	TRUE	NA	NA	NA	NA	NA	NA
NC_045512.2	28330	A	G	0	0	0	2	0	33	1	2	0.333333	FALSE	NA	NA	NA	NA	NA	NA
NC_045512.2	28659	G	A	76	1	36	1	0	38	0.012987	77	0.503268	FALSE	NA	NA	NA	NA	NA	NA
NC_045512.2	28724	C	T	23	15	38	11	5	41	0.323529	34	0.000222633	TRUE	NA	NA	NA	NA	NA	NA
NC_045512.2	29081	G	C	12	12	37	1	1	39	0.0769231	13	0.52	FALSE	NA	NA	NA	NA	NA	NA
NC_045512.2	29395	G	T	20	20	38	21	21	37	0.512195	41	1.97363e-08	TRUE	NA	NA	NA	NA	NA	NA
