REGION	POS	REF	ALT	REF_DP	REF_RV	REF_QUAL	ALT_DP	ALT_RV	ALT_QUAL	ALT_FREQ	TOTAL_DP	PVAL	PASS	GFF_FEATURE	REF_CODON	REF_AA	ALT_CODON	ALT_AA	POS_AA
NC_045512.2	2097	A	G	35	33	41	1	1	39	0.0277778	36	0.507042	FALSE	NA	NA	NA	NA	NA	NA
NC_045512.2	4785	T	C	33	2	39	1	0	39	0.0294118	34	0.507463	FALSE	NA	NA	NA	NA	NA	NA
NC_045512.2	8468	A	T	24	1	45	1	0	39	0.04	25	0.510204	FALSE	NA	NA	NA	NA	NA	NA
NC_045512.2	13343	C	T	61	34	42	1	1	38	0.016129	62	0.504065	FALSE	NA	NA	NA	NA	NA	NA
NC_045512.2	14190	T	C	5	0	39	1	0	36	0.166667	6	0.545455	FALSE	NA	NA	NA	NA	NA	NA
NC_045512.2	15714	C	T	0	0	0	20	10	42	1	20	1.45089e-11	TRUE	NA	NA	NA	NA	NA	NA
NC_045512.2	15774	C	T	91	66	40	1	1	37	0.0108696	92	0.502732	FALSE	NA	NA	NA	NA	NA	NA
NC_045512.2	16037	C	A	55	13	42	1	0	39	0.0178571	56	0.504505	FALSE	NA	NA	NA	NA	NA	NA
NC_045512.2	16080	C	T	98	74	45	1	1	39	0.010101	99	0.502538	FALSE	NA	NA	NA	NA	NA	NA
NC_045512.2	16887	C	T	23	4	38	2	1	39	0.08	25	0.255102	FALSE	NA	NA	NA	NA	NA	NA
NC_045512.2	17410	C	T	0	0	0	1	1	39	1	1	1	FALSE	NA	NA	NA	NA	NA	NA
NC_045512.2	20225	A	G	96	0	38	1	0	39	0.0103093	97	0.502591	FALSE	NA	NA	NA	NA	NA	NA
NC_045512.2	20936	C	A	23	23	37	1	1	30	0.0416667	24	0.510638	FALSE	NA	NA	NA	NA	NA	NA
NC_045512.2	23174	T	G	14	9	44	2	1	57	0.125	16	0.258065	FALSE	NA	NA	NA	NA	NA	NA
NC_045512.2	23403	A	G	0	0	0	19	10	38	1	19	5.65847e-11	TRUE	NA	NA	NA	NA	NA	NA
NC_045512.2	24130	C	A	1	1	38	1	1	39	0.5	2	0.666667	FALSE	NA	NA	NA	NA	NA	NA
NC_045512.2	25584	C	T	0	0	0	2	2	37	1	2	0.333333	FALSE	NA	NA	NA	NA	NA	NA
NC_045512.2	26530	A	G	0	0	0	1	1	39	1	1	1	FALSE	NA	NA	NA	NA	NA	NA
NC_045512.2	27384	T	C	0	0	0	3	0	39	1	3	0.1	FALSE	NA	NA	NA	NA	NA	NA
NC_045512.2	27689	C	T	5	4	38	2	1	58	0.285714	7	0.269231	FALSE	NA	NA	NA	NA	NA	NA
NC_045512.2	28145	A	G	156	4	40	1	0	37	0.00636943	157	0.501597	FALSE	NA	NA	NA	NA	NA	NA
NC_045512.2	28271	A	T	0	0	0	120	120	38	1	120	2.20013e-71	TRUE	NA	NA	NA	NA	NA	NA
NC_045512.2	29338	G	A	28	10	38	1	0	33	0.0344828	29	0.508772	FALSE	NA	NA	NA	NA	NA	NA
