REGION	POS	REF	ALT	REF_DP	REF_RV	REF_QUAL	ALT_DP	ALT_RV	ALT_QUAL	ALT_FREQ	TOTAL_DP	PVAL	PASS	GFF_FEATURE	REF_CODON	REF_AA	ALT_CODON	ALT_AA	POS_AA
NC_045512.2	13056	C	A	31	20	40	1	1	39	0.03125	32	0.507937	FALSE	NA	NA	NA	NA	NA	NA
NC_045512.2	16928	C	T	30	19	45	1	1	37	0.0322581	31	0.508197	FALSE	NA	NA	NA	NA	NA	NA
NC_045512.2	18806	A	T	19	16	46	1	1	27	0.05	20	0.512821	FALSE	NA	NA	NA	NA	NA	NA
NC_045512.2	27889	C	T	0	0	0	31	23	42	1	31	4.29712e-18	TRUE	NA	NA	NA	NA	NA	NA
NC_045512.2	27969	A	T	13	12	38	1	1	37	0.0714286	14	0.518519	FALSE	NA	NA	NA	NA	NA	NA
NC_045512.2	28215	T	C	48	31	43	1	1	37	0.0204082	49	0.505155	FALSE	NA	NA	NA	NA	NA	NA
NC_045512.2	28271	A	T	0	0	0	33	33	38	1	33	2.7703e-19	TRUE	NA	NA	NA	NA	NA	NA
NC_045512.2	28330	A	G	0	0	0	2	0	37	1	2	0.333333	FALSE	NA	NA	NA	NA	NA	NA
NC_045512.2	28363	A	T	0	0	0	3	0	38	1	3	0.1	FALSE	NA	NA	NA	NA	NA	NA
NC_045512.2	28681	G	T	0	0	0	64	8	41	1	64	8.35033e-38	TRUE	NA	NA	NA	NA	NA	NA
NC_045512.2	29319	A	C	65	31	41	1	0	38	0.0151515	66	0.503817	FALSE	NA	NA	NA	NA	NA	NA
