REGION	POS	REF	ALT	REF_DP	REF_RV	REF_QUAL	ALT_DP	ALT_RV	ALT_QUAL	ALT_FREQ	TOTAL_DP	PVAL	PASS	GFF_FEATURE	REF_CODON	REF_AA	ALT_CODON	ALT_AA	POS_AA
NC_045512.2	1811	G	T	16	15	40	2	2	38	0.111111	18	0.257143	FALSE	NA	NA	NA	NA	NA	NA
NC_045512.2	2083	T	C	0	0	0	1	1	39	1	1	1	FALSE	NA	NA	NA	NA	NA	NA
NC_045512.2	4184	G	A	0	0	0	1	0	33	1	1	1	FALSE	NA	NA	NA	NA	NA	NA
NC_045512.2	12160	G	A	0	0	0	2	2	37	1	2	0.333333	FALSE	NA	NA	NA	NA	NA	NA
NC_045512.2	13049	G	C	43	30	41	1	1	39	0.0227273	44	0.505747	FALSE	NA	NA	NA	NA	NA	NA
NC_045512.2	16082	T	C	142	127	40	1	0	29	0.00699301	143	0.752632	FALSE	NA	NA	NA	NA	NA	NA
NC_045512.2	16117	G	A	45	45	39	4	4	39	0.0816327	49	0.0611503	FALSE	NA	NA	NA	NA	NA	NA
NC_045512.2	16616	C	A	33	24	39	3	1	38	0.0833333	36	0.124923	FALSE	NA	NA	NA	NA	NA	NA
NC_045512.2	20811	T	A	13	0	38	1	0	27	0.0714286	14	0.518519	FALSE	NA	NA	NA	NA	NA	NA
NC_045512.2	22033	C	A	6	0	45	1	0	39	0.142857	7	0.538462	FALSE	NA	NA	NA	NA	NA	NA
NC_045512.2	23209	A	T	10	10	42	1	1	39	0.0909091	11	0.52381	FALSE	NA	NA	NA	NA	NA	NA
NC_045512.2	23403	A	G	0	0	0	4	2	39	1	4	0.0285714	FALSE	NA	NA	NA	NA	NA	NA
NC_045512.2	24639	C	A	21	14	40	1	1	39	0.0454545	22	0.511628	FALSE	NA	NA	NA	NA	NA	NA
NC_045512.2	27830	T	A	106	1	38	1	0	39	0.00934579	107	0.502347	FALSE	NA	NA	NA	NA	NA	NA
NC_045512.2	27859	A	T	444	42	43	1	0	39	0.00224719	445	0.500562	FALSE	NA	NA	NA	NA	NA	NA
NC_045512.2	27889	C	T	52	44	39	166	136	39	0.761468	218	4.152e-74	TRUE	NA	NA	NA	NA	NA	NA
NC_045512.2	27932	A	T	181	114	43	1	0	38	0.00549451	182	0.501377	FALSE	NA	NA	NA	NA	NA	NA
NC_045512.2	28271	A	T	0	0	0	93	93	38	1	93	3.49021e-55	TRUE	NA	NA	NA	NA	NA	NA
NC_045512.2	28330	A	G	30	0	38	1	0	38	0.0322581	31	0.508197	FALSE	NA	NA	NA	NA	NA	NA
NC_045512.2	28363	A	T	0	0	0	15	0	36	1	15	1.28935e-08	TRUE	NA	NA	NA	NA	NA	NA
NC_045512.2	28643	G	A	17	0	38	1	0	39	0.0555556	18	0.514286	FALSE	NA	NA	NA	NA	NA	NA
NC_045512.2	28737	C	T	82	43	45	4	0	38	0.0465116	86	0.0617495	FALSE	NA	NA	NA	NA	NA	NA
NC_045512.2	29633	T	C	40	28	50	1	1	39	0.0243902	41	0.506173	FALSE	NA	NA	NA	NA	NA	NA
NC_045512.2	29666	C	T	14	12	58	3	2	39	0.176471	17	0.124633	FALSE	NA	NA	NA	NA	NA	NA
