REGION	POS	REF	ALT	REF_DP	REF_RV	REF_QUAL	ALT_DP	ALT_RV	ALT_QUAL	ALT_FREQ	TOTAL_DP	PVAL	PASS	GFF_FEATURE	REF_CODON	REF_AA	ALT_CODON	ALT_AA	POS_AA
NC_045512.2	241	C	T	0	0	0	1	1	38	1	1	1	FALSE	NA	NA	NA	NA	NA	NA
NC_045512.2	10275	A	G	45	20	40	1	0	37	0.0217391	46	0.505495	FALSE	NA	NA	NA	NA	NA	NA
NC_045512.2	10626	C	T	28	21	45	1	1	33	0.0344828	29	0.508772	FALSE	NA	NA	NA	NA	NA	NA
NC_045512.2	10627	A	T	27	20	44	1	1	39	0.0357143	28	0.509091	FALSE	NA	NA	NA	NA	NA	NA
NC_045512.2	12160	G	A	0	0	0	3	2	39	1	3	0.1	FALSE	NA	NA	NA	NA	NA	NA
NC_045512.2	15714	C	T	0	0	0	42	22	39	1	42	1.19125e-24	TRUE	NA	NA	NA	NA	NA	NA
NC_045512.2	15807	A	G	137	137	38	1	1	39	0.00724638	138	0.501818	FALSE	NA	NA	NA	NA	NA	NA
NC_045512.2	17410	C	T	0	0	0	2	2	39	1	2	0.333333	FALSE	NA	NA	NA	NA	NA	NA
NC_045512.2	18765	T	A	5	2	39	11	7	38	0.6875	16	5.15871e-05	TRUE	NA	NA	NA	NA	NA	NA
NC_045512.2	20868	T	-G	8	6	43	1	0	20	0.125	8	0.5625	FALSE	NA	NA	NA	NA	NA	NA
NC_045512.2	21770	G	A	0	0	0	1	1	39	1	1	1	FALSE	NA	NA	NA	NA	NA	NA
NC_045512.2	23403	A	G	0	0	0	15	6	38	1	15	1.28935e-08	TRUE	NA	NA	NA	NA	NA	NA
NC_045512.2	23455	T	A	36	18	39	1	1	39	0.027027	37	0.506849	FALSE	NA	NA	NA	NA	NA	NA
NC_045512.2	23460	G	-GC	37	20	38	1	0	20	0.027027	37	0.513514	FALSE	NA	NA	NA	NA	NA	NA
NC_045512.2	24708	T	C	3	3	39	1	1	37	0.25	4	0.571429	FALSE	NA	NA	NA	NA	NA	NA
NC_045512.2	25302	G	T	6	6	38	2	2	39	0.25	8	0.266667	FALSE	NA	NA	NA	NA	NA	NA
NC_045512.2	27508	A	C	1	1	39	2	0	38	0.666667	3	0.3	FALSE	NA	NA	NA	NA	NA	NA
NC_045512.2	27807	C	T	0	0	0	5	3	38	1	5	0.00793651	TRUE	NA	NA	NA	NA	NA	NA
NC_045512.2	27871	A	T	41	24	43	1	1	39	0.0238095	42	0.506024	FALSE	NA	NA	NA	NA	NA	NA
NC_045512.2	27889	C	T	7	5	43	23	21	40	0.766667	30	1.4117e-10	TRUE	NA	NA	NA	NA	NA	NA
NC_045512.2	28271	A	T	0	0	0	60	60	38	1	60	2.07007e-35	TRUE	NA	NA	NA	NA	NA	NA
NC_045512.2	28311	C	T	0	0	0	1	0	39	1	1	1	FALSE	NA	NA	NA	NA	NA	NA
NC_045512.2	28330	A	G	12	0	38	1	0	36	0.0769231	13	0.52	FALSE	NA	NA	NA	NA	NA	NA
NC_045512.2	28363	A	T	0	0	0	7	0	36	1	7	0.000582751	TRUE	NA	NA	NA	NA	NA	NA
NC_045512.2	28681	G	T	90	27	48	7	0	42	0.0721649	97	0.00724603	TRUE	NA	NA	NA	NA	NA	NA
NC_045512.2	28724	C	T	67	27	40	14	4	39	0.17284	81	3.61689e-05	TRUE	NA	NA	NA	NA	NA	NA
NC_045512.2	28736	G	A	98	39	41	2	1	32	0.02	100	0.251256	FALSE	NA	NA	NA	NA	NA	NA
