REGION	POS	REF	ALT	REF_DP	REF_RV	REF_QUAL	ALT_DP	ALT_RV	ALT_QUAL	ALT_FREQ	TOTAL_DP	PVAL	PASS	GFF_FEATURE	REF_CODON	REF_AA	ALT_CODON	ALT_AA	POS_AA
NC_045512.2	241	C	T	0	0	0	1	1	38	1	1	1	FALSE	NA	NA	NA	NA	NA	NA
NC_045512.2	1144	T	G	12	1	42	1	1	39	0.0769231	13	0.52	FALSE	NA	NA	NA	NA	NA	NA
NC_045512.2	1708	T	C	16	7	48	1	1	38	0.0588235	17	0.515152	FALSE	NA	NA	NA	NA	NA	NA
NC_045512.2	2036	G	A	52	38	46	1	0	38	0.0188679	53	0.504762	FALSE	NA	NA	NA	NA	NA	NA
NC_045512.2	7605	T	C	39	32	41	1	1	39	0.025	40	0.506329	FALSE	NA	NA	NA	NA	NA	NA
NC_045512.2	9659	T	A	59	31	43	1	0	33	0.0166667	60	0.504202	FALSE	NA	NA	NA	NA	NA	NA
NC_045512.2	10209	C	A	14	0	38	1	0	39	0.0666667	15	0.517241	FALSE	NA	NA	NA	NA	NA	NA
NC_045512.2	12160	G	A	0	0	0	5	4	38	1	5	0.00793651	TRUE	NA	NA	NA	NA	NA	NA
NC_045512.2	13003	A	G	135	12	40	1	0	39	0.00735294	136	0.501845	FALSE	NA	NA	NA	NA	NA	NA
NC_045512.2	13078	T	C	49	37	39	1	1	37	0.02	50	0.505051	FALSE	NA	NA	NA	NA	NA	NA
NC_045512.2	13953	A	G	25	11	41	1	1	37	0.0384615	26	0.509804	FALSE	NA	NA	NA	NA	NA	NA
NC_045512.2	15714	C	T	0	0	0	55	43	40	1	55	2.0299e-32	TRUE	NA	NA	NA	NA	NA	NA
NC_045512.2	21770	G	A	0	0	0	3	3	35	1	3	0.1	FALSE	NA	NA	NA	NA	NA	NA
NC_045512.2	23403	A	G	0	0	0	12	4	41	1	12	7.39602e-07	TRUE	NA	NA	NA	NA	NA	NA
NC_045512.2	25584	C	T	0	0	0	2	2	39	1	2	0.333333	FALSE	NA	NA	NA	NA	NA	NA
NC_045512.2	26803	G	T	34	16	42	2	1	39	0.0555556	36	0.253521	FALSE	NA	NA	NA	NA	NA	NA
NC_045512.2	27429	C	T	7	7	38	1	1	39	0.125	8	0.533333	FALSE	NA	NA	NA	NA	NA	NA
NC_045512.2	27850	T	G	193	3	40	5	0	38	0.0252525	198	0.0308514	FALSE	NA	NA	NA	NA	NA	NA
NC_045512.2	27889	C	T	0	0	0	112	94	41	1	112	1.39309e-66	TRUE	NA	NA	NA	NA	NA	NA
NC_045512.2	28149	T	C	285	2	39	1	0	39	0.0034965	286	0.500876	FALSE	NA	NA	NA	NA	NA	NA
NC_045512.2	28271	A	T	0	0	0	63	63	38	1	63	3.31404e-37	TRUE	NA	NA	NA	NA	NA	NA
NC_045512.2	28330	A	G	6	0	39	3	0	35	0.333333	9	0.123529	FALSE	NA	NA	NA	NA	NA	NA
NC_045512.2	28333	C	T	19	0	37	1	0	30	0.05	20	0.512821	FALSE	NA	NA	NA	NA	NA	NA
NC_045512.2	28363	A	T	0	0	0	6	0	37	1	6	0.0021645	TRUE	NA	NA	NA	NA	NA	NA
NC_045512.2	28371	G	T	2	1	38	1	0	33	0.333333	3	0.6	FALSE	NA	NA	NA	NA	NA	NA
NC_045512.2	28681	G	T	67	18	44	4	0	38	0.056338	71	0.0615848	FALSE	NA	NA	NA	NA	NA	NA
