REGION	POS	REF	ALT	REF_DP	REF_RV	REF_QUAL	ALT_DP	ALT_RV	ALT_QUAL	ALT_FREQ	TOTAL_DP	PVAL	PASS	GFF_FEATURE	REF_CODON	REF_AA	ALT_CODON	ALT_AA	POS_AA
NC_045512.2	15479	C	T	0	0	0	1	1	37	1	1	1	FALSE	NA	NA	NA	NA	NA	NA
NC_045512.2	21716	C	G	0	0	0	1	0	37	1	1	1	FALSE	NA	NA	NA	NA	NA	NA
NC_045512.2	22336	G	A	980	13	36	1	0	25	0.00101937	981	0.999051	FALSE	NA	NA	NA	NA	NA	NA
NC_045512.2	22377	C	G	905	531	38	1	0	25	0.00110375	906	0.999053	FALSE	NA	NA	NA	NA	NA	NA
NC_045512.2	22378	T	A	900	536	38	1	0	25	0.00110988	901	0.999053	FALSE	NA	NA	NA	NA	NA	NA
NC_045512.2	22417	T	A	876	410	39	1	0	37	0.00114025	877	0.500285	FALSE	NA	NA	NA	NA	NA	NA
NC_045512.2	22422	A	G	919	476	39	1	0	25	0.00108696	920	0.999052	FALSE	NA	NA	NA	NA	NA	NA
NC_045512.2	22436	G	A	982	471	39	1	0	37	0.00101729	983	0.500254	FALSE	NA	NA	NA	NA	NA	NA
NC_045512.2	22447	T	G	1070	486	38	1	0	25	0.000933707	1071	0.999527	FALSE	NA	NA	NA	NA	NA	NA
NC_045512.2	22466	A	C	1004	459	39	1	0	37	0.000995025	1005	0.750373	FALSE	NA	NA	NA	NA	NA	NA
NC_045512.2	22475	T	A	983	475	38	1	0	37	0.00101626	984	0.500254	FALSE	NA	NA	NA	NA	NA	NA
NC_045512.2	22476	C	G	996	485	38	1	0	37	0.00100301	997	0.500251	FALSE	NA	NA	NA	NA	NA	NA
NC_045512.2	22515	T	A	1071	524	38	1	0	37	0.000932836	1072	0.75035	FALSE	NA	NA	NA	NA	NA	NA
NC_045512.2	22518	G	T	1072	520	38	1	1	37	0.000931966	1073	0.75035	FALSE	NA	NA	NA	NA	NA	NA
NC_045512.2	22548	T	G	1013	502	41	1	0	37	0.000986193	1014	0.75037	FALSE	NA	NA	NA	NA	NA	NA
NC_045512.2	22551	C	A	1631	1400	44	1	1	20	0.000612745	1632	0.999993	FALSE	NA	NA	NA	NA	NA	NA
NC_045512.2	22578	G	A	0	0	0	1105	1102	36	1	1105	0	TRUE	NA	NA	NA	NA	NA	NA
NC_045512.2	22633	A	C	19	16	40	1	1	37	0.05	20	0.512821	FALSE	NA	NA	NA	NA	NA	NA
NC_045512.2	22688	A	G	0	0	0	2	1	37	1	2	0.333333	FALSE	NA	NA	NA	NA	NA	NA
NC_045512.2	22761	T	-TG	3	3	37	1	0	20	0.333333	3	0.666667	FALSE	NA	NA	NA	NA	NA	NA
