REGION	POS	REF	ALT	REF_DP	REF_RV	REF_QUAL	ALT_DP	ALT_RV	ALT_QUAL	ALT_FREQ	TOTAL_DP	PVAL	PASS	GFF_FEATURE	REF_CODON	REF_AA	ALT_CODON	ALT_AA	POS_AA
NC_045512.2	1761	T	C	0	0	0	2	1	37	1	2	0.333333	FALSE	NA	NA	NA	NA	NA	NA
NC_045512.2	9697	T	C	0	0	0	22	19	38	1	22	9.50526e-13	TRUE	NA	NA	NA	NA	NA	NA
NC_045512.2	10266	G	A	64	24	41	1	1	29	0.0153846	65	0.503876	FALSE	NA	NA	NA	NA	NA	NA
NC_045512.2	10954	C	T	3	2	52	4	4	38	0.571429	7	0.048951	FALSE	NA	NA	NA	NA	NA	NA
NC_045512.2	15714	C	T	0	0	0	23	12	38	1	23	2.42912e-13	TRUE	NA	NA	NA	NA	NA	NA
NC_045512.2	17410	C	T	0	0	0	1	1	39	1	1	1	FALSE	NA	NA	NA	NA	NA	NA
NC_045512.2	21736	C	T	8	3	38	2	0	39	0.2	10	0.263158	FALSE	NA	NA	NA	NA	NA	NA
NC_045512.2	25297	G	A	57	49	39	1	1	39	0.0172414	58	0.504348	FALSE	NA	NA	NA	NA	NA	NA
NC_045512.2	27382	G	C	0	0	0	3	0	35	1	3	0.1	FALSE	NA	NA	NA	NA	NA	NA
NC_045512.2	27384	T	C	0	0	0	8	2	38	1	8	0.0001554	TRUE	NA	NA	NA	NA	NA	NA
NC_045512.2	28160	T	C	289	31	42	1	0	39	0.00344828	290	0.500864	FALSE	NA	NA	NA	NA	NA	NA
NC_045512.2	28163	C	A	292	37	42	1	0	37	0.00341297	293	0.500855	FALSE	NA	NA	NA	NA	NA	NA
NC_045512.2	28261	C	T	189	187	38	1	1	39	0.00526316	190	0.501319	FALSE	NA	NA	NA	NA	NA	NA
NC_045512.2	28271	A	T	0	0	0	141	141	38	1	141	5.42177e-84	TRUE	NA	NA	NA	NA	NA	NA
NC_045512.2	28363	A	T	0	0	0	6	0	38	1	6	0.0021645	TRUE	NA	NA	NA	NA	NA	NA
