REGION	POS	REF	ALT	REF_DP	REF_RV	REF_QUAL	ALT_DP	ALT_RV	ALT_QUAL	ALT_FREQ	TOTAL_DP	PVAL	PASS	GFF_FEATURE	REF_CODON	REF_AA	ALT_CODON	ALT_AA	POS_AA
NC_045512.2	2086	G	T	37	32	48	2	2	38	0.0512821	39	0.253247	FALSE	NA	NA	NA	NA	NA	NA
NC_045512.2	7318	C	A	5	5	38	1	1	39	0.166667	6	0.545455	FALSE	NA	NA	NA	NA	NA	NA
NC_045512.2	8550	G	A	12	10	41	1	1	39	0.0769231	13	0.52	FALSE	NA	NA	NA	NA	NA	NA
NC_045512.2	12160	G	A	0	0	0	1	1	39	1	1	1	FALSE	NA	NA	NA	NA	NA	NA
NC_045512.2	13938	A	G	7	4	43	1	1	39	0.125	8	0.533333	FALSE	NA	NA	NA	NA	NA	NA
NC_045512.2	15714	C	T	0	0	0	11	5	38	1	11	2.83514e-06	TRUE	NA	NA	NA	NA	NA	NA
NC_045512.2	15774	C	A	82	58	43	1	0	33	0.0120482	83	0.50303	FALSE	NA	NA	NA	NA	NA	NA
NC_045512.2	16935	G	A	49	37	40	7	5	36	0.125	56	0.0068284	TRUE	NA	NA	NA	NA	NA	NA
NC_045512.2	18728	C	A	4	0	37	1	0	76	0.2	5	0.555556	FALSE	NA	NA	NA	NA	NA	NA
NC_045512.2	23403	A	G	0	0	0	7	4	39	1	7	0.000582751	TRUE	NA	NA	NA	NA	NA	NA
NC_045512.2	23449	T	C	28	14	48	2	1	38	0.0666667	30	0.254237	FALSE	NA	NA	NA	NA	NA	NA
NC_045512.2	24469	T	A	0	0	0	1	0	39	1	1	1	FALSE	NA	NA	NA	NA	NA	NA
NC_045512.2	25584	C	T	0	0	0	2	2	39	1	2	0.333333	FALSE	NA	NA	NA	NA	NA	NA
NC_045512.2	26709	G	A	0	0	0	1	0	39	1	1	1	FALSE	NA	NA	NA	NA	NA	NA
NC_045512.2	27464	T	A	2	0	39	1	0	37	0.333333	3	0.6	FALSE	NA	NA	NA	NA	NA	NA
NC_045512.2	27889	C	T	31	23	39	41	35	39	0.569444	72	1.85757e-16	TRUE	NA	NA	NA	NA	NA	NA
NC_045512.2	28177	T	C	122	30	42	1	0	39	0.00813008	123	0.502041	FALSE	NA	NA	NA	NA	NA	NA
NC_045512.2	28180	G	A	101	29	41	1	0	39	0.00980392	102	0.502463	FALSE	NA	NA	NA	NA	NA	NA
NC_045512.2	28271	A	T	1	1	39	75	75	38	0.986842	76	4.12079e-43	TRUE	NA	NA	NA	NA	NA	NA
NC_045512.2	28363	A	T	0	0	0	12	0	37	1	12	7.39602e-07	TRUE	NA	NA	NA	NA	NA	NA
NC_045512.2	28370	A	G	0	0	0	1	0	38	1	1	1	FALSE	NA	NA	NA	NA	NA	NA
NC_045512.2	28372	T	C	22	12	37	1	0	39	0.0434783	23	0.511111	FALSE	NA	NA	NA	NA	NA	NA
NC_045512.2	28681	G	T	27	8	51	34	8	42	0.557377	61	1.21385e-13	TRUE	NA	NA	NA	NA	NA	NA
NC_045512.2	28724	C	T	64	34	39	1	0	39	0.0153846	65	0.503876	FALSE	NA	NA	NA	NA	NA	NA
NC_045512.2	28745	G	T	63	39	43	1	1	39	0.015625	64	0.503937	FALSE	NA	NA	NA	NA	NA	NA
NC_045512.2	28780	A	G	25	25	38	1	1	39	0.0384615	26	0.509804	FALSE	NA	NA	NA	NA	NA	NA
NC_045512.2	29307	A	T	99	44	45	1	0	35	0.01	100	0.502513	FALSE	NA	NA	NA	NA	NA	NA
NC_045512.2	29331	T	C	98	49	39	1	1	39	0.010101	99	0.502538	FALSE	NA	NA	NA	NA	NA	NA
NC_045512.2	29510	A	C	0	0	0	3	3	38	1	3	0.1	FALSE	NA	NA	NA	NA	NA	NA
