REGION	POS	REF	ALT	REF_DP	REF_RV	REF_QUAL	ALT_DP	ALT_RV	ALT_QUAL	ALT_FREQ	TOTAL_DP	PVAL	PASS	GFF_FEATURE	REF_CODON	REF_AA	ALT_CODON	ALT_AA	POS_AA
NC_045512.2	7806	A	G	17	0	38	1	0	33	0.0555556	18	0.514286	FALSE	NA	NA	NA	NA	NA	NA
NC_045512.2	12160	G	A	0	0	0	12	9	38	1	12	7.39602e-07	TRUE	NA	NA	NA	NA	NA	NA
NC_045512.2	14322	C	T	0	0	0	1	1	38	1	1	1	FALSE	NA	NA	NA	NA	NA	NA
NC_045512.2	16958	T	A	161	152	43	1	1	29	0.00617284	162	0.752322	FALSE	NA	NA	NA	NA	NA	NA
NC_045512.2	23403	A	G	0	0	0	2	0	39	1	2	0.333333	FALSE	NA	NA	NA	NA	NA	NA
NC_045512.2	27393	C	T	2	2	39	6	6	38	0.75	8	0.00559441	TRUE	NA	NA	NA	NA	NA	NA
NC_045512.2	27889	C	T	31	20	41	14	12	38	0.311111	45	2.18629e-05	TRUE	NA	NA	NA	NA	NA	NA
NC_045512.2	28138	C	T	107	2	39	30	0	38	0.218978	137	1.75755e-10	TRUE	NA	NA	NA	NA	NA	NA
NC_045512.2	28146	C	T	188	2	39	1	0	38	0.00529101	189	0.501326	FALSE	NA	NA	NA	NA	NA	NA
NC_045512.2	28271	A	T	0	0	0	124	124	38	1	124	8.73604e-74	TRUE	NA	NA	NA	NA	NA	NA
NC_045512.2	28311	C	T	0	0	0	1	0	39	1	1	1	FALSE	NA	NA	NA	NA	NA	NA
NC_045512.2	28312	C	T	0	0	0	1	0	39	1	1	1	FALSE	NA	NA	NA	NA	NA	NA
NC_045512.2	28330	A	G	15	0	37	2	0	37	0.117647	17	0.257576	FALSE	NA	NA	NA	NA	NA	NA
NC_045512.2	28363	A	T	0	0	0	12	0	34	1	12	7.39602e-07	TRUE	NA	NA	NA	NA	NA	NA
NC_045512.2	28677	C	T	174	29	42	5	3	39	0.027933	179	0.0308086	FALSE	NA	NA	NA	NA	NA	NA
NC_045512.2	28681	G	T	107	25	46	77	11	41	0.418478	184	3.2498e-28	TRUE	NA	NA	NA	NA	NA	NA
NC_045512.2	28713	G	A	97	53	38	1	1	38	0.0102041	98	0.502564	FALSE	NA	NA	NA	NA	NA	NA
NC_045512.2	28720	C	T	97	44	39	10	6	37	0.0934579	107	0.000822023	TRUE	NA	NA	NA	NA	NA	NA
NC_045512.2	28724	C	T	111	52	40	20	8	37	0.152672	131	4.71246e-07	TRUE	NA	NA	NA	NA	NA	NA
NC_045512.2	28780	A	G	58	58	38	1	1	39	0.0169492	59	0.504274	FALSE	NA	NA	NA	NA	NA	NA
NC_045512.2	29010	T	A	25	14	38	1	1	29	0.0384615	26	0.509804	FALSE	NA	NA	NA	NA	NA	NA
NC_045512.2	29036	T	C	27	15	38	1	1	37	0.0357143	28	0.509091	FALSE	NA	NA	NA	NA	NA	NA
NC_045512.2	29280	C	T	208	1	38	1	0	35	0.00478469	209	0.501199	FALSE	NA	NA	NA	NA	NA	NA
NC_045512.2	29296	C	T	185	7	40	57	0	39	0.235537	242	1.86033e-19	TRUE	NA	NA	NA	NA	NA	NA
NC_045512.2	29605	A	G	63	11	50	1	0	37	0.015625	64	0.503937	FALSE	NA	NA	NA	NA	NA	NA
NC_045512.2	29610	T	G	76	11	49	1	0	39	0.012987	77	0.503268	FALSE	NA	NA	NA	NA	NA	NA
NC_045512.2	29614	C	T	68	17	46	1	0	39	0.0144928	69	0.50365	FALSE	NA	NA	NA	NA	NA	NA
