REGION	POS	REF	ALT	REF_DP	REF_RV	REF_QUAL	ALT_DP	ALT_RV	ALT_QUAL	ALT_FREQ	TOTAL_DP	PVAL	PASS	GFF_FEATURE	REF_CODON	REF_AA	ALT_CODON	ALT_AA	POS_AA
NC_045512.2	1984	T	A	118	0	38	1	0	39	0.00840336	119	0.50211	FALSE	NA	NA	NA	NA	NA	NA
NC_045512.2	1987	A	G	121	0	38	1	0	39	0.00819672	122	0.502058	FALSE	NA	NA	NA	NA	NA	NA
NC_045512.2	2007	T	C	181	15	44	1	0	39	0.00549451	182	0.501377	FALSE	NA	NA	NA	NA	NA	NA
NC_045512.2	2008	T	C	181	15	44	1	0	37	0.00549451	182	0.501377	FALSE	NA	NA	NA	NA	NA	NA
NC_045512.2	3325	T	C	85	64	40	1	1	39	0.0116279	86	0.502924	FALSE	NA	NA	NA	NA	NA	NA
NC_045512.2	4184	G	A	0	0	0	2	1	39	1	2	0.333333	FALSE	NA	NA	NA	NA	NA	NA
NC_045512.2	5720	G	A	118	10	44	1	0	39	0.00840336	119	0.50211	FALSE	NA	NA	NA	NA	NA	NA
NC_045512.2	12160	G	A	1	0	38	15	10	38	0.9375	16	5.32375e-08	TRUE	NA	NA	NA	NA	NA	NA
NC_045512.2	15714	C	T	0	0	0	47	24	39	1	47	1.23024e-27	TRUE	NA	NA	NA	NA	NA	NA
NC_045512.2	15782	A	G	287	253	43	1	1	39	0.00347222	288	0.50087	FALSE	NA	NA	NA	NA	NA	NA
NC_045512.2	16076	A	G	320	188	45	1	0	38	0.00311526	321	0.50078	FALSE	NA	NA	NA	NA	NA	NA
NC_045512.2	16091	A	T	395	372	39	1	1	39	0.00252525	396	0.500632	FALSE	NA	NA	NA	NA	NA	NA
NC_045512.2	21995	T	C	0	0	0	2	0	38	1	2	0.333333	FALSE	NA	NA	NA	NA	NA	NA
NC_045512.2	27833	T	C	48	0	38	1	0	39	0.0204082	49	0.505155	FALSE	NA	NA	NA	NA	NA	NA
NC_045512.2	27889	C	T	0	0	0	98	78	41	1	98	3.49859e-58	TRUE	NA	NA	NA	NA	NA	NA
NC_045512.2	28236	C	A	1	1	30	10	10	37	0.909091	11	3.11866e-05	TRUE	NA	NA	NA	NA	NA	NA
NC_045512.2	28271	A	T	1	1	39	21	21	38	0.954545	22	2.09116e-11	TRUE	NA	NA	NA	NA	NA	NA
NC_045512.2	28330	A	G	0	0	0	4	0	38	1	4	0.0285714	FALSE	NA	NA	NA	NA	NA	NA
NC_045512.2	28363	A	T	0	0	0	3	0	38	1	3	0.1	FALSE	NA	NA	NA	NA	NA	NA
NC_045512.2	28705	T	A	39	26	43	1	0	39	0.025	40	0.506329	FALSE	NA	NA	NA	NA	NA	NA
NC_045512.2	29281	C	T	6	0	39	4	0	37	0.4	10	0.0541796	FALSE	NA	NA	NA	NA	NA	NA
