REGION	POS	REF	ALT	REF_DP	REF_RV	REF_QUAL	ALT_DP	ALT_RV	ALT_QUAL	ALT_FREQ	TOTAL_DP	PVAL	PASS	GFF_FEATURE	REF_CODON	REF_AA	ALT_CODON	ALT_AA	POS_AA
NC_045512.2	3037	C	T	0	0	0	1	1	39	1	1	1	FALSE	NA	NA	NA	NA	NA	NA
NC_045512.2	3275	A	G	27	12	38	1	0	39	0.0357143	28	0.509091	FALSE	NA	NA	NA	NA	NA	NA
NC_045512.2	4832	C	T	5	1	41	2	2	39	0.285714	7	0.269231	FALSE	NA	NA	NA	NA	NA	NA
NC_045512.2	8532	C	-A	52	30	38	1	0	20	0.0192308	52	0.509615	FALSE	NA	NA	NA	NA	NA	NA
NC_045512.2	9722	T	C	11	11	38	4	4	39	0.266667	15	0.0574713	FALSE	NA	NA	NA	NA	NA	NA
NC_045512.2	12160	G	A	0	0	0	5	5	39	1	5	0.00793651	TRUE	NA	NA	NA	NA	NA	NA
NC_045512.2	15714	C	T	0	0	0	23	13	40	1	23	2.42912e-13	TRUE	NA	NA	NA	NA	NA	NA
NC_045512.2	15729	T	-G	56	26	38	1	0	20	0.0178571	56	0.508929	FALSE	NA	NA	NA	NA	NA	NA
NC_045512.2	16035	T	A	48	9	40	1	1	38	0.0204082	49	0.505155	FALSE	NA	NA	NA	NA	NA	NA
NC_045512.2	16259	G	A	17	0	40	3	0	39	0.15	20	0.12474	FALSE	NA	NA	NA	NA	NA	NA
NC_045512.2	16323	C	T	21	12	38	3	3	38	0.125	24	0.124823	FALSE	NA	NA	NA	NA	NA	NA
NC_045512.2	18397	G	T	5	0	38	5	0	39	0.5	10	0.0216718	FALSE	NA	NA	NA	NA	NA	NA
NC_045512.2	21770	G	A	0	0	0	1	1	36	1	1	1	FALSE	NA	NA	NA	NA	NA	NA
NC_045512.2	22075	C	-T	9	4	37	2	0	20	0.222222	9	0.321637	FALSE	NA	NA	NA	NA	NA	NA
NC_045512.2	23403	A	G	0	0	0	3	0	38	1	3	0.1	FALSE	NA	NA	NA	NA	NA	NA
NC_045512.2	24620	G	T	22	18	38	4	4	38	0.153846	26	0.0598239	FALSE	NA	NA	NA	NA	NA	NA
NC_045512.2	24988	A	G	1	1	39	1	1	36	0.5	2	0.666667	FALSE	NA	NA	NA	NA	NA	NA
NC_045512.2	25584	C	T	0	0	0	7	7	38	1	7	0.000582751	TRUE	NA	NA	NA	NA	NA	NA
NC_045512.2	25874	A	T	26	20	40	1	1	37	0.037037	27	0.509434	FALSE	NA	NA	NA	NA	NA	NA
NC_045512.2	25917	A	G	6	6	45	3	3	38	0.333333	9	0.123529	FALSE	NA	NA	NA	NA	NA	NA
NC_045512.2	26112	T	C	24	1	38	1	0	38	0.04	25	0.510204	FALSE	NA	NA	NA	NA	NA	NA
NC_045512.2	27382	G	C	37	28	41	2	2	39	0.0512821	39	0.253247	FALSE	NA	NA	NA	NA	NA	NA
NC_045512.2	27889	C	T	68	59	41	24	20	42	0.26087	92	1.22031e-08	TRUE	NA	NA	NA	NA	NA	NA
NC_045512.2	28253	C	-A	55	52	41	3	0	20	0.0545455	55	0.135381	FALSE	NA	NA	NA	NA	NA	NA
NC_045512.2	28271	A	T	0	0	0	33	33	38	1	33	2.7703e-19	TRUE	NA	NA	NA	NA	NA	NA
NC_045512.2	28363	A	T	0	0	0	6	0	38	1	6	0.0021645	TRUE	NA	NA	NA	NA	NA	NA
NC_045512.2	28370	A	G	0	0	0	1	0	39	1	1	1	FALSE	NA	NA	NA	NA	NA	NA
NC_045512.2	28724	C	T	25	12	41	3	0	39	0.107143	28	0.124871	FALSE	NA	NA	NA	NA	NA	NA
