REGION	POS	REF	ALT	REF_DP	REF_RV	REF_QUAL	ALT_DP	ALT_RV	ALT_QUAL	ALT_FREQ	TOTAL_DP	PVAL	PASS	GFF_FEATURE	REF_CODON	REF_AA	ALT_CODON	ALT_AA	POS_AA
NC_045512.2	3037	C	T	0	0	0	1	1	39	1	1	1	FALSE	NA	NA	NA	NA	NA	NA
NC_045512.2	9344	C	T	0	0	0	1	1	39	1	1	1	FALSE	NA	NA	NA	NA	NA	NA
NC_045512.2	9943	C	T	0	0	0	1	0	39	1	1	1	FALSE	NA	NA	NA	NA	NA	NA
NC_045512.2	10011	T	C	0	0	0	1	1	33	1	1	1	FALSE	NA	NA	NA	NA	NA	NA
NC_045512.2	11191	T	A	45	8	42	1	1	39	0.0217391	46	0.505495	FALSE	NA	NA	NA	NA	NA	NA
NC_045512.2	15714	C	T	0	0	0	10	7	39	1	10	1.08251e-05	TRUE	NA	NA	NA	NA	NA	NA
NC_045512.2	16336	G	T	33	26	41	1	1	37	0.0294118	34	0.507463	FALSE	NA	NA	NA	NA	NA	NA
NC_045512.2	16342	T	C	32	26	42	3	2	39	0.0857143	35	0.124919	FALSE	NA	NA	NA	NA	NA	NA
NC_045512.2	19955	C	T	0	0	0	1	0	39	1	1	1	FALSE	NA	NA	NA	NA	NA	NA
NC_045512.2	20251	A	G	60	9	47	34	3	41	0.361702	94	1.82848e-12	TRUE	NA	NA	NA	NA	NA	NA
NC_045512.2	22674	C	T	0	0	0	1	1	38	1	1	1	FALSE	NA	NA	NA	NA	NA	NA
NC_045512.2	23403	A	G	0	0	0	15	5	38	1	15	1.28935e-08	TRUE	NA	NA	NA	NA	NA	NA
NC_045512.2	25584	C	T	0	0	0	10	10	37	1	10	1.08251e-05	TRUE	NA	NA	NA	NA	NA	NA
NC_045512.2	27382	G	C	30	23	41	7	2	38	0.189189	37	0.00631877	TRUE	NA	NA	NA	NA	NA	NA
NC_045512.2	27384	T	C	33	23	40	15	8	38	0.3125	48	9.90493e-06	TRUE	NA	NA	NA	NA	NA	NA
NC_045512.2	28215	T	C	295	200	43	1	1	39	0.00337838	296	0.500846	FALSE	NA	NA	NA	NA	NA	NA
NC_045512.2	28271	A	T	0	0	0	158	158	38	1	158	3.3404e-94	TRUE	NA	NA	NA	NA	NA	NA
NC_045512.2	28363	A	T	0	0	0	16	0	37	1	16	3.32734e-09	TRUE	NA	NA	NA	NA	NA	NA
NC_045512.2	28396	G	A	76	47	44	1	1	27	0.012987	77	0.503268	FALSE	NA	NA	NA	NA	NA	NA
NC_045512.2	28419	C	T	34	17	46	5	4	38	0.128205	39	0.0291407	FALSE	NA	NA	NA	NA	NA	NA
NC_045512.2	28655	G	C	142	11	41	14	1	38	0.0897436	156	4.71059e-05	TRUE	NA	NA	NA	NA	NA	NA
NC_045512.2	28776	C	A	74	73	38	14	14	39	0.159091	88	3.78525e-05	TRUE	NA	NA	NA	NA	NA	NA
NC_045512.2	29376	C	T	245	224	44	1	1	34	0.00406504	246	0.501018	FALSE	NA	NA	NA	NA	NA	NA
