REGION	POS	REF	ALT	REF_DP	REF_RV	REF_QUAL	ALT_DP	ALT_RV	ALT_QUAL	ALT_FREQ	TOTAL_DP	PVAL	PASS	GFF_FEATURE	REF_CODON	REF_AA	ALT_CODON	ALT_AA	POS_AA
NC_045512.2	4234	C	T	4	0	34	4	0	34	0.5	8	0.0512821	FALSE	NA	NA	NA	NA	NA	NA
NC_045512.2	9534	C	T	0	0	0	3	1	34	1	3	0.1	FALSE	NA	NA	NA	NA	NA	NA
NC_045512.2	11064	G	T	16	14	38	1	1	34	0.0588235	17	0.515152	FALSE	NA	NA	NA	NA	NA	NA
NC_045512.2	11359	A	T	27	14	35	1	1	26	0.0357143	28	0.509091	FALSE	NA	NA	NA	NA	NA	NA
NC_045512.2	11988	T	A	2	1	34	1	1	34	0.333333	3	0.6	FALSE	NA	NA	NA	NA	NA	NA
NC_045512.2	13627	G	A	18	2	34	7	4	32	0.28	25	0.005596	TRUE	NA	NA	NA	NA	NA	NA
NC_045512.2	14262	C	T	24	14	39	5	3	34	0.172414	29	0.0283621	FALSE	NA	NA	NA	NA	NA	NA
NC_045512.2	16795	G	A	0	0	0	1	0	34	1	1	1	FALSE	NA	NA	NA	NA	NA	NA
NC_045512.2	17410	C	T	0	0	0	3	1	34	1	3	0.1	FALSE	NA	NA	NA	NA	NA	NA
NC_045512.2	17742	T	A	203	196	34	1	0	27	0.00490196	204	0.87684	FALSE	NA	NA	NA	NA	NA	NA
NC_045512.2	18657	C	T	95	57	37	53	27	34	0.358108	148	4.50787e-19	TRUE	NA	NA	NA	NA	NA	NA
NC_045512.2	18703	G	T	113	106	35	66	66	33	0.368715	179	1.01986e-23	TRUE	NA	NA	NA	NA	NA	NA
NC_045512.2	19326	A	G	0	0	0	11	6	37	1	11	2.83514e-06	TRUE	NA	NA	NA	NA	NA	NA
NC_045512.2	21718	G	T	1	0	34	1	0	34	0.5	2	0.666667	FALSE	NA	NA	NA	NA	NA	NA
NC_045512.2	22101	A	T	2	2	34	1	1	34	0.333333	3	0.6	FALSE	NA	NA	NA	NA	NA	NA
NC_045512.2	22320	A	G	0	0	0	1	1	68	1	1	1	FALSE	NA	NA	NA	NA	NA	NA
NC_045512.2	22390	A	G	0	0	0	3	3	34	1	3	0.1	FALSE	NA	NA	NA	NA	NA	NA
NC_045512.2	22882	T	G	0	0	0	1	0	34	1	1	1	FALSE	NA	NA	NA	NA	NA	NA
NC_045512.2	22917	T	G	3	0	45	2	0	30	0.4	5	0.277778	FALSE	NA	NA	NA	NA	NA	NA
NC_045512.2	22942	T	G	0	0	0	5	4	40	1	5	0.00793651	TRUE	NA	NA	NA	NA	NA	NA
NC_045512.2	22992	G	A	0	0	0	1	1	34	1	1	1	FALSE	NA	NA	NA	NA	NA	NA
NC_045512.2	22995	C	A	0	0	0	1	1	34	1	1	1	FALSE	NA	NA	NA	NA	NA	NA
NC_045512.2	25584	C	T	0	0	0	1	1	34	1	1	1	FALSE	NA	NA	NA	NA	NA	NA
NC_045512.2	26577	C	G	0	0	0	3	3	34	1	3	0.1	FALSE	NA	NA	NA	NA	NA	NA
NC_045512.2	26709	G	A	0	0	0	1	0	26	1	1	1	FALSE	NA	NA	NA	NA	NA	NA
NC_045512.2	26858	C	T	0	0	0	9	9	34	1	9	4.11353e-05	TRUE	NA	NA	NA	NA	NA	NA
NC_045512.2	27384	T	C	0	0	0	6	0	34	1	6	0.0021645	TRUE	NA	NA	NA	NA	NA	NA
NC_045512.2	27804	C	T	26	26	34	2	2	34	0.0714286	28	0.254545	FALSE	NA	NA	NA	NA	NA	NA
NC_045512.2	27807	C	T	0	0	0	28	28	33	1	28	2.61483e-16	TRUE	NA	NA	NA	NA	NA	NA
NC_045512.2	29386	C	T	24	18	39	1	1	34	0.04	25	0.510204	FALSE	NA	NA	NA	NA	NA	NA
