REGION	POS	REF	ALT	REF_DP	REF_RV	REF_QUAL	ALT_DP	ALT_RV	ALT_QUAL	ALT_FREQ	TOTAL_DP	PVAL	PASS	GFF_FEATURE	REF_CODON	REF_AA	ALT_CODON	ALT_AA	POS_AA
NC_045512.2	1087	A	G	10	0	38	2	0	37	0.166667	12	0.26087	FALSE	NA	NA	NA	NA	NA	NA
NC_045512.2	2041	T	C	57	35	40	1	0	39	0.0172414	58	0.504348	FALSE	NA	NA	NA	NA	NA	NA
NC_045512.2	12093	C	A	8	0	43	1	0	39	0.111111	9	0.529412	FALSE	NA	NA	NA	NA	NA	NA
NC_045512.2	12160	G	A	0	0	0	1	0	39	1	1	1	FALSE	NA	NA	NA	NA	NA	NA
NC_045512.2	15714	C	T	0	0	0	78	42	39	1	78	3.43296e-46	TRUE	NA	NA	NA	NA	NA	NA
NC_045512.2	15740	A	G	374	108	38	1	0	39	0.00266667	375	0.500668	FALSE	NA	NA	NA	NA	NA	NA
NC_045512.2	15778	A	T	443	374	42	1	1	39	0.00225225	444	0.500564	FALSE	NA	NA	NA	NA	NA	NA
NC_045512.2	16850	A	T	243	28	44	1	0	33	0.00409836	244	0.501027	FALSE	NA	NA	NA	NA	NA	NA
NC_045512.2	16927	A	G	152	107	40	1	1	39	0.00653595	153	0.501639	FALSE	NA	NA	NA	NA	NA	NA
NC_045512.2	16935	G	A	186	151	40	9	7	38	0.0461538	195	0.00181922	TRUE	NA	NA	NA	NA	NA	NA
NC_045512.2	17488	G	T	56	15	48	1	0	39	0.0175439	57	0.504425	FALSE	NA	NA	NA	NA	NA	NA
NC_045512.2	23403	A	G	0	0	0	6	2	39	1	6	0.0021645	TRUE	NA	NA	NA	NA	NA	NA
NC_045512.2	26270	C	T	0	0	0	1	1	38	1	1	1	FALSE	NA	NA	NA	NA	NA	NA
NC_045512.2	27807	C	T	0	0	0	1	1	39	1	1	1	FALSE	NA	NA	NA	NA	NA	NA
NC_045512.2	27889	C	T	0	0	0	76	61	41	1	76	5.42209e-45	TRUE	NA	NA	NA	NA	NA	NA
NC_045512.2	27963	T	C	48	48	38	1	1	39	0.0204082	49	0.505155	FALSE	NA	NA	NA	NA	NA	NA
NC_045512.2	28271	A	T	0	0	0	106	105	38	1	106	5.55151e-63	TRUE	NA	NA	NA	NA	NA	NA
NC_045512.2	28330	A	G	24	0	38	2	0	38	0.0769231	26	0.254902	FALSE	NA	NA	NA	NA	NA	NA
NC_045512.2	28363	A	T	0	0	0	24	0	35	1	24	6.20201e-14	TRUE	NA	NA	NA	NA	NA	NA
NC_045512.2	28370	A	G	0	0	0	11	1	38	1	11	2.83514e-06	TRUE	NA	NA	NA	NA	NA	NA
NC_045512.2	28668	G	A	225	18	41	1	0	36	0.00442478	226	0.501109	FALSE	NA	NA	NA	NA	NA	NA
NC_045512.2	28681	G	T	141	34	45	47	4	42	0.25	188	3.02007e-16	TRUE	NA	NA	NA	NA	NA	NA
NC_045512.2	28746	T	C	192	133	44	1	1	38	0.00518135	193	0.501299	FALSE	NA	NA	NA	NA	NA	NA
NC_045512.2	29289	T	C	255	12	41	1	0	39	0.00390625	256	0.500978	FALSE	NA	NA	NA	NA	NA	NA
NC_045512.2	29339	C	G	118	42	40	1	1	30	0.00840336	119	0.50211	FALSE	NA	NA	NA	NA	NA	NA
NC_045512.2	29510	A	C	0	0	0	1	1	36	1	1	1	FALSE	NA	NA	NA	NA	NA	NA
NC_045512.2	29635	C	T	85	39	49	1	1	39	0.0116279	86	0.502924	FALSE	NA	NA	NA	NA	NA	NA
NC_045512.2	29666	C	T	83	65	52	4	3	38	0.045977	87	0.0617584	FALSE	NA	NA	NA	NA	NA	NA
