REGION	POS	REF	ALT	REF_DP	REF_RV	REF_QUAL	ALT_DP	ALT_RV	ALT_QUAL	ALT_FREQ	TOTAL_DP	PVAL	PASS	GFF_FEATURE	REF_CODON	REF_AA	ALT_CODON	ALT_AA	POS_AA
NC_045512.2	3639	G	T	27	22	50	1	1	39	0.0357143	28	0.509091	FALSE	NA	NA	NA	NA	NA	NA
NC_045512.2	9612	T	C	67	0	38	1	0	37	0.0147059	68	0.503704	FALSE	NA	NA	NA	NA	NA	NA
NC_045512.2	9733	C	T	41	41	38	1	1	32	0.0238095	42	0.506024	FALSE	NA	NA	NA	NA	NA	NA
NC_045512.2	10230	T	C	75	0	38	1	0	39	0.0131579	76	0.503311	FALSE	NA	NA	NA	NA	NA	NA
NC_045512.2	12160	G	A	0	0	0	9	7	38	1	9	4.11353e-05	TRUE	NA	NA	NA	NA	NA	NA
NC_045512.2	12998	A	T	36	3	39	1	0	77	0.027027	37	0.506849	FALSE	NA	NA	NA	NA	NA	NA
NC_045512.2	13379	G	A	77	75	38	1	1	37	0.0128205	78	0.503226	FALSE	NA	NA	NA	NA	NA	NA
NC_045512.2	15165	A	G	17	12	36	1	0	39	0.0555556	18	0.514286	FALSE	NA	NA	NA	NA	NA	NA
NC_045512.2	15714	C	T	0	0	0	53	30	40	1	53	3.18851e-31	TRUE	NA	NA	NA	NA	NA	NA
NC_045512.2	16616	C	A	7	3	44	1	1	39	0.125	8	0.533333	FALSE	NA	NA	NA	NA	NA	NA
NC_045512.2	17410	C	T	0	0	0	1	1	39	1	1	1	FALSE	NA	NA	NA	NA	NA	NA
NC_045512.2	17550	C	T	94	56	40	1	1	38	0.0105263	95	0.502646	FALSE	NA	NA	NA	NA	NA	NA
NC_045512.2	21770	G	A	0	0	0	5	5	37	1	5	0.00793651	TRUE	NA	NA	NA	NA	NA	NA
NC_045512.2	23403	A	G	0	0	0	18	7	40	1	18	2.20382e-10	TRUE	NA	NA	NA	NA	NA	NA
NC_045512.2	24620	G	T	38	28	39	2	2	39	0.05	40	0.253165	FALSE	NA	NA	NA	NA	NA	NA
NC_045512.2	26416	G	C	30	6	45	1	0	39	0.0322581	31	0.508197	FALSE	NA	NA	NA	NA	NA	NA
NC_045512.2	26529	G	A	0	0	0	1	1	39	1	1	1	FALSE	NA	NA	NA	NA	NA	NA
NC_045512.2	27644	C	T	9	5	43	1	1	39	0.1	10	0.526316	FALSE	NA	NA	NA	NA	NA	NA
NC_045512.2	27807	C	T	0	0	0	1	1	39	1	1	1	FALSE	NA	NA	NA	NA	NA	NA
NC_045512.2	27889	C	T	6	4	44	12	10	38	0.666667	18	2.22469e-05	TRUE	NA	NA	NA	NA	NA	NA
NC_045512.2	28213	A	G	169	94	42	1	1	38	0.00588235	170	0.501475	FALSE	NA	NA	NA	NA	NA	NA
NC_045512.2	28271	A	T	0	0	0	96	95	38	1	96	5.54047e-57	TRUE	NA	NA	NA	NA	NA	NA
NC_045512.2	28330	A	G	3	0	39	4	0	37	0.571429	7	0.048951	FALSE	NA	NA	NA	NA	NA	NA
NC_045512.2	28363	A	T	0	0	0	3	0	36	1	3	0.1	FALSE	NA	NA	NA	NA	NA	NA
NC_045512.2	28370	A	G	0	0	0	4	0	39	1	4	0.0285714	FALSE	NA	NA	NA	NA	NA	NA
NC_045512.2	28402	A	G	19	10	42	2	1	38	0.0952381	21	0.256098	FALSE	NA	NA	NA	NA	NA	NA
NC_045512.2	28658	G	T	103	7	41	1	0	30	0.00961538	104	0.502415	FALSE	NA	NA	NA	NA	NA	NA
NC_045512.2	28724	C	T	76	36	42	12	1	38	0.136364	88	0.000175357	TRUE	NA	NA	NA	NA	NA	NA
