REGION	POS	REF	ALT	REF_DP	REF_RV	REF_QUAL	ALT_DP	ALT_RV	ALT_QUAL	ALT_FREQ	TOTAL_DP	PVAL	PASS	GFF_FEATURE	REF_CODON	REF_AA	ALT_CODON	ALT_AA	POS_AA
NC_045512.2	15714	C	T	4	3	39	16	6	41	0.8	20	1.28476e-07	TRUE	NA	NA	NA	NA	NA	NA
NC_045512.2	15738	C	T	58	20	39	1	0	39	0.0169492	59	0.504274	FALSE	NA	NA	NA	NA	NA	NA
NC_045512.2	15757	C	A	91	33	43	1	1	39	0.0108696	92	0.502732	FALSE	NA	NA	NA	NA	NA	NA
NC_045512.2	17190	T	A	18	8	40	1	1	33	0.0526316	19	0.513514	FALSE	NA	NA	NA	NA	NA	NA
NC_045512.2	18810	T	A	12	11	41	1	1	38	0.0769231	13	0.52	FALSE	NA	NA	NA	NA	NA	NA
NC_045512.2	20308	T	C	18	14	38	1	1	39	0.0526316	19	0.513514	FALSE	NA	NA	NA	NA	NA	NA
NC_045512.2	22578	G	A	0	0	0	2	1	38	1	2	0.333333	FALSE	NA	NA	NA	NA	NA	NA
NC_045512.2	23202	C	A	0	0	0	2	2	38	1	2	0.333333	FALSE	NA	NA	NA	NA	NA	NA
NC_045512.2	23403	A	G	0	0	0	21	13	38	1	21	3.71569e-12	TRUE	NA	NA	NA	NA	NA	NA
NC_045512.2	25228	T	C	19	9	42	1	1	38	0.05	20	0.512821	FALSE	NA	NA	NA	NA	NA	NA
NC_045512.2	25584	C	T	0	0	0	5	5	38	1	5	0.00793651	TRUE	NA	NA	NA	NA	NA	NA
NC_045512.2	26858	C	T	0	0	0	1	1	39	1	1	1	FALSE	NA	NA	NA	NA	NA	NA
NC_045512.2	27382	G	C	0	0	0	1	1	39	1	1	1	FALSE	NA	NA	NA	NA	NA	NA
NC_045512.2	27384	T	C	0	0	0	4	1	38	1	4	0.0285714	FALSE	NA	NA	NA	NA	NA	NA
NC_045512.2	27807	C	T	0	0	0	1	1	39	1	1	1	FALSE	NA	NA	NA	NA	NA	NA
NC_045512.2	28176	T	C	322	94	45	1	0	39	0.00309598	323	0.500775	FALSE	NA	NA	NA	NA	NA	NA
NC_045512.2	28181	T	A	254	157	41	1	0	39	0.00392157	255	0.500982	FALSE	NA	NA	NA	NA	NA	NA
NC_045512.2	28229	T	C	311	224	41	1	1	38	0.00320513	312	0.500803	FALSE	NA	NA	NA	NA	NA	NA
NC_045512.2	28271	A	T	0	0	0	156	156	38	1	156	5.31076e-93	TRUE	NA	NA	NA	NA	NA	NA
NC_045512.2	28311	C	T	0	0	0	2	0	38	1	2	0.333333	FALSE	NA	NA	NA	NA	NA	NA
NC_045512.2	28326	G	T	28	2	37	3	0	37	0.0967742	31	0.124896	FALSE	NA	NA	NA	NA	NA	NA
NC_045512.2	28363	A	T	0	0	0	15	0	36	1	15	1.28935e-08	TRUE	NA	NA	NA	NA	NA	NA
NC_045512.2	28391	C	T	69	42	42	2	2	34	0.028169	71	0.251773	FALSE	NA	NA	NA	NA	NA	NA
NC_045512.2	28674	C	A	273	51	43	1	0	39	0.00364964	274	0.500914	FALSE	NA	NA	NA	NA	NA	NA
NC_045512.2	28699	A	C	155	104	42	4	4	36	0.0251572	159	0.0621	FALSE	NA	NA	NA	NA	NA	NA
NC_045512.2	28702	A	G	166	109	42	2	1	37	0.0119048	168	0.250746	FALSE	NA	NA	NA	NA	NA	NA
NC_045512.2	28705	T	C	140	99	40	2	1	35	0.0140845	142	0.250883	FALSE	NA	NA	NA	NA	NA	NA
NC_045512.2	29299	A	G	278	22	41	1	0	39	0.00358423	279	0.500898	FALSE	NA	NA	NA	NA	NA	NA
NC_045512.2	29510	A	C	0	0	0	2	1	35	1	2	0.333333	FALSE	NA	NA	NA	NA	NA	NA
