REGION	POS	REF	ALT	REF_DP	REF_RV	REF_QUAL	ALT_DP	ALT_RV	ALT_QUAL	ALT_FREQ	TOTAL_DP	PVAL	PASS	GFF_FEATURE	REF_CODON	REF_AA	ALT_CODON	ALT_AA	POS_AA
NC_045512.2	3331	T	C	1	1	39	1	1	39	0.5	2	0.666667	FALSE	NA	NA	NA	NA	NA	NA
NC_045512.2	3757	T	C	7	0	38	1	0	39	0.125	8	0.533333	FALSE	NA	NA	NA	NA	NA	NA
NC_045512.2	4207	G	A	0	0	0	3	0	39	1	3	0.1	FALSE	NA	NA	NA	NA	NA	NA
NC_045512.2	4212	C	G	0	0	0	3	0	37	1	3	0.1	FALSE	NA	NA	NA	NA	NA	NA
NC_045512.2	4315	A	T	0	0	0	1	0	39	1	1	1	FALSE	NA	NA	NA	NA	NA	NA
NC_045512.2	12475	A	G	82	1	38	1	0	39	0.0120482	83	0.50303	FALSE	NA	NA	NA	NA	NA	NA
NC_045512.2	12483	T	C	212	1	36	1	0	39	0.00469484	213	0.501176	FALSE	NA	NA	NA	NA	NA	NA
NC_045512.2	12524	A	G	168	168	38	1	1	38	0.00591716	169	0.501484	FALSE	NA	NA	NA	NA	NA	NA
NC_045512.2	15822	G	T	0	0	0	1	0	33	1	1	1	FALSE	NA	NA	NA	NA	NA	NA
NC_045512.2	16956	A	-GTG	2	2	37	2	0	20	1	2	0.6	FALSE	NA	NA	NA	NA	NA	NA
NC_045512.2	17082	A	G	1	1	27	1	0	36	0.5	2	0.666667	FALSE	NA	NA	NA	NA	NA	NA
NC_045512.2	17410	C	T	0	0	0	17	17	38	1	17	8.57043e-10	TRUE	NA	NA	NA	NA	NA	NA
NC_045512.2	18465	T	A	0	0	0	1	1	39	1	1	1	FALSE	NA	NA	NA	NA	NA	NA
NC_045512.2	20802	T	C	5	0	39	1	0	39	0.166667	6	0.545455	FALSE	NA	NA	NA	NA	NA	NA
NC_045512.2	20828	T	-A	1	1	39	1	0	20	1	1	1	FALSE	NA	NA	NA	NA	NA	NA
NC_045512.2	21545	T	G	0	0	0	8	8	36	1	8	0.0001554	TRUE	NA	NA	NA	NA	NA	NA
NC_045512.2	22130	A	G	178	0	37	1	0	20	0.00558659	179	0.752101	FALSE	NA	NA	NA	NA	NA	NA
NC_045512.2	22199	G	A	137	0	38	1	0	36	0.00724638	138	0.501818	FALSE	NA	NA	NA	NA	NA	NA
NC_045512.2	22200	T	G	0	0	0	137	0	37	1	137	1.36818e-81	TRUE	NA	NA	NA	NA	NA	NA
NC_045512.2	22222	T	C	145	0	37	2	0	37	0.0136054	147	0.250853	FALSE	NA	NA	NA	NA	NA	NA
NC_045512.2	25622	T	C	18	0	36	1	0	37	0.0526316	19	0.513514	FALSE	NA	NA	NA	NA	NA	NA
NC_045512.2	25942	T	A	8	0	38	1	0	39	0.111111	9	0.529412	FALSE	NA	NA	NA	NA	NA	NA
NC_045512.2	26577	C	G	0	0	0	6	0	38	1	6	0.0021645	TRUE	NA	NA	NA	NA	NA	NA
NC_045512.2	28370	A	G	0	0	0	1	0	39	1	1	1	FALSE	NA	NA	NA	NA	NA	NA
NC_045512.2	28883	G	C	0	0	0	1	1	38	1	1	1	FALSE	NA	NA	NA	NA	NA	NA
NC_045512.2	29395	G	A	41	41	38	2	2	39	0.0465116	43	0.252941	FALSE	NA	NA	NA	NA	NA	NA
