REGION	POS	REF	ALT	REF_DP	REF_RV	REF_QUAL	ALT_DP	ALT_RV	ALT_QUAL	ALT_FREQ	TOTAL_DP	PVAL	PASS	GFF_FEATURE	REF_CODON	REF_AA	ALT_CODON	ALT_AA	POS_AA
NC_045512.2	500	G	A	39	4	40	1	0	39	0.025	40	0.506329	FALSE	NA	NA	NA	NA	NA	NA
NC_045512.2	2012	G	T	0	0	0	1	0	27	1	1	1	FALSE	NA	NA	NA	NA	NA	NA
NC_045512.2	4184	G	A	0	0	0	3	3	51	1	3	0.1	FALSE	NA	NA	NA	NA	NA	NA
NC_045512.2	5183	C	T	0	0	0	1	1	39	1	1	1	FALSE	NA	NA	NA	NA	NA	NA
NC_045512.2	5591	T	C	1	0	39	1	1	37	0.5	2	0.666667	FALSE	NA	NA	NA	NA	NA	NA
NC_045512.2	5695	A	T	54	0	38	1	0	39	0.0181818	55	0.504587	FALSE	NA	NA	NA	NA	NA	NA
NC_045512.2	7564	C	-T	3	0	38	1	0	20	0.333333	3	0.666667	FALSE	NA	NA	NA	NA	NA	NA
NC_045512.2	9643	T	C	198	95	40	1	0	39	0.00502513	199	0.501259	FALSE	NA	NA	NA	NA	NA	NA
NC_045512.2	12160	G	A	51	26	40	1	1	39	0.0192308	52	0.504854	FALSE	NA	NA	NA	NA	NA	NA
NC_045512.2	16935	G	A	71	53	43	8	8	36	0.101266	79	0.00341582	TRUE	NA	NA	NA	NA	NA	NA
NC_045512.2	23386	T	C	36	7	44	4	0	37	0.1	40	0.0608253	FALSE	NA	NA	NA	NA	NA	NA
NC_045512.2	23403	A	G	0	0	0	17	7	38	1	17	8.57043e-10	TRUE	NA	NA	NA	NA	NA	NA
NC_045512.2	24558	G	A	100	0	38	1	0	39	0.00990099	101	0.502488	FALSE	NA	NA	NA	NA	NA	NA
NC_045512.2	27889	C	T	0	0	0	28	22	41	1	28	2.61483e-16	TRUE	NA	NA	NA	NA	NA	NA
NC_045512.2	28250	T	G	2	2	57	1	1	39	0.333333	3	0.6	FALSE	NA	NA	NA	NA	NA	NA
NC_045512.2	28271	A	T	0	0	0	1	1	39	1	1	1	FALSE	NA	NA	NA	NA	NA	NA
NC_045512.2	28363	A	T	0	0	0	11	0	36	1	11	2.83514e-06	TRUE	NA	NA	NA	NA	NA	NA
NC_045512.2	28370	A	G	0	0	0	1	1	38	1	1	1	FALSE	NA	NA	NA	NA	NA	NA
NC_045512.2	28419	C	T	19	11	40	7	4	38	0.269231	26	0.00568171	TRUE	NA	NA	NA	NA	NA	NA
NC_045512.2	28436	G	T	18	14	40	3	3	38	0.142857	21	0.124765	FALSE	NA	NA	NA	NA	NA	NA
NC_045512.2	28681	G	T	67	19	46	21	4	41	0.238636	88	1.39746e-07	TRUE	NA	NA	NA	NA	NA	NA
NC_045512.2	29286	A	G	285	13	42	1	0	37	0.0034965	286	0.500876	FALSE	NA	NA	NA	NA	NA	NA
NC_045512.2	29290	G	A	298	19	43	1	0	39	0.00334448	299	0.500838	FALSE	NA	NA	NA	NA	NA	NA
NC_045512.2	29304	C	A	182	56	42	1	0	39	0.00546448	183	0.50137	FALSE	NA	NA	NA	NA	NA	NA
NC_045512.2	29614	C	T	67	13	43	1	0	39	0.0147059	68	0.503704	FALSE	NA	NA	NA	NA	NA	NA
NC_045512.2	29666	C	T	139	107	49	3	1	39	0.0211268	142	0.124995	FALSE	NA	NA	NA	NA	NA	NA
