REGION	POS	REF	ALT	REF_DP	REF_RV	REF_QUAL	ALT_DP	ALT_RV	ALT_QUAL	ALT_FREQ	TOTAL_DP	PVAL	PASS	GFF_FEATURE	REF_CODON	REF_AA	ALT_CODON	ALT_AA	POS_AA
NC_045512.2	3037	C	T	0	0	0	1	1	39	1	1	1	FALSE	NA	NA	NA	NA	NA	NA
NC_045512.2	4184	G	A	0	0	0	2	0	57	1	2	0.333333	FALSE	NA	NA	NA	NA	NA	NA
NC_045512.2	7605	T	-AC	23	14	49	3	0	20	0.130435	23	0.150324	FALSE	NA	NA	NA	NA	NA	NA
NC_045512.2	9344	C	T	0	0	0	2	0	39	1	2	0.333333	FALSE	NA	NA	NA	NA	NA	NA
NC_045512.2	9699	T	C	16	13	41	1	1	39	0.0588235	17	0.515152	FALSE	NA	NA	NA	NA	NA	NA
NC_045512.2	12347	G	A	0	0	0	1	0	37	1	1	1	FALSE	NA	NA	NA	NA	NA	NA
NC_045512.2	13672	T	C	21	15	44	1	0	39	0.0454545	22	0.511628	FALSE	NA	NA	NA	NA	NA	NA
NC_045512.2	15714	C	T	0	0	0	75	47	40	1	75	2.15457e-44	TRUE	NA	NA	NA	NA	NA	NA
NC_045512.2	15757	C	A	369	173	43	1	1	39	0.0027027	370	0.500677	FALSE	NA	NA	NA	NA	NA	NA
NC_045512.2	15803	A	G	290	290	38	1	1	39	0.00343643	291	0.500861	FALSE	NA	NA	NA	NA	NA	NA
NC_045512.2	17557	T	-G	120	103	48	1	0	20	0.00833333	120	0.755195	FALSE	NA	NA	NA	NA	NA	NA
NC_045512.2	20055	A	G	0	0	0	1	1	39	1	1	1	FALSE	NA	NA	NA	NA	NA	NA
NC_045512.2	20645	A	+C	2	2	34	1	0	20	0.5	2	0.75	FALSE	NA	NA	NA	NA	NA	NA
NC_045512.2	21721	C	T	0	0	0	1	1	37	1	1	1	FALSE	NA	NA	NA	NA	NA	NA
NC_045512.2	23403	A	G	0	0	0	21	8	38	1	21	3.71569e-12	TRUE	NA	NA	NA	NA	NA	NA
NC_045512.2	25521	C	T	2	1	38	2	2	39	0.5	4	0.285714	FALSE	NA	NA	NA	NA	NA	NA
NC_045512.2	25584	C	T	0	0	0	3	3	36	1	3	0.1	FALSE	NA	NA	NA	NA	NA	NA
NC_045512.2	27384	T	C	0	0	0	8	5	38	1	8	0.0001554	TRUE	NA	NA	NA	NA	NA	NA
NC_045512.2	27807	C	T	0	0	0	1	1	39	1	1	1	FALSE	NA	NA	NA	NA	NA	NA
NC_045512.2	27945	C	T	11	8	45	4	4	37	0.266667	15	0.0574713	FALSE	NA	NA	NA	NA	NA	NA
NC_045512.2	28147	C	-T	101	1	40	1	0	20	0.00990099	101	0.75617	FALSE	NA	NA	NA	NA	NA	NA
NC_045512.2	28271	A	T	0	0	0	48	48	38	1	48	3.10797e-28	TRUE	NA	NA	NA	NA	NA	NA
NC_045512.2	28311	C	T	0	0	0	1	0	39	1	1	1	FALSE	NA	NA	NA	NA	NA	NA
NC_045512.2	28363	A	T	0	0	0	2	0	34	1	2	0.333333	FALSE	NA	NA	NA	NA	NA	NA
NC_045512.2	28672	T	-G	64	9	39	2	0	20	0.03125	64	0.259811	FALSE	NA	NA	NA	NA	NA	NA
NC_045512.2	28677	C	T	47	9	43	9	2	39	0.160714	56	0.00149929	TRUE	NA	NA	NA	NA	NA	NA
NC_045512.2	28720	C	T	26	11	40	11	4	38	0.297297	37	0.000240268	TRUE	NA	NA	NA	NA	NA	NA
