REGION	POS	REF	ALT	REF_DP	REF_RV	REF_QUAL	ALT_DP	ALT_RV	ALT_QUAL	ALT_FREQ	TOTAL_DP	PVAL	PASS	GFF_FEATURE	REF_CODON	REF_AA	ALT_CODON	ALT_AA	POS_AA
NC_045512.2	1093	C	T	8	1	43	1	0	39	0.111111	9	0.529412	FALSE	NA	NA	NA	NA	NA	NA
NC_045512.2	2037	C	T	15	9	46	2	2	58	0.117647	17	0.257576	FALSE	NA	NA	NA	NA	NA	NA
NC_045512.2	2106	C	T	14	14	41	1	1	39	0.0666667	15	0.517241	FALSE	NA	NA	NA	NA	NA	NA
NC_045512.2	2112	T	C	8	8	37	1	1	39	0.111111	9	0.529412	FALSE	NA	NA	NA	NA	NA	NA
NC_045512.2	10277	C	T	8	3	39	2	1	39	0.2	10	0.263158	FALSE	NA	NA	NA	NA	NA	NA
NC_045512.2	12160	G	A	0	0	0	1	1	38	1	1	1	FALSE	NA	NA	NA	NA	NA	NA
NC_045512.2	13293	G	T	11	0	38	1	0	39	0.0833333	12	0.521739	FALSE	NA	NA	NA	NA	NA	NA
NC_045512.2	15707	T	C	24	0	40	1	0	39	0.04	25	0.510204	FALSE	NA	NA	NA	NA	NA	NA
NC_045512.2	15714	C	T	0	0	0	10	5	38	1	10	1.08251e-05	TRUE	NA	NA	NA	NA	NA	NA
NC_045512.2	17499	T	A	11	6	38	1	1	39	0.0833333	12	0.521739	FALSE	NA	NA	NA	NA	NA	NA
NC_045512.2	21770	G	A	0	0	0	1	1	37	1	1	1	FALSE	NA	NA	NA	NA	NA	NA
NC_045512.2	23403	A	G	0	0	0	5	1	39	1	5	0.00793651	TRUE	NA	NA	NA	NA	NA	NA
NC_045512.2	25584	C	T	0	0	0	2	2	38	1	2	0.333333	FALSE	NA	NA	NA	NA	NA	NA
NC_045512.2	27889	C	T	2	1	38	29	25	40	0.935484	31	2.13137e-15	TRUE	NA	NA	NA	NA	NA	NA
NC_045512.2	28271	A	T	0	0	0	16	16	38	1	16	3.32734e-09	TRUE	NA	NA	NA	NA	NA	NA
NC_045512.2	28363	A	T	0	0	0	2	0	39	1	2	0.333333	FALSE	NA	NA	NA	NA	NA	NA
NC_045512.2	28370	A	G	0	0	0	3	0	39	1	3	0.1	FALSE	NA	NA	NA	NA	NA	NA
NC_045512.2	28402	A	G	9	6	43	1	0	38	0.1	10	0.526316	FALSE	NA	NA	NA	NA	NA	NA
NC_045512.2	28681	G	T	34	7	44	1	0	39	0.0285714	35	0.507246	FALSE	NA	NA	NA	NA	NA	NA
NC_045512.2	28724	C	T	36	17	39	1	1	39	0.027027	37	0.506849	FALSE	NA	NA	NA	NA	NA	NA
