REGION	POS	REF	ALT	REF_DP	REF_RV	REF_QUAL	ALT_DP	ALT_RV	ALT_QUAL	ALT_FREQ	TOTAL_DP	PVAL	PASS	GFF_FEATURE	REF_CODON	REF_AA	ALT_CODON	ALT_AA	POS_AA
NC_045512.2	1722	C	T	56	43	43	1	1	39	0.0175439	57	0.504425	FALSE	NA	NA	NA	NA	NA	NA
NC_045512.2	5512	C	T	2	2	38	2	2	39	0.5	4	0.285714	FALSE	NA	NA	NA	NA	NA	NA
NC_045512.2	9344	C	T	0	0	0	2	0	39	1	2	0.333333	FALSE	NA	NA	NA	NA	NA	NA
NC_045512.2	9424	A	G	0	0	0	1	1	31	1	1	1	FALSE	NA	NA	NA	NA	NA	NA
NC_045512.2	10351	T	C	117	113	40	1	1	39	0.00847458	118	0.502128	FALSE	NA	NA	NA	NA	NA	NA
NC_045512.2	12160	G	A	0	0	0	1	0	75	1	1	1	FALSE	NA	NA	NA	NA	NA	NA
NC_045512.2	15714	C	T	0	0	0	13	6	42	1	13	1.92297e-07	TRUE	NA	NA	NA	NA	NA	NA
NC_045512.2	16616	C	A	9	5	43	1	0	39	0.1	10	0.526316	FALSE	NA	NA	NA	NA	NA	NA
NC_045512.2	17410	C	T	0	0	0	1	1	38	1	1	1	FALSE	NA	NA	NA	NA	NA	NA
NC_045512.2	21204	G	T	5	3	39	1	1	39	0.166667	6	0.545455	FALSE	NA	NA	NA	NA	NA	NA
NC_045512.2	21766	A	C	0	0	0	1	1	39	1	1	1	FALSE	NA	NA	NA	NA	NA	NA
NC_045512.2	21770	G	A	0	0	0	3	3	37	1	3	0.1	FALSE	NA	NA	NA	NA	NA	NA
NC_045512.2	23403	A	G	0	0	0	6	4	38	1	6	0.0021645	TRUE	NA	NA	NA	NA	NA	NA
NC_045512.2	24637	T	A	25	13	41	1	1	39	0.0384615	26	0.509804	FALSE	NA	NA	NA	NA	NA	NA
NC_045512.2	27889	C	T	3	1	51	45	35	42	0.9375	48	6.09162e-24	TRUE	NA	NA	NA	NA	NA	NA
NC_045512.2	28271	A	T	0	0	0	106	106	38	1	106	5.55151e-63	TRUE	NA	NA	NA	NA	NA	NA
NC_045512.2	28330	A	G	4	0	37	3	0	38	0.428571	7	0.122378	FALSE	NA	NA	NA	NA	NA	NA
NC_045512.2	28363	A	T	0	0	0	2	0	37	1	2	0.333333	FALSE	NA	NA	NA	NA	NA	NA
NC_045512.2	28370	A	G	0	0	0	5	0	36	1	5	0.00793651	TRUE	NA	NA	NA	NA	NA	NA
NC_045512.2	28703	G	A	44	32	39	6	5	39	0.12	50	0.0141814	FALSE	NA	NA	NA	NA	NA	NA
NC_045512.2	29301	A	T	55	7	41	1	0	35	0.0178571	56	0.504505	FALSE	NA	NA	NA	NA	NA	NA
NC_045512.2	29367	C	T	83	57	43	1	0	37	0.0119048	84	0.502994	FALSE	NA	NA	NA	NA	NA	NA
NC_045512.2	29653	A	G	20	8	38	1	1	39	0.047619	21	0.512195	FALSE	NA	NA	NA	NA	NA	NA
