REGION	POS	REF	ALT	REF_DP	REF_RV	REF_QUAL	ALT_DP	ALT_RV	ALT_QUAL	ALT_FREQ	TOTAL_DP	PVAL	PASS	GFF_FEATURE	REF_CODON	REF_AA	ALT_CODON	ALT_AA	POS_AA
NC_045512.2	1727	G	T	1	1	39	1	1	33	0.5	2	0.666667	FALSE	NA	NA	NA	NA	NA	NA
NC_045512.2	3935	C	-AG	30	29	39	8	0	20	0.266667	30	0.00749782	TRUE	NA	NA	NA	NA	NA	NA
NC_045512.2	3937	G	C	21	20	38	1	1	37	0.0454545	22	0.431373	FALSE	NA	NA	NA	NA	NA	NA
NC_045512.2	3939	G	A	26	26	40	2	1	34	0.0714286	28	0.254545	FALSE	NA	NA	NA	NA	NA	NA
NC_045512.2	23351	G	T	0	0	0	3	0	38	1	3	0.1	FALSE	NA	NA	NA	NA	NA	NA
NC_045512.2	23403	A	G	0	0	0	8	2	38	1	8	0.0001554	TRUE	NA	NA	NA	NA	NA	NA
NC_045512.2	24579	C	T	43	3	45	1	0	38	0.0227273	44	0.505747	FALSE	NA	NA	NA	NA	NA	NA
NC_045512.2	28252	T	G	35	34	40	1	1	33	0.0277778	36	0.507042	FALSE	NA	NA	NA	NA	NA	NA
NC_045512.2	28271	A	T	0	0	0	16	16	37	1	16	3.32734e-09	TRUE	NA	NA	NA	NA	NA	NA
NC_045512.2	28363	A	T	0	0	0	1	0	39	1	1	1	FALSE	NA	NA	NA	NA	NA	NA
NC_045512.2	28404	G	T	7	4	41	1	0	39	0.125	8	0.533333	FALSE	NA	NA	NA	NA	NA	NA
NC_045512.2	28719	G	T	63	35	39	1	0	38	0.015625	64	0.503937	FALSE	NA	NA	NA	NA	NA	NA
