REGION	POS	REF	ALT	REF_DP	REF_RV	REF_QUAL	ALT_DP	ALT_RV	ALT_QUAL	ALT_FREQ	TOTAL_DP	PVAL	PASS	GFF_FEATURE	REF_CODON	REF_AA	ALT_CODON	ALT_AA	POS_AA
NC_045512.2	3269	A	G	31	15	39	1	0	39	0.03125	32	0.507937	FALSE	NA	NA	NA	NA	NA	NA
NC_045512.2	4184	G	A	0	0	0	1	0	39	1	1	1	FALSE	NA	NA	NA	NA	NA	NA
NC_045512.2	9344	C	T	0	0	0	2	0	39	1	2	0.333333	FALSE	NA	NA	NA	NA	NA	NA
NC_045512.2	9424	A	G	0	0	0	1	1	39	1	1	1	FALSE	NA	NA	NA	NA	NA	NA
NC_045512.2	10480	T	A	1	0	39	1	0	38	0.5	2	0.666667	FALSE	NA	NA	NA	NA	NA	NA
NC_045512.2	11250	G	T	123	117	42	1	1	39	0.00806452	124	0.502024	FALSE	NA	NA	NA	NA	NA	NA
NC_045512.2	12160	G	A	0	0	0	1	0	39	1	1	1	FALSE	NA	NA	NA	NA	NA	NA
NC_045512.2	12771	T	C	8	8	43	1	1	39	0.111111	9	0.529412	FALSE	NA	NA	NA	NA	NA	NA
NC_045512.2	13669	T	-TC	75	49	45	1	0	20	0.0133333	75	0.506667	FALSE	NA	NA	NA	NA	NA	NA
NC_045512.2	14257	T	C	41	30	46	6	6	38	0.12766	47	0.0140868	FALSE	NA	NA	NA	NA	NA	NA
NC_045512.2	15714	C	T	0	0	0	17	10	38	1	17	8.57043e-10	TRUE	NA	NA	NA	NA	NA	NA
NC_045512.2	16949	C	T	58	56	42	1	1	39	0.0169492	59	0.504274	FALSE	NA	NA	NA	NA	NA	NA
NC_045512.2	17410	C	T	0	0	0	6	6	39	1	6	0.0021645	TRUE	NA	NA	NA	NA	NA	NA
NC_045512.2	20832	A	-T	147	5	41	1	0	20	0.00680272	147	0.754243	FALSE	NA	NA	NA	NA	NA	NA
NC_045512.2	22105	A	G	19	14	38	3	2	38	0.136364	22	0.124787	FALSE	NA	NA	NA	NA	NA	NA
NC_045512.2	23403	A	G	0	0	0	5	3	38	1	5	0.00793651	TRUE	NA	NA	NA	NA	NA	NA
NC_045512.2	25584	C	T	0	0	0	4	4	38	1	4	0.0285714	FALSE	NA	NA	NA	NA	NA	NA
NC_045512.2	27807	C	T	0	0	0	1	1	37	1	1	1	FALSE	NA	NA	NA	NA	NA	NA
NC_045512.2	27840	T	C	394	13	40	1	0	39	0.00253165	395	0.500634	FALSE	NA	NA	NA	NA	NA	NA
NC_045512.2	27883	C	T	88	64	38	12	12	38	0.12	100	0.000182961	TRUE	NA	NA	NA	NA	NA	NA
NC_045512.2	27889	C	T	0	0	0	170	147	40	1	170	2.06514e-101	TRUE	NA	NA	NA	NA	NA	NA
NC_045512.2	28271	A	T	0	0	0	29	29	38	1	29	6.65175e-17	TRUE	NA	NA	NA	NA	NA	NA
NC_045512.2	28330	A	G	6	0	37	3	0	35	0.333333	9	0.123529	FALSE	NA	NA	NA	NA	NA	NA
NC_045512.2	28363	A	T	0	0	0	8	0	37	1	8	0.0001554	TRUE	NA	NA	NA	NA	NA	NA
NC_045512.2	28370	A	G	0	0	0	1	1	37	1	1	1	FALSE	NA	NA	NA	NA	NA	NA
NC_045512.2	28681	G	T	81	31	43	4	1	38	0.0470588	85	0.0617404	FALSE	NA	NA	NA	NA	NA	NA
NC_045512.2	28724	C	T	58	38	40	2	1	39	0.0333333	60	0.252101	FALSE	NA	NA	NA	NA	NA	NA
NC_045512.2	29081	G	-TA	86	85	39	1	0	20	0.0116279	86	0.505814	FALSE	NA	NA	NA	NA	NA	NA
NC_045512.2	29596	A	G	107	1	38	1	0	38	0.00925926	108	0.502326	FALSE	NA	NA	NA	NA	NA	NA
NC_045512.2	29666	C	T	159	125	50	2	1	37	0.0124224	161	0.250779	FALSE	NA	NA	NA	NA	NA	NA
