REGION	POS	REF	ALT	REF_DP	REF_RV	REF_QUAL	ALT_DP	ALT_RV	ALT_QUAL	ALT_FREQ	TOTAL_DP	PVAL	PASS	GFF_FEATURE	REF_CODON	REF_AA	ALT_CODON	ALT_AA	POS_AA
NC_045512.2	8541	C	T	20	13	39	6	3	39	0.230769	26	0.0127838	FALSE	NA	NA	NA	NA	NA	NA
NC_045512.2	9344	C	T	0	0	0	1	0	39	1	1	1	FALSE	NA	NA	NA	NA	NA	NA
NC_045512.2	9641	A	G	27	14	45	1	0	33	0.0357143	28	0.509091	FALSE	NA	NA	NA	NA	NA	NA
NC_045512.2	12160	G	A	0	0	0	4	4	39	1	4	0.0285714	FALSE	NA	NA	NA	NA	NA	NA
NC_045512.2	14593	G	A	0	0	0	1	1	39	1	1	1	FALSE	NA	NA	NA	NA	NA	NA
NC_045512.2	15714	C	T	0	0	0	25	11	40	1	25	1.58215e-14	TRUE	NA	NA	NA	NA	NA	NA
NC_045512.2	16025	T	C	50	10	44	1	0	39	0.0196078	51	0.50495	FALSE	NA	NA	NA	NA	NA	NA
NC_045512.2	16616	C	A	3	1	38	1	0	38	0.25	4	0.571429	FALSE	NA	NA	NA	NA	NA	NA
NC_045512.2	18691	T	C	30	0	40	8	0	39	0.210526	38	0.00289866	TRUE	NA	NA	NA	NA	NA	NA
NC_045512.2	20619	T	G	17	11	48	1	1	27	0.0555556	18	0.514286	FALSE	NA	NA	NA	NA	NA	NA
NC_045512.2	21770	G	A	0	0	0	2	2	37	1	2	0.333333	FALSE	NA	NA	NA	NA	NA	NA
NC_045512.2	23403	A	G	0	0	0	7	2	38	1	7	0.000582751	TRUE	NA	NA	NA	NA	NA	NA
NC_045512.2	25584	C	T	0	0	0	1	1	39	1	1	1	FALSE	NA	NA	NA	NA	NA	NA
NC_045512.2	27807	C	T	0	0	0	2	2	39	1	2	0.333333	FALSE	NA	NA	NA	NA	NA	NA
NC_045512.2	27889	C	T	0	0	0	32	29	40	1	32	1.09133e-18	TRUE	NA	NA	NA	NA	NA	NA
NC_045512.2	27945	C	T	30	25	40	1	1	39	0.0322581	31	0.508197	FALSE	NA	NA	NA	NA	NA	NA
NC_045512.2	28271	A	T	0	0	0	67	67	38	1	67	1.33485e-39	TRUE	NA	NA	NA	NA	NA	NA
NC_045512.2	28363	A	T	0	0	0	3	0	37	1	3	0.1	FALSE	NA	NA	NA	NA	NA	NA
NC_045512.2	28370	A	G	0	0	0	7	1	38	1	7	0.000582751	TRUE	NA	NA	NA	NA	NA	NA
NC_045512.2	28681	G	T	64	21	45	12	4	44	0.157895	76	0.000165623	TRUE	NA	NA	NA	NA	NA	NA
NC_045512.2	28719	G	A	67	33	38	1	1	39	0.0147059	68	0.503704	FALSE	NA	NA	NA	NA	NA	NA
NC_045512.2	29376	C	T	38	37	41	6	4	49	0.136364	44	0.0139788	FALSE	NA	NA	NA	NA	NA	NA
