REGION	POS	REF	ALT	REF_DP	REF_RV	REF_QUAL	ALT_DP	ALT_RV	ALT_QUAL	ALT_FREQ	TOTAL_DP	PVAL	PASS	GFF_FEATURE	REF_CODON	REF_AA	ALT_CODON	ALT_AA	POS_AA
NC_045512.2	4184	G	A	0	0	0	1	0	39	1	1	1	FALSE	NA	NA	NA	NA	NA	NA
NC_045512.2	10009	T	C	1	1	39	1	1	35	0.5	2	0.666667	FALSE	NA	NA	NA	NA	NA	NA
NC_045512.2	10261	G	A	0	0	0	1	1	39	1	1	1	FALSE	NA	NA	NA	NA	NA	NA
NC_045512.2	11828	G	T	9	6	38	1	0	39	0.1	10	0.526316	FALSE	NA	NA	NA	NA	NA	NA
NC_045512.2	12128	G	A	2	0	39	1	0	39	0.333333	3	0.6	FALSE	NA	NA	NA	NA	NA	NA
NC_045512.2	12160	G	A	0	0	0	2	1	38	1	2	0.333333	FALSE	NA	NA	NA	NA	NA	NA
NC_045512.2	13643	C	T	227	57	46	1	0	33	0.00438596	228	0.501099	FALSE	NA	NA	NA	NA	NA	NA
NC_045512.2	15714	C	T	0	0	0	8	5	39	1	8	0.0001554	TRUE	NA	NA	NA	NA	NA	NA
NC_045512.2	16616	C	A	47	34	40	1	0	38	0.0208333	48	0.505263	FALSE	NA	NA	NA	NA	NA	NA
NC_045512.2	17410	C	T	0	0	0	1	0	39	1	1	1	FALSE	NA	NA	NA	NA	NA	NA
NC_045512.2	17522	T	C	46	30	40	1	0	38	0.0212766	47	0.505376	FALSE	NA	NA	NA	NA	NA	NA
NC_045512.2	21770	G	A	0	0	0	2	2	37	1	2	0.333333	FALSE	NA	NA	NA	NA	NA	NA
NC_045512.2	22674	C	T	0	0	0	2	2	38	1	2	0.333333	FALSE	NA	NA	NA	NA	NA	NA
NC_045512.2	23403	A	G	0	0	0	1	0	37	1	1	1	FALSE	NA	NA	NA	NA	NA	NA
NC_045512.2	24620	G	T	17	10	40	2	1	39	0.105263	19	0.256757	FALSE	NA	NA	NA	NA	NA	NA
NC_045512.2	27338	A	T	127	89	41	1	0	30	0.0078125	128	0.501961	FALSE	NA	NA	NA	NA	NA	NA
NC_045512.2	27609	A	C	4	0	38	1	0	39	0.2	5	0.555556	FALSE	NA	NA	NA	NA	NA	NA
NC_045512.2	27889	C	T	0	0	0	88	69	41	1	88	3.47683e-52	TRUE	NA	NA	NA	NA	NA	NA
NC_045512.2	28195	G	A	55	31	38	2	2	39	0.0350877	57	0.252212	FALSE	NA	NA	NA	NA	NA	NA
NC_045512.2	28271	A	T	0	0	0	54	54	38	1	54	8.04577e-32	TRUE	NA	NA	NA	NA	NA	NA
NC_045512.2	28330	A	G	14	0	38	2	0	38	0.125	16	0.258065	FALSE	NA	NA	NA	NA	NA	NA
NC_045512.2	28363	A	T	0	0	0	7	2	36	1	7	0.000582751	TRUE	NA	NA	NA	NA	NA	NA
NC_045512.2	28681	G	T	83	15	42	6	1	51	0.0674157	89	0.0148232	FALSE	NA	NA	NA	NA	NA	NA
NC_045512.2	28724	C	T	79	32	41	3	1	38	0.0365854	82	0.124986	FALSE	NA	NA	NA	NA	NA	NA
NC_045512.2	28737	C	G	111	80	46	1	1	39	0.00892857	112	0.502242	FALSE	NA	NA	NA	NA	NA	NA
NC_045512.2	28756	T	C	97	96	38	3	3	38	0.03	100	0.12499	FALSE	NA	NA	NA	NA	NA	NA
NC_045512.2	29078	A	G	49	46	42	1	1	39	0.02	50	0.505051	FALSE	NA	NA	NA	NA	NA	NA
NC_045512.2	29666	C	T	109	83	51	2	1	39	0.018018	111	0.251131	FALSE	NA	NA	NA	NA	NA	NA
