REGION	POS	REF	ALT	REF_DP	REF_RV	REF_QUAL	ALT_DP	ALT_RV	ALT_QUAL	ALT_FREQ	TOTAL_DP	PVAL	PASS	GFF_FEATURE	REF_CODON	REF_AA	ALT_CODON	ALT_AA	POS_AA
NC_045512.2	5193	T	C	2	2	38	1	1	38	0.333333	3	0.6	FALSE	NA	NA	NA	NA	NA	NA
NC_045512.2	7541	A	G	19	2	42	1	0	38	0.05	20	0.512821	FALSE	NA	NA	NA	NA	NA	NA
NC_045512.2	8539	A	G	50	32	39	1	0	39	0.0196078	51	0.50495	FALSE	NA	NA	NA	NA	NA	NA
NC_045512.2	10322	A	T	53	40	41	1	1	39	0.0185185	54	0.504673	FALSE	NA	NA	NA	NA	NA	NA
NC_045512.2	10627	A	T	13	7	44	1	1	39	0.0714286	14	0.518519	FALSE	NA	NA	NA	NA	NA	NA
NC_045512.2	13930	G	T	25	12	38	1	0	39	0.0384615	26	0.509804	FALSE	NA	NA	NA	NA	NA	NA
NC_045512.2	14257	T	C	0	0	0	2	2	38	1	2	0.333333	FALSE	NA	NA	NA	NA	NA	NA
NC_045512.2	14482	T	G	37	0	38	1	0	38	0.0263158	38	0.506667	FALSE	NA	NA	NA	NA	NA	NA
NC_045512.2	15714	C	T	0	0	0	59	30	40	1	59	8.21129e-35	TRUE	NA	NA	NA	NA	NA	NA
NC_045512.2	15741	T	C	384	116	39	1	0	33	0.0025974	385	0.50065	FALSE	NA	NA	NA	NA	NA	NA
NC_045512.2	16935	G	A	0	0	0	22	14	37	1	22	9.50526e-13	TRUE	NA	NA	NA	NA	NA	NA
NC_045512.2	17124	T	C	3	0	39	1	0	39	0.25	4	0.571429	FALSE	NA	NA	NA	NA	NA	NA
NC_045512.2	17410	C	T	0	0	0	1	0	35	1	1	1	FALSE	NA	NA	NA	NA	NA	NA
NC_045512.2	22320	A	G	0	0	0	1	1	39	1	1	1	FALSE	NA	NA	NA	NA	NA	NA
NC_045512.2	23403	A	G	0	0	0	5	1	38	1	5	0.00793651	TRUE	NA	NA	NA	NA	NA	NA
NC_045512.2	27807	C	T	0	0	0	1	0	39	1	1	1	FALSE	NA	NA	NA	NA	NA	NA
NC_045512.2	27889	C	T	31	23	42	131	109	40	0.808642	162	7.51449e-61	TRUE	NA	NA	NA	NA	NA	NA
NC_045512.2	27915	G	T	123	100	38	17	15	39	0.121429	140	4.84612e-06	TRUE	NA	NA	NA	NA	NA	NA
NC_045512.2	28209	G	T	239	90	41	6	0	38	0.0244898	245	0.0153364	FALSE	NA	NA	NA	NA	NA	NA
NC_045512.2	28271	A	T	0	0	0	206	206	38	1	206	4.81331e-123	TRUE	NA	NA	NA	NA	NA	NA
NC_045512.2	28323	T	C	0	0	0	1	0	39	1	1	1	FALSE	NA	NA	NA	NA	NA	NA
NC_045512.2	28363	A	T	0	0	0	4	0	37	1	4	0.0285714	FALSE	NA	NA	NA	NA	NA	NA
NC_045512.2	28681	G	T	13	3	44	191	32	45	0.936275	204	1.89724e-101	TRUE	NA	NA	NA	NA	NA	NA
NC_045512.2	28735	T	A	261	128	43	1	1	39	0.00381679	262	0.500956	FALSE	NA	NA	NA	NA	NA	NA
NC_045512.2	28738	T	C	251	167	42	1	1	38	0.00396825	252	0.500994	FALSE	NA	NA	NA	NA	NA	NA
NC_045512.2	28748	C	T	243	192	44	1	1	39	0.00409836	244	0.501027	FALSE	NA	NA	NA	NA	NA	NA
NC_045512.2	29058	G	T	7	4	37	1	0	37	0.125	8	0.533333	FALSE	NA	NA	NA	NA	NA	NA
NC_045512.2	29510	A	C	0	0	0	1	0	39	1	1	1	FALSE	NA	NA	NA	NA	NA	NA
