REGION	POS	REF	ALT	REF_DP	REF_RV	REF_QUAL	ALT_DP	ALT_RV	ALT_QUAL	ALT_FREQ	TOTAL_DP	PVAL	PASS	GFF_FEATURE	REF_CODON	REF_AA	ALT_CODON	ALT_AA	POS_AA
NC_045512.2	4878	C	T	31	31	38	1	1	39	0.03125	32	0.507937	FALSE	NA	NA	NA	NA	NA	NA
NC_045512.2	13314	T	C	161	21	40	1	0	39	0.00617284	162	0.501548	FALSE	NA	NA	NA	NA	NA	NA
NC_045512.2	14483	T	A	52	1	40	1	0	39	0.0188679	53	0.504762	FALSE	NA	NA	NA	NA	NA	NA
NC_045512.2	15174	A	G	41	27	41	1	0	38	0.0238095	42	0.506024	FALSE	NA	NA	NA	NA	NA	NA
NC_045512.2	15714	C	T	0	0	0	33	22	38	1	33	2.7703e-19	TRUE	NA	NA	NA	NA	NA	NA
NC_045512.2	15811	A	G	54	54	38	1	1	39	0.0181818	55	0.504587	FALSE	NA	NA	NA	NA	NA	NA
NC_045512.2	16017	C	T	236	24	40	1	0	38	0.00421941	237	0.501057	FALSE	NA	NA	NA	NA	NA	NA
NC_045512.2	16031	T	C	270	36	41	1	0	39	0.00369004	271	0.500924	FALSE	NA	NA	NA	NA	NA	NA
NC_045512.2	16039	T	A	213	42	39	1	0	39	0.0046729	214	0.501171	FALSE	NA	NA	NA	NA	NA	NA
NC_045512.2	16093	T	A	386	366	39	1	1	39	0.00258398	387	0.500647	FALSE	NA	NA	NA	NA	NA	NA
NC_045512.2	16094	T	C	399	380	39	1	1	39	0.0025	400	0.500626	FALSE	NA	NA	NA	NA	NA	NA
NC_045512.2	16943	G	C	94	83	41	1	0	39	0.0105263	95	0.502646	FALSE	NA	NA	NA	NA	NA	NA
NC_045512.2	17410	C	T	0	0	0	3	3	39	1	3	0.1	FALSE	NA	NA	NA	NA	NA	NA
NC_045512.2	17482	A	T	214	22	43	1	0	39	0.00465116	215	0.501166	FALSE	NA	NA	NA	NA	NA	NA
NC_045512.2	28180	G	T	108	58	42	1	0	39	0.00917431	109	0.502304	FALSE	NA	NA	NA	NA	NA	NA
NC_045512.2	28228	A	G	159	97	41	1	0	38	0.00625	160	0.501567	FALSE	NA	NA	NA	NA	NA	NA
NC_045512.2	28271	A	T	0	0	0	80	80	38	1	80	2.17285e-47	TRUE	NA	NA	NA	NA	NA	NA
NC_045512.2	28703	G	A	62	47	40	1	0	39	0.015873	63	0.504	FALSE	NA	NA	NA	NA	NA	NA
NC_045512.2	29546	C	T	0	0	0	1	0	39	1	1	1	FALSE	NA	NA	NA	NA	NA	NA
