REGION	POS	REF	ALT	REF_DP	REF_RV	REF_QUAL	ALT_DP	ALT_RV	ALT_QUAL	ALT_FREQ	TOTAL_DP	PVAL	PASS	GFF_FEATURE	REF_CODON	REF_AA	ALT_CODON	ALT_AA	POS_AA
NC_045512.2	1757	G	T	1	1	38	1	1	31	0.5	2	0.666667	FALSE	NA	NA	NA	NA	NA	NA
NC_045512.2	10675	G	T	0	0	0	1	1	34	1	1	1	FALSE	NA	NA	NA	NA	NA	NA
NC_045512.2	12116	C	T	12	2	45	1	0	39	0.0769231	13	0.52	FALSE	NA	NA	NA	NA	NA	NA
NC_045512.2	12160	G	A	3	2	39	5	5	46	0.625	8	0.018648	FALSE	NA	NA	NA	NA	NA	NA
NC_045512.2	12992	C	T	62	6	41	1	0	39	0.015873	63	0.504	FALSE	NA	NA	NA	NA	NA	NA
NC_045512.2	15714	C	T	0	0	0	32	22	39	1	32	1.09133e-18	TRUE	NA	NA	NA	NA	NA	NA
NC_045512.2	16586	C	T	35	13	42	1	0	39	0.0277778	36	0.507042	FALSE	NA	NA	NA	NA	NA	NA
NC_045512.2	16935	G	A	51	39	41	9	6	38	0.15	60	0.00152839	TRUE	NA	NA	NA	NA	NA	NA
NC_045512.2	16956	A	G	77	73	42	1	1	32	0.0128205	78	0.503226	FALSE	NA	NA	NA	NA	NA	NA
NC_045512.2	17410	C	T	0	0	0	1	1	38	1	1	1	FALSE	NA	NA	NA	NA	NA	NA
NC_045512.2	17550	C	A	59	39	39	9	4	38	0.132353	68	0.00157671	TRUE	NA	NA	NA	NA	NA	NA
NC_045512.2	19701	T	C	5	5	38	1	1	38	0.166667	6	0.545455	FALSE	NA	NA	NA	NA	NA	NA
NC_045512.2	21770	G	A	0	0	0	2	2	37	1	2	0.333333	FALSE	NA	NA	NA	NA	NA	NA
NC_045512.2	23403	A	G	0	0	0	1	1	39	1	1	1	FALSE	NA	NA	NA	NA	NA	NA
NC_045512.2	24933	G	T	0	0	0	2	1	39	1	2	0.333333	FALSE	NA	NA	NA	NA	NA	NA
NC_045512.2	27327	G	T	3	3	38	4	3	39	0.571429	7	0.048951	FALSE	NA	NA	NA	NA	NA	NA
NC_045512.2	27844	T	C	42	2	40	1	0	39	0.0232558	43	0.505882	FALSE	NA	NA	NA	NA	NA	NA
NC_045512.2	27889	C	T	0	0	0	27	23	45	1	27	1.02725e-15	TRUE	NA	NA	NA	NA	NA	NA
NC_045512.2	28221	G	T	7	5	42	3	3	39	0.3	10	0.123839	FALSE	NA	NA	NA	NA	NA	NA
NC_045512.2	28271	A	T	0	0	0	7	7	38	1	7	0.000582751	TRUE	NA	NA	NA	NA	NA	NA
NC_045512.2	28330	A	G	15	1	41	3	0	36	0.166667	18	0.124675	FALSE	NA	NA	NA	NA	NA	NA
NC_045512.2	28363	A	T	0	0	0	9	0	38	1	9	4.11353e-05	TRUE	NA	NA	NA	NA	NA	NA
NC_045512.2	28681	G	T	23	7	45	56	8	43	0.708861	79	2.78091e-24	TRUE	NA	NA	NA	NA	NA	NA
NC_045512.2	29296	C	T	110	5	42	2	0	39	0.0178571	112	0.251121	FALSE	NA	NA	NA	NA	NA	NA
NC_045512.2	29348	G	T	54	20	40	3	3	34	0.0526316	57	0.12497	FALSE	NA	NA	NA	NA	NA	NA
NC_045512.2	29353	C	T	59	26	39	1	0	39	0.0166667	60	0.504202	FALSE	NA	NA	NA	NA	NA	NA
NC_045512.2	29396	A	G	81	80	39	2	2	39	0.0240964	83	0.251515	FALSE	NA	NA	NA	NA	NA	NA
NC_045512.2	29510	A	C	0	0	0	1	1	36	1	1	1	FALSE	NA	NA	NA	NA	NA	NA
