REGION	POS	REF	ALT	REF_DP	REF_RV	REF_QUAL	ALT_DP	ALT_RV	ALT_QUAL	ALT_FREQ	TOTAL_DP	PVAL	PASS	GFF_FEATURE	REF_CODON	REF_AA	ALT_CODON	ALT_AA	POS_AA
NC_045512.2	15714	C	T	0	0	0	26	15	41	1	26	4.03292e-15	TRUE	NA	NA	NA	NA	NA	NA
NC_045512.2	16616	C	A	3	1	38	2	0	38	0.4	5	0.277778	FALSE	NA	NA	NA	NA	NA	NA
NC_045512.2	16897	G	T	9	2	38	1	0	37	0.1	10	0.526316	FALSE	NA	NA	NA	NA	NA	NA
NC_045512.2	16935	G	A	21	15	45	2	2	38	0.0869565	23	0.255556	FALSE	NA	NA	NA	NA	NA	NA
NC_045512.2	16947	A	C	28	24	47	1	1	30	0.0344828	29	0.508772	FALSE	NA	NA	NA	NA	NA	NA
NC_045512.2	20633	T	C	12	12	37	1	1	39	0.0769231	13	0.52	FALSE	NA	NA	NA	NA	NA	NA
NC_045512.2	21707	C	T	1	0	39	1	0	39	0.5	2	0.666667	FALSE	NA	NA	NA	NA	NA	NA
NC_045512.2	23403	A	G	0	0	0	5	2	38	1	5	0.00793651	TRUE	NA	NA	NA	NA	NA	NA
NC_045512.2	27889	C	T	0	0	0	21	18	38	1	21	3.71569e-12	TRUE	NA	NA	NA	NA	NA	NA
NC_045512.2	27933	G	T	24	19	43	1	1	39	0.04	25	0.510204	FALSE	NA	NA	NA	NA	NA	NA
NC_045512.2	28215	T	G	132	97	45	1	1	39	0.0075188	133	0.501887	FALSE	NA	NA	NA	NA	NA	NA
NC_045512.2	28271	A	T	0	0	0	31	31	38	1	31	4.29712e-18	TRUE	NA	NA	NA	NA	NA	NA
NC_045512.2	28330	A	G	9	0	43	1	0	36	0.1	10	0.526316	FALSE	NA	NA	NA	NA	NA	NA
NC_045512.2	28363	A	T	0	0	0	7	0	38	1	7	0.000582751	TRUE	NA	NA	NA	NA	NA	NA
NC_045512.2	28370	A	G	0	0	0	3	0	39	1	3	0.1	FALSE	NA	NA	NA	NA	NA	NA
NC_045512.2	28436	G	A	28	19	43	1	1	39	0.0344828	29	0.508772	FALSE	NA	NA	NA	NA	NA	NA
NC_045512.2	28681	G	T	58	16	45	17	4	40	0.226667	75	3.09868e-06	TRUE	NA	NA	NA	NA	NA	NA
NC_045512.2	28756	T	C	65	54	45	2	2	37	0.0298507	67	0.25188	FALSE	NA	NA	NA	NA	NA	NA
NC_045512.2	29296	C	T	105	7	42	1	0	39	0.00943396	106	0.50237	FALSE	NA	NA	NA	NA	NA	NA
NC_045512.2	29394	A	G	64	63	38	1	1	39	0.0153846	65	0.503876	FALSE	NA	NA	NA	NA	NA	NA
NC_045512.2	29642	C	A	22	7	43	1	0	39	0.0434783	23	0.511111	FALSE	NA	NA	NA	NA	NA	NA
NC_045512.2	29666	C	T	26	22	56	2	1	39	0.0714286	28	0.254545	FALSE	NA	NA	NA	NA	NA	NA
