REGION	POS	REF	ALT	REF_DP	REF_RV	REF_QUAL	ALT_DP	ALT_RV	ALT_QUAL	ALT_FREQ	TOTAL_DP	PVAL	PASS	GFF_FEATURE	REF_CODON	REF_AA	ALT_CODON	ALT_AA	POS_AA
NC_045512.2	2095	G	A	29	25	45	1	1	39	0.0333333	30	0.508475	FALSE	NA	NA	NA	NA	NA	NA
NC_045512.2	4184	G	A	0	0	0	1	1	38	1	1	1	FALSE	NA	NA	NA	NA	NA	NA
NC_045512.2	4781	T	C	67	1	40	1	0	37	0.0147059	68	0.503704	FALSE	NA	NA	NA	NA	NA	NA
NC_045512.2	8493	C	T	21	6	38	1	0	39	0.0454545	22	0.511628	FALSE	NA	NA	NA	NA	NA	NA
NC_045512.2	12160	G	A	0	0	0	1	1	39	1	1	1	FALSE	NA	NA	NA	NA	NA	NA
NC_045512.2	14257	T	C	0	0	0	1	0	39	1	1	1	FALSE	NA	NA	NA	NA	NA	NA
NC_045512.2	15714	C	T	0	0	0	57	29	40	1	57	1.29144e-33	TRUE	NA	NA	NA	NA	NA	NA
NC_045512.2	15796	C	T	334	315	41	1	1	39	0.00298507	335	0.500747	FALSE	NA	NA	NA	NA	NA	NA
NC_045512.2	16616	C	A	22	9	42	1	1	39	0.0434783	23	0.511111	FALSE	NA	NA	NA	NA	NA	NA
NC_045512.2	16935	G	A	11	10	37	9	6	38	0.45	20	0.000792581	TRUE	NA	NA	NA	NA	NA	NA
NC_045512.2	18493	C	T	0	0	0	1	1	37	1	1	1	FALSE	NA	NA	NA	NA	NA	NA
NC_045512.2	19099	C	A	2	2	38	1	0	39	0.333333	3	0.6	FALSE	NA	NA	NA	NA	NA	NA
NC_045512.2	21675	A	G	1	0	39	1	0	39	0.5	2	0.666667	FALSE	NA	NA	NA	NA	NA	NA
NC_045512.2	21770	G	A	0	0	0	1	1	37	1	1	1	FALSE	NA	NA	NA	NA	NA	NA
NC_045512.2	23403	A	G	0	0	0	14	6	41	1	14	4.98547e-08	TRUE	NA	NA	NA	NA	NA	NA
NC_045512.2	27412	T	A	4	4	38	1	1	37	0.2	5	0.555556	FALSE	NA	NA	NA	NA	NA	NA
NC_045512.2	27889	C	T	0	0	0	57	52	39	1	57	1.29144e-33	TRUE	NA	NA	NA	NA	NA	NA
NC_045512.2	28214	C	T	145	69	41	2	2	38	0.0136054	147	0.250853	FALSE	NA	NA	NA	NA	NA	NA
NC_045512.2	28214	C	+TT	145	69	41	16	0	20	0.108844	147	0.000203535	TRUE	NA	NA	NA	NA	NA	NA
NC_045512.2	28220	A	T	222	155	41	7	7	39	0.0305677	229	0.00757318	TRUE	NA	NA	NA	NA	NA	NA
NC_045512.2	28244	T	C	188	154	40	1	1	39	0.00529101	189	0.501326	FALSE	NA	NA	NA	NA	NA	NA
NC_045512.2	28271	A	T	0	0	0	139	139	38	1	139	8.61319e-83	TRUE	NA	NA	NA	NA	NA	NA
NC_045512.2	28311	C	T	0	0	0	1	0	39	1	1	1	FALSE	NA	NA	NA	NA	NA	NA
NC_045512.2	28312	C	T	0	0	0	1	0	39	1	1	1	FALSE	NA	NA	NA	NA	NA	NA
NC_045512.2	28363	A	T	0	0	0	47	0	37	1	47	1.23024e-27	TRUE	NA	NA	NA	NA	NA	NA
NC_045512.2	28370	A	G	0	0	0	8	1	38	1	8	0.0001554	TRUE	NA	NA	NA	NA	NA	NA
NC_045512.2	28651	C	T	43	4	40	1	0	39	0.0227273	44	0.505747	FALSE	NA	NA	NA	NA	NA	NA
NC_045512.2	28681	G	T	15	3	46	52	6	39	0.776119	67	1.08711e-23	TRUE	NA	NA	NA	NA	NA	NA
