REGION	POS	REF	ALT	REF_DP	REF_RV	REF_QUAL	ALT_DP	ALT_RV	ALT_QUAL	ALT_FREQ	TOTAL_DP	PVAL	PASS	GFF_FEATURE	REF_CODON	REF_AA	ALT_CODON	ALT_AA	POS_AA
NC_045512.2	478	C	+A	20	0	41	2	0	20	0.1	20	0.281707	FALSE	NA	NA	NA	NA	NA	NA
NC_045512.2	592	T	C	3	3	39	4	4	38	0.571429	7	0.048951	FALSE	NA	NA	NA	NA	NA	NA
NC_045512.2	4184	G	A	0	0	0	3	3	52	1	3	0.1	FALSE	NA	NA	NA	NA	NA	NA
NC_045512.2	9073	C	-A	5	0	37	1	0	20	0.2	5	0.6	FALSE	NA	NA	NA	NA	NA	NA
NC_045512.2	9424	A	G	0	0	0	1	1	39	1	1	1	FALSE	NA	NA	NA	NA	NA	NA
NC_045512.2	9660	T	-CA	58	26	45	1	0	20	0.0172414	58	0.508621	FALSE	NA	NA	NA	NA	NA	NA
NC_045512.2	9806	T	G	0	0	0	1	1	39	1	1	1	FALSE	NA	NA	NA	NA	NA	NA
NC_045512.2	10560	C	T	28	5	39	1	0	39	0.0344828	29	0.508772	FALSE	NA	NA	NA	NA	NA	NA
NC_045512.2	10565	G	T	18	2	42	1	0	39	0.0526316	19	0.513514	FALSE	NA	NA	NA	NA	NA	NA
NC_045512.2	11554	T	C	55	53	41	1	1	38	0.0178571	56	0.504505	FALSE	NA	NA	NA	NA	NA	NA
NC_045512.2	12128	G	T	10	5	40	1	0	39	0.0909091	11	0.52381	FALSE	NA	NA	NA	NA	NA	NA
NC_045512.2	15188	G	-A	12	9	41	1	0	20	0.0833333	12	0.541667	FALSE	NA	NA	NA	NA	NA	NA
NC_045512.2	15714	C	T	0	0	0	22	7	40	1	22	9.50526e-13	TRUE	NA	NA	NA	NA	NA	NA
NC_045512.2	15781	A	G	173	151	44	1	1	39	0.00574713	174	0.501441	FALSE	NA	NA	NA	NA	NA	NA
NC_045512.2	17410	C	T	0	0	0	2	2	39	1	2	0.333333	FALSE	NA	NA	NA	NA	NA	NA
NC_045512.2	18744	C	T	21	14	43	1	1	39	0.0454545	22	0.511628	FALSE	NA	NA	NA	NA	NA	NA
NC_045512.2	21721	C	T	3	1	39	1	0	38	0.25	4	0.571429	FALSE	NA	NA	NA	NA	NA	NA
NC_045512.2	23403	A	G	0	0	0	14	9	41	1	14	4.98547e-08	TRUE	NA	NA	NA	NA	NA	NA
NC_045512.2	23984	G	C	7	0	38	2	0	39	0.222222	9	0.264706	FALSE	NA	NA	NA	NA	NA	NA
NC_045512.2	24070	A	G	34	25	41	1	1	39	0.0285714	35	0.507246	FALSE	NA	NA	NA	NA	NA	NA
NC_045512.2	26177	C	T	5	0	38	2	0	39	0.285714	7	0.269231	FALSE	NA	NA	NA	NA	NA	NA
NC_045512.2	27384	T	C	0	0	0	2	1	39	1	2	0.333333	FALSE	NA	NA	NA	NA	NA	NA
NC_045512.2	28236	C	T	142	117	40	1	1	39	0.00699301	143	0.501754	FALSE	NA	NA	NA	NA	NA	NA
NC_045512.2	28271	A	T	0	0	0	74	73	38	1	74	8.56081e-44	TRUE	NA	NA	NA	NA	NA	NA
NC_045512.2	28363	A	T	0	0	0	4	0	36	1	4	0.0285714	FALSE	NA	NA	NA	NA	NA	NA
NC_045512.2	28370	A	G	0	0	0	3	0	38	1	3	0.1	FALSE	NA	NA	NA	NA	NA	NA
NC_045512.2	28667	T	C	88	6	43	1	0	39	0.011236	89	0.502825	FALSE	NA	NA	NA	NA	NA	NA
NC_045512.2	29372	G	T	189	151	44	4	4	38	0.0207254	193	0.0621715	FALSE	NA	NA	NA	NA	NA	NA
