REGION	POS	REF	ALT	REF_DP	REF_RV	REF_QUAL	ALT_DP	ALT_RV	ALT_QUAL	ALT_FREQ	TOTAL_DP	PVAL	PASS	GFF_FEATURE	REF_CODON	REF_AA	ALT_CODON	ALT_AA	POS_AA
NC_045512.2	4184	G	A	0	0	0	2	2	39	1	2	0.333333	FALSE	NA	NA	NA	NA	NA	NA
NC_045512.2	7598	T	C	0	0	0	1	1	38	1	1	1	FALSE	NA	NA	NA	NA	NA	NA
NC_045512.2	8552	G	A	14	12	41	2	2	37	0.125	16	0.258065	FALSE	NA	NA	NA	NA	NA	NA
NC_045512.2	12160	G	A	0	0	0	5	5	38	1	5	0.00793651	TRUE	NA	NA	NA	NA	NA	NA
NC_045512.2	13087	A	G	3	3	52	1	1	39	0.25	4	0.571429	FALSE	NA	NA	NA	NA	NA	NA
NC_045512.2	13297	C	T	0	0	0	1	0	39	1	1	1	FALSE	NA	NA	NA	NA	NA	NA
NC_045512.2	13972	T	C	6	2	38	1	1	33	0.142857	7	0.538462	FALSE	NA	NA	NA	NA	NA	NA
NC_045512.2	15657	A	G	1	1	39	1	0	34	0.5	2	0.666667	FALSE	NA	NA	NA	NA	NA	NA
NC_045512.2	15706	A	T	69	4	39	1	0	37	0.0142857	70	0.503597	FALSE	NA	NA	NA	NA	NA	NA
NC_045512.2	15714	C	T	0	0	0	23	16	38	1	23	2.42912e-13	TRUE	NA	NA	NA	NA	NA	NA
NC_045512.2	15784	T	C	139	127	43	4	3	37	0.027972	143	0.0620544	FALSE	NA	NA	NA	NA	NA	NA
NC_045512.2	15790	T	A	191	190	39	1	1	33	0.00520833	192	0.501305	FALSE	NA	NA	NA	NA	NA	NA
NC_045512.2	16616	C	T	0	0	0	2	1	39	1	2	0.333333	FALSE	NA	NA	NA	NA	NA	NA
NC_045512.2	16854	T	C	33	4	43	1	0	38	0.0294118	34	0.507463	FALSE	NA	NA	NA	NA	NA	NA
NC_045512.2	16957	G	T	47	42	43	1	1	36	0.0208333	48	0.505263	FALSE	NA	NA	NA	NA	NA	NA
NC_045512.2	23403	A	G	0	0	0	4	3	37	1	4	0.0285714	FALSE	NA	NA	NA	NA	NA	NA
NC_045512.2	23438	G	A	5	2	46	1	1	33	0.166667	6	0.545455	FALSE	NA	NA	NA	NA	NA	NA
NC_045512.2	25584	C	T	0	0	0	1	1	30	1	1	1	FALSE	NA	NA	NA	NA	NA	NA
NC_045512.2	27609	A	G	3	0	49	1	0	76	0.25	4	0.571429	FALSE	NA	NA	NA	NA	NA	NA
NC_045512.2	27889	C	T	0	0	0	6	6	38	1	6	0.0021645	TRUE	NA	NA	NA	NA	NA	NA
NC_045512.2	28132	C	T	27	0	38	3	0	39	0.1	30	0.124888	FALSE	NA	NA	NA	NA	NA	NA
NC_045512.2	28183	G	A	48	23	39	1	1	38	0.0204082	49	0.505155	FALSE	NA	NA	NA	NA	NA	NA
NC_045512.2	28271	A	T	0	0	0	39	39	38	1	39	7.34834e-23	TRUE	NA	NA	NA	NA	NA	NA
NC_045512.2	28330	A	G	0	0	0	1	0	38	1	1	1	FALSE	NA	NA	NA	NA	NA	NA
NC_045512.2	28674	C	T	101	21	45	1	1	33	0.00980392	102	0.502463	FALSE	NA	NA	NA	NA	NA	NA
NC_045512.2	28686	C	T	55	31	42	1	0	30	0.0178571	56	0.504505	FALSE	NA	NA	NA	NA	NA	NA
NC_045512.2	28730	A	G	49	22	39	1	1	39	0.02	50	0.505051	FALSE	NA	NA	NA	NA	NA	NA
NC_045512.2	28744	C	T	39	25	45	5	5	39	0.113636	44	0.0293914	FALSE	NA	NA	NA	NA	NA	NA
NC_045512.2	28760	C	T	66	65	39	1	1	39	0.0149254	67	0.503759	FALSE	NA	NA	NA	NA	NA	NA
