REGION	POS	REF	ALT	REF_DP	REF_RV	REF_QUAL	ALT_DP	ALT_RV	ALT_QUAL	ALT_FREQ	TOTAL_DP	PVAL	PASS	GFF_FEATURE	REF_CODON	REF_AA	ALT_CODON	ALT_AA	POS_AA
NC_045512.2	1215	T	G	3	2	50	1	1	29	0.25	4	0.571429	FALSE	NA	NA	NA	NA	NA	NA
NC_045512.2	2036	G	T	10	7	38	3	2	36	0.230769	13	0.124348	FALSE	NA	NA	NA	NA	NA	NA
NC_045512.2	3325	T	A	10	8	37	1	1	39	0.0909091	11	0.52381	FALSE	NA	NA	NA	NA	NA	NA
NC_045512.2	5404	T	C	7	3	44	1	1	39	0.125	8	0.533333	FALSE	NA	NA	NA	NA	NA	NA
NC_045512.2	12160	G	A	0	0	0	2	0	38	1	2	0.333333	FALSE	NA	NA	NA	NA	NA	NA
NC_045512.2	12719	A	G	15	14	41	1	0	38	0.0625	16	0.516129	FALSE	NA	NA	NA	NA	NA	NA
NC_045512.2	13079	T	C	3	2	39	3	2	39	0.5	6	0.121212	FALSE	NA	NA	NA	NA	NA	NA
NC_045512.2	15714	C	T	0	0	0	34	22	38	1	34	7.02913e-20	TRUE	NA	NA	NA	NA	NA	NA
NC_045512.2	15799	T	C	160	154	40	1	1	39	0.00621118	161	0.501558	FALSE	NA	NA	NA	NA	NA	NA
NC_045512.2	15814	G	T	51	51	37	1	1	35	0.0192308	52	0.504854	FALSE	NA	NA	NA	NA	NA	NA
NC_045512.2	16017	C	T	14	5	45	2	0	38	0.125	16	0.258065	FALSE	NA	NA	NA	NA	NA	NA
NC_045512.2	16090	T	A	40	38	41	1	1	38	0.0243902	41	0.506173	FALSE	NA	NA	NA	NA	NA	NA
NC_045512.2	16666	A	G	10	10	36	1	1	37	0.0909091	11	0.52381	FALSE	NA	NA	NA	NA	NA	NA
NC_045512.2	16935	G	A	49	36	43	4	4	39	0.0754717	53	0.0612575	FALSE	NA	NA	NA	NA	NA	NA
NC_045512.2	23403	A	G	0	0	0	5	1	38	1	5	0.00793651	TRUE	NA	NA	NA	NA	NA	NA
NC_045512.2	26270	C	T	0	0	0	1	0	38	1	1	1	FALSE	NA	NA	NA	NA	NA	NA
NC_045512.2	27691	A	G	3	3	39	1	1	38	0.25	4	0.571429	FALSE	NA	NA	NA	NA	NA	NA
NC_045512.2	27889	C	T	0	0	0	43	31	41	1	43	3.01316e-25	TRUE	NA	NA	NA	NA	NA	NA
NC_045512.2	28138	C	T	50	0	38	3	0	39	0.0566038	53	0.124965	FALSE	NA	NA	NA	NA	NA	NA
NC_045512.2	28271	A	T	0	0	0	40	40	38	1	40	1.86034e-23	TRUE	NA	NA	NA	NA	NA	NA
NC_045512.2	28330	A	G	11	1	40	1	0	36	0.0833333	12	0.521739	FALSE	NA	NA	NA	NA	NA	NA
NC_045512.2	28363	A	T	0	0	0	7	0	35	1	7	0.000582751	TRUE	NA	NA	NA	NA	NA	NA
NC_045512.2	28370	A	G	0	0	0	1	0	39	1	1	1	FALSE	NA	NA	NA	NA	NA	NA
NC_045512.2	28462	C	T	5	3	51	1	1	37	0.166667	6	0.545455	FALSE	NA	NA	NA	NA	NA	NA
NC_045512.2	28681	G	T	21	3	42	13	2	44	0.382353	34	3.65755e-05	TRUE	NA	NA	NA	NA	NA	NA
NC_045512.2	28724	C	A	35	21	44	1	1	30	0.0277778	36	0.507042	FALSE	NA	NA	NA	NA	NA	NA
NC_045512.2	29593	G	T	35	0	38	1	0	39	0.0277778	36	0.507042	FALSE	NA	NA	NA	NA	NA	NA
NC_045512.2	29666	C	T	65	55	50	3	2	38	0.0441176	68	0.124979	FALSE	NA	NA	NA	NA	NA	NA
NC_045512.2	29693	T	C	25	25	38	1	1	39	0.0384615	26	0.509804	FALSE	NA	NA	NA	NA	NA	NA
