REGION	POS	REF	ALT	REF_DP	REF_RV	REF_QUAL	ALT_DP	ALT_RV	ALT_QUAL	ALT_FREQ	TOTAL_DP	PVAL	PASS	GFF_FEATURE	REF_CODON	REF_AA	ALT_CODON	ALT_AA	POS_AA
NC_045512.2	9424	A	G	0	0	0	1	1	38	1	1	1	FALSE	NA	NA	NA	NA	NA	NA
NC_045512.2	12160	G	A	0	0	0	1	1	39	1	1	1	FALSE	NA	NA	NA	NA	NA	NA
NC_045512.2	15714	C	T	0	0	0	23	13	38	1	23	2.42912e-13	TRUE	NA	NA	NA	NA	NA	NA
NC_045512.2	15730	G	A	58	34	38	1	1	39	0.0169492	59	0.504274	FALSE	NA	NA	NA	NA	NA	NA
NC_045512.2	16935	G	A	1	1	37	2	1	39	0.666667	3	0.3	FALSE	NA	NA	NA	NA	NA	NA
NC_045512.2	17410	C	T	0	0	0	2	2	39	1	2	0.333333	FALSE	NA	NA	NA	NA	NA	NA
NC_045512.2	17859	T	C	1	1	39	2	2	37	0.666667	3	0.3	FALSE	NA	NA	NA	NA	NA	NA
NC_045512.2	20250	A	G	5	1	54	1	0	39	0.166667	6	0.545455	FALSE	NA	NA	NA	NA	NA	NA
NC_045512.2	20627	G	T	8	5	43	2	2	54	0.2	10	0.263158	FALSE	NA	NA	NA	NA	NA	NA
NC_045512.2	21770	G	A	3	3	51	2	2	36	0.4	5	0.277778	FALSE	NA	NA	NA	NA	NA	NA
NC_045512.2	23403	A	G	0	0	0	10	3	38	1	10	1.08251e-05	TRUE	NA	NA	NA	NA	NA	NA
NC_045512.2	26529	G	A	0	0	0	1	1	39	1	1	1	FALSE	NA	NA	NA	NA	NA	NA
NC_045512.2	27332	T	C	27	19	43	1	0	39	0.0357143	28	0.509091	FALSE	NA	NA	NA	NA	NA	NA
NC_045512.2	27889	C	T	36	27	39	37	27	39	0.506849	73	1.97787e-14	TRUE	NA	NA	NA	NA	NA	NA
NC_045512.2	28132	C	T	21	1	37	2	0	39	0.0869565	23	0.255556	FALSE	NA	NA	NA	NA	NA	NA
NC_045512.2	28271	A	T	0	0	0	23	23	38	1	23	2.42912e-13	TRUE	NA	NA	NA	NA	NA	NA
NC_045512.2	28311	C	T	0	0	0	2	1	34	1	2	0.333333	FALSE	NA	NA	NA	NA	NA	NA
NC_045512.2	28312	C	T	1	1	35	1	0	39	0.5	2	0.666667	FALSE	NA	NA	NA	NA	NA	NA
NC_045512.2	28363	A	T	0	0	0	7	0	37	1	7	0.000582751	TRUE	NA	NA	NA	NA	NA	NA
NC_045512.2	28370	A	G	0	0	0	7	0	38	1	7	0.000582751	TRUE	NA	NA	NA	NA	NA	NA
NC_045512.2	28681	G	T	10	2	42	42	7	39	0.807692	52	1.13927e-19	TRUE	NA	NA	NA	NA	NA	NA
NC_045512.2	28713	G	T	52	33	38	2	0	39	0.037037	54	0.252336	FALSE	NA	NA	NA	NA	NA	NA
NC_045512.2	28714	C	T	53	32	38	1	1	34	0.0185185	54	0.504673	FALSE	NA	NA	NA	NA	NA	NA
NC_045512.2	29057	C	A	22	14	38	1	1	34	0.0434783	23	0.511111	FALSE	NA	NA	NA	NA	NA	NA
NC_045512.2	29670	C	T	54	45	49	1	1	39	0.0181818	55	0.504587	FALSE	NA	NA	NA	NA	NA	NA
