REGION	POS	REF	ALT	REF_DP	REF_RV	REF_QUAL	ALT_DP	ALT_RV	ALT_QUAL	ALT_FREQ	TOTAL_DP	PVAL	PASS	GFF_FEATURE	REF_CODON	REF_AA	ALT_CODON	ALT_AA	POS_AA
NC_045512.2	3572	T	G	42	8	43	1	0	39	0.0232558	43	0.505882	FALSE	NA	NA	NA	NA	NA	NA
NC_045512.2	4184	G	A	0	0	0	2	2	38	1	2	0.333333	FALSE	NA	NA	NA	NA	NA	NA
NC_045512.2	4824	C	T	46	33	44	1	1	39	0.0212766	47	0.505376	FALSE	NA	NA	NA	NA	NA	NA
NC_045512.2	7842	A	T	16	7	41	1	0	39	0.0588235	17	0.515152	FALSE	NA	NA	NA	NA	NA	NA
NC_045512.2	10940	G	T	4	4	38	1	0	39	0.2	5	0.555556	FALSE	NA	NA	NA	NA	NA	NA
NC_045512.2	13524	T	A	0	0	0	1	1	39	1	1	1	FALSE	NA	NA	NA	NA	NA	NA
NC_045512.2	15714	C	T	0	0	0	25	14	41	1	25	1.58215e-14	TRUE	NA	NA	NA	NA	NA	NA
NC_045512.2	16092	C	T	105	96	39	5	5	37	0.0454545	110	0.0305267	FALSE	NA	NA	NA	NA	NA	NA
NC_045512.2	16096	C	A	97	90	40	1	1	30	0.0102041	98	0.502564	FALSE	NA	NA	NA	NA	NA	NA
NC_045512.2	16377	G	T	4	4	39	2	2	39	0.333333	6	0.272727	FALSE	NA	NA	NA	NA	NA	NA
NC_045512.2	16953	A	G	221	205	43	1	1	39	0.0045045	222	0.501129	FALSE	NA	NA	NA	NA	NA	NA
NC_045512.2	17410	C	T	0	0	0	1	1	39	1	1	1	FALSE	NA	NA	NA	NA	NA	NA
NC_045512.2	23403	A	G	0	0	0	9	1	38	1	9	4.11353e-05	TRUE	NA	NA	NA	NA	NA	NA
NC_045512.2	24703	T	A	15	15	39	1	1	29	0.0625	16	0.516129	FALSE	NA	NA	NA	NA	NA	NA
NC_045512.2	27384	T	C	4	4	39	3	0	39	0.428571	7	0.122378	FALSE	NA	NA	NA	NA	NA	NA
NC_045512.2	28271	A	T	0	0	0	73	73	37	1	73	3.40119e-43	TRUE	NA	NA	NA	NA	NA	NA
NC_045512.2	28363	A	T	0	0	0	4	0	38	1	4	0.0285714	FALSE	NA	NA	NA	NA	NA	NA
NC_045512.2	28370	A	G	0	0	0	10	1	38	1	10	1.08251e-05	TRUE	NA	NA	NA	NA	NA	NA
NC_045512.2	28706	C	A	48	31	42	1	0	38	0.0204082	49	0.505155	FALSE	NA	NA	NA	NA	NA	NA
NC_045512.2	28724	C	T	66	29	41	1	0	37	0.0149254	67	0.503759	FALSE	NA	NA	NA	NA	NA	NA
NC_045512.2	28776	C	A	37	37	38	1	1	39	0.0263158	38	0.506667	FALSE	NA	NA	NA	NA	NA	NA
