REGION	POS	REF	ALT	REF_DP	REF_RV	REF_QUAL	ALT_DP	ALT_RV	ALT_QUAL	ALT_FREQ	TOTAL_DP	PVAL	PASS	GFF_FEATURE	REF_CODON	REF_AA	ALT_CODON	ALT_AA	POS_AA
NC_045512.2	1727	G	-T	2	0	39	1	0	20	0.5	2	0.75	FALSE	NA	NA	NA	NA	NA	NA
NC_045512.2	4184	G	A	0	0	0	1	0	38	1	1	1	FALSE	NA	NA	NA	NA	NA	NA
NC_045512.2	15701	C	A	60	7	38	1	1	39	0.0163934	61	0.504132	FALSE	NA	NA	NA	NA	NA	NA
NC_045512.2	15714	C	T	0	0	0	17	11	41	1	17	8.57043e-10	TRUE	NA	NA	NA	NA	NA	NA
NC_045512.2	15731	T	A	52	28	39	1	1	39	0.0188679	53	0.504762	FALSE	NA	NA	NA	NA	NA	NA
NC_045512.2	16117	G	T	0	0	0	1	1	39	1	1	1	FALSE	NA	NA	NA	NA	NA	NA
NC_045512.2	21770	G	A	0	0	0	2	2	38	1	2	0.333333	FALSE	NA	NA	NA	NA	NA	NA
NC_045512.2	23403	A	G	0	0	0	6	2	39	1	6	0.0021645	TRUE	NA	NA	NA	NA	NA	NA
NC_045512.2	27889	C	T	1	1	52	46	40	42	0.978723	47	5.78212e-26	TRUE	NA	NA	NA	NA	NA	NA
NC_045512.2	27967	G	T	17	17	38	4	4	39	0.190476	21	0.0590994	FALSE	NA	NA	NA	NA	NA	NA
NC_045512.2	28271	A	T	0	0	0	21	21	38	1	21	3.71569e-12	TRUE	NA	NA	NA	NA	NA	NA
NC_045512.2	28330	A	G	0	0	0	1	0	38	1	1	1	FALSE	NA	NA	NA	NA	NA	NA
NC_045512.2	28363	A	T	0	0	0	4	0	36	1	4	0.0285714	FALSE	NA	NA	NA	NA	NA	NA
NC_045512.2	28682	G	T	21	8	37	1	0	27	0.0454545	22	0.511628	FALSE	NA	NA	NA	NA	NA	NA
NC_045512.2	28708	C	A	36	22	41	1	0	39	0.027027	37	0.506849	FALSE	NA	NA	NA	NA	NA	NA
NC_045512.2	28957	C	T	1	0	36	1	0	35	0.5	2	0.666667	FALSE	NA	NA	NA	NA	NA	NA
NC_045512.2	29666	C	T	6	6	51	3	2	39	0.333333	9	0.123529	FALSE	NA	NA	NA	NA	NA	NA
