REGION	POS	REF	ALT	REF_DP	REF_RV	REF_QUAL	ALT_DP	ALT_RV	ALT_QUAL	ALT_FREQ	TOTAL_DP	PVAL	PASS	GFF_FEATURE	REF_CODON	REF_AA	ALT_CODON	ALT_AA	POS_AA
NC_045512.2	4184	G	A	0	0	0	1	1	39	1	1	1	FALSE	NA	NA	NA	NA	NA	NA
NC_045512.2	5384	G	A	41	0	38	1	0	39	0.0238095	42	0.506024	FALSE	NA	NA	NA	NA	NA	NA
NC_045512.2	12160	G	A	4	4	39	4	3	39	0.5	8	0.0512821	FALSE	NA	NA	NA	NA	NA	NA
NC_045512.2	13966	G	A	3	2	38	1	0	39	0.25	4	0.571429	FALSE	NA	NA	NA	NA	NA	NA
NC_045512.2	14257	T	C	0	0	0	1	1	38	1	1	1	FALSE	NA	NA	NA	NA	NA	NA
NC_045512.2	15714	C	T	0	0	0	37	24	40	1	37	1.14539e-21	TRUE	NA	NA	NA	NA	NA	NA
NC_045512.2	16935	G	A	5	3	37	5	4	38	0.5	10	0.0216718	FALSE	NA	NA	NA	NA	NA	NA
NC_045512.2	20931	G	T	0	0	0	1	1	39	1	1	1	FALSE	NA	NA	NA	NA	NA	NA
NC_045512.2	23403	A	G	0	0	0	18	5	38	1	18	2.20382e-10	TRUE	NA	NA	NA	NA	NA	NA
NC_045512.2	26858	C	T	2	2	39	1	1	39	0.333333	3	0.6	FALSE	NA	NA	NA	NA	NA	NA
NC_045512.2	27853	A	T	276	16	40	2	0	37	0.00719424	278	0.25045	FALSE	NA	NA	NA	NA	NA	NA
NC_045512.2	27859	A	G	276	37	45	1	0	38	0.00361011	277	0.500904	FALSE	NA	NA	NA	NA	NA	NA
NC_045512.2	27889	C	T	27	23	40	126	100	41	0.823529	153	2.63105e-59	TRUE	NA	NA	NA	NA	NA	NA
NC_045512.2	27952	G	A	142	131	45	1	1	39	0.00699301	143	0.501754	FALSE	NA	NA	NA	NA	NA	NA
NC_045512.2	28138	C	T	136	3	39	5	0	39	0.035461	141	0.030688	FALSE	NA	NA	NA	NA	NA	NA
NC_045512.2	28271	A	T	0	0	0	147	147	38	1	147	1.35149e-87	TRUE	NA	NA	NA	NA	NA	NA
NC_045512.2	28311	C	T	0	0	0	2	0	38	1	2	0.333333	FALSE	NA	NA	NA	NA	NA	NA
NC_045512.2	28312	C	T	0	0	0	2	0	39	1	2	0.333333	FALSE	NA	NA	NA	NA	NA	NA
NC_045512.2	28330	A	G	47	0	39	1	0	38	0.0208333	48	0.505263	FALSE	NA	NA	NA	NA	NA	NA
NC_045512.2	28363	A	T	0	0	0	18	0	37	1	18	2.20382e-10	TRUE	NA	NA	NA	NA	NA	NA
NC_045512.2	28370	A	G	0	0	0	2	1	35	1	2	0.333333	FALSE	NA	NA	NA	NA	NA	NA
NC_045512.2	28402	A	G	104	56	39	1	1	27	0.00952381	105	0.753589	FALSE	NA	NA	NA	NA	NA	NA
NC_045512.2	28681	G	T	38	8	42	119	25	42	0.757962	157	4.53067e-53	TRUE	NA	NA	NA	NA	NA	NA
NC_045512.2	28712	G	A	169	93	39	1	1	37	0.00588235	170	0.501475	FALSE	NA	NA	NA	NA	NA	NA
