REGION	POS	REF	ALT	REF_DP	REF_RV	REF_QUAL	ALT_DP	ALT_RV	ALT_QUAL	ALT_FREQ	TOTAL_DP	PVAL	PASS	GFF_FEATURE	REF_CODON	REF_AA	ALT_CODON	ALT_AA	POS_AA
NC_045512.2	12275	A	T	13	4	32	1	1	26	0.0714286	14	0.518519	FALSE	NA	NA	NA	NA	NA	NA
NC_045512.2	15176	T	G	96	10	39	1	0	34	0.0103093	97	0.502591	FALSE	NA	NA	NA	NA	NA	NA
NC_045512.2	15230	G	C	90	41	35	1	1	27	0.010989	91	0.502762	FALSE	NA	NA	NA	NA	NA	NA
NC_045512.2	15279	C	T	42	40	35	2	2	30	0.0454545	44	0.252874	FALSE	NA	NA	NA	NA	NA	NA
NC_045512.2	16847	A	T	50	45	37	1	1	34	0.0196078	51	0.50495	FALSE	NA	NA	NA	NA	NA	NA
NC_045512.2	16864	G	C	32	32	33	1	1	34	0.030303	33	0.507692	FALSE	NA	NA	NA	NA	NA	NA
NC_045512.2	16878	A	T	0	0	0	2	2	34	1	2	0.333333	FALSE	NA	NA	NA	NA	NA	NA
NC_045512.2	17199	A	C	58	48	36	1	1	34	0.0169492	59	0.504274	FALSE	NA	NA	NA	NA	NA	NA
NC_045512.2	17649	C	T	441	57	36	1	1	26	0.00226244	442	0.969279	FALSE	NA	NA	NA	NA	NA	NA
NC_045512.2	17695	G	A	270	120	33	1	1	34	0.00369004	271	0.500924	FALSE	NA	NA	NA	NA	NA	NA
NC_045512.2	17705	G	T	319	166	34	1	1	26	0.003125	320	0.938476	FALSE	NA	NA	NA	NA	NA	NA
NC_045512.2	17724	A	T	724	668	36	1	1	34	0.00137931	725	0.500345	FALSE	NA	NA	NA	NA	NA	NA
NC_045512.2	17739	A	T	758	740	34	1	1	34	0.00131752	759	0.50033	FALSE	NA	NA	NA	NA	NA	NA
NC_045512.2	17751	T	G	247	246	32	1	1	26	0.00403226	248	0.876514	FALSE	NA	NA	NA	NA	NA	NA
NC_045512.2	18693	C	G	623	570	35	1	1	20	0.00160256	624	0.992362	FALSE	NA	NA	NA	NA	NA	NA
NC_045512.2	18699	T	C	566	541	34	1	1	34	0.00176367	567	0.500441	FALSE	NA	NA	NA	NA	NA	NA
NC_045512.2	18711	T	A	496	490	33	2	2	34	0.00401606	498	0.250251	FALSE	NA	NA	NA	NA	NA	NA
NC_045512.2	19326	A	G	0	0	0	8	4	37	1	8	0.0001554	TRUE	NA	NA	NA	NA	NA	NA
NC_045512.2	22109	C	G	0	0	0	4	4	34	1	4	0.0285714	FALSE	NA	NA	NA	NA	NA	NA
NC_045512.2	28623	C	G	79	0	35	1	0	34	0.0125	80	0.503145	FALSE	NA	NA	NA	NA	NA	NA
NC_045512.2	28656	A	T	85	42	37	1	1	26	0.0116279	86	0.502924	FALSE	NA	NA	NA	NA	NA	NA
NC_045512.2	29634	A	C	38	10	39	1	0	26	0.025641	39	0.506494	FALSE	NA	NA	NA	NA	NA	NA
NC_045512.2	29667	T	A	52	30	42	1	1	34	0.0188679	53	0.504762	FALSE	NA	NA	NA	NA	NA	NA
