REGION	POS	REF	ALT	REF_DP	REF_RV	REF_QUAL	ALT_DP	ALT_RV	ALT_QUAL	ALT_FREQ	TOTAL_DP	PVAL	PASS	GFF_FEATURE	REF_CODON	REF_AA	ALT_CODON	ALT_AA	POS_AA
NC_045512.2	2086	G	T	25	21	44	5	4	39	0.166667	30	0.0284648	FALSE	NA	NA	NA	NA	NA	NA
NC_045512.2	4779	T	C	42	2	40	1	0	38	0.0232558	43	0.505882	FALSE	NA	NA	NA	NA	NA	NA
NC_045512.2	5826	C	T	2	2	39	1	1	39	0.333333	3	0.6	FALSE	NA	NA	NA	NA	NA	NA
NC_045512.2	10642	G	A	16	14	42	1	1	39	0.0588235	17	0.515152	FALSE	NA	NA	NA	NA	NA	NA
NC_045512.2	12160	G	A	0	0	0	3	3	39	1	3	0.1	FALSE	NA	NA	NA	NA	NA	NA
NC_045512.2	17537	C	A	36	22	43	1	1	39	0.027027	37	0.506849	FALSE	NA	NA	NA	NA	NA	NA
NC_045512.2	21543	T	C	4	4	38	1	1	38	0.2	5	0.555556	FALSE	NA	NA	NA	NA	NA	NA
NC_045512.2	21770	G	A	0	0	0	1	1	38	1	1	1	FALSE	NA	NA	NA	NA	NA	NA
NC_045512.2	22578	G	A	0	0	0	1	0	38	1	1	1	FALSE	NA	NA	NA	NA	NA	NA
NC_045512.2	22674	C	T	0	0	0	1	1	38	1	1	1	FALSE	NA	NA	NA	NA	NA	NA
NC_045512.2	23104	T	C	3	0	38	1	0	38	0.25	4	0.571429	FALSE	NA	NA	NA	NA	NA	NA
NC_045512.2	23403	A	G	0	0	0	13	7	38	1	13	1.92297e-07	TRUE	NA	NA	NA	NA	NA	NA
NC_045512.2	25553	C	T	1	0	39	1	1	39	0.5	2	0.666667	FALSE	NA	NA	NA	NA	NA	NA
NC_045512.2	25584	C	T	0	0	0	3	3	38	1	3	0.1	FALSE	NA	NA	NA	NA	NA	NA
NC_045512.2	27859	A	G	96	14	49	1	0	38	0.0103093	97	0.502591	FALSE	NA	NA	NA	NA	NA	NA
NC_045512.2	27889	C	T	0	0	0	44	38	41	1	44	7.61948e-26	TRUE	NA	NA	NA	NA	NA	NA
NC_045512.2	28271	A	T	0	0	0	71	71	38	1	71	5.3671e-42	TRUE	NA	NA	NA	NA	NA	NA
NC_045512.2	28330	A	G	7	0	38	4	0	38	0.363636	11	0.0551378	FALSE	NA	NA	NA	NA	NA	NA
NC_045512.2	28363	A	T	0	0	0	9	1	36	1	9	4.11353e-05	TRUE	NA	NA	NA	NA	NA	NA
NC_045512.2	28370	A	G	0	0	0	10	0	38	1	10	1.08251e-05	TRUE	NA	NA	NA	NA	NA	NA
NC_045512.2	28402	A	G	48	32	39	4	0	38	0.0769231	52	0.0612323	FALSE	NA	NA	NA	NA	NA	NA
NC_045512.2	28681	G	T	62	10	40	18	4	40	0.225	80	1.46495e-06	TRUE	NA	NA	NA	NA	NA	NA
NC_045512.2	28695	C	T	47	27	38	2	1	38	0.0408163	49	0.252577	FALSE	NA	NA	NA	NA	NA	NA
NC_045512.2	29614	C	T	42	8	47	1	0	39	0.0232558	43	0.505882	FALSE	NA	NA	NA	NA	NA	NA
