REGION	POS	REF	ALT	REF_DP	REF_RV	REF_QUAL	ALT_DP	ALT_RV	ALT_QUAL	ALT_FREQ	TOTAL_DP	PVAL	PASS	GFF_FEATURE	REF_CODON	REF_AA	ALT_CODON	ALT_AA	POS_AA
NC_045512.2	1722	C	-T	53	43	38	7	0	20	0.132075	53	0.0106605	FALSE	NA	NA	NA	NA	NA	NA
NC_045512.2	1762	C	A	30	17	42	1	1	39	0.0322581	31	0.508197	FALSE	NA	NA	NA	NA	NA	NA
NC_045512.2	2655	A	T	6	1	38	1	0	39	0.142857	7	0.538462	FALSE	NA	NA	NA	NA	NA	NA
NC_045512.2	3037	C	T	0	0	0	1	1	29	1	1	1	FALSE	NA	NA	NA	NA	NA	NA
NC_045512.2	4184	G	A	0	0	0	1	1	39	1	1	1	FALSE	NA	NA	NA	NA	NA	NA
NC_045512.2	5768	C	T	48	21	39	1	1	39	0.0204082	49	0.505155	FALSE	NA	NA	NA	NA	NA	NA
NC_045512.2	9344	C	T	0	0	0	2	0	39	1	2	0.333333	FALSE	NA	NA	NA	NA	NA	NA
NC_045512.2	9424	A	G	0	0	0	1	1	39	1	1	1	FALSE	NA	NA	NA	NA	NA	NA
NC_045512.2	15714	C	T	0	0	0	28	15	41	1	28	2.61483e-16	TRUE	NA	NA	NA	NA	NA	NA
NC_045512.2	16076	A	T	152	92	46	1	1	44	0.00653595	153	0.501639	FALSE	NA	NA	NA	NA	NA	NA
NC_045512.2	17557	T	C	58	55	45	1	1	31	0.0169492	59	0.504274	FALSE	NA	NA	NA	NA	NA	NA
NC_045512.2	18444	A	G	0	0	0	1	1	39	1	1	1	FALSE	NA	NA	NA	NA	NA	NA
NC_045512.2	18758	T	C	2	0	39	11	10	38	0.846154	13	1.7499e-05	TRUE	NA	NA	NA	NA	NA	NA
NC_045512.2	19029	C	T	12	0	38	11	0	38	0.478261	23	0.000133202	TRUE	NA	NA	NA	NA	NA	NA
NC_045512.2	19069	G	T	26	6	42	1	0	39	0.037037	27	0.509434	FALSE	NA	NA	NA	NA	NA	NA
NC_045512.2	19143	T	A	26	26	38	1	1	39	0.037037	27	0.509434	FALSE	NA	NA	NA	NA	NA	NA
NC_045512.2	20837	C	T	20	1	39	1	0	29	0.047619	21	0.512195	FALSE	NA	NA	NA	NA	NA	NA
NC_045512.2	21770	G	A	0	0	0	2	2	37	1	2	0.333333	FALSE	NA	NA	NA	NA	NA	NA
NC_045512.2	22586	T	C	0	0	0	1	1	39	1	1	1	FALSE	NA	NA	NA	NA	NA	NA
NC_045512.2	23161	G	T	0	0	0	1	1	38	1	1	1	FALSE	NA	NA	NA	NA	NA	NA
NC_045512.2	23403	A	G	0	0	0	17	6	38	1	17	8.57043e-10	TRUE	NA	NA	NA	NA	NA	NA
NC_045512.2	25584	C	T	0	0	0	4	4	38	1	4	0.0285714	FALSE	NA	NA	NA	NA	NA	NA
NC_045512.2	27889	C	T	0	0	0	18	11	40	1	18	2.20382e-10	TRUE	NA	NA	NA	NA	NA	NA
NC_045512.2	28162	G	A	134	16	41	1	0	39	0.00740741	135	0.501859	FALSE	NA	NA	NA	NA	NA	NA
NC_045512.2	28271	A	T	0	0	0	70	70	38	1	70	2.13172e-41	TRUE	NA	NA	NA	NA	NA	NA
NC_045512.2	28370	A	G	0	0	0	4	0	38	1	4	0.0285714	FALSE	NA	NA	NA	NA	NA	NA
NC_045512.2	28688	T	C	91	45	40	1	0	38	0.0108696	92	0.502732	FALSE	NA	NA	NA	NA	NA	NA
NC_045512.2	29627	C	T	5	0	38	5	4	39	0.5	10	0.0216718	FALSE	NA	NA	NA	NA	NA	NA
NC_045512.2	29651	G	A	5	0	45	1	0	35	0.166667	6	0.545455	FALSE	NA	NA	NA	NA	NA	NA
NC_045512.2	29868	G	A	0	0	0	1	0	26	1	1	1	FALSE	NA	NA	NA	NA	NA	NA
