REGION	POS	REF	ALT	REF_DP	REF_RV	REF_QUAL	ALT_DP	ALT_RV	ALT_QUAL	ALT_FREQ	TOTAL_DP	PVAL	PASS	GFF_FEATURE	REF_CODON	REF_AA	ALT_CODON	ALT_AA	POS_AA
NC_045512.2	3548	G	T	40	2	39	1	0	39	0.0243902	41	0.506173	FALSE	NA	NA	NA	NA	NA	NA
NC_045512.2	9615	C	T	45	0	39	1	0	31	0.0217391	46	0.505495	FALSE	NA	NA	NA	NA	NA	NA
NC_045512.2	9690	T	A	26	13	40	1	1	39	0.037037	27	0.509434	FALSE	NA	NA	NA	NA	NA	NA
NC_045512.2	12653	G	T	15	0	38	1	0	35	0.0625	16	0.516129	FALSE	NA	NA	NA	NA	NA	NA
NC_045512.2	12714	G	A	24	7	39	1	0	39	0.04	25	0.510204	FALSE	NA	NA	NA	NA	NA	NA
NC_045512.2	15672	G	T	2	0	35	3	0	37	0.6	5	0.119048	FALSE	NA	NA	NA	NA	NA	NA
NC_045512.2	15714	C	T	0	0	0	14	5	41	1	14	4.98547e-08	TRUE	NA	NA	NA	NA	NA	NA
NC_045512.2	20330	A	G	30	13	39	1	1	33	0.0322581	31	0.508197	FALSE	NA	NA	NA	NA	NA	NA
NC_045512.2	21157	G	A	55	10	41	1	0	39	0.0178571	56	0.504505	FALSE	NA	NA	NA	NA	NA	NA
NC_045512.2	21170	T	C	44	18	41	1	0	39	0.0222222	45	0.505618	FALSE	NA	NA	NA	NA	NA	NA
NC_045512.2	21770	G	A	0	0	0	2	2	37	1	2	0.333333	FALSE	NA	NA	NA	NA	NA	NA
NC_045512.2	24130	C	A	0	0	0	3	3	38	1	3	0.1	FALSE	NA	NA	NA	NA	NA	NA
NC_045512.2	24618	G	A	52	43	41	1	1	39	0.0188679	53	0.504762	FALSE	NA	NA	NA	NA	NA	NA
NC_045512.2	25584	C	T	0	0	0	1	1	34	1	1	1	FALSE	NA	NA	NA	NA	NA	NA
NC_045512.2	28271	A	T	0	0	0	17	17	38	1	17	8.57043e-10	TRUE	NA	NA	NA	NA	NA	NA
NC_045512.2	28363	A	T	0	0	0	1	0	39	1	1	1	FALSE	NA	NA	NA	NA	NA	NA
