REGION	POS	REF	ALT	REF_DP	REF_RV	REF_QUAL	ALT_DP	ALT_RV	ALT_QUAL	ALT_FREQ	TOTAL_DP	PVAL	PASS	GFF_FEATURE	REF_CODON	REF_AA	ALT_CODON	ALT_AA	POS_AA
NC_045512.2	5377	T	C	2	0	39	1	0	38	0.333333	3	0.6	FALSE	NA	NA	NA	NA	NA	NA
NC_045512.2	12160	G	A	0	0	0	2	2	38	1	2	0.333333	FALSE	NA	NA	NA	NA	NA	NA
NC_045512.2	12976	A	G	20	0	38	1	0	39	0.047619	21	0.512195	FALSE	NA	NA	NA	NA	NA	NA
NC_045512.2	13027	T	C	25	16	45	1	1	37	0.0384615	26	0.509804	FALSE	NA	NA	NA	NA	NA	NA
NC_045512.2	13065	T	C	18	11	41	2	2	39	0.1	20	0.25641	FALSE	NA	NA	NA	NA	NA	NA
NC_045512.2	15714	C	T	0	0	0	5	3	39	1	5	0.00793651	TRUE	NA	NA	NA	NA	NA	NA
NC_045512.2	16850	A	T	24	1	43	2	0	39	0.0769231	26	0.254902	FALSE	NA	NA	NA	NA	NA	NA
NC_045512.2	23403	A	G	0	0	0	2	2	38	1	2	0.333333	FALSE	NA	NA	NA	NA	NA	NA
NC_045512.2	25584	C	T	0	0	0	1	1	36	1	1	1	FALSE	NA	NA	NA	NA	NA	NA
NC_045512.2	27402	T	C	9	9	51	6	6	39	0.4	15	0.0105364	FALSE	NA	NA	NA	NA	NA	NA
NC_045512.2	27844	T	C	102	2	40	1	0	39	0.00970874	103	0.502439	FALSE	NA	NA	NA	NA	NA	NA
NC_045512.2	27889	C	T	0	0	0	77	63	42	1	77	1.36438e-45	TRUE	NA	NA	NA	NA	NA	NA
NC_045512.2	28126	A	T	8	0	37	1	0	38	0.111111	9	0.529412	FALSE	NA	NA	NA	NA	NA	NA
NC_045512.2	28271	A	T	0	0	0	38	37	38	1	38	2.90165e-22	TRUE	NA	NA	NA	NA	NA	NA
NC_045512.2	28330	A	G	2	0	37	5	0	38	0.714286	7	0.016317	FALSE	NA	NA	NA	NA	NA	NA
NC_045512.2	28363	A	T	0	0	0	13	0	36	1	13	1.92297e-07	TRUE	NA	NA	NA	NA	NA	NA
NC_045512.2	28436	G	T	35	30	41	3	3	38	0.0769231	39	0.12	FALSE	NA	NA	NA	NA	NA	NA
NC_045512.2	28436	G	A	35	30	41	1	1	39	0.025641	39	0.486486	FALSE	NA	NA	NA	NA	NA	NA
NC_045512.2	29278	T	A	39	1	41	1	0	39	0.025	40	0.506329	FALSE	NA	NA	NA	NA	NA	NA
NC_045512.2	29510	A	C	0	0	0	2	2	38	1	2	0.333333	FALSE	NA	NA	NA	NA	NA	NA
