REGION	POS	REF	ALT	REF_DP	REF_RV	REF_QUAL	ALT_DP	ALT_RV	ALT_QUAL	ALT_FREQ	TOTAL_DP	PVAL	PASS	GFF_FEATURE	REF_CODON	REF_AA	ALT_CODON	ALT_AA	POS_AA
NC_045512.2	29861	G	-GAGAA	1	0	37	1	0	20	1	1	1	FALSE	NA	NA	NA	NA	NA	NA
NC_045512.2	29868	G	T	6	0	37	1	0	37	0.0714286	14	0.35	FALSE	NA	NA	NA	NA	NA	NA
NC_045512.2	29868	G	A	6	0	37	7	0	37	0.5	14	0.0026087	TRUE	NA	NA	NA	NA	NA	NA
NC_045512.2	29895	A	T	7056	94	35	2	0	31	0.000283366	7058	0.980509	FALSE	NA	NA	NA	NA	NA	NA
NC_045512.2	29896	A	T	7040	93	35	1	0	37	0.000142025	7041	0.996104	FALSE	NA	NA	NA	NA	NA	NA
NC_045512.2	29897	A	T	7081	91	35	1	0	37	0.000141203	7082	0.996104	FALSE	NA	NA	NA	NA	NA	NA
NC_045512.2	29898	A	T	6960	95	35	1	0	25	0.000143658	6961	1	FALSE	NA	NA	NA	NA	NA	NA
NC_045512.2	29899	A	T	6959	96	35	1	0	25	0.000143658	6961	1	FALSE	NA	NA	NA	NA	NA	NA
NC_045512.2	29899	A	G	6959	96	35	1	0	37	0.000143658	6961	0.992199	FALSE	NA	NA	NA	NA	NA	NA
