REGION	POS	REF	ALT	REF_DP	REF_RV	REF_QUAL	ALT_DP	ALT_RV	ALT_QUAL	ALT_FREQ	TOTAL_DP	PVAL	PASS	GFF_FEATURE	REF_CODON	REF_AA	ALT_CODON	ALT_AA	POS_AA
NC_045512.2	596	G	T	0	0	0	6	6	37	1	6	0.0021645	TRUE	NA	NA	NA	NA	NA	NA
NC_045512.2	4184	G	A	0	0	0	1	0	39	1	1	1	FALSE	NA	NA	NA	NA	NA	NA
NC_045512.2	4778	A	G	67	0	39	1	0	36	0.0147059	68	0.503704	FALSE	NA	NA	NA	NA	NA	NA
NC_045512.2	4858	T	C	51	45	47	1	1	36	0.0192308	52	0.504854	FALSE	NA	NA	NA	NA	NA	NA
NC_045512.2	11514	C	T	7	2	44	7	2	38	0.5	14	0.00386473	TRUE	NA	NA	NA	NA	NA	NA
NC_045512.2	13306	T	-A	36	6	37	1	0	20	0.0277778	36	0.513889	FALSE	NA	NA	NA	NA	NA	NA
NC_045512.2	14009	T	A	9	9	38	1	1	39	0.1	10	0.526316	FALSE	NA	NA	NA	NA	NA	NA
NC_045512.2	15714	C	T	0	0	0	11	4	45	1	11	2.83514e-06	TRUE	NA	NA	NA	NA	NA	NA
NC_045512.2	19067	A	T	44	15	42	1	0	39	0.0222222	45	0.505618	FALSE	NA	NA	NA	NA	NA	NA
NC_045512.2	23403	A	G	0	0	0	11	7	38	1	11	2.83514e-06	TRUE	NA	NA	NA	NA	NA	NA
NC_045512.2	27384	T	C	0	0	0	2	2	39	1	2	0.333333	FALSE	NA	NA	NA	NA	NA	NA
NC_045512.2	28271	A	T	0	0	0	49	49	38	1	49	7.85003e-29	TRUE	NA	NA	NA	NA	NA	NA
NC_045512.2	28363	A	T	0	0	0	1	0	35	1	1	1	FALSE	NA	NA	NA	NA	NA	NA
NC_045512.2	28750	A	T	15	15	40	1	1	37	0.0625	16	0.516129	FALSE	NA	NA	NA	NA	NA	NA
