REGION	POS	REF	ALT	REF_DP	REF_RV	REF_QUAL	ALT_DP	ALT_RV	ALT_QUAL	ALT_FREQ	TOTAL_DP	PVAL	PASS	GFF_FEATURE	REF_CODON	REF_AA	ALT_CODON	ALT_AA	POS_AA
NC_045512.2	3610	T	A	10	8	50	1	1	78	0.0909091	11	0.52381	FALSE	NA	NA	NA	NA	NA	NA
NC_045512.2	4184	G	A	0	0	0	2	0	39	1	2	0.333333	FALSE	NA	NA	NA	NA	NA	NA
NC_045512.2	9424	A	G	0	0	0	1	1	39	1	1	1	FALSE	NA	NA	NA	NA	NA	NA
NC_045512.2	12160	G	A	7	5	37	3	1	38	0.3	10	0.123839	FALSE	NA	NA	NA	NA	NA	NA
NC_045512.2	13329	C	T	23	8	40	5	4	38	0.178571	28	0.0282514	FALSE	NA	NA	NA	NA	NA	NA
NC_045512.2	13982	G	T	50	45	44	1	1	30	0.0196078	51	0.50495	FALSE	NA	NA	NA	NA	NA	NA
NC_045512.2	15714	C	T	0	0	0	26	16	38	1	26	4.03292e-15	TRUE	NA	NA	NA	NA	NA	NA
NC_045512.2	15738	C	T	58	23	39	1	0	37	0.0169492	59	0.504274	FALSE	NA	NA	NA	NA	NA	NA
NC_045512.2	16114	C	A	44	43	39	1	1	38	0.0222222	45	0.505618	FALSE	NA	NA	NA	NA	NA	NA
NC_045512.2	16395	A	-G	3	2	39	1	0	20	0.333333	3	0.666667	FALSE	NA	NA	NA	NA	NA	NA
NC_045512.2	16936	C	A	127	105	42	1	1	39	0.0078125	128	0.501961	FALSE	NA	NA	NA	NA	NA	NA
NC_045512.2	19146	T	C	7	7	36	1	1	27	0.125	8	0.533333	FALSE	NA	NA	NA	NA	NA	NA
NC_045512.2	19735	G	T	15	13	38	1	1	39	0.0625	16	0.516129	FALSE	NA	NA	NA	NA	NA	NA
NC_045512.2	21721	C	T	3	3	37	2	0	58	0.4	5	0.277778	FALSE	NA	NA	NA	NA	NA	NA
NC_045512.2	22578	G	A	0	0	0	1	0	38	1	1	1	FALSE	NA	NA	NA	NA	NA	NA
NC_045512.2	23403	A	G	0	0	0	1	1	39	1	1	1	FALSE	NA	NA	NA	NA	NA	NA
NC_045512.2	26140	G	A	27	3	42	1	0	38	0.0357143	28	0.509091	FALSE	NA	NA	NA	NA	NA	NA
NC_045512.2	27382	G	C	0	0	0	1	1	39	1	1	1	FALSE	NA	NA	NA	NA	NA	NA
NC_045512.2	27384	T	C	0	0	0	3	3	37	1	3	0.1	FALSE	NA	NA	NA	NA	NA	NA
NC_045512.2	28271	A	T	0	0	0	33	33	38	1	33	2.7703e-19	TRUE	NA	NA	NA	NA	NA	NA
NC_045512.2	28363	A	T	0	0	0	3	0	38	1	3	0.1	FALSE	NA	NA	NA	NA	NA	NA
NC_045512.2	28435	C	T	12	8	46	2	2	39	0.142857	14	0.259259	FALSE	NA	NA	NA	NA	NA	NA
NC_045512.2	28720	C	T	24	14	41	1	0	36	0.04	25	0.510204	FALSE	NA	NA	NA	NA	NA	NA
NC_045512.2	29510	A	C	0	0	0	1	0	39	1	1	1	FALSE	NA	NA	NA	NA	NA	NA
