REGION	POS	REF	ALT	REF_DP	REF_RV	REF_QUAL	ALT_DP	ALT_RV	ALT_QUAL	ALT_FREQ	TOTAL_DP	PVAL	PASS	GFF_FEATURE	REF_CODON	REF_AA	ALT_CODON	ALT_AA	POS_AA
NC_045512.2	5704	G	T	0	0	0	14	0	39	1	14	4.98547e-08	TRUE	NA	NA	NA	NA	NA	NA
NC_045512.2	7537	A	G	27	0	38	1	0	39	0.0357143	28	0.509091	FALSE	NA	NA	NA	NA	NA	NA
NC_045512.2	16895	A	T	1	0	39	1	1	38	0.5	2	0.666667	FALSE	NA	NA	NA	NA	NA	NA
NC_045512.2	19691	T	C	28	17	41	1	1	39	0.0344828	29	0.508772	FALSE	NA	NA	NA	NA	NA	NA
NC_045512.2	22578	G	A	0	0	0	3	1	37	1	3	0.1	FALSE	NA	NA	NA	NA	NA	NA
NC_045512.2	22673	T	C	0	0	0	1	1	36	1	1	1	FALSE	NA	NA	NA	NA	NA	NA
NC_045512.2	23202	C	A	28	26	39	5	5	38	0.151515	33	0.0287336	FALSE	NA	NA	NA	NA	NA	NA
NC_045512.2	23377	T	-A	31	4	48	1	0	20	0.0322581	31	0.516129	FALSE	NA	NA	NA	NA	NA	NA
NC_045512.2	23403	A	G	0	0	0	10	4	38	1	10	1.08251e-05	TRUE	NA	NA	NA	NA	NA	NA
NC_045512.2	24066	A	G	15	11	40	1	0	38	0.0625	16	0.516129	FALSE	NA	NA	NA	NA	NA	NA
NC_045512.2	27384	T	C	0	0	0	1	1	38	1	1	1	FALSE	NA	NA	NA	NA	NA	NA
NC_045512.2	27866	T	C	1	1	39	26	5	44	0.962963	27	2.77358e-14	TRUE	NA	NA	NA	NA	NA	NA
NC_045512.2	28363	A	T	0	0	0	2	0	38	1	2	0.333333	FALSE	NA	NA	NA	NA	NA	NA
NC_045512.2	29333	A	T	0	0	0	1	1	37	1	1	1	FALSE	NA	NA	NA	NA	NA	NA
NC_045512.2	29632	C	T	34	8	43	1	0	36	0.0285714	35	0.507246	FALSE	NA	NA	NA	NA	NA	NA
