REGION	POS	REF	ALT	REF_DP	REF_RV	REF_QUAL	ALT_DP	ALT_RV	ALT_QUAL	ALT_FREQ	TOTAL_DP	PVAL	PASS	GFF_FEATURE	REF_CODON	REF_AA	ALT_CODON	ALT_AA	POS_AA
NC_045512.2	4184	G	A	0	0	0	2	0	38	1	2	0.333333	FALSE	NA	NA	NA	NA	NA	NA
NC_045512.2	4778	A	T	179	2	39	1	0	39	0.00555556	180	0.501393	FALSE	NA	NA	NA	NA	NA	NA
NC_045512.2	4834	A	T	136	102	40	1	1	39	0.00729927	137	0.501832	FALSE	NA	NA	NA	NA	NA	NA
NC_045512.2	15714	C	T	0	0	0	31	15	41	1	31	4.29712e-18	TRUE	NA	NA	NA	NA	NA	NA
NC_045512.2	16059	T	C	62	10	39	1	1	37	0.015873	63	0.504	FALSE	NA	NA	NA	NA	NA	NA
NC_045512.2	21762	C	T	0	0	0	1	1	37	1	1	1	FALSE	NA	NA	NA	NA	NA	NA
NC_045512.2	21770	G	A	0	0	0	4	4	36	1	4	0.0285714	FALSE	NA	NA	NA	NA	NA	NA
NC_045512.2	22080	A	G	3	2	51	1	0	38	0.25	4	0.571429	FALSE	NA	NA	NA	NA	NA	NA
NC_045512.2	28271	A	T	0	0	0	209	209	38	1	209	7.5753e-125	TRUE	NA	NA	NA	NA	NA	NA
NC_045512.2	28657	C	T	36	0	38	63	0	38	0.636364	99	4.99601e-26	TRUE	NA	NA	NA	NA	NA	NA
NC_045512.2	28673	G	A	134	4	39	1	0	27	0.00740741	135	0.752788	FALSE	NA	NA	NA	NA	NA	NA
NC_045512.2	28708	C	A	103	58	39	1	0	39	0.00961538	104	0.502415	FALSE	NA	NA	NA	NA	NA	NA
NC_045512.2	28751	C	T	126	105	44	1	1	37	0.00787402	127	0.501976	FALSE	NA	NA	NA	NA	NA	NA
NC_045512.2	29296	C	T	195	15	42	1	0	38	0.00510204	196	0.501279	FALSE	NA	NA	NA	NA	NA	NA
NC_045512.2	29364	C	A	182	114	42	1	1	37	0.00546448	183	0.50137	FALSE	NA	NA	NA	NA	NA	NA
NC_045512.2	29868	G	A	0	0	0	1	0	37	1	1	1	FALSE	NA	NA	NA	NA	NA	NA
