REGION	POS	REF	ALT	REF_DP	REF_RV	REF_QUAL	ALT_DP	ALT_RV	ALT_QUAL	ALT_FREQ	TOTAL_DP	PVAL	PASS	GFF_FEATURE	REF_CODON	REF_AA	ALT_CODON	ALT_AA	POS_AA
NC_045512.2	2028	C	T	33	14	49	1	1	39	0.0294118	34	0.507463	FALSE	NA	NA	NA	NA	NA	NA
NC_045512.2	2279	A	T	0	0	0	1	0	39	1	1	1	FALSE	NA	NA	NA	NA	NA	NA
NC_045512.2	4184	G	A	0	0	0	5	3	46	1	5	0.00793651	TRUE	NA	NA	NA	NA	NA	NA
NC_045512.2	11160	A	G	44	10	45	1	0	37	0.0222222	45	0.505618	FALSE	NA	NA	NA	NA	NA	NA
NC_045512.2	12160	G	A	0	0	0	10	7	38	1	10	1.08251e-05	TRUE	NA	NA	NA	NA	NA	NA
NC_045512.2	13285	A	C	102	5	40	1	0	33	0.00970874	103	0.502439	FALSE	NA	NA	NA	NA	NA	NA
NC_045512.2	14257	T	C	0	0	0	4	3	38	1	4	0.0285714	FALSE	NA	NA	NA	NA	NA	NA
NC_045512.2	15714	C	T	0	0	0	43	29	40	1	43	3.01316e-25	TRUE	NA	NA	NA	NA	NA	NA
NC_045512.2	16045	C	T	159	35	39	1	0	39	0.00625	160	0.501567	FALSE	NA	NA	NA	NA	NA	NA
NC_045512.2	16373	A	G	18	17	39	1	1	38	0.0526316	19	0.513514	FALSE	NA	NA	NA	NA	NA	NA
NC_045512.2	16615	A	G	52	33	40	1	1	39	0.0188679	53	0.504762	FALSE	NA	NA	NA	NA	NA	NA
NC_045512.2	16935	G	A	1	1	31	12	10	38	0.923077	13	2.49986e-06	TRUE	NA	NA	NA	NA	NA	NA
NC_045512.2	17136	T	C	30	0	40	1	0	39	0.0322581	31	0.508197	FALSE	NA	NA	NA	NA	NA	NA
NC_045512.2	17410	C	T	0	0	0	1	1	38	1	1	1	FALSE	NA	NA	NA	NA	NA	NA
NC_045512.2	23403	A	G	0	0	0	30	15	38	1	30	1.69112e-17	TRUE	NA	NA	NA	NA	NA	NA
NC_045512.2	28180	G	T	38	16	41	1	0	33	0.025641	39	0.506494	FALSE	NA	NA	NA	NA	NA	NA
NC_045512.2	28271	A	T	0	0	0	39	39	38	1	39	7.34834e-23	TRUE	NA	NA	NA	NA	NA	NA
NC_045512.2	28363	A	T	0	0	0	2	0	39	1	2	0.333333	FALSE	NA	NA	NA	NA	NA	NA
NC_045512.2	28681	G	T	0	0	0	43	8	45	1	43	3.01316e-25	TRUE	NA	NA	NA	NA	NA	NA
NC_045512.2	28703	G	A	47	35	41	1	1	39	0.0208333	48	0.505263	FALSE	NA	NA	NA	NA	NA	NA
