REGION	POS	REF	ALT	REF_DP	REF_RV	REF_QUAL	ALT_DP	ALT_RV	ALT_QUAL	ALT_FREQ	TOTAL_DP	PVAL	PASS	GFF_FEATURE	REF_CODON	REF_AA	ALT_CODON	ALT_AA	POS_AA
NC_045512.2	15714	C	T	0	0	0	2	2	39	1	2	0.333333	FALSE	NA	NA	NA	NA	NA	NA
NC_045512.2	17410	C	T	0	0	0	1	1	38	1	1	1	FALSE	NA	NA	NA	NA	NA	NA
NC_045512.2	23403	A	G	0	0	0	3	0	38	1	3	0.1	FALSE	NA	NA	NA	NA	NA	NA
NC_045512.2	27889	C	T	3	3	38	18	14	38	0.857143	21	6.58049e-09	TRUE	NA	NA	NA	NA	NA	NA
NC_045512.2	27911	C	A	22	20	38	1	1	39	0.0434783	23	0.511111	FALSE	NA	NA	NA	NA	NA	NA
NC_045512.2	27942	C	T	23	20	44	1	0	39	0.0416667	24	0.510638	FALSE	NA	NA	NA	NA	NA	NA
NC_045512.2	28253	C	-A	31	31	41	1	0	20	0.0322581	31	0.516129	FALSE	NA	NA	NA	NA	NA	NA
NC_045512.2	28271	A	T	0	0	0	13	13	38	1	13	1.92297e-07	TRUE	NA	NA	NA	NA	NA	NA
NC_045512.2	28311	C	T	0	0	0	1	1	30	1	1	1	FALSE	NA	NA	NA	NA	NA	NA
NC_045512.2	28330	A	G	0	0	0	1	0	38	1	1	1	FALSE	NA	NA	NA	NA	NA	NA
NC_045512.2	28363	A	T	0	0	0	5	0	36	1	5	0.00793651	TRUE	NA	NA	NA	NA	NA	NA
NC_045512.2	28370	A	G	0	0	0	1	0	39	1	1	1	FALSE	NA	NA	NA	NA	NA	NA
NC_045512.2	28681	G	T	14	4	46	5	1	39	0.263158	19	0.026676	FALSE	NA	NA	NA	NA	NA	NA
NC_045512.2	29304	C	T	25	3	42	1	1	39	0.0384615	26	0.509804	FALSE	NA	NA	NA	NA	NA	NA
NC_045512.2	29510	A	C	0	0	0	2	1	38	1	2	0.333333	FALSE	NA	NA	NA	NA	NA	NA
