REGION	POS	REF	ALT	REF_DP	REF_RV	REF_QUAL	ALT_DP	ALT_RV	ALT_QUAL	ALT_FREQ	TOTAL_DP	PVAL	PASS	GFF_FEATURE	REF_CODON	REF_AA	ALT_CODON	ALT_AA	POS_AA
NC_045512.2	487	G	T	11	1	40	1	0	27	0.0833333	12	0.521739	FALSE	NA	NA	NA	NA	NA	NA
NC_045512.2	4184	G	A	0	0	0	1	1	39	1	1	1	FALSE	NA	NA	NA	NA	NA	NA
NC_045512.2	4807	G	T	28	4	42	1	0	27	0.0344828	29	0.508772	FALSE	NA	NA	NA	NA	NA	NA
NC_045512.2	9151	T	C	0	0	0	1	1	39	1	1	1	FALSE	NA	NA	NA	NA	NA	NA
NC_045512.2	15714	C	T	0	0	0	29	17	38	1	29	6.65175e-17	TRUE	NA	NA	NA	NA	NA	NA
NC_045512.2	15743	G	T	112	28	39	1	1	33	0.00884956	113	0.502222	FALSE	NA	NA	NA	NA	NA	NA
NC_045512.2	16935	G	A	53	36	43	2	2	38	0.0363636	55	0.252294	FALSE	NA	NA	NA	NA	NA	NA
NC_045512.2	18695	C	T	17	1	47	4	0	38	0.190476	21	0.0590994	FALSE	NA	NA	NA	NA	NA	NA
NC_045512.2	23350	T	A	12	0	38	1	0	38	0.0769231	13	0.52	FALSE	NA	NA	NA	NA	NA	NA
NC_045512.2	23403	A	G	0	0	0	11	4	38	1	11	2.83514e-06	TRUE	NA	NA	NA	NA	NA	NA
NC_045512.2	25183	G	T	1	0	33	1	0	39	0.5	2	0.666667	FALSE	NA	NA	NA	NA	NA	NA
NC_045512.2	26102	T	A	6	1	45	1	0	29	0.142857	7	0.538462	FALSE	NA	NA	NA	NA	NA	NA
NC_045512.2	27038	A	G	0	0	0	1	0	38	1	1	1	FALSE	NA	NA	NA	NA	NA	NA
NC_045512.2	27889	C	T	0	0	0	67	47	41	0.985294	68	6.67426e-40	TRUE	NA	NA	NA	NA	NA	NA
NC_045512.2	27889	C	A	0	0	0	1	1	39	0.0147059	68	0.0147059	FALSE	NA	NA	NA	NA	NA	NA
NC_045512.2	27949	A	T	117	109	43	1	1	39	0.00847458	118	0.502128	FALSE	NA	NA	NA	NA	NA	NA
NC_045512.2	28152	A	T	314	9	39	1	0	39	0.0031746	315	0.500795	FALSE	NA	NA	NA	NA	NA	NA
NC_045512.2	28215	T	C	309	242	44	2	2	38	0.00643087	311	0.250403	FALSE	NA	NA	NA	NA	NA	NA
NC_045512.2	28241	T	G	328	307	39	1	1	30	0.00303951	329	0.500761	FALSE	NA	NA	NA	NA	NA	NA
NC_045512.2	28271	A	T	0	0	0	80	80	38	1	80	2.17285e-47	TRUE	NA	NA	NA	NA	NA	NA
NC_045512.2	28330	A	G	8	0	39	2	0	38	0.2	10	0.263158	FALSE	NA	NA	NA	NA	NA	NA
NC_045512.2	28363	A	T	0	0	0	2	1	38	1	2	0.333333	FALSE	NA	NA	NA	NA	NA	NA
NC_045512.2	28681	G	T	66	11	45	31	8	44	0.319588	97	3.17164e-11	TRUE	NA	NA	NA	NA	NA	NA
NC_045512.2	28689	T	C	63	28	43	1	0	39	0.015625	64	0.503937	FALSE	NA	NA	NA	NA	NA	NA
NC_045512.2	28715	A	G	77	49	37	1	1	31	0.0128205	78	0.503226	FALSE	NA	NA	NA	NA	NA	NA
NC_045512.2	28744	C	T	96	56	41	1	1	39	0.0103093	97	0.502591	FALSE	NA	NA	NA	NA	NA	NA
NC_045512.2	29370	C	T	122	99	43	1	1	36	0.00813008	123	0.502041	FALSE	NA	NA	NA	NA	NA	NA
NC_045512.2	29592	C	A	12	0	38	1	0	39	0.0769231	13	0.52	FALSE	NA	NA	NA	NA	NA	NA
