REGION	POS	REF	ALT	REF_DP	REF_RV	REF_QUAL	ALT_DP	ALT_RV	ALT_QUAL	ALT_FREQ	TOTAL_DP	PVAL	PASS	GFF_FEATURE	REF_CODON	REF_AA	ALT_CODON	ALT_AA	POS_AA
NC_045512.2	2079	T	A	31	26	42	1	1	39	0.03125	32	0.507937	FALSE	NA	NA	NA	NA	NA	NA
NC_045512.2	9344	C	T	0	0	0	1	0	39	1	1	1	FALSE	NA	NA	NA	NA	NA	NA
NC_045512.2	12160	G	A	0	0	0	4	3	36	1	4	0.0285714	FALSE	NA	NA	NA	NA	NA	NA
NC_045512.2	12763	C	T	18	18	40	3	3	38	0.142857	21	0.124765	FALSE	NA	NA	NA	NA	NA	NA
NC_045512.2	13019	C	T	55	15	43	1	1	31	0.0178571	56	0.504505	FALSE	NA	NA	NA	NA	NA	NA
NC_045512.2	15714	C	T	0	0	0	15	7	41	1	15	1.28935e-08	TRUE	NA	NA	NA	NA	NA	NA
NC_045512.2	16038	T	A	136	35	40	1	0	39	0.00729927	137	0.501832	FALSE	NA	NA	NA	NA	NA	NA
NC_045512.2	16052	A	T	169	39	40	1	0	39	0.00588235	170	0.501475	FALSE	NA	NA	NA	NA	NA	NA
NC_045512.2	16127	C	T	38	38	38	1	1	39	0.025641	39	0.506494	FALSE	NA	NA	NA	NA	NA	NA
NC_045512.2	16616	C	A	79	50	42	1	0	39	0.0125	80	0.503145	FALSE	NA	NA	NA	NA	NA	NA
NC_045512.2	17410	C	T	0	0	0	1	1	39	1	1	1	FALSE	NA	NA	NA	NA	NA	NA
NC_045512.2	17814	G	A	18	12	47	1	1	39	0.0526316	19	0.513514	FALSE	NA	NA	NA	NA	NA	NA
NC_045512.2	20645	A	-C	12	12	37	1	0	20	0.0833333	12	0.541667	FALSE	NA	NA	NA	NA	NA	NA
NC_045512.2	21766	A	C	0	0	0	1	1	39	1	1	1	FALSE	NA	NA	NA	NA	NA	NA
NC_045512.2	21770	G	A	0	0	0	1	1	37	1	1	1	FALSE	NA	NA	NA	NA	NA	NA
NC_045512.2	22033	C	A	32	8	47	1	0	39	0.030303	33	0.507692	FALSE	NA	NA	NA	NA	NA	NA
NC_045512.2	22578	G	A	1	0	34	1	0	36	0.5	2	0.666667	FALSE	NA	NA	NA	NA	NA	NA
NC_045512.2	22674	C	T	0	0	0	1	1	38	1	1	1	FALSE	NA	NA	NA	NA	NA	NA
NC_045512.2	23403	A	G	0	0	0	5	2	38	1	5	0.00793651	TRUE	NA	NA	NA	NA	NA	NA
NC_045512.2	25584	C	T	0	0	0	2	2	35	1	2	0.333333	FALSE	NA	NA	NA	NA	NA	NA
NC_045512.2	27856	T	A	196	15	44	1	0	38	0.00507614	197	0.501272	FALSE	NA	NA	NA	NA	NA	NA
NC_045512.2	27889	C	T	0	0	0	72	60	40	1	72	1.35116e-42	TRUE	NA	NA	NA	NA	NA	NA
NC_045512.2	28271	A	T	0	0	0	44	44	38	1	44	7.61948e-26	TRUE	NA	NA	NA	NA	NA	NA
NC_045512.2	28330	A	G	0	0	0	2	0	37	1	2	0.333333	FALSE	NA	NA	NA	NA	NA	NA
NC_045512.2	28363	A	T	0	0	0	9	0	36	1	9	4.11353e-05	TRUE	NA	NA	NA	NA	NA	NA
NC_045512.2	28681	G	T	68	14	42	5	1	45	0.0684932	73	0.03015	FALSE	NA	NA	NA	NA	NA	NA
NC_045512.2	28682	G	T	47	15	42	2	2	38	0.0408163	49	0.252577	FALSE	NA	NA	NA	NA	NA	NA
NC_045512.2	29352	A	G	25	8	39	1	1	37	0.0384615	26	0.509804	FALSE	NA	NA	NA	NA	NA	NA
NC_045512.2	29618	A	-TG	112	19	44	1	0	20	0.00892857	112	0.755565	FALSE	NA	NA	NA	NA	NA	NA
