REGION	POS	REF	ALT	REF_DP	REF_RV	REF_QUAL	ALT_DP	ALT_RV	ALT_QUAL	ALT_FREQ	TOTAL_DP	PVAL	PASS	GFF_FEATURE	REF_CODON	REF_AA	ALT_CODON	ALT_AA	POS_AA
NC_045512.2	3625	A	C	7	6	37	1	1	33	0.125	8	0.533333	FALSE	NA	NA	NA	NA	NA	NA
NC_045512.2	5399	G	A	0	0	0	1	0	38	1	1	1	FALSE	NA	NA	NA	NA	NA	NA
NC_045512.2	15714	C	T	0	0	0	10	6	42	1	10	1.08251e-05	TRUE	NA	NA	NA	NA	NA	NA
NC_045512.2	16075	G	A	44	20	45	7	3	39	0.137255	51	0.00673126	TRUE	NA	NA	NA	NA	NA	NA
NC_045512.2	16081	T	C	42	31	42	1	1	38	0.0232558	43	0.505882	FALSE	NA	NA	NA	NA	NA	NA
NC_045512.2	17410	C	T	0	0	0	1	1	33	1	1	1	FALSE	NA	NA	NA	NA	NA	NA
NC_045512.2	23403	A	G	0	0	0	1	0	37	1	1	1	FALSE	NA	NA	NA	NA	NA	NA
NC_045512.2	28271	A	T	0	0	0	12	12	37	1	12	7.39602e-07	TRUE	NA	NA	NA	NA	NA	NA
NC_045512.2	28363	A	T	0	0	0	1	0	38	1	1	1	FALSE	NA	NA	NA	NA	NA	NA
NC_045512.2	28658	G	T	12	0	36	3	0	37	0.2	15	0.124521	FALSE	NA	NA	NA	NA	NA	NA
NC_045512.2	28713	G	T	12	6	37	1	0	39	0.0769231	13	0.52	FALSE	NA	NA	NA	NA	NA	NA
NC_045512.2	29304	C	-AA	15	6	40	1	0	20	0.0666667	15	0.533333	FALSE	NA	NA	NA	NA	NA	NA
