REGION	POS	REF	ALT	REF_DP	REF_RV	REF_QUAL	ALT_DP	ALT_RV	ALT_QUAL	ALT_FREQ	TOTAL_DP	PVAL	PASS	GFF_FEATURE	REF_CODON	REF_AA	ALT_CODON	ALT_AA	POS_AA
NC_045512.2	1987	A	G	52	0	39	1	0	39	0.0188679	53	0.504762	FALSE	NA	NA	NA	NA	NA	NA
NC_045512.2	2085	A	T	69	59	45	1	1	39	0.0142857	70	0.503597	FALSE	NA	NA	NA	NA	NA	NA
NC_045512.2	4184	G	A	0	0	0	1	0	39	1	1	1	FALSE	NA	NA	NA	NA	NA	NA
NC_045512.2	5163	A	G	1	1	39	1	1	39	0.5	2	0.666667	FALSE	NA	NA	NA	NA	NA	NA
NC_045512.2	5172	A	G	3	3	38	1	1	39	0.25	4	0.571429	FALSE	NA	NA	NA	NA	NA	NA
NC_045512.2	5386	T	A	33	1	43	1	0	39	0.0294118	34	0.507463	FALSE	NA	NA	NA	NA	NA	NA
NC_045512.2	12160	G	A	0	0	0	5	4	38	1	5	0.00793651	TRUE	NA	NA	NA	NA	NA	NA
NC_045512.2	12735	G	C	31	23	42	1	1	39	0.03125	32	0.507937	FALSE	NA	NA	NA	NA	NA	NA
NC_045512.2	15714	C	T	0	0	0	41	23	39	1	41	4.70827e-24	TRUE	NA	NA	NA	NA	NA	NA
NC_045512.2	16092	C	T	141	133	38	14	14	38	0.0903226	155	4.70233e-05	TRUE	NA	NA	NA	NA	NA	NA
NC_045512.2	17410	C	T	0	0	0	1	1	39	1	1	1	FALSE	NA	NA	NA	NA	NA	NA
NC_045512.2	21770	G	A	0	0	0	1	1	39	1	1	1	FALSE	NA	NA	NA	NA	NA	NA
NC_045512.2	22578	G	A	0	0	0	1	0	38	1	1	1	FALSE	NA	NA	NA	NA	NA	NA
NC_045512.2	23403	A	G	0	0	0	25	10	38	1	25	1.58215e-14	TRUE	NA	NA	NA	NA	NA	NA
NC_045512.2	27038	A	G	5	0	38	1	0	38	0.166667	6	0.545455	FALSE	NA	NA	NA	NA	NA	NA
NC_045512.2	27317	A	T	51	10	49	1	0	76	0.0192308	52	0.504854	FALSE	NA	NA	NA	NA	NA	NA
NC_045512.2	27859	A	G	157	14	42	14	0	37	0.0818713	171	4.82383e-05	TRUE	NA	NA	NA	NA	NA	NA
NC_045512.2	27889	C	T	0	0	0	88	63	41	1	88	3.47683e-52	TRUE	NA	NA	NA	NA	NA	NA
NC_045512.2	28171	C	T	488	78	40	1	0	39	0.00204499	489	0.500512	FALSE	NA	NA	NA	NA	NA	NA
NC_045512.2	28220	A	G	732	609	44	7	6	36	0.00947226	739	0.00773845	TRUE	NA	NA	NA	NA	NA	NA
NC_045512.2	28271	A	T	0	0	0	205	205	38	1	205	1.92065e-122	TRUE	NA	NA	NA	NA	NA	NA
NC_045512.2	28327	T	-G	6	0	38	2	0	20	0.333333	6	0.358974	FALSE	NA	NA	NA	NA	NA	NA
NC_045512.2	28330	A	G	6	0	38	1	0	38	0.142857	7	0.538462	FALSE	NA	NA	NA	NA	NA	NA
NC_045512.2	28363	A	T	0	0	0	9	0	36	1	9	4.11353e-05	TRUE	NA	NA	NA	NA	NA	NA
NC_045512.2	28676	A	G	198	21	44	1	0	38	0.00502513	199	0.501259	FALSE	NA	NA	NA	NA	NA	NA
NC_045512.2	29052	A	G	11	8	44	1	0	38	0.0833333	12	0.521739	FALSE	NA	NA	NA	NA	NA	NA
NC_045512.2	29296	C	T	170	12	41	3	0	38	0.017341	173	0.124997	FALSE	NA	NA	NA	NA	NA	NA
