REGION	POS	REF	ALT	REF_DP	REF_RV	REF_QUAL	ALT_DP	ALT_RV	ALT_QUAL	ALT_FREQ	TOTAL_DP	PVAL	PASS	GFF_FEATURE	REF_CODON	REF_AA	ALT_CODON	ALT_AA	POS_AA
NC_045512.2	3585	G	T	29	7	38	1	0	34	0.0333333	30	0.508475	FALSE	NA	NA	NA	NA	NA	NA
NC_045512.2	12160	G	A	0	0	0	9	5	43	1	9	4.11353e-05	TRUE	NA	NA	NA	NA	NA	NA
NC_045512.2	13326	C	T	107	27	39	1	0	39	0.00925926	108	0.502326	FALSE	NA	NA	NA	NA	NA	NA
NC_045512.2	16888	A	C	27	3	41	1	0	39	0.0357143	28	0.509091	FALSE	NA	NA	NA	NA	NA	NA
NC_045512.2	23403	A	G	0	0	0	4	1	38	1	4	0.0285714	FALSE	NA	NA	NA	NA	NA	NA
NC_045512.2	24354	T	G	0	0	0	1	1	27	1	1	1	FALSE	NA	NA	NA	NA	NA	NA
NC_045512.2	26172	G	A	0	0	0	1	0	39	1	1	1	FALSE	NA	NA	NA	NA	NA	NA
NC_045512.2	27889	C	T	5	5	45	1	1	27	0.166667	6	0.545455	FALSE	NA	NA	NA	NA	NA	NA
NC_045512.2	28271	A	T	0	0	0	8	8	38	1	8	0.0001554	TRUE	NA	NA	NA	NA	NA	NA
NC_045512.2	28363	A	T	0	0	0	1	0	38	1	1	1	FALSE	NA	NA	NA	NA	NA	NA
NC_045512.2	28689	T	C	419	222	42	1	0	39	0.00238095	420	0.500596	FALSE	NA	NA	NA	NA	NA	NA
NC_045512.2	28724	C	T	331	171	41	63	13	38	0.159898	394	7.95711e-21	TRUE	NA	NA	NA	NA	NA	NA
NC_045512.2	29284	C	T	172	5	40	9	0	39	0.0497238	181	0.00180897	TRUE	NA	NA	NA	NA	NA	NA
NC_045512.2	29318	C	T	128	89	40	1	0	39	0.00775194	129	0.501946	FALSE	NA	NA	NA	NA	NA	NA
NC_045512.2	29361	T	-C	139	73	43	5	0	20	0.0359712	139	0.11709	FALSE	NA	NA	NA	NA	NA	NA
NC_045512.2	29362	C	T	136	71	43	1	0	39	0.00729927	137	0.492806	FALSE	NA	NA	NA	NA	NA	NA
NC_045512.2	29366	C	T	153	89	45	1	0	39	0.00649351	154	0.501629	FALSE	NA	NA	NA	NA	NA	NA
NC_045512.2	29649	A	T	8	0	43	1	0	39	0.111111	9	0.529412	FALSE	NA	NA	NA	NA	NA	NA
