REGION	POS	REF	ALT	REF_DP	REF_RV	REF_QUAL	ALT_DP	ALT_RV	ALT_QUAL	ALT_FREQ	TOTAL_DP	PVAL	PASS	GFF_FEATURE	REF_CODON	REF_AA	ALT_CODON	ALT_AA	POS_AA
NC_045512.2	1114	T	C	4	2	38	1	0	30	0.2	5	0.555556	FALSE	NA	NA	NA	NA	NA	NA
NC_045512.2	1170	C	T	1	1	39	1	0	39	0.5	2	0.666667	FALSE	NA	NA	NA	NA	NA	NA
NC_045512.2	4849	T	+N	6	5	37	1	0	20	0.166667	6	0.583333	FALSE	NA	NA	NA	NA	NA	NA
NC_045512.2	6974	A	G	1	0	78	1	1	38	0.5	2	0.666667	FALSE	NA	NA	NA	NA	NA	NA
NC_045512.2	8170	A	G	0	0	0	1	0	39	1	1	1	FALSE	NA	NA	NA	NA	NA	NA
NC_045512.2	11175	G	T	11	4	37	1	1	30	0.0833333	12	0.521739	FALSE	NA	NA	NA	NA	NA	NA
NC_045512.2	11776	C	T	0	0	0	1	0	26	1	1	1	FALSE	NA	NA	NA	NA	NA	NA
NC_045512.2	13662	A	G	3	1	38	1	1	28	0.25	4	0.571429	FALSE	NA	NA	NA	NA	NA	NA
NC_045512.2	13884	A	C	3	0	39	1	0	33	0.25	4	0.571429	FALSE	NA	NA	NA	NA	NA	NA
NC_045512.2	14573	C	T	7	6	47	1	1	37	0.125	8	0.533333	FALSE	NA	NA	NA	NA	NA	NA
NC_045512.2	15714	C	T	0	0	0	3	0	43	1	3	0.1	FALSE	NA	NA	NA	NA	NA	NA
NC_045512.2	16267	C	T	4	0	47	1	0	30	0.2	5	0.555556	FALSE	NA	NA	NA	NA	NA	NA
NC_045512.2	16323	C	T	4	2	51	1	1	38	0.2	5	0.555556	FALSE	NA	NA	NA	NA	NA	NA
NC_045512.2	16525	T	C	8	1	40	1	0	30	0.111111	9	0.529412	FALSE	NA	NA	NA	NA	NA	NA
NC_045512.2	16935	G	A	13	11	40	2	2	38	0.133333	15	0.258621	FALSE	NA	NA	NA	NA	NA	NA
NC_045512.2	16962	A	-C	18	18	41	1	0	20	0.0555556	18	0.527778	FALSE	NA	NA	NA	NA	NA	NA
NC_045512.2	17550	C	T	7	3	36	1	1	39	0.125	8	0.533333	FALSE	NA	NA	NA	NA	NA	NA
NC_045512.2	20892	T	C	10	6	38	1	0	39	0.0909091	11	0.52381	FALSE	NA	NA	NA	NA	NA	NA
NC_045512.2	23403	A	G	0	0	0	1	1	39	1	1	1	FALSE	NA	NA	NA	NA	NA	NA
NC_045512.2	27375	G	T	18	9	43	1	0	33	0.0526316	19	0.513514	FALSE	NA	NA	NA	NA	NA	NA
NC_045512.2	27846	T	G	45	2	41	1	0	29	0.0217391	46	0.505495	FALSE	NA	NA	NA	NA	NA	NA
NC_045512.2	27889	C	T	4	0	47	14	13	38	0.777778	18	1.31899e-06	TRUE	NA	NA	NA	NA	NA	NA
NC_045512.2	28215	T	C	46	35	45	1	1	37	0.0212766	47	0.505376	FALSE	NA	NA	NA	NA	NA	NA
NC_045512.2	28244	T	C	42	41	39	1	1	39	0.0232558	43	0.505882	FALSE	NA	NA	NA	NA	NA	NA
NC_045512.2	28271	A	T	0	0	0	4	4	38	1	4	0.0285714	FALSE	NA	NA	NA	NA	NA	NA
NC_045512.2	28363	A	T	0	0	0	1	0	39	1	1	1	FALSE	NA	NA	NA	NA	NA	NA
NC_045512.2	28681	G	T	6	0	38	1	0	78	0.142857	7	0.538462	FALSE	NA	NA	NA	NA	NA	NA
