REGION	POS	REF	ALT	REF_DP	REF_RV	REF_QUAL	ALT_DP	ALT_RV	ALT_QUAL	ALT_FREQ	TOTAL_DP	PVAL	PASS	GFF_FEATURE	REF_CODON	REF_AA	ALT_CODON	ALT_AA	POS_AA
NC_045512.2	6979	T	G	0	0	0	1	1	39	1	1	1	FALSE	NA	NA	NA	NA	NA	NA
NC_045512.2	12160	G	A	0	0	0	2	2	38	1	2	0.333333	FALSE	NA	NA	NA	NA	NA	NA
NC_045512.2	12180	A	T	9	9	38	1	1	39	0.1	10	0.526316	FALSE	NA	NA	NA	NA	NA	NA
NC_045512.2	14575	G	C	13	13	41	7	6	44	0.35	20	0.00504001	TRUE	NA	NA	NA	NA	NA	NA
NC_045512.2	15714	C	T	0	0	0	10	7	38	1	10	1.08251e-05	TRUE	NA	NA	NA	NA	NA	NA
NC_045512.2	16019	T	C	37	4	40	1	0	30	0.0263158	38	0.506667	FALSE	NA	NA	NA	NA	NA	NA
NC_045512.2	16543	G	A	25	4	46	1	0	39	0.0384615	26	0.509804	FALSE	NA	NA	NA	NA	NA	NA
NC_045512.2	17560	C	A	75	65	49	1	1	39	0.0131579	76	0.503311	FALSE	NA	NA	NA	NA	NA	NA
NC_045512.2	18405	A	-G	6	1	57	1	0	20	0.166667	6	0.583333	FALSE	NA	NA	NA	NA	NA	NA
NC_045512.2	18444	A	G	3	2	38	1	1	39	0.25	4	0.571429	FALSE	NA	NA	NA	NA	NA	NA
NC_045512.2	19002	A	T	12	0	41	1	0	39	0.0769231	13	0.52	FALSE	NA	NA	NA	NA	NA	NA
NC_045512.2	19034	T	C	45	5	40	1	0	38	0.0217391	46	0.505495	FALSE	NA	NA	NA	NA	NA	NA
NC_045512.2	22674	C	T	0	0	0	1	1	38	1	1	1	FALSE	NA	NA	NA	NA	NA	NA
NC_045512.2	25584	C	T	0	0	0	5	5	38	1	5	0.00793651	TRUE	NA	NA	NA	NA	NA	NA
NC_045512.2	26157	T	-GTTA	20	11	38	2	0	20	0.1	20	0.281707	FALSE	NA	NA	NA	NA	NA	NA
NC_045512.2	26158	G	A	15	8	38	3	3	39	0.166667	18	0.105019	FALSE	NA	NA	NA	NA	NA	NA
NC_045512.2	27385	T	C	56	49	40	1	0	39	0.0175439	57	0.504425	FALSE	NA	NA	NA	NA	NA	NA
NC_045512.2	27889	C	T	0	0	0	75	65	38	1	75	2.15457e-44	TRUE	NA	NA	NA	NA	NA	NA
NC_045512.2	28190	A	T	50	35	40	1	0	39	0.0196078	51	0.50495	FALSE	NA	NA	NA	NA	NA	NA
NC_045512.2	28271	A	T	0	0	0	36	36	38	1	36	4.51965e-21	TRUE	NA	NA	NA	NA	NA	NA
NC_045512.2	28330	A	G	1	0	31	2	0	38	0.666667	3	0.3	FALSE	NA	NA	NA	NA	NA	NA
NC_045512.2	28363	A	T	0	0	0	4	0	36	1	4	0.0285714	FALSE	NA	NA	NA	NA	NA	NA
NC_045512.2	28724	C	T	57	34	40	5	4	38	0.0806452	62	0.0299484	FALSE	NA	NA	NA	NA	NA	NA
NC_045512.2	28744	C	T	44	30	43	3	3	38	0.0638298	47	0.124956	FALSE	NA	NA	NA	NA	NA	NA
NC_045512.2	28776	C	G	27	27	38	3	3	39	0.1	30	0.124888	FALSE	NA	NA	NA	NA	NA	NA
NC_045512.2	29868	G	A	0	0	0	1	0	26	1	1	1	FALSE	NA	NA	NA	NA	NA	NA
