REGION	POS	REF	ALT	REF_DP	REF_RV	REF_QUAL	ALT_DP	ALT_RV	ALT_QUAL	ALT_FREQ	TOTAL_DP	PVAL	PASS	GFF_FEATURE	REF_CODON	REF_AA	ALT_CODON	ALT_AA	POS_AA
NC_045512.2	4184	G	A	0	0	0	1	1	39	1	1	1	FALSE	NA	NA	NA	NA	NA	NA
NC_045512.2	5770	C	T	117	65	44	1	1	39	0.00847458	118	0.502128	FALSE	NA	NA	NA	NA	NA	NA
NC_045512.2	9671	G	T	14	10	38	2	1	39	0.125	16	0.258065	FALSE	NA	NA	NA	NA	NA	NA
NC_045512.2	11494	C	T	0	0	0	4	3	39	1	4	0.0285714	FALSE	NA	NA	NA	NA	NA	NA
NC_045512.2	15714	C	T	0	0	0	1	1	27	1	1	1	FALSE	NA	NA	NA	NA	NA	NA
NC_045512.2	27889	C	T	0	0	0	1	0	37	1	1	1	FALSE	NA	NA	NA	NA	NA	NA
NC_045512.2	28137	T	C	138	0	38	1	0	36	0.00719424	139	0.501805	FALSE	NA	NA	NA	NA	NA	NA
NC_045512.2	28257	T	C	168	166	40	1	1	34	0.00591716	169	0.501484	FALSE	NA	NA	NA	NA	NA	NA
NC_045512.2	28271	A	T	0	0	0	103	103	38	1	103	3.50245e-61	TRUE	NA	NA	NA	NA	NA	NA
NC_045512.2	28724	C	T	22	10	40	2	1	39	0.0833333	24	0.255319	FALSE	NA	NA	NA	NA	NA	NA
