REGION	POS	REF	ALT	REF_DP	REF_RV	REF_QUAL	ALT_DP	ALT_RV	ALT_QUAL	ALT_FREQ	TOTAL_DP	PVAL	PASS	GFF_FEATURE	REF_CODON	REF_AA	ALT_CODON	ALT_AA	POS_AA
NC_045512.2	1210	G	A	2	2	39	4	4	39	0.666667	6	0.0454545	FALSE	NA	NA	NA	NA	NA	NA
NC_045512.2	2716	C	A	5	5	45	1	1	39	0.166667	6	0.545455	FALSE	NA	NA	NA	NA	NA	NA
NC_045512.2	4184	G	A	0	0	0	1	1	39	1	1	1	FALSE	NA	NA	NA	NA	NA	NA
NC_045512.2	4780	C	T	31	1	40	6	0	39	0.162162	37	0.0136567	FALSE	NA	NA	NA	NA	NA	NA
NC_045512.2	6992	T	C	3	3	39	1	1	38	0.25	4	0.571429	FALSE	NA	NA	NA	NA	NA	NA
NC_045512.2	7927	A	T	10	9	38	1	1	39	0.0909091	11	0.52381	FALSE	NA	NA	NA	NA	NA	NA
NC_045512.2	15714	C	T	0	0	0	11	6	38	1	11	2.83514e-06	TRUE	NA	NA	NA	NA	NA	NA
NC_045512.2	16935	G	A	13	9	45	2	1	38	0.133333	15	0.258621	FALSE	NA	NA	NA	NA	NA	NA
NC_045512.2	17124	T	C	6	0	38	1	0	39	0.142857	7	0.538462	FALSE	NA	NA	NA	NA	NA	NA
NC_045512.2	17410	C	T	1	1	38	3	3	39	0.75	4	0.114286	FALSE	NA	NA	NA	NA	NA	NA
NC_045512.2	21770	G	A	0	0	0	1	1	38	1	1	1	FALSE	NA	NA	NA	NA	NA	NA
NC_045512.2	23403	A	G	0	0	0	2	1	38	1	2	0.333333	FALSE	NA	NA	NA	NA	NA	NA
NC_045512.2	27327	G	T	6	2	45	1	1	39	0.142857	7	0.538462	FALSE	NA	NA	NA	NA	NA	NA
NC_045512.2	27889	C	T	10	8	42	15	12	41	0.6	25	2.07464e-06	TRUE	NA	NA	NA	NA	NA	NA
NC_045512.2	28271	A	T	0	0	0	25	25	38	1	25	1.58215e-14	TRUE	NA	NA	NA	NA	NA	NA
NC_045512.2	28311	C	T	0	0	0	1	0	39	1	1	1	FALSE	NA	NA	NA	NA	NA	NA
NC_045512.2	28363	A	T	0	0	0	8	0	38	1	8	0.0001554	TRUE	NA	NA	NA	NA	NA	NA
NC_045512.2	28396	G	T	13	6	49	1	1	76	0.0714286	14	0.518519	FALSE	NA	NA	NA	NA	NA	NA
NC_045512.2	28510	T	C	1	0	39	1	1	36	0.5	2	0.666667	FALSE	NA	NA	NA	NA	NA	NA
NC_045512.2	28681	G	T	9	4	55	11	3	42	0.55	20	0.000100211	TRUE	NA	NA	NA	NA	NA	NA
NC_045512.2	28716	C	T	17	10	38	1	1	38	0.0555556	18	0.514286	FALSE	NA	NA	NA	NA	NA	NA
NC_045512.2	29510	A	C	0	0	0	2	2	38	1	2	0.333333	FALSE	NA	NA	NA	NA	NA	NA
