REGION	POS	REF	ALT	REF_DP	REF_RV	REF_QUAL	ALT_DP	ALT_RV	ALT_QUAL	ALT_FREQ	TOTAL_DP	PVAL	PASS	GFF_FEATURE	REF_CODON	REF_AA	ALT_CODON	ALT_AA	POS_AA
NC_045512.2	2061	C	T	83	82	39	1	1	39	0.0119048	84	0.502994	FALSE	NA	NA	NA	NA	NA	NA
NC_045512.2	2094	C	T	0	0	0	7	7	38	1	7	0.000582751	TRUE	NA	NA	NA	NA	NA	NA
NC_045512.2	3242	G	A	0	0	0	6	0	39	1	6	0.0021645	TRUE	NA	NA	NA	NA	NA	NA
NC_045512.2	9682	G	A	84	51	38	1	0	39	0.0117647	85	0.502959	FALSE	NA	NA	NA	NA	NA	NA
NC_045512.2	9693	C	T	0	0	0	52	34	43	1	52	1.26337e-30	TRUE	NA	NA	NA	NA	NA	NA
NC_045512.2	13294	T	A	193	12	40	1	0	37	0.00515464	194	0.501292	FALSE	NA	NA	NA	NA	NA	NA
NC_045512.2	14250	G	T	0	0	0	1	1	39	1	1	1	FALSE	NA	NA	NA	NA	NA	NA
NC_045512.2	15714	C	T	0	0	0	24	7	38	1	24	6.20201e-14	TRUE	NA	NA	NA	NA	NA	NA
NC_045512.2	15738	C	T	0	0	0	82	8	38	1	82	1.37485e-48	TRUE	NA	NA	NA	NA	NA	NA
NC_045512.2	16079	T	C	262	206	42	1	1	39	0.00380228	263	0.500952	FALSE	NA	NA	NA	NA	NA	NA
NC_045512.2	22109	C	G	0	0	0	3	3	39	1	3	0.1	FALSE	NA	NA	NA	NA	NA	NA
NC_045512.2	22118	T	A	0	0	0	3	3	39	1	3	0.1	FALSE	NA	NA	NA	NA	NA	NA
NC_045512.2	24557	G	A	105	0	38	1	0	39	0.00943396	106	0.50237	FALSE	NA	NA	NA	NA	NA	NA
NC_045512.2	27591	T	C	17	0	38	2	0	39	0.105263	19	0.256757	FALSE	NA	NA	NA	NA	NA	NA
NC_045512.2	28271	A	T	0	0	0	315	315	38	1	315	1.41265e-188	TRUE	NA	NA	NA	NA	NA	NA
NC_045512.2	28363	A	T	0	0	0	4	0	36	1	4	0.0285714	FALSE	NA	NA	NA	NA	NA	NA
NC_045512.2	29281	C	T	293	13	41	1	0	39	0.00340136	294	0.500852	FALSE	NA	NA	NA	NA	NA	NA
NC_045512.2	29331	T	C	223	112	39	1	1	39	0.00446429	224	0.501119	FALSE	NA	NA	NA	NA	NA	NA
NC_045512.2	29351	T	C	208	80	40	1	1	37	0.00478469	209	0.501199	FALSE	NA	NA	NA	NA	NA	NA
