REGION	POS	REF	ALT	REF_DP	REF_RV	REF_QUAL	ALT_DP	ALT_RV	ALT_QUAL	ALT_FREQ	TOTAL_DP	PVAL	PASS	GFF_FEATURE	REF_CODON	REF_AA	ALT_CODON	ALT_AA	POS_AA
NC_045512.2	3036	T	-C	1	1	39	1	0	20	1	1	1	FALSE	NA	NA	NA	NA	NA	NA
NC_045512.2	4184	G	A	0	0	0	4	3	39	1	4	0.0285714	FALSE	NA	NA	NA	NA	NA	NA
NC_045512.2	12160	G	A	0	0	0	10	8	40	1	10	1.08251e-05	TRUE	NA	NA	NA	NA	NA	NA
NC_045512.2	15714	C	T	0	0	0	16	11	41	1	16	3.32734e-09	TRUE	NA	NA	NA	NA	NA	NA
NC_045512.2	17410	C	T	0	0	0	1	1	38	1	1	1	FALSE	NA	NA	NA	NA	NA	NA
NC_045512.2	21770	G	A	0	0	0	1	1	38	1	1	1	FALSE	NA	NA	NA	NA	NA	NA
NC_045512.2	22674	C	T	0	0	0	2	2	37	1	2	0.333333	FALSE	NA	NA	NA	NA	NA	NA
NC_045512.2	23161	G	T	17	11	38	1	1	30	0.0555556	18	0.514286	FALSE	NA	NA	NA	NA	NA	NA
NC_045512.2	23403	A	G	0	0	0	19	9	38	1	19	5.65847e-11	TRUE	NA	NA	NA	NA	NA	NA
NC_045512.2	25584	C	T	0	0	0	1	1	39	1	1	1	FALSE	NA	NA	NA	NA	NA	NA
NC_045512.2	26709	G	A	0	0	0	1	0	39	1	1	1	FALSE	NA	NA	NA	NA	NA	NA
NC_045512.2	27889	C	T	0	0	0	112	93	41	1	112	1.39309e-66	TRUE	NA	NA	NA	NA	NA	NA
NC_045512.2	28171	C	A	277	60	41	1	0	39	0.00359712	278	0.500901	FALSE	NA	NA	NA	NA	NA	NA
NC_045512.2	28271	A	T	0	0	0	191	191	38	1	191	4.97677e-114	TRUE	NA	NA	NA	NA	NA	NA
NC_045512.2	28330	A	G	5	0	39	3	0	38	0.375	8	0.123077	FALSE	NA	NA	NA	NA	NA	NA
NC_045512.2	28363	A	T	0	0	0	4	0	35	1	4	0.0285714	FALSE	NA	NA	NA	NA	NA	NA
NC_045512.2	28653	A	G	112	7	41	7	0	39	0.0588235	119	0.00735113	TRUE	NA	NA	NA	NA	NA	NA
NC_045512.2	28660	C	T	170	7	39	1	0	36	0.00584795	171	0.501466	FALSE	NA	NA	NA	NA	NA	NA
NC_045512.2	28676	A	G	172	24	42	1	0	39	0.00578035	173	0.501449	FALSE	NA	NA	NA	NA	NA	NA
NC_045512.2	29607	T	A	73	12	50	1	0	38	0.0135135	74	0.503401	FALSE	NA	NA	NA	NA	NA	NA
NC_045512.2	29666	C	T	40	29	50	7	6	39	0.148936	47	0.00663859	TRUE	NA	NA	NA	NA	NA	NA
