REGION	POS	REF	ALT	REF_DP	REF_RV	REF_QUAL	ALT_DP	ALT_RV	ALT_QUAL	ALT_FREQ	TOTAL_DP	PVAL	PASS	GFF_FEATURE	REF_CODON	REF_AA	ALT_CODON	ALT_AA	POS_AA
NC_045512.2	3637	A	G	1	0	75	1	1	38	0.5	2	0.666667	FALSE	NA	NA	NA	NA	NA	NA
NC_045512.2	6015	A	G	0	0	0	1	1	34	1	1	1	FALSE	NA	NA	NA	NA	NA	NA
NC_045512.2	20393	T	C	0	0	0	1	0	55	1	1	1	FALSE	NA	NA	NA	NA	NA	NA
NC_045512.2	22992	G	A	0	0	0	19	6	39	1	19	5.65847e-11	TRUE	NA	NA	NA	NA	NA	NA
NC_045512.2	22995	C	A	0	0	0	19	6	40	1	19	5.65847e-11	TRUE	NA	NA	NA	NA	NA	NA
NC_045512.2	23013	A	C	1	0	39	22	7	44	0.956522	23	5.58698e-12	TRUE	NA	NA	NA	NA	NA	NA
NC_045512.2	23040	A	G	0	0	0	23	7	44	1	23	2.42912e-13	TRUE	NA	NA	NA	NA	NA	NA
NC_045512.2	23055	A	G	0	0	0	27	8	44	1	27	1.02725e-15	TRUE	NA	NA	NA	NA	NA	NA
NC_045512.2	23063	A	T	0	0	0	27	10	49	1	27	1.02725e-15	TRUE	NA	NA	NA	NA	NA	NA
NC_045512.2	23075	T	C	0	0	0	23	9	53	1	23	2.42912e-13	TRUE	NA	NA	NA	NA	NA	NA
NC_045512.2	23088	G	-A	31	12	58	1	0	20	0.0322581	31	0.516129	FALSE	NA	NA	NA	NA	NA	NA
NC_045512.2	23403	A	G	0	0	0	1	0	77	1	1	1	FALSE	NA	NA	NA	NA	NA	NA
NC_045512.2	24706	T	C	1	1	37	1	0	78	0.5	2	0.666667	FALSE	NA	NA	NA	NA	NA	NA
NC_045512.2	27382	G	C	0	0	0	2	0	78	1	2	0.333333	FALSE	NA	NA	NA	NA	NA	NA
NC_045512.2	27383	A	T	0	0	0	2	0	78	1	2	0.333333	FALSE	NA	NA	NA	NA	NA	NA
NC_045512.2	27384	T	C	0	0	0	2	0	77	1	2	0.333333	FALSE	NA	NA	NA	NA	NA	NA
NC_045512.2	28081	A	G	0	0	0	1	0	33	1	1	1	FALSE	NA	NA	NA	NA	NA	NA
NC_045512.2	28109	G	A	0	0	0	1	0	76	1	1	1	FALSE	NA	NA	NA	NA	NA	NA
NC_045512.2	28271	A	T	0	0	0	1	1	78	1	1	1	FALSE	NA	NA	NA	NA	NA	NA
NC_045512.2	28311	C	T	0	0	0	1	1	77	1	1	1	FALSE	NA	NA	NA	NA	NA	NA
NC_045512.2	28361	G	-GAGAACGCA	1	1	38	1	0	20	1	1	1	FALSE	NA	NA	NA	NA	NA	NA
NC_045512.2	28881	G	A	0	0	0	2	1	39	1	2	0.333333	FALSE	NA	NA	NA	NA	NA	NA
NC_045512.2	28882	G	A	0	0	0	2	1	38	1	2	0.333333	FALSE	NA	NA	NA	NA	NA	NA
NC_045512.2	28883	G	C	0	0	0	2	1	38	1	2	0.333333	FALSE	NA	NA	NA	NA	NA	NA
NC_045512.2	29733	C	-GAGGCCACGCGGAGTACGATCGAGTG	2	0	77	1	0	20	0.5	2	0.75	FALSE	NA	NA	NA	NA	NA	NA
