REGION	POS	REF	ALT	REF_DP	REF_RV	REF_QUAL	ALT_DP	ALT_RV	ALT_QUAL	ALT_FREQ	TOTAL_DP	PVAL	PASS	GFF_FEATURE	REF_CODON	REF_AA	ALT_CODON	ALT_AA	POS_AA
NC_045512.2	3037	C	T	0	0	0	1	1	39	1	1	1	FALSE	NA	NA	NA	NA	NA	NA
NC_045512.2	16550	A	T	2	0	47	1	0	30	0.333333	3	0.6	FALSE	NA	NA	NA	NA	NA	NA
NC_045512.2	20627	G	T	0	0	0	1	1	27	1	1	1	FALSE	NA	NA	NA	NA	NA	NA
NC_045512.2	27889	C	T	6	4	38	5	5	39	0.454545	11	0.0227038	FALSE	NA	NA	NA	NA	NA	NA
NC_045512.2	28203	T	C	71	29	38	1	0	38	0.0138889	72	0.503497	FALSE	NA	NA	NA	NA	NA	NA
NC_045512.2	28271	A	T	0	0	0	54	54	38	1	54	8.04577e-32	TRUE	NA	NA	NA	NA	NA	NA
NC_045512.2	28363	A	T	0	0	0	1	0	38	1	1	1	FALSE	NA	NA	NA	NA	NA	NA
NC_045512.2	28370	A	G	0	0	0	1	1	38	1	1	1	FALSE	NA	NA	NA	NA	NA	NA
