REGION	POS	REF	ALT	REF_DP	REF_RV	REF_QUAL	ALT_DP	ALT_RV	ALT_QUAL	ALT_FREQ	TOTAL_DP	PVAL	PASS	GFF_FEATURE	REF_CODON	REF_AA	ALT_CODON	ALT_AA	POS_AA
NC_045512.2	5720	G	A	0	0	0	31	1	39	1	31	4.29712e-18	TRUE	NA	NA	NA	NA	NA	NA
NC_045512.2	9693	C	T	13	7	38	1	0	39	0.0714286	14	0.518519	FALSE	NA	NA	NA	NA	NA	NA
NC_045512.2	13062	T	C	5	3	45	3	2	38	0.375	8	0.123077	FALSE	NA	NA	NA	NA	NA	NA
NC_045512.2	14500	G	T	6	0	45	1	0	39	0.142857	7	0.538462	FALSE	NA	NA	NA	NA	NA	NA
NC_045512.2	15714	C	T	0	0	0	9	2	39	1	9	4.11353e-05	TRUE	NA	NA	NA	NA	NA	NA
NC_045512.2	15738	C	T	0	0	0	23	1	38	1	23	2.42912e-13	TRUE	NA	NA	NA	NA	NA	NA
NC_045512.2	16873	G	A	1	1	39	1	0	38	0.5	2	0.666667	FALSE	NA	NA	NA	NA	NA	NA
NC_045512.2	17124	T	C	1	0	38	1	0	39	0.5	2	0.666667	FALSE	NA	NA	NA	NA	NA	NA
NC_045512.2	17859	T	C	0	0	0	1	1	38	1	1	1	FALSE	NA	NA	NA	NA	NA	NA
NC_045512.2	23403	A	G	0	0	0	8	2	39	1	8	0.0001554	TRUE	NA	NA	NA	NA	NA	NA
NC_045512.2	27807	C	T	0	0	0	1	1	39	1	1	1	FALSE	NA	NA	NA	NA	NA	NA
NC_045512.2	27915	G	T	2	1	39	50	47	38	0.961538	52	1.74093e-27	TRUE	NA	NA	NA	NA	NA	NA
NC_045512.2	28153	C	T	119	5	40	20	0	38	0.143885	139	4.92394e-07	TRUE	NA	NA	NA	NA	NA	NA
NC_045512.2	28209	G	A	56	23	39	6	2	38	0.0967742	62	0.0144666	FALSE	NA	NA	NA	NA	NA	NA
NC_045512.2	28243	T	C	100	89	40	1	1	33	0.00990099	101	0.502488	FALSE	NA	NA	NA	NA	NA	NA
NC_045512.2	28271	A	T	0	0	0	44	44	38	1	44	7.61948e-26	TRUE	NA	NA	NA	NA	NA	NA
NC_045512.2	28297	T	C	0	0	0	1	1	38	1	1	1	FALSE	NA	NA	NA	NA	NA	NA
NC_045512.2	28363	A	T	0	0	0	4	0	36	1	4	0.0285714	FALSE	NA	NA	NA	NA	NA	NA
NC_045512.2	28447	A	G	16	16	48	3	3	38	0.157895	19	0.12471	FALSE	NA	NA	NA	NA	NA	NA
NC_045512.2	28683	G	A	59	13	38	1	0	36	0.0166667	60	0.504202	FALSE	NA	NA	NA	NA	NA	NA
NC_045512.2	29360	T	A	26	16	40	1	0	39	0.037037	27	0.509434	FALSE	NA	NA	NA	NA	NA	NA
