REGION	POS	REF	ALT	REF_DP	REF_RV	REF_QUAL	ALT_DP	ALT_RV	ALT_QUAL	ALT_FREQ	TOTAL_DP	PVAL	PASS	GFF_FEATURE	REF_CODON	REF_AA	ALT_CODON	ALT_AA	POS_AA
NC_045512.2	1083	T	C	0	0	0	2	0	39	1	2	0.333333	FALSE	NA	NA	NA	NA	NA	NA
NC_045512.2	9174	A	T	0	0	0	1	1	31	1	1	1	FALSE	NA	NA	NA	NA	NA	NA
NC_045512.2	15714	C	T	0	0	0	15	8	38	1	15	1.28935e-08	TRUE	NA	NA	NA	NA	NA	NA
NC_045512.2	16094	T	C	245	229	39	1	1	39	0.00406504	246	0.501018	FALSE	NA	NA	NA	NA	NA	NA
NC_045512.2	16109	A	G	199	195	39	1	1	39	0.005	200	0.501253	FALSE	NA	NA	NA	NA	NA	NA
NC_045512.2	16113	A	T	195	190	39	1	1	39	0.00510204	196	0.501279	FALSE	NA	NA	NA	NA	NA	NA
NC_045512.2	16616	C	A	17	13	43	3	1	39	0.15	20	0.12474	FALSE	NA	NA	NA	NA	NA	NA
NC_045512.2	19701	T	C	2	1	58	10	6	39	0.833333	12	5.7689e-05	TRUE	NA	NA	NA	NA	NA	NA
NC_045512.2	25515	C	T	0	0	0	2	1	39	1	2	0.333333	FALSE	NA	NA	NA	NA	NA	NA
NC_045512.2	25584	C	T	0	0	0	2	2	37	1	2	0.333333	FALSE	NA	NA	NA	NA	NA	NA
NC_045512.2	27332	T	C	153	86	44	1	1	39	0.00649351	154	0.501629	FALSE	NA	NA	NA	NA	NA	NA
NC_045512.2	27889	C	T	0	0	0	160	139	40	1	160	2.1009e-95	TRUE	NA	NA	NA	NA	NA	NA
NC_045512.2	27894	A	G	146	137	39	1	1	37	0.00680272	147	0.501706	FALSE	NA	NA	NA	NA	NA	NA
NC_045512.2	28271	A	T	0	0	0	20	20	38	0.512821	39	5.41344e-16	TRUE	NA	NA	NA	NA	NA	NA
NC_045512.2	28271	A	C	0	0	0	19	19	38	0.487179	39	1.5699e-15	TRUE	NA	NA	NA	NA	NA	NA
NC_045512.2	28330	A	G	0	0	0	7	0	37	1	7	0.000582751	TRUE	NA	NA	NA	NA	NA	NA
NC_045512.2	28363	A	T	0	0	0	14	0	36	1	14	4.98547e-08	TRUE	NA	NA	NA	NA	NA	NA
