REGION	POS	REF	ALT	REF_DP	REF_RV	REF_QUAL	ALT_DP	ALT_RV	ALT_QUAL	ALT_FREQ	TOTAL_DP	PVAL	PASS	GFF_FEATURE	REF_CODON	REF_AA	ALT_CODON	ALT_AA	POS_AA
NC_045512.2	241	C	T	0	0	0	1	1	34	1	1	1	FALSE	NA	NA	NA	NA	NA	NA
NC_045512.2	832	C	G	68	52	34	1	0	34	0.0144928	69	0.50365	FALSE	NA	NA	NA	NA	NA	NA
NC_045512.2	3037	C	T	0	0	0	2	2	34	1	2	0.333333	FALSE	NA	NA	NA	NA	NA	NA
NC_045512.2	4289	G	T	19	8	34	2	2	30	0.0952381	21	0.256098	FALSE	NA	NA	NA	NA	NA	NA
NC_045512.2	6987	G	C	96	31	43	1	0	34	0.0103093	97	0.502591	FALSE	NA	NA	NA	NA	NA	NA
NC_045512.2	9534	C	T	0	0	0	1	1	34	1	1	1	FALSE	NA	NA	NA	NA	NA	NA
NC_045512.2	11369	G	T	19	11	39	1	1	26	0.05	20	0.512821	FALSE	NA	NA	NA	NA	NA	NA
NC_045512.2	14205	A	T	15	0	33	1	0	26	0.0625	16	0.516129	FALSE	NA	NA	NA	NA	NA	NA
NC_045512.2	17410	C	T	0	0	0	17	14	34	1	17	8.57043e-10	TRUE	NA	NA	NA	NA	NA	NA
NC_045512.2	17683	G	T	237	43	34	1	0	34	0.00420168	238	0.501053	FALSE	NA	NA	NA	NA	NA	NA
NC_045512.2	17727	A	T	562	522	35	1	0	27	0.0017762	563	0.984665	FALSE	NA	NA	NA	NA	NA	NA
NC_045512.2	18642	A	T	211	45	35	1	0	27	0.00471698	212	0.876771	FALSE	NA	NA	NA	NA	NA	NA
NC_045512.2	19230	T	A	17	0	34	1	0	34	0.0555556	18	0.514286	FALSE	NA	NA	NA	NA	NA	NA
NC_045512.2	19326	A	G	0	0	0	8	4	37	1	8	0.0001554	TRUE	NA	NA	NA	NA	NA	NA
NC_045512.2	21718	G	T	1	0	34	1	0	34	0.5	2	0.666667	FALSE	NA	NA	NA	NA	NA	NA
NC_045512.2	22033	C	A	29	1	38	5	0	34	0.147059	34	0.028812	FALSE	NA	NA	NA	NA	NA	NA
NC_045512.2	22109	C	G	0	0	0	9	9	34	1	9	4.11353e-05	TRUE	NA	NA	NA	NA	NA	NA
NC_045512.2	22942	T	G	0	0	0	4	2	34	1	4	0.0285714	FALSE	NA	NA	NA	NA	NA	NA
NC_045512.2	22992	G	A	0	0	0	3	3	34	1	3	0.1	FALSE	NA	NA	NA	NA	NA	NA
NC_045512.2	22995	C	G	0	0	0	2	2	34	0.666667	3	0.166667	FALSE	NA	NA	NA	NA	NA	NA
NC_045512.2	22995	C	A	0	0	0	1	1	34	0.333333	3	0.333333	FALSE	NA	NA	NA	NA	NA	NA
NC_045512.2	25598	G	T	6	2	34	1	1	34	0.142857	7	0.538462	FALSE	NA	NA	NA	NA	NA	NA
NC_045512.2	26577	C	G	0	0	0	1	1	34	1	1	1	FALSE	NA	NA	NA	NA	NA	NA
NC_045512.2	26709	G	A	0	0	0	2	0	34	1	2	0.333333	FALSE	NA	NA	NA	NA	NA	NA
NC_045512.2	26858	C	T	0	0	0	2	2	30	1	2	0.333333	FALSE	NA	NA	NA	NA	NA	NA
NC_045512.2	27384	T	C	0	0	0	1	0	34	1	1	1	FALSE	NA	NA	NA	NA	NA	NA
NC_045512.2	27807	C	T	0	0	0	32	32	33	1	32	1.09133e-18	TRUE	NA	NA	NA	NA	NA	NA
NC_045512.2	29386	C	T	14	8	43	18	8	33	0.5625	32	1.82112e-07	TRUE	NA	NA	NA	NA	NA	NA
