REGION	POS	REF	ALT	REF_DP	REF_RV	REF_QUAL	ALT_DP	ALT_RV	ALT_QUAL	ALT_FREQ	TOTAL_DP	PVAL	PASS	GFF_FEATURE	REF_CODON	REF_AA	ALT_CODON	ALT_AA	POS_AA
NC_045512.2	1267	C	A	0	0	0	1	1	38	1	1	1	FALSE	NA	NA	NA	NA	NA	NA
NC_045512.2	4184	G	A	0	0	0	2	1	39	1	2	0.333333	FALSE	NA	NA	NA	NA	NA	NA
NC_045512.2	7874	C	G	5	2	37	1	1	24	0.166667	6	0.545455	FALSE	NA	NA	NA	NA	NA	NA
NC_045512.2	9073	C	T	1	0	78	1	0	39	0.5	2	0.666667	FALSE	NA	NA	NA	NA	NA	NA
NC_045512.2	12160	G	A	0	0	0	3	1	37	1	3	0.1	FALSE	NA	NA	NA	NA	NA	NA
NC_045512.2	13029	G	T	48	30	45	2	2	37	0.04	50	0.252525	FALSE	NA	NA	NA	NA	NA	NA
NC_045512.2	14257	T	C	0	0	0	2	1	39	1	2	0.333333	FALSE	NA	NA	NA	NA	NA	NA
NC_045512.2	15714	C	T	0	0	0	32	21	38	1	32	1.09133e-18	TRUE	NA	NA	NA	NA	NA	NA
NC_045512.2	16012	C	T	148	7	43	1	0	39	0.00671141	149	0.501684	FALSE	NA	NA	NA	NA	NA	NA
NC_045512.2	16935	G	A	24	18	43	10	6	37	0.294118	34	0.000528754	TRUE	NA	NA	NA	NA	NA	NA
NC_045512.2	17410	C	T	0	0	0	1	1	39	1	1	1	FALSE	NA	NA	NA	NA	NA	NA
NC_045512.2	21766	A	C	5	4	38	1	1	39	0.166667	6	0.545455	FALSE	NA	NA	NA	NA	NA	NA
NC_045512.2	21770	G	A	4	3	39	5	5	38	0.555556	9	0.020362	FALSE	NA	NA	NA	NA	NA	NA
NC_045512.2	23403	A	G	0	0	0	7	3	37	1	7	0.000582751	TRUE	NA	NA	NA	NA	NA	NA
NC_045512.2	25584	C	T	0	0	0	2	2	39	1	2	0.333333	FALSE	NA	NA	NA	NA	NA	NA
NC_045512.2	27382	G	C	103	75	40	4	3	39	0.0373832	107	0.0619006	FALSE	NA	NA	NA	NA	NA	NA
NC_045512.2	27384	T	C	110	75	40	4	2	38	0.0350877	114	0.0619383	FALSE	NA	NA	NA	NA	NA	NA
NC_045512.2	27807	C	T	0	0	0	1	0	38	1	1	1	FALSE	NA	NA	NA	NA	NA	NA
NC_045512.2	27872	A	G	233	136	41	1	0	39	0.0042735	234	0.501071	FALSE	NA	NA	NA	NA	NA	NA
NC_045512.2	27889	C	T	119	90	42	140	120	40	0.540541	259	3.63741e-54	TRUE	NA	NA	NA	NA	NA	NA
NC_045512.2	27893	C	T	222	179	40	1	1	38	0.0044843	223	0.501124	FALSE	NA	NA	NA	NA	NA	NA
NC_045512.2	27915	G	T	188	148	39	11	7	38	0.0552764	199	0.000435705	TRUE	NA	NA	NA	NA	NA	NA
NC_045512.2	27972	C	T	75	73	38	1	1	37	0.0131579	76	0.503311	FALSE	NA	NA	NA	NA	NA	NA
NC_045512.2	28145	A	G	156	2	40	1	0	38	0.00636943	157	0.501597	FALSE	NA	NA	NA	NA	NA	NA
NC_045512.2	28271	A	T	0	0	0	86	86	38	1	86	5.49954e-51	TRUE	NA	NA	NA	NA	NA	NA
NC_045512.2	28363	A	T	0	0	0	15	1	37	1	15	1.28935e-08	TRUE	NA	NA	NA	NA	NA	NA
NC_045512.2	28370	A	G	0	0	0	6	1	38	1	6	0.0021645	TRUE	NA	NA	NA	NA	NA	NA
NC_045512.2	28681	G	T	27	4	42	48	8	41	0.64	75	5.63835e-20	TRUE	NA	NA	NA	NA	NA	NA
NC_045512.2	29442	A	T	1	1	39	2	2	39	0.666667	3	0.3	FALSE	NA	NA	NA	NA	NA	NA
