REGION	POS	REF	ALT	REF_DP	REF_RV	REF_QUAL	ALT_DP	ALT_RV	ALT_QUAL	ALT_FREQ	TOTAL_DP	PVAL	PASS	GFF_FEATURE	REF_CODON	REF_AA	ALT_CODON	ALT_AA	POS_AA
NC_045512.2	3312	T	A	0	0	0	1	1	39	1	1	1	FALSE	NA	NA	NA	NA	NA	NA
NC_045512.2	5104	T	C	6	1	38	1	1	71	0.142857	7	0.538462	FALSE	NA	NA	NA	NA	NA	NA
NC_045512.2	15672	G	T	0	0	0	5	0	39	1	5	0.00793651	TRUE	NA	NA	NA	NA	NA	NA
NC_045512.2	15714	C	T	0	0	0	7	2	38	1	7	0.000582751	TRUE	NA	NA	NA	NA	NA	NA
NC_045512.2	17776	C	T	2	1	39	1	0	39	0.333333	3	0.6	FALSE	NA	NA	NA	NA	NA	NA
NC_045512.2	18766	G	A	10	5	42	1	0	39	0.0909091	11	0.52381	FALSE	NA	NA	NA	NA	NA	NA
NC_045512.2	23403	A	G	0	0	0	8	5	38	1	8	0.0001554	TRUE	NA	NA	NA	NA	NA	NA
NC_045512.2	25584	C	T	0	0	0	1	1	38	1	1	1	FALSE	NA	NA	NA	NA	NA	NA
NC_045512.2	26858	C	T	0	0	0	1	1	39	1	1	1	FALSE	NA	NA	NA	NA	NA	NA
NC_045512.2	27382	G	C	0	0	0	1	0	39	1	1	1	FALSE	NA	NA	NA	NA	NA	NA
NC_045512.2	27384	T	C	0	0	0	2	1	39	1	2	0.333333	FALSE	NA	NA	NA	NA	NA	NA
NC_045512.2	27893	C	T	0	0	0	5	5	37	1	5	0.00793651	TRUE	NA	NA	NA	NA	NA	NA
NC_045512.2	28271	A	T	0	0	0	40	40	38	1	40	1.86034e-23	TRUE	NA	NA	NA	NA	NA	NA
NC_045512.2	28363	A	T	0	0	0	12	2	37	1	12	7.39602e-07	TRUE	NA	NA	NA	NA	NA	NA
NC_045512.2	28370	A	G	0	0	0	2	0	39	1	2	0.333333	FALSE	NA	NA	NA	NA	NA	NA
NC_045512.2	29035	T	C	13	7	40	1	0	27	0.0714286	14	0.518519	FALSE	NA	NA	NA	NA	NA	NA
