REGION	POS	REF	ALT	REF_DP	REF_RV	REF_QUAL	ALT_DP	ALT_RV	ALT_QUAL	ALT_FREQ	TOTAL_DP	PVAL	PASS	GFF_FEATURE	REF_CODON	REF_AA	ALT_CODON	ALT_AA	POS_AA
NC_045512.2	4184	G	A	0	0	0	3	2	39	1	3	0.1	FALSE	NA	NA	NA	NA	NA	NA
NC_045512.2	5371	A	G	21	0	38	6	0	37	0.222222	27	0.0128938	FALSE	NA	NA	NA	NA	NA	NA
NC_045512.2	7882	T	C	41	23	39	1	1	29	0.0238095	42	0.506024	FALSE	NA	NA	NA	NA	NA	NA
NC_045512.2	8485	T	A	61	8	41	1	0	36	0.016129	62	0.504065	FALSE	NA	NA	NA	NA	NA	NA
NC_045512.2	9344	C	T	0	0	0	1	0	39	1	1	1	FALSE	NA	NA	NA	NA	NA	NA
NC_045512.2	9424	A	G	0	0	0	1	1	39	1	1	1	FALSE	NA	NA	NA	NA	NA	NA
NC_045512.2	10252	C	T	44	9	38	5	1	39	0.102041	49	0.0295889	FALSE	NA	NA	NA	NA	NA	NA
NC_045512.2	10870	G	T	6	0	38	1	0	39	0.142857	7	0.538462	FALSE	NA	NA	NA	NA	NA	NA
NC_045512.2	11542	T	C	96	83	43	1	0	30	0.0103093	97	0.502591	FALSE	NA	NA	NA	NA	NA	NA
NC_045512.2	11590	A	T	13	13	38	1	1	39	0.0714286	14	0.518519	FALSE	NA	NA	NA	NA	NA	NA
NC_045512.2	12160	G	A	9	3	38	3	3	36	0.25	12	0.124224	FALSE	NA	NA	NA	NA	NA	NA
NC_045512.2	12687	A	C	23	3	41	1	0	29	0.0416667	24	0.510638	FALSE	NA	NA	NA	NA	NA	NA
NC_045512.2	15714	C	T	0	0	0	84	42	39	1	84	8.69664e-50	TRUE	NA	NA	NA	NA	NA	NA
NC_045512.2	17525	A	C	142	89	42	1	0	39	0.00699301	143	0.501754	FALSE	NA	NA	NA	NA	NA	NA
NC_045512.2	17576	A	T	144	142	39	1	1	39	0.00689655	145	0.50173	FALSE	NA	NA	NA	NA	NA	NA
NC_045512.2	21721	C	T	0	0	0	2	1	36	1	2	0.333333	FALSE	NA	NA	NA	NA	NA	NA
NC_045512.2	23403	A	G	0	0	0	5	2	38	1	5	0.00793651	TRUE	NA	NA	NA	NA	NA	NA
NC_045512.2	27807	C	T	0	0	0	1	1	38	1	1	1	FALSE	NA	NA	NA	NA	NA	NA
NC_045512.2	27878	T	-CA	173	117	39	1	0	20	0.00578035	173	0.753606	FALSE	NA	NA	NA	NA	NA	NA
NC_045512.2	27889	C	T	104	87	42	90	75	42	0.463918	194	1.27164e-33	TRUE	NA	NA	NA	NA	NA	NA
NC_045512.2	27945	C	T	140	135	42	12	12	38	0.0789474	152	0.00020282	TRUE	NA	NA	NA	NA	NA	NA
NC_045512.2	27950	A	G	166	163	41	1	1	38	0.00598802	167	0.501502	FALSE	NA	NA	NA	NA	NA	NA
NC_045512.2	28271	A	T	0	0	0	175	175	38	1	175	2.04614e-104	TRUE	NA	NA	NA	NA	NA	NA
NC_045512.2	28363	A	T	0	0	0	2	0	31	1	2	0.333333	FALSE	NA	NA	NA	NA	NA	NA
NC_045512.2	28370	A	G	0	0	0	1	1	38	1	1	1	FALSE	NA	NA	NA	NA	NA	NA
NC_045512.2	28681	G	T	119	24	43	25	6	42	0.173611	144	1.04357e-08	TRUE	NA	NA	NA	NA	NA	NA
NC_045512.2	28724	C	T	114	69	41	4	1	39	0.0338983	118	0.0619578	FALSE	NA	NA	NA	NA	NA	NA
NC_045512.2	28771	A	T	96	95	38	1	1	38	0.0103093	97	0.502591	FALSE	NA	NA	NA	NA	NA	NA
NC_045512.2	29365	A	C	238	162	41	1	0	34	0.0041841	239	0.501048	FALSE	NA	NA	NA	NA	NA	NA
