REGION	POS	REF	ALT	REF_DP	REF_RV	REF_QUAL	ALT_DP	ALT_RV	ALT_QUAL	ALT_FREQ	TOTAL_DP	PVAL	PASS	GFF_FEATURE	REF_CODON	REF_AA	ALT_CODON	ALT_AA	POS_AA
NC_045512.2	4184	G	A	0	0	0	3	1	38	1	3	0.1	FALSE	NA	NA	NA	NA	NA	NA
NC_045512.2	15708	G	C	67	1	38	1	0	39	0.0147059	68	0.503704	FALSE	NA	NA	NA	NA	NA	NA
NC_045512.2	15714	C	T	0	0	0	30	14	38	1	30	1.69112e-17	TRUE	NA	NA	NA	NA	NA	NA
NC_045512.2	16068	G	T	47	21	42	1	1	37	0.0208333	48	0.505263	FALSE	NA	NA	NA	NA	NA	NA
NC_045512.2	16630	C	-T	23	16	39	1	0	20	0.0434783	23	0.521739	FALSE	NA	NA	NA	NA	NA	NA
NC_045512.2	16635	T	G	21	15	44	2	2	39	0.0869565	23	0.255556	FALSE	NA	NA	NA	NA	NA	NA
NC_045512.2	17410	C	T	0	0	0	2	2	39	1	2	0.333333	FALSE	NA	NA	NA	NA	NA	NA
NC_045512.2	21721	C	T	7	2	38	2	2	37	0.222222	9	0.264706	FALSE	NA	NA	NA	NA	NA	NA
NC_045512.2	23403	A	G	0	0	0	24	13	38	1	24	6.20201e-14	TRUE	NA	NA	NA	NA	NA	NA
NC_045512.2	23409	A	G	11	5	42	5	0	38	0.3125	16	0.0257076	FALSE	NA	NA	NA	NA	NA	NA
NC_045512.2	24651	C	T	18	14	38	1	0	39	0.0526316	19	0.513514	FALSE	NA	NA	NA	NA	NA	NA
NC_045512.2	27384	T	C	0	0	0	7	0	38	1	7	0.000582751	TRUE	NA	NA	NA	NA	NA	NA
NC_045512.2	27893	C	T	60	43	44	9	8	38	0.130435	69	0.00158199	TRUE	NA	NA	NA	NA	NA	NA
NC_045512.2	27945	C	T	46	43	42	7	6	38	0.132075	53	0.00677233	TRUE	NA	NA	NA	NA	NA	NA
NC_045512.2	28160	T	C	356	21	40	1	0	39	0.00280112	357	0.500701	FALSE	NA	NA	NA	NA	NA	NA
NC_045512.2	28271	A	T	0	0	0	142	142	38	1	142	1.36023e-84	TRUE	NA	NA	NA	NA	NA	NA
NC_045512.2	28311	C	T	0	0	0	2	1	35	1	2	0.333333	FALSE	NA	NA	NA	NA	NA	NA
NC_045512.2	28363	A	T	0	0	0	18	0	36	1	18	2.20382e-10	TRUE	NA	NA	NA	NA	NA	NA
NC_045512.2	28370	A	G	0	0	0	1	1	38	1	1	1	FALSE	NA	NA	NA	NA	NA	NA
NC_045512.2	28870	A	G	2	0	39	1	1	39	0.333333	3	0.6	FALSE	NA	NA	NA	NA	NA	NA
NC_045512.2	29510	A	C	0	0	0	1	1	38	1	1	1	FALSE	NA	NA	NA	NA	NA	NA
