REGION	POS	REF	ALT	REF_DP	REF_RV	REF_QUAL	ALT_DP	ALT_RV	ALT_QUAL	ALT_FREQ	TOTAL_DP	PVAL	PASS	GFF_FEATURE	REF_CODON	REF_AA	ALT_CODON	ALT_AA	POS_AA
NC_045512.2	7940	G	-T	4	4	39	1	0	20	0.25	4	0.625	FALSE	NA	NA	NA	NA	NA	NA
NC_045512.2	10333	A	G	47	44	43	1	0	75	0.0208333	48	0.505263	FALSE	NA	NA	NA	NA	NA	NA
NC_045512.2	10605	C	-T	72	38	44	1	0	20	0.0138889	72	0.506944	FALSE	NA	NA	NA	NA	NA	NA
NC_045512.2	15714	C	T	0	0	0	26	16	39	1	26	4.03292e-15	TRUE	NA	NA	NA	NA	NA	NA
NC_045512.2	16327	T	C	26	21	39	1	1	38	0.037037	27	0.509434	FALSE	NA	NA	NA	NA	NA	NA
NC_045512.2	16905	T	C	40	14	39	1	1	39	0.0243902	41	0.506173	FALSE	NA	NA	NA	NA	NA	NA
NC_045512.2	16916	T	-G	39	15	39	1	0	20	0.025641	39	0.512821	FALSE	NA	NA	NA	NA	NA	NA
NC_045512.2	16917	G	T	43	20	40	1	1	39	0.0227273	44	0.5	FALSE	NA	NA	NA	NA	NA	NA
NC_045512.2	17410	C	T	0	0	0	1	1	39	1	1	1	FALSE	NA	NA	NA	NA	NA	NA
NC_045512.2	21721	C	T	0	0	0	2	0	38	1	2	0.333333	FALSE	NA	NA	NA	NA	NA	NA
NC_045512.2	23403	A	G	0	0	0	13	4	38	1	13	1.92297e-07	TRUE	NA	NA	NA	NA	NA	NA
NC_045512.2	25584	C	T	0	0	0	1	1	39	1	1	1	FALSE	NA	NA	NA	NA	NA	NA
NC_045512.2	26270	C	T	0	0	0	1	0	39	1	1	1	FALSE	NA	NA	NA	NA	NA	NA
NC_045512.2	27312	T	A	124	19	47	1	0	39	0.008	125	0.502008	FALSE	NA	NA	NA	NA	NA	NA
NC_045512.2	27312	T	-A	124	19	47	1	0	20	0.008	125	0.753012	FALSE	NA	NA	NA	NA	NA	NA
NC_045512.2	27317	A	T	124	27	48	2	0	38	0.015873	126	0.250996	FALSE	NA	NA	NA	NA	NA	NA
NC_045512.2	27382	G	C	0	0	0	1	0	39	1	1	1	FALSE	NA	NA	NA	NA	NA	NA
NC_045512.2	27384	T	C	0	0	0	2	0	39	1	2	0.333333	FALSE	NA	NA	NA	NA	NA	NA
NC_045512.2	27661	C	T	0	0	0	1	1	39	1	1	1	FALSE	NA	NA	NA	NA	NA	NA
NC_045512.2	28271	A	T	0	0	0	66	66	38	1	66	5.29956e-39	TRUE	NA	NA	NA	NA	NA	NA
NC_045512.2	28363	A	T	0	0	0	14	0	35	1	14	4.98547e-08	TRUE	NA	NA	NA	NA	NA	NA
NC_045512.2	28370	A	G	0	0	0	3	0	39	1	3	0.1	FALSE	NA	NA	NA	NA	NA	NA
NC_045512.2	28429	G	T	52	47	41	1	1	39	0.0188679	53	0.504762	FALSE	NA	NA	NA	NA	NA	NA
NC_045512.2	28436	G	A	59	50	39	1	0	39	0.0166667	60	0.504202	FALSE	NA	NA	NA	NA	NA	NA
NC_045512.2	28704	A	G	62	41	39	3	3	38	0.0461538	65	0.124977	FALSE	NA	NA	NA	NA	NA	NA
NC_045512.2	28719	G	A	96	47	38	1	1	39	0.0103093	97	0.502591	FALSE	NA	NA	NA	NA	NA	NA
NC_045512.2	29041	G	T	20	12	38	1	1	39	0.047619	21	0.512195	FALSE	NA	NA	NA	NA	NA	NA
NC_045512.2	29324	A	T	67	40	40	1	0	39	0.0147059	68	0.503704	FALSE	NA	NA	NA	NA	NA	NA
NC_045512.2	29376	C	T	114	107	42	2	2	36	0.0172414	116	0.251082	FALSE	NA	NA	NA	NA	NA	NA
NC_045512.2	29633	T	C	31	14	53	1	1	33	0.03125	32	0.507937	FALSE	NA	NA	NA	NA	NA	NA
