REGION	POS	REF	ALT	REF_DP	REF_RV	REF_QUAL	ALT_DP	ALT_RV	ALT_QUAL	ALT_FREQ	TOTAL_DP	PVAL	PASS	GFF_FEATURE	REF_CODON	REF_AA	ALT_CODON	ALT_AA	POS_AA
NC_045512.2	1114	T	C	14	3	38	1	0	39	0.0666667	15	0.517241	FALSE	NA	NA	NA	NA	NA	NA
NC_045512.2	10212	A	T	29	0	38	1	0	39	0.0333333	30	0.508475	FALSE	NA	NA	NA	NA	NA	NA
NC_045512.2	12160	G	A	0	0	0	1	1	39	1	1	1	FALSE	NA	NA	NA	NA	NA	NA
NC_045512.2	15714	C	T	0	0	0	19	14	40	1	19	5.65847e-11	TRUE	NA	NA	NA	NA	NA	NA
NC_045512.2	16111	C	T	11	11	39	2	2	39	0.153846	13	0.26	FALSE	NA	NA	NA	NA	NA	NA
NC_045512.2	18743	A	G	27	13	44	1	1	38	0.0357143	28	0.509091	FALSE	NA	NA	NA	NA	NA	NA
NC_045512.2	20658	A	G	2	2	39	1	1	37	0.333333	3	0.6	FALSE	NA	NA	NA	NA	NA	NA
NC_045512.2	23403	A	G	0	0	0	5	3	38	1	5	0.00793651	TRUE	NA	NA	NA	NA	NA	NA
NC_045512.2	24973	T	C	0	0	0	1	1	39	1	1	1	FALSE	NA	NA	NA	NA	NA	NA
NC_045512.2	26202	T	C	35	33	43	1	1	39	0.0277778	36	0.507042	FALSE	NA	NA	NA	NA	NA	NA
NC_045512.2	27400	A	T	38	36	40	1	1	35	0.025641	39	0.506494	FALSE	NA	NA	NA	NA	NA	NA
NC_045512.2	27889	C	T	28	23	43	51	43	40	0.64557	79	2.86752e-21	TRUE	NA	NA	NA	NA	NA	NA
NC_045512.2	28271	A	T	0	0	0	59	59	38	1	59	8.21129e-35	TRUE	NA	NA	NA	NA	NA	NA
NC_045512.2	28330	A	G	3	0	39	2	0	38	0.4	5	0.277778	FALSE	NA	NA	NA	NA	NA	NA
NC_045512.2	28363	A	T	0	0	0	3	0	39	1	3	0.1	FALSE	NA	NA	NA	NA	NA	NA
NC_045512.2	29348	G	T	20	10	37	1	0	39	0.047619	21	0.512195	FALSE	NA	NA	NA	NA	NA	NA
