REGION	POS	REF	ALT	REF_DP	REF_RV	REF_QUAL	ALT_DP	ALT_RV	ALT_QUAL	ALT_FREQ	TOTAL_DP	PVAL	PASS	GFF_FEATURE	REF_CODON	REF_AA	ALT_CODON	ALT_AA	POS_AA
NC_045512.2	5200	G	T	1	1	39	1	1	39	0.5	2	0.666667	FALSE	NA	NA	NA	NA	NA	NA
NC_045512.2	13355	A	T	7	6	38	1	1	38	0.125	8	0.533333	FALSE	NA	NA	NA	NA	NA	NA
NC_045512.2	15714	C	T	0	0	0	8	4	39	1	8	0.0001554	TRUE	NA	NA	NA	NA	NA	NA
NC_045512.2	16935	G	A	8	6	43	1	0	39	0.111111	9	0.529412	FALSE	NA	NA	NA	NA	NA	NA
NC_045512.2	17752	T	A	1	0	39	1	0	39	0.5	2	0.666667	FALSE	NA	NA	NA	NA	NA	NA
NC_045512.2	24300	A	G	0	0	0	1	0	38	1	1	1	FALSE	NA	NA	NA	NA	NA	NA
NC_045512.2	27889	C	T	3	0	38	18	15	40	0.857143	21	6.58049e-09	TRUE	NA	NA	NA	NA	NA	NA
NC_045512.2	28166	G	A	19	7	39	1	0	30	0.05	20	0.512821	FALSE	NA	NA	NA	NA	NA	NA
NC_045512.2	28202	G	T	9	6	44	1	0	38	0.1	10	0.526316	FALSE	NA	NA	NA	NA	NA	NA
NC_045512.2	28271	A	T	0	0	0	8	8	39	1	8	0.0001554	TRUE	NA	NA	NA	NA	NA	NA
NC_045512.2	28363	A	T	0	0	0	1	0	39	1	1	1	FALSE	NA	NA	NA	NA	NA	NA
NC_045512.2	28370	A	G	0	0	0	4	0	38	1	4	0.0285714	FALSE	NA	NA	NA	NA	NA	NA
NC_045512.2	28681	G	T	24	6	41	2	1	38	0.0769231	26	0.254902	FALSE	NA	NA	NA	NA	NA	NA
