REGION	POS	REF	ALT	REF_DP	REF_RV	REF_QUAL	ALT_DP	ALT_RV	ALT_QUAL	ALT_FREQ	TOTAL_DP	PVAL	PASS	GFF_FEATURE	REF_CODON	REF_AA	ALT_CODON	ALT_AA	POS_AA
NC_045512.2	4184	G	A	0	0	0	1	0	38	1	1	1	FALSE	NA	NA	NA	NA	NA	NA
NC_045512.2	4774	A	G	11	1	45	1	0	36	0.0833333	12	0.521739	FALSE	NA	NA	NA	NA	NA	NA
NC_045512.2	5762	T	C	11	3	47	1	0	39	0.0833333	12	0.521739	FALSE	NA	NA	NA	NA	NA	NA
NC_045512.2	5769	A	C	15	6	41	1	1	38	0.0625	16	0.516129	FALSE	NA	NA	NA	NA	NA	NA
NC_045512.2	10357	T	C	47	47	38	1	1	39	0.0208333	48	0.505263	FALSE	NA	NA	NA	NA	NA	NA
NC_045512.2	12160	G	A	0	0	0	8	8	39	1	8	0.0001554	TRUE	NA	NA	NA	NA	NA	NA
NC_045512.2	12769	G	A	28	26	42	4	4	39	0.125	32	0.0603695	FALSE	NA	NA	NA	NA	NA	NA
NC_045512.2	15682	T	C	208	3	39	1	0	38	0.00478469	209	0.501199	FALSE	NA	NA	NA	NA	NA	NA
NC_045512.2	15714	C	T	0	0	0	34	18	38	1	34	7.02913e-20	TRUE	NA	NA	NA	NA	NA	NA
NC_045512.2	21770	G	A	0	0	0	2	2	37	1	2	0.333333	FALSE	NA	NA	NA	NA	NA	NA
NC_045512.2	23381	C	T	66	17	40	1	1	39	0.0149254	67	0.503759	FALSE	NA	NA	NA	NA	NA	NA
NC_045512.2	23403	A	G	0	0	0	21	11	38	1	21	3.71569e-12	TRUE	NA	NA	NA	NA	NA	NA
NC_045512.2	26772	A	T	5	3	44	1	1	37	0.166667	6	0.545455	FALSE	NA	NA	NA	NA	NA	NA
NC_045512.2	27384	T	C	1	0	37	1	0	39	0.5	2	0.666667	FALSE	NA	NA	NA	NA	NA	NA
NC_045512.2	27889	C	T	10	8	38	7	5	44	0.411765	17	0.00455238	TRUE	NA	NA	NA	NA	NA	NA
NC_045512.2	28239	G	A	225	183	41	1	1	39	0.00442478	226	0.501109	FALSE	NA	NA	NA	NA	NA	NA
NC_045512.2	28271	A	T	0	0	0	115	115	38	0.858209	134	8.37689e-74	TRUE	NA	NA	NA	NA	NA	NA
NC_045512.2	28271	A	C	0	0	0	19	19	38	0.141791	134	1.37966e-24	TRUE	NA	NA	NA	NA	NA	NA
NC_045512.2	28363	A	T	0	0	0	2	0	31	1	2	0.333333	FALSE	NA	NA	NA	NA	NA	NA
NC_045512.2	28381	A	T	5	3	38	1	1	37	0.166667	6	0.545455	FALSE	NA	NA	NA	NA	NA	NA
NC_045512.2	28681	G	T	41	6	41	17	1	45	0.293103	58	2.26449e-06	TRUE	NA	NA	NA	NA	NA	NA
NC_045512.2	28724	C	T	53	25	40	6	5	38	0.101695	59	0.0144064	FALSE	NA	NA	NA	NA	NA	NA
NC_045512.2	29299	A	T	142	16	41	1	0	39	0.00699301	143	0.501754	FALSE	NA	NA	NA	NA	NA	NA
NC_045512.2	29510	A	C	0	0	0	1	0	39	1	1	1	FALSE	NA	NA	NA	NA	NA	NA
