REGION	POS	REF	ALT	REF_DP	REF_RV	REF_QUAL	ALT_DP	ALT_RV	ALT_QUAL	ALT_FREQ	TOTAL_DP	PVAL	PASS	GFF_FEATURE	REF_CODON	REF_AA	ALT_CODON	ALT_AA	POS_AA
NC_045512.2	2010	A	C	18	3	46	1	0	27	0.0526316	19	0.513514	FALSE	NA	NA	NA	NA	NA	NA
NC_045512.2	12160	G	A	0	0	0	3	1	39	1	3	0.1	FALSE	NA	NA	NA	NA	NA	NA
NC_045512.2	15714	C	T	0	0	0	1	1	37	1	1	1	FALSE	NA	NA	NA	NA	NA	NA
NC_045512.2	16935	G	A	5	4	38	1	1	33	0.166667	6	0.545455	FALSE	NA	NA	NA	NA	NA	NA
NC_045512.2	21770	G	A	0	0	0	1	1	37	1	1	1	FALSE	NA	NA	NA	NA	NA	NA
NC_045512.2	23403	A	G	1	0	38	4	0	38	0.8	5	0.0396825	FALSE	NA	NA	NA	NA	NA	NA
NC_045512.2	27384	T	C	2	2	38	1	0	39	0.333333	3	0.6	FALSE	NA	NA	NA	NA	NA	NA
NC_045512.2	27889	C	T	14	11	43	10	10	38	0.416667	24	0.000378762	TRUE	NA	NA	NA	NA	NA	NA
NC_045512.2	28271	A	T	0	0	0	25	25	38	0.961538	26	7.91073e-15	TRUE	NA	NA	NA	NA	NA	NA
NC_045512.2	28271	A	C	0	0	0	1	1	39	0.0384615	26	0.0384615	FALSE	NA	NA	NA	NA	NA	NA
NC_045512.2	28311	C	T	0	0	0	1	0	35	1	1	1	FALSE	NA	NA	NA	NA	NA	NA
NC_045512.2	28363	A	T	0	0	0	1	0	39	1	1	1	FALSE	NA	NA	NA	NA	NA	NA
NC_045512.2	28444	T	G	18	17	43	1	1	38	0.0526316	19	0.513514	FALSE	NA	NA	NA	NA	NA	NA
NC_045512.2	28657	C	T	56	2	40	1	0	39	0.0175439	57	0.504425	FALSE	NA	NA	NA	NA	NA	NA
NC_045512.2	28681	G	T	32	8	46	16	1	41	0.326531	49	3.40482e-06	TRUE	NA	NA	NA	NA	NA	NA
NC_045512.2	28681	G	C	32	8	46	1	0	39	0.0204082	49	0.407407	FALSE	NA	NA	NA	NA	NA	NA
NC_045512.2	28724	C	T	26	18	42	6	4	37	0.1875	32	0.013337	FALSE	NA	NA	NA	NA	NA	NA
NC_045512.2	28913	G	A	0	0	0	1	1	27	1	1	1	FALSE	NA	NA	NA	NA	NA	NA
