REGION	POS	REF	ALT	REF_DP	REF_RV	REF_QUAL	ALT_DP	ALT_RV	ALT_QUAL	ALT_FREQ	TOTAL_DP	PVAL	PASS	GFF_FEATURE	REF_CODON	REF_AA	ALT_CODON	ALT_AA	POS_AA
NC_045512.2	4321	C	T	0	0	0	2	2	34	1	2	0.333333	FALSE	NA	NA	NA	NA	NA	NA
NC_045512.2	6032	G	A	8	0	31	1	0	34	0.111111	9	0.529412	FALSE	NA	NA	NA	NA	NA	NA
NC_045512.2	6407	T	A	28	17	40	1	1	27	0.0344828	29	0.508772	FALSE	NA	NA	NA	NA	NA	NA
NC_045512.2	12970	C	T	0	0	0	2	2	34	1	2	0.333333	FALSE	NA	NA	NA	NA	NA	NA
NC_045512.2	13627	G	A	82	12	36	4	1	32	0.0465116	86	0.0617495	FALSE	NA	NA	NA	NA	NA	NA
NC_045512.2	14258	A	T	17	9	36	1	0	26	0.0555556	18	0.514286	FALSE	NA	NA	NA	NA	NA	NA
NC_045512.2	16260	C	T	53	50	35	1	1	34	0.0185185	54	0.504673	FALSE	NA	NA	NA	NA	NA	NA
NC_045512.2	16878	A	T	0	0	0	3	3	34	1	3	0.1	FALSE	NA	NA	NA	NA	NA	NA
NC_045512.2	19326	A	G	0	0	0	10	6	34	1	10	1.08251e-05	TRUE	NA	NA	NA	NA	NA	NA
NC_045512.2	19562	T	-G	4	0	34	2	0	20	0.5	4	0.416667	FALSE	NA	NA	NA	NA	NA	NA
NC_045512.2	19563	G	T	0	0	0	2	0	34	1	2	0.1	FALSE	NA	NA	NA	NA	NA	NA
NC_045512.2	21499	A	G	0	0	0	1	0	34	1	1	1	FALSE	NA	NA	NA	NA	NA	NA
NC_045512.2	25572	C	T	0	0	0	1	0	34	1	1	1	FALSE	NA	NA	NA	NA	NA	NA
NC_045512.2	25584	C	T	0	0	0	3	3	28	1	3	0.1	FALSE	NA	NA	NA	NA	NA	NA
NC_045512.2	26577	C	G	0	0	0	13	13	33	1	13	1.92297e-07	TRUE	NA	NA	NA	NA	NA	NA
NC_045512.2	27384	T	C	0	0	0	2	0	34	1	2	0.333333	FALSE	NA	NA	NA	NA	NA	NA
NC_045512.2	27807	C	T	0	0	0	31	31	33	1	31	4.29712e-18	TRUE	NA	NA	NA	NA	NA	NA
NC_045512.2	29015	A	-AG	3	2	56	1	0	20	0.333333	3	0.666667	FALSE	NA	NA	NA	NA	NA	NA
NC_045512.2	29068	T	-A	4	3	34	1	0	20	0.25	4	0.625	FALSE	NA	NA	NA	NA	NA	NA
NC_045512.2	29390	A	C	0	0	0	9	5	33	1	9	4.11353e-05	TRUE	NA	NA	NA	NA	NA	NA
NC_045512.2	29625	C	T	40	13	41	1	0	34	0.0243902	41	0.506173	FALSE	NA	NA	NA	NA	NA	NA
