REGION	POS	REF	ALT	REF_DP	REF_RV	REF_QUAL	ALT_DP	ALT_RV	ALT_QUAL	ALT_FREQ	TOTAL_DP	PVAL	PASS	GFF_FEATURE	REF_CODON	REF_AA	ALT_CODON	ALT_AA	POS_AA
NC_045512.2	5386	T	G	1	0	39	2	0	38	0.666667	3	0.3	FALSE	NA	NA	NA	NA	NA	NA
NC_045512.2	11537	A	G	4	3	38	2	1	39	0.333333	6	0.272727	FALSE	NA	NA	NA	NA	NA	NA
NC_045512.2	15714	C	T	9	5	38	30	15	39	0.769231	39	1.00132e-13	TRUE	NA	NA	NA	NA	NA	NA
NC_045512.2	16323	C	T	13	11	38	1	1	39	0.0714286	14	0.518519	FALSE	NA	NA	NA	NA	NA	NA
NC_045512.2	17410	C	T	0	0	0	1	1	39	1	1	1	FALSE	NA	NA	NA	NA	NA	NA
NC_045512.2	19651	A	G	22	4	40	1	0	39	0.0434783	23	0.511111	FALSE	NA	NA	NA	NA	NA	NA
NC_045512.2	19717	A	G	8	4	39	1	1	39	0.111111	9	0.529412	FALSE	NA	NA	NA	NA	NA	NA
NC_045512.2	21721	C	T	10	3	42	1	1	39	0.0909091	11	0.52381	FALSE	NA	NA	NA	NA	NA	NA
NC_045512.2	21770	G	A	11	9	42	1	1	37	0.0833333	12	0.521739	FALSE	NA	NA	NA	NA	NA	NA
NC_045512.2	22574	T	C	2	0	39	1	0	36	0.333333	3	0.6	FALSE	NA	NA	NA	NA	NA	NA
NC_045512.2	23133	T	G	1	0	39	1	1	38	0.5	2	0.666667	FALSE	NA	NA	NA	NA	NA	NA
NC_045512.2	23403	A	G	0	0	0	22	9	38	1	22	9.50526e-13	TRUE	NA	NA	NA	NA	NA	NA
NC_045512.2	27402	T	C	21	21	38	1	1	39	0.0454545	22	0.511628	FALSE	NA	NA	NA	NA	NA	NA
NC_045512.2	27857	G	T	57	1	42	1	0	39	0.0172414	58	0.504348	FALSE	NA	NA	NA	NA	NA	NA
NC_045512.2	28271	A	T	0	0	0	50	50	38	1	50	1.98233e-29	TRUE	NA	NA	NA	NA	NA	NA
NC_045512.2	28363	A	T	0	0	0	19	2	37	1	19	5.65847e-11	TRUE	NA	NA	NA	NA	NA	NA
NC_045512.2	28434	C	-CG	40	33	41	3	0	20	0.075	40	0.139352	FALSE	NA	NA	NA	NA	NA	NA
NC_045512.2	28647	C	T	21	0	38	4	0	39	0.16	25	0.0597047	FALSE	NA	NA	NA	NA	NA	NA
NC_045512.2	28746	T	C	61	38	45	1	1	38	0.016129	62	0.504065	FALSE	NA	NA	NA	NA	NA	NA
NC_045512.2	29610	T	C	24	2	50	1	0	39	0.04	25	0.510204	FALSE	NA	NA	NA	NA	NA	NA
