REGION	POS	REF	ALT	REF_DP	REF_RV	REF_QUAL	ALT_DP	ALT_RV	ALT_QUAL	ALT_FREQ	TOTAL_DP	PVAL	PASS	GFF_FEATURE	REF_CODON	REF_AA	ALT_CODON	ALT_AA	POS_AA
NC_045512.2	3037	C	T	0	0	0	2	2	39	1	2	0.333333	FALSE	NA	NA	NA	NA	NA	NA
NC_045512.2	3211	T	C	3	0	38	1	0	36	0.25	4	0.571429	FALSE	NA	NA	NA	NA	NA	NA
NC_045512.2	4184	G	A	0	0	0	2	1	38	1	2	0.333333	FALSE	NA	NA	NA	NA	NA	NA
NC_045512.2	11544	T	A	34	29	45	1	1	39	0.0285714	35	0.507246	FALSE	NA	NA	NA	NA	NA	NA
NC_045512.2	12160	G	A	0	0	0	2	2	38	1	2	0.333333	FALSE	NA	NA	NA	NA	NA	NA
NC_045512.2	13998	G	T	9	8	47	1	1	39	0.1	10	0.526316	FALSE	NA	NA	NA	NA	NA	NA
NC_045512.2	15714	C	T	0	0	0	34	16	38	1	34	7.02913e-20	TRUE	NA	NA	NA	NA	NA	NA
NC_045512.2	15738	C	T	113	36	39	2	0	39	0.0173913	115	0.251092	FALSE	NA	NA	NA	NA	NA	NA
NC_045512.2	15783	C	T	287	262	42	1	1	27	0.00347222	288	0.876303	FALSE	NA	NA	NA	NA	NA	NA
NC_045512.2	16935	G	A	11	11	38	14	9	38	0.56	25	6.60112e-06	TRUE	NA	NA	NA	NA	NA	NA
NC_045512.2	17124	T	C	4	0	39	1	0	39	0.2	5	0.555556	FALSE	NA	NA	NA	NA	NA	NA
NC_045512.2	17859	T	C	13	12	41	1	1	38	0.0714286	14	0.518519	FALSE	NA	NA	NA	NA	NA	NA
NC_045512.2	19058	G	T	28	7	39	10	6	38	0.263158	38	0.000570293	TRUE	NA	NA	NA	NA	NA	NA
NC_045512.2	19326	A	G	0	0	0	1	0	38	1	1	1	FALSE	NA	NA	NA	NA	NA	NA
NC_045512.2	21770	G	A	4	4	39	1	1	39	0.2	5	0.555556	FALSE	NA	NA	NA	NA	NA	NA
NC_045512.2	22119	T	C	10	10	36	1	1	38	0.0909091	11	0.52381	FALSE	NA	NA	NA	NA	NA	NA
NC_045512.2	23403	A	G	0	0	0	10	5	38	1	10	1.08251e-05	TRUE	NA	NA	NA	NA	NA	NA
NC_045512.2	25584	C	T	0	0	0	3	3	37	1	3	0.1	FALSE	NA	NA	NA	NA	NA	NA
NC_045512.2	26146	T	C	42	15	39	1	0	36	0.0232558	43	0.505882	FALSE	NA	NA	NA	NA	NA	NA
NC_045512.2	27889	C	T	26	21	42	81	68	41	0.757009	107	3.37298e-36	TRUE	NA	NA	NA	NA	NA	NA
NC_045512.2	27915	G	T	80	60	38	18	15	39	0.183673	98	1.78012e-06	TRUE	NA	NA	NA	NA	NA	NA
NC_045512.2	28271	A	T	0	0	0	48	48	38	1	48	3.10797e-28	TRUE	NA	NA	NA	NA	NA	NA
NC_045512.2	28363	A	T	0	0	0	10	0	37	1	10	1.08251e-05	TRUE	NA	NA	NA	NA	NA	NA
NC_045512.2	28681	G	T	14	4	46	46	9	42	0.766667	60	7.65372e-21	TRUE	NA	NA	NA	NA	NA	NA
NC_045512.2	28688	T	+C	39	19	38	1	0	20	0.025641	39	0.512821	FALSE	NA	NA	NA	NA	NA	NA
NC_045512.2	28710	T	A	63	30	40	1	0	37	0.015625	64	0.503937	FALSE	NA	NA	NA	NA	NA	NA
NC_045512.2	29510	A	C	0	0	0	2	0	38	1	2	0.333333	FALSE	NA	NA	NA	NA	NA	NA
