REGION	POS	REF	ALT	REF_DP	REF_RV	REF_QUAL	ALT_DP	ALT_RV	ALT_QUAL	ALT_FREQ	TOTAL_DP	PVAL	PASS	GFF_FEATURE	REF_CODON	REF_AA	ALT_CODON	ALT_AA	POS_AA
NC_045512.2	13047	C	A	0	0	0	1	1	27	1	1	1	FALSE	NA	NA	NA	NA	NA	NA
NC_045512.2	13657	A	G	232	155	41	1	1	39	0.00429185	233	0.501075	FALSE	NA	NA	NA	NA	NA	NA
NC_045512.2	27889	C	T	0	0	0	19	17	38	1	19	5.65847e-11	TRUE	NA	NA	NA	NA	NA	NA
NC_045512.2	28363	A	T	0	0	0	9	0	36	1	9	4.11353e-05	TRUE	NA	NA	NA	NA	NA	NA
NC_045512.2	28681	G	T	47	12	46	10	2	50	0.175439	57	0.000695507	TRUE	NA	NA	NA	NA	NA	NA
NC_045512.2	29081	G	T	69	62	44	1	1	39	0.0142857	70	0.503597	FALSE	NA	NA	NA	NA	NA	NA
NC_045512.2	29614	C	T	20	6	48	3	1	39	0.130435	23	0.124806	FALSE	NA	NA	NA	NA	NA	NA
