REGION	POS	REF	ALT	REF_DP	REF_RV	REF_QUAL	ALT_DP	ALT_RV	ALT_QUAL	ALT_FREQ	TOTAL_DP	PVAL	PASS	GFF_FEATURE	REF_CODON	REF_AA	ALT_CODON	ALT_AA	POS_AA
NC_045512.2	3317	C	T	2	1	38	2	1	38	0.5	4	0.285714	FALSE	NA	NA	NA	NA	NA	NA
NC_045512.2	3386	A	T	2	0	39	1	0	39	0.333333	3	0.6	FALSE	NA	NA	NA	NA	NA	NA
NC_045512.2	4184	G	A	0	0	0	1	0	39	1	1	1	FALSE	NA	NA	NA	NA	NA	NA
NC_045512.2	5180	G	A	7	6	43	1	1	39	0.125	8	0.533333	FALSE	NA	NA	NA	NA	NA	NA
NC_045512.2	12160	G	A	6	1	38	5	3	46	0.454545	11	0.0227038	FALSE	NA	NA	NA	NA	NA	NA
NC_045512.2	12992	C	T	76	1	42	1	0	30	0.012987	77	0.503268	FALSE	NA	NA	NA	NA	NA	NA
NC_045512.2	13037	A	T	92	65	44	1	0	39	0.0107527	93	0.502703	FALSE	NA	NA	NA	NA	NA	NA
NC_045512.2	13900	G	A	28	0	42	1	0	39	0.0344828	29	0.508772	FALSE	NA	NA	NA	NA	NA	NA
NC_045512.2	15714	C	T	0	0	0	14	8	41	1	14	4.98547e-08	TRUE	NA	NA	NA	NA	NA	NA
NC_045512.2	16052	A	G	53	10	41	1	0	39	0.0185185	54	0.504673	FALSE	NA	NA	NA	NA	NA	NA
NC_045512.2	16580	C	T	49	26	41	1	1	39	0.02	50	0.505051	FALSE	NA	NA	NA	NA	NA	NA
NC_045512.2	16616	C	A	35	22	40	3	1	38	0.0789474	38	0.124932	FALSE	NA	NA	NA	NA	NA	NA
NC_045512.2	16935	G	A	40	35	38	5	3	37	0.111111	45	0.0294346	FALSE	NA	NA	NA	NA	NA	NA
NC_045512.2	18760	A	G	25	18	39	1	1	39	0.0384615	26	0.509804	FALSE	NA	NA	NA	NA	NA	NA
NC_045512.2	20560	G	T	2	0	58	1	0	27	0.333333	3	0.6	FALSE	NA	NA	NA	NA	NA	NA
NC_045512.2	23403	A	G	0	0	0	6	3	38	1	6	0.0021645	TRUE	NA	NA	NA	NA	NA	NA
NC_045512.2	23405	G	T	5	3	43	1	1	39	0.166667	6	0.545455	FALSE	NA	NA	NA	NA	NA	NA
NC_045512.2	26750	C	A	19	1	40	1	0	39	0.05	20	0.512821	FALSE	NA	NA	NA	NA	NA	NA
NC_045512.2	27328	T	C	65	25	42	1	0	39	0.0151515	66	0.503817	FALSE	NA	NA	NA	NA	NA	NA
NC_045512.2	27889	C	T	19	13	39	48	41	40	0.716418	67	5.67894e-21	TRUE	NA	NA	NA	NA	NA	NA
NC_045512.2	28271	A	T	0	0	0	18	18	38	1	18	2.20382e-10	TRUE	NA	NA	NA	NA	NA	NA
NC_045512.2	28363	A	T	0	0	0	7	0	39	1	7	0.000582751	TRUE	NA	NA	NA	NA	NA	NA
NC_045512.2	28370	A	G	0	0	0	3	0	36	1	3	0.1	FALSE	NA	NA	NA	NA	NA	NA
NC_045512.2	28681	G	T	48	15	47	11	2	48	0.186441	59	0.000322569	TRUE	NA	NA	NA	NA	NA	NA
NC_045512.2	29510	A	C	0	0	0	1	0	39	1	1	1	FALSE	NA	NA	NA	NA	NA	NA
NC_045512.2	29614	C	T	59	13	44	1	0	39	0.0166667	60	0.504202	FALSE	NA	NA	NA	NA	NA	NA
NC_045512.2	29615	A	T	60	13	44	1	0	37	0.0163934	61	0.504132	FALSE	NA	NA	NA	NA	NA	NA
NC_045512.2	29666	C	T	77	56	53	1	1	39	0.0128205	78	0.503226	FALSE	NA	NA	NA	NA	NA	NA
