REGION	POS	REF	ALT	REF_DP	REF_RV	REF_QUAL	ALT_DP	ALT_RV	ALT_QUAL	ALT_FREQ	TOTAL_DP	PVAL	PASS	GFF_FEATURE	REF_CODON	REF_AA	ALT_CODON	ALT_AA	POS_AA
NC_045512.2	1139	A	C	23	6	42	1	0	31	0.0416667	24	0.510638	FALSE	NA	NA	NA	NA	NA	NA
NC_045512.2	1684	C	T	22	1	39	1	0	39	0.0434783	23	0.511111	FALSE	NA	NA	NA	NA	NA	NA
NC_045512.2	1813	T	C	1	1	39	1	1	34	0.5	2	0.666667	FALSE	NA	NA	NA	NA	NA	NA
NC_045512.2	4184	G	A	0	0	0	2	1	39	1	2	0.333333	FALSE	NA	NA	NA	NA	NA	NA
NC_045512.2	9735	T	C	24	24	38	1	1	39	0.04	25	0.510204	FALSE	NA	NA	NA	NA	NA	NA
NC_045512.2	10334	G	A	129	111	45	1	1	39	0.00769231	130	0.501931	FALSE	NA	NA	NA	NA	NA	NA
NC_045512.2	10614	A	T	26	13	38	1	0	30	0.037037	27	0.509434	FALSE	NA	NA	NA	NA	NA	NA
NC_045512.2	11537	A	T	100	67	42	1	1	39	0.00990099	101	0.502488	FALSE	NA	NA	NA	NA	NA	NA
NC_045512.2	12160	G	A	0	0	0	21	15	40	1	21	3.71569e-12	TRUE	NA	NA	NA	NA	NA	NA
NC_045512.2	12459	C	T	4	2	36	1	1	39	0.2	5	0.555556	FALSE	NA	NA	NA	NA	NA	NA
NC_045512.2	13004	G	C	42	10	40	2	0	39	0.0454545	44	0.252874	FALSE	NA	NA	NA	NA	NA	NA
NC_045512.2	14257	T	C	3	1	52	3	3	39	0.5	6	0.121212	FALSE	NA	NA	NA	NA	NA	NA
NC_045512.2	14408	C	T	0	0	0	1	0	32	1	1	1	FALSE	NA	NA	NA	NA	NA	NA
NC_045512.2	15714	C	T	0	0	0	18	9	38	1	18	2.20382e-10	TRUE	NA	NA	NA	NA	NA	NA
NC_045512.2	16935	G	A	0	0	0	12	8	37	1	12	7.39602e-07	TRUE	NA	NA	NA	NA	NA	NA
NC_045512.2	17532	A	C	111	77	39	1	1	38	0.00892857	112	0.502242	FALSE	NA	NA	NA	NA	NA	NA
NC_045512.2	17854	G	A	0	0	0	1	0	30	1	1	1	FALSE	NA	NA	NA	NA	NA	NA
NC_045512.2	27807	C	T	0	0	0	1	0	39	1	1	1	FALSE	NA	NA	NA	NA	NA	NA
NC_045512.2	27889	C	T	0	0	0	53	40	40	1	53	3.18851e-31	TRUE	NA	NA	NA	NA	NA	NA
NC_045512.2	28140	T	C	96	0	39	1	0	39	0.0103093	97	0.502591	FALSE	NA	NA	NA	NA	NA	NA
NC_045512.2	28178	G	A	114	34	45	1	0	39	0.00869565	115	0.502183	FALSE	NA	NA	NA	NA	NA	NA
NC_045512.2	28253	C	-A	101	98	41	2	0	20	0.019802	101	0.511138	FALSE	NA	NA	NA	NA	NA	NA
NC_045512.2	28271	A	T	0	0	0	55	55	38	1	55	2.0299e-32	TRUE	NA	NA	NA	NA	NA	NA
NC_045512.2	28363	A	T	0	0	0	2	0	38	1	2	0.333333	FALSE	NA	NA	NA	NA	NA	NA
NC_045512.2	28370	A	G	0	0	0	1	1	38	1	1	1	FALSE	NA	NA	NA	NA	NA	NA
NC_045512.2	28681	G	T	56	9	46	23	5	40	0.291139	79	2.13787e-08	TRUE	NA	NA	NA	NA	NA	NA
NC_045512.2	29083	A	T	6	6	39	2	2	39	0.25	8	0.266667	FALSE	NA	NA	NA	NA	NA	NA
NC_045512.2	29663	A	T	58	39	53	1	1	39	0.0169492	59	0.504274	FALSE	NA	NA	NA	NA	NA	NA
