REGION	POS	REF	ALT	REF_DP	REF_RV	REF_QUAL	ALT_DP	ALT_RV	ALT_QUAL	ALT_FREQ	TOTAL_DP	PVAL	PASS	GFF_FEATURE	REF_CODON	REF_AA	ALT_CODON	ALT_AA	POS_AA
NC_045512.2	11563	C	T	30	29	43	3	3	38	0.0909091	33	0.124908	FALSE	NA	NA	NA	NA	NA	NA
NC_045512.2	12160	G	A	0	0	0	2	1	38	1	2	0.333333	FALSE	NA	NA	NA	NA	NA	NA
NC_045512.2	15714	C	T	0	0	0	40	25	38	1	40	1.86034e-23	TRUE	NA	NA	NA	NA	NA	NA
NC_045512.2	16935	G	A	0	0	0	6	5	38	1	6	0.0021645	TRUE	NA	NA	NA	NA	NA	NA
NC_045512.2	17529	T	C	19	14	42	1	0	38	0.05	20	0.512821	FALSE	NA	NA	NA	NA	NA	NA
NC_045512.2	20262	A	G	10	6	38	1	0	39	0.0909091	11	0.52381	FALSE	NA	NA	NA	NA	NA	NA
NC_045512.2	21770	G	A	0	0	0	1	1	39	1	1	1	FALSE	NA	NA	NA	NA	NA	NA
NC_045512.2	23403	A	G	0	0	0	24	12	39	1	24	6.20201e-14	TRUE	NA	NA	NA	NA	NA	NA
NC_045512.2	25293	T	C	12	10	48	1	0	38	0.0769231	13	0.52	FALSE	NA	NA	NA	NA	NA	NA
NC_045512.2	27327	G	T	18	5	44	2	1	39	0.1	20	0.25641	FALSE	NA	NA	NA	NA	NA	NA
NC_045512.2	27866	T	C	122	34	44	1	0	30	0.00813008	123	0.502041	FALSE	NA	NA	NA	NA	NA	NA
NC_045512.2	27879	C	T	53	34	37	1	1	38	0.0185185	54	0.504673	FALSE	NA	NA	NA	NA	NA	NA
NC_045512.2	27889	C	T	19	15	39	42	33	38	0.688525	61	4.61178e-18	TRUE	NA	NA	NA	NA	NA	NA
NC_045512.2	28132	C	T	54	0	38	6	0	39	0.1	60	0.0144272	FALSE	NA	NA	NA	NA	NA	NA
NC_045512.2	28271	A	T	0	0	0	78	78	38	1	78	3.43296e-46	TRUE	NA	NA	NA	NA	NA	NA
NC_045512.2	28363	A	T	0	0	0	16	0	38	1	16	3.32734e-09	TRUE	NA	NA	NA	NA	NA	NA
NC_045512.2	28370	A	G	0	0	0	1	0	39	1	1	1	FALSE	NA	NA	NA	NA	NA	NA
NC_045512.2	28396	G	A	36	22	43	12	7	36	0.25	48	0.000127461	TRUE	NA	NA	NA	NA	NA	NA
NC_045512.2	28681	G	T	64	14	42	43	4	41	0.401869	107	6.9576e-16	TRUE	NA	NA	NA	NA	NA	NA
NC_045512.2	28724	C	T	109	46	42	3	3	38	0.0267857	112	0.124992	FALSE	NA	NA	NA	NA	NA	NA
NC_045512.2	28883	G	C	0	0	0	1	0	39	1	1	1	FALSE	NA	NA	NA	NA	NA	NA
NC_045512.2	29365	A	G	90	60	44	1	1	39	0.010989	91	0.502762	FALSE	NA	NA	NA	NA	NA	NA
NC_045512.2	29666	C	T	104	81	52	1	0	39	0.00952381	105	0.502392	FALSE	NA	NA	NA	NA	NA	NA
