REGION	POS	REF	ALT	REF_DP	REF_RV	REF_QUAL	ALT_DP	ALT_RV	ALT_QUAL	ALT_FREQ	TOTAL_DP	PVAL	PASS	GFF_FEATURE	REF_CODON	REF_AA	ALT_CODON	ALT_AA	POS_AA
NC_045512.2	4836	G	T	4	4	38	1	0	31	0.2	5	0.555556	FALSE	NA	NA	NA	NA	NA	NA
NC_045512.2	13009	C	A	115	24	39	1	0	33	0.00862069	116	0.502165	FALSE	NA	NA	NA	NA	NA	NA
NC_045512.2	17410	C	T	0	0	0	2	2	39	1	2	0.333333	FALSE	NA	NA	NA	NA	NA	NA
NC_045512.2	21721	C	T	1	1	38	2	2	58	0.666667	3	0.3	FALSE	NA	NA	NA	NA	NA	NA
NC_045512.2	23095	A	G	0	0	0	1	0	39	1	1	1	FALSE	NA	NA	NA	NA	NA	NA
NC_045512.2	23403	A	G	0	0	0	3	0	39	1	3	0.1	FALSE	NA	NA	NA	NA	NA	NA
NC_045512.2	25584	C	T	0	0	0	2	2	36	1	2	0.333333	FALSE	NA	NA	NA	NA	NA	NA
NC_045512.2	26408	C	T	7	1	59	1	0	39	0.125	8	0.533333	FALSE	NA	NA	NA	NA	NA	NA
NC_045512.2	27382	G	C	2	2	58	3	0	38	0.6	5	0.119048	FALSE	NA	NA	NA	NA	NA	NA
NC_045512.2	27384	T	C	3	2	39	5	3	38	0.625	8	0.018648	FALSE	NA	NA	NA	NA	NA	NA
NC_045512.2	27946	A	T	64	58	43	1	1	39	0.0153846	65	0.503876	FALSE	NA	NA	NA	NA	NA	NA
NC_045512.2	28260	A	G	115	113	37	1	1	38	0.00862069	116	0.502165	FALSE	NA	NA	NA	NA	NA	NA
NC_045512.2	28271	A	T	0	0	0	84	84	38	1	84	8.69664e-50	TRUE	NA	NA	NA	NA	NA	NA
NC_045512.2	28346	G	A	127	1	38	1	0	39	0.0078125	128	0.501961	FALSE	NA	NA	NA	NA	NA	NA
NC_045512.2	28363	A	T	0	0	0	35	0	36	1	35	1.78275e-20	TRUE	NA	NA	NA	NA	NA	NA
NC_045512.2	28370	A	G	0	0	0	4	3	37	1	4	0.0285714	FALSE	NA	NA	NA	NA	NA	NA
NC_045512.2	28719	G	C	86	41	39	1	0	38	0.0114943	87	0.50289	FALSE	NA	NA	NA	NA	NA	NA
NC_045512.2	28997	C	A	32	8	38	1	0	34	0.030303	33	0.507692	FALSE	NA	NA	NA	NA	NA	NA
