REGION	POS	REF	ALT	REF_DP	REF_RV	REF_QUAL	ALT_DP	ALT_RV	ALT_QUAL	ALT_FREQ	TOTAL_DP	PVAL	PASS	GFF_FEATURE	REF_CODON	REF_AA	ALT_CODON	ALT_AA	POS_AA
NC_045512.2	3280	T	G	12	7	38	1	1	37	0.0769231	13	0.52	FALSE	NA	NA	NA	NA	NA	NA
NC_045512.2	4184	G	A	0	0	0	2	1	37	1	2	0.333333	FALSE	NA	NA	NA	NA	NA	NA
NC_045512.2	4861	T	-A	46	43	43	3	0	20	0.0652174	46	0.137447	FALSE	NA	NA	NA	NA	NA	NA
NC_045512.2	5512	C	T	2	2	38	2	2	39	0.5	4	0.285714	FALSE	NA	NA	NA	NA	NA	NA
NC_045512.2	10246	T	A	31	4	40	1	1	72	0.03125	32	0.507937	FALSE	NA	NA	NA	NA	NA	NA
NC_045512.2	10853	T	C	4	1	47	1	0	38	0.2	5	0.555556	FALSE	NA	NA	NA	NA	NA	NA
NC_045512.2	11189	C	T	50	15	39	1	0	39	0.0196078	51	0.50495	FALSE	NA	NA	NA	NA	NA	NA
NC_045512.2	11489	T	C	53	20	41	1	0	37	0.0185185	54	0.504673	FALSE	NA	NA	NA	NA	NA	NA
NC_045512.2	11542	T	C	71	48	42	1	1	39	0.0138889	72	0.503497	FALSE	NA	NA	NA	NA	NA	NA
NC_045512.2	12131	G	A	8	6	38	1	1	39	0.111111	9	0.529412	FALSE	NA	NA	NA	NA	NA	NA
NC_045512.2	12310	G	A	0	0	0	1	1	39	1	1	1	FALSE	NA	NA	NA	NA	NA	NA
NC_045512.2	13285	A	G	35	1	40	1	0	39	0.0277778	36	0.507042	FALSE	NA	NA	NA	NA	NA	NA
NC_045512.2	13289	T	A	55	1	39	1	0	39	0.0178571	56	0.504505	FALSE	NA	NA	NA	NA	NA	NA
NC_045512.2	13363	A	T	60	59	39	1	1	39	0.0163934	61	0.504132	FALSE	NA	NA	NA	NA	NA	NA
NC_045512.2	15714	C	T	0	0	0	51	23	39	1	51	5.00489e-30	TRUE	NA	NA	NA	NA	NA	NA
NC_045512.2	15778	A	G	371	311	43	1	1	33	0.00268817	372	0.500673	FALSE	NA	NA	NA	NA	NA	NA
NC_045512.2	23403	A	G	0	0	0	3	0	38	1	3	0.1	FALSE	NA	NA	NA	NA	NA	NA
NC_045512.2	25584	C	T	0	0	0	1	1	39	1	1	1	FALSE	NA	NA	NA	NA	NA	NA
NC_045512.2	26060	C	T	0	0	0	1	0	38	1	1	1	FALSE	NA	NA	NA	NA	NA	NA
NC_045512.2	26529	G	A	0	0	0	1	1	37	1	1	1	FALSE	NA	NA	NA	NA	NA	NA
NC_045512.2	27889	C	T	0	0	0	54	41	38	1	54	8.04577e-32	TRUE	NA	NA	NA	NA	NA	NA
NC_045512.2	28222	A	T	296	176	47	1	0	39	0.003367	297	0.500843	FALSE	NA	NA	NA	NA	NA	NA
NC_045512.2	28271	A	T	0	0	0	111	111	38	1	111	5.54749e-66	TRUE	NA	NA	NA	NA	NA	NA
NC_045512.2	28330	A	G	8	0	38	1	0	34	0.111111	9	0.529412	FALSE	NA	NA	NA	NA	NA	NA
NC_045512.2	28363	A	T	0	0	0	10	0	37	1	10	1.08251e-05	TRUE	NA	NA	NA	NA	NA	NA
NC_045512.2	28370	A	G	0	0	0	11	0	38	1	11	2.83514e-06	TRUE	NA	NA	NA	NA	NA	NA
NC_045512.2	28657	C	T	80	5	40	1	0	39	0.0123457	81	0.503106	FALSE	NA	NA	NA	NA	NA	NA
NC_045512.2	29422	G	C	2	2	39	1	0	39	0.333333	3	0.6	FALSE	NA	NA	NA	NA	NA	NA
NC_045512.2	29475	A	-T	2	2	38	1	0	20	0.5	2	0.75	FALSE	NA	NA	NA	NA	NA	NA
