REGION	POS	REF	ALT	REF_DP	REF_RV	REF_QUAL	ALT_DP	ALT_RV	ALT_QUAL	ALT_FREQ	TOTAL_DP	PVAL	PASS	GFF_FEATURE	REF_CODON	REF_AA	ALT_CODON	ALT_AA	POS_AA
NC_045512.2	4781	T	A	20	0	38	1	0	39	0.047619	21	0.512195	FALSE	NA	NA	NA	NA	NA	NA
NC_045512.2	9424	A	G	0	0	0	2	2	38	1	2	0.333333	FALSE	NA	NA	NA	NA	NA	NA
NC_045512.2	15714	C	T	0	0	0	18	9	38	1	18	2.20382e-10	TRUE	NA	NA	NA	NA	NA	NA
NC_045512.2	15812	A	G	26	26	38	1	1	39	0.037037	27	0.509434	FALSE	NA	NA	NA	NA	NA	NA
NC_045512.2	16260	C	T	3	0	39	2	0	39	0.4	5	0.277778	FALSE	NA	NA	NA	NA	NA	NA
NC_045512.2	19690	G	A	0	0	0	5	4	39	1	5	0.00793651	TRUE	NA	NA	NA	NA	NA	NA
NC_045512.2	20944	G	A	0	0	0	9	9	37	1	9	4.11353e-05	TRUE	NA	NA	NA	NA	NA	NA
NC_045512.2	23403	A	G	0	0	0	14	6	38	1	14	4.98547e-08	TRUE	NA	NA	NA	NA	NA	NA
NC_045512.2	25584	C	T	0	0	0	1	1	36	1	1	1	FALSE	NA	NA	NA	NA	NA	NA
NC_045512.2	27333	A	T	15	11	51	1	0	39	0.0625	16	0.516129	FALSE	NA	NA	NA	NA	NA	NA
NC_045512.2	27889	C	T	50	34	42	77	65	41	0.606299	127	3.78919e-31	TRUE	NA	NA	NA	NA	NA	NA
NC_045512.2	27942	C	T	92	78	40	8	8	38	0.08	100	0.00351806	TRUE	NA	NA	NA	NA	NA	NA
NC_045512.2	28253	C	-A	22	21	39	5	0	20	0.227273	22	0.047147	FALSE	NA	NA	NA	NA	NA	NA
NC_045512.2	28271	A	T	0	0	0	9	9	38	1	9	4.11353e-05	TRUE	NA	NA	NA	NA	NA	NA
NC_045512.2	28363	A	T	0	0	0	5	0	38	1	5	0.00793651	TRUE	NA	NA	NA	NA	NA	NA
NC_045512.2	28370	A	G	0	0	0	1	1	35	1	1	1	FALSE	NA	NA	NA	NA	NA	NA
NC_045512.2	28396	G	A	26	13	39	10	9	36	0.277778	36	0.0005505	TRUE	NA	NA	NA	NA	NA	NA
NC_045512.2	28648	T	C	31	0	40	1	0	38	0.03125	32	0.507937	FALSE	NA	NA	NA	NA	NA	NA
NC_045512.2	28681	G	T	22	8	48	21	2	41	0.488372	43	2.421e-08	TRUE	NA	NA	NA	NA	NA	NA
NC_045512.2	28724	C	T	23	11	43	13	5	38	0.361111	36	3.97694e-05	TRUE	NA	NA	NA	NA	NA	NA
NC_045512.2	29000	G	T	3	3	38	3	1	34	0.5	6	0.121212	FALSE	NA	NA	NA	NA	NA	NA
NC_045512.2	29510	A	C	0	0	0	1	1	34	1	1	1	FALSE	NA	NA	NA	NA	NA	NA
