REGION	POS	REF	ALT	REF_DP	REF_RV	REF_QUAL	ALT_DP	ALT_RV	ALT_QUAL	ALT_FREQ	TOTAL_DP	PVAL	PASS	GFF_FEATURE	REF_CODON	REF_AA	ALT_CODON	ALT_AA	POS_AA
NC_045512.2	1773	T	A	21	10	38	1	1	39	0.0454545	22	0.511628	FALSE	NA	NA	NA	NA	NA	NA
NC_045512.2	12415	C	T	5	3	37	1	1	39	0.166667	6	0.545455	FALSE	NA	NA	NA	NA	NA	NA
NC_045512.2	12994	T	C	33	6	43	1	0	35	0.0294118	34	0.507463	FALSE	NA	NA	NA	NA	NA	NA
NC_045512.2	15108	C	T	10	0	37	1	0	38	0.0909091	11	0.52381	FALSE	NA	NA	NA	NA	NA	NA
NC_045512.2	15714	C	T	0	0	0	30	15	45	1	30	1.69112e-17	TRUE	NA	NA	NA	NA	NA	NA
NC_045512.2	16912	G	A	37	14	39	1	0	39	0.0263158	38	0.506667	FALSE	NA	NA	NA	NA	NA	NA
NC_045512.2	19738	G	T	7	6	39	1	1	39	0.125	8	0.533333	FALSE	NA	NA	NA	NA	NA	NA
NC_045512.2	23403	A	G	0	0	0	10	3	42	1	10	1.08251e-05	TRUE	NA	NA	NA	NA	NA	NA
NC_045512.2	25276	C	T	8	6	39	2	2	39	0.2	10	0.263158	FALSE	NA	NA	NA	NA	NA	NA
NC_045512.2	25584	C	T	0	0	0	1	0	78	1	1	1	FALSE	NA	NA	NA	NA	NA	NA
NC_045512.2	26177	C	A	24	5	44	1	1	31	0.04	25	0.510204	FALSE	NA	NA	NA	NA	NA	NA
NC_045512.2	27382	G	C	0	0	0	2	1	38	1	2	0.333333	FALSE	NA	NA	NA	NA	NA	NA
NC_045512.2	27384	T	C	0	0	0	4	2	38	1	4	0.0285714	FALSE	NA	NA	NA	NA	NA	NA
NC_045512.2	28175	A	+T	187	43	44	1	0	20	0.00534759	187	0.753337	FALSE	NA	NA	NA	NA	NA	NA
NC_045512.2	28214	C	T	133	79	42	3	2	37	0.0220588	136	0.124995	FALSE	NA	NA	NA	NA	NA	NA
NC_045512.2	28221	G	T	160	116	43	2	1	38	0.0123457	162	0.250774	FALSE	NA	NA	NA	NA	NA	NA
NC_045512.2	28271	A	T	0	0	0	80	80	38	1	80	2.17285e-47	TRUE	NA	NA	NA	NA	NA	NA
NC_045512.2	28363	A	T	0	0	0	7	0	37	1	7	0.000582751	TRUE	NA	NA	NA	NA	NA	NA
NC_045512.2	28370	A	G	0	0	0	6	0	38	1	6	0.0021645	TRUE	NA	NA	NA	NA	NA	NA
NC_045512.2	28677	C	T	73	15	43	5	3	46	0.0641026	78	0.0302223	FALSE	NA	NA	NA	NA	NA	NA
NC_045512.2	28739	G	T	54	30	40	2	2	38	0.0357143	56	0.252252	FALSE	NA	NA	NA	NA	NA	NA
NC_045512.2	29029	T	C	34	29	39	1	0	77	0.0285714	35	0.507246	FALSE	NA	NA	NA	NA	NA	NA
NC_045512.2	29396	A	G	55	55	38	1	1	39	0.0178571	56	0.504505	FALSE	NA	NA	NA	NA	NA	NA
NC_045512.2	29614	C	T	29	11	46	1	0	39	0.0333333	30	0.508475	FALSE	NA	NA	NA	NA	NA	NA
