REGION	POS	REF	ALT	REF_DP	REF_RV	REF_QUAL	ALT_DP	ALT_RV	ALT_QUAL	ALT_FREQ	TOTAL_DP	PVAL	PASS	GFF_FEATURE	REF_CODON	REF_AA	ALT_CODON	ALT_AA	POS_AA
NC_045512.2	13028	G	A	21	15	44	1	0	39	0.0454545	22	0.511628	FALSE	NA	NA	NA	NA	NA	NA
NC_045512.2	15714	C	T	0	0	0	4	1	39	1	4	0.0285714	FALSE	NA	NA	NA	NA	NA	NA
NC_045512.2	16935	G	A	0	0	0	1	1	38	1	1	1	FALSE	NA	NA	NA	NA	NA	NA
NC_045512.2	17410	C	T	0	0	0	3	3	38	1	3	0.1	FALSE	NA	NA	NA	NA	NA	NA
NC_045512.2	27889	C	T	7	5	43	41	34	40	0.854167	48	5.50423e-20	TRUE	NA	NA	NA	NA	NA	NA
NC_045512.2	28137	T	-C	43	1	38	1	0	20	0.0232558	43	0.511628	FALSE	NA	NA	NA	NA	NA	NA
NC_045512.2	28214	C	+TT	40	8	39	2	0	20	0.05	40	0.265741	FALSE	NA	NA	NA	NA	NA	NA
NC_045512.2	28220	A	T	95	81	42	1	1	37	0.0104167	96	0.502618	FALSE	NA	NA	NA	NA	NA	NA
NC_045512.2	28271	A	T	0	0	0	30	30	38	1	30	1.69112e-17	TRUE	NA	NA	NA	NA	NA	NA
NC_045512.2	28330	A	G	10	0	38	1	0	38	0.0909091	11	0.52381	FALSE	NA	NA	NA	NA	NA	NA
NC_045512.2	28361	G	T	27	0	38	1	0	39	0.0357143	28	0.509091	FALSE	NA	NA	NA	NA	NA	NA
NC_045512.2	28363	A	T	0	0	0	7	0	38	1	7	0.000582751	TRUE	NA	NA	NA	NA	NA	NA
NC_045512.2	28681	G	T	4	3	38	4	2	46	0.5	8	0.0512821	FALSE	NA	NA	NA	NA	NA	NA
NC_045512.2	29510	A	C	0	0	0	2	2	36	1	2	0.333333	FALSE	NA	NA	NA	NA	NA	NA
