REGION	POS	REF	ALT	REF_DP	REF_RV	REF_QUAL	ALT_DP	ALT_RV	ALT_QUAL	ALT_FREQ	TOTAL_DP	PVAL	PASS	GFF_FEATURE	REF_CODON	REF_AA	ALT_CODON	ALT_AA	POS_AA
NC_045512.2	11518	C	T	26	13	44	4	4	39	0.133333	30	0.0602141	FALSE	NA	NA	NA	NA	NA	NA
NC_045512.2	11560	T	A	46	44	38	1	1	38	0.0212766	47	0.505376	FALSE	NA	NA	NA	NA	NA	NA
NC_045512.2	12160	G	A	0	0	0	2	1	39	1	2	0.333333	FALSE	NA	NA	NA	NA	NA	NA
NC_045512.2	14305	T	A	6	6	44	1	1	39	0.142857	7	0.538462	FALSE	NA	NA	NA	NA	NA	NA
NC_045512.2	15714	C	T	0	0	0	14	7	38	1	14	4.98547e-08	TRUE	NA	NA	NA	NA	NA	NA
NC_045512.2	16826	A	C	2	0	39	1	0	27	0.333333	3	0.6	FALSE	NA	NA	NA	NA	NA	NA
NC_045512.2	18468	A	G	3	2	50	1	1	39	0.25	4	0.571429	FALSE	NA	NA	NA	NA	NA	NA
NC_045512.2	18806	A	T	9	9	45	1	1	39	0.1	10	0.526316	FALSE	NA	NA	NA	NA	NA	NA
NC_045512.2	21766	A	C	0	0	0	1	1	39	1	1	1	FALSE	NA	NA	NA	NA	NA	NA
NC_045512.2	23135	T	C	5	3	54	1	0	39	0.166667	6	0.545455	FALSE	NA	NA	NA	NA	NA	NA
NC_045512.2	27382	G	T	6	4	39	1	1	29	0.142857	7	0.538462	FALSE	NA	NA	NA	NA	NA	NA
NC_045512.2	27889	C	T	0	0	0	35	31	40	1	35	1.78275e-20	TRUE	NA	NA	NA	NA	NA	NA
NC_045512.2	28263	A	G	73	73	38	1	1	39	0.0135135	74	0.503401	FALSE	NA	NA	NA	NA	NA	NA
NC_045512.2	28271	A	T	0	0	0	49	49	38	1	49	7.85003e-29	TRUE	NA	NA	NA	NA	NA	NA
NC_045512.2	28330	A	G	0	0	0	1	0	38	1	1	1	FALSE	NA	NA	NA	NA	NA	NA
NC_045512.2	28679	G	T	20	7	46	1	0	37	0.047619	21	0.512195	FALSE	NA	NA	NA	NA	NA	NA
