REGION	POS	REF	ALT	REF_DP	REF_RV	REF_QUAL	ALT_DP	ALT_RV	ALT_QUAL	ALT_FREQ	TOTAL_DP	PVAL	PASS	GFF_FEATURE	REF_CODON	REF_AA	ALT_CODON	ALT_AA	POS_AA
NC_045512.2	10447	G	A	0	0	0	2	2	34	1	2	0.333333	FALSE	NA	NA	NA	NA	NA	NA
NC_045512.2	17639	C	A	193	7	34	1	0	26	0.00515464	194	0.751938	FALSE	NA	NA	NA	NA	NA	NA
NC_045512.2	17696	C	A	97	48	34	1	1	34	0.0102041	98	0.502564	FALSE	NA	NA	NA	NA	NA	NA
NC_045512.2	17749	G	T	131	131	33	2	2	34	0.0150376	133	0.250943	FALSE	NA	NA	NA	NA	NA	NA
NC_045512.2	17946	A	T	0	0	0	1	0	34	1	1	1	FALSE	NA	NA	NA	NA	NA	NA
NC_045512.2	18703	G	T	0	0	0	30	30	33	1	30	1.69112e-17	TRUE	NA	NA	NA	NA	NA	NA
NC_045512.2	19572	C	A	65	8	40	1	0	34	0.0151515	66	0.503817	FALSE	NA	NA	NA	NA	NA	NA
NC_045512.2	21805	C	A	4	4	34	1	1	34	0.2	5	0.555556	FALSE	NA	NA	NA	NA	NA	NA
NC_045512.2	21810	T	C	0	0	0	1	1	34	1	1	1	FALSE	NA	NA	NA	NA	NA	NA
NC_045512.2	22292	T	C	0	0	0	1	0	34	1	1	1	FALSE	NA	NA	NA	NA	NA	NA
NC_045512.2	22942	T	G	0	0	0	7	4	34	1	7	0.000582751	TRUE	NA	NA	NA	NA	NA	NA
NC_045512.2	22992	G	A	0	0	0	2	2	34	1	2	0.333333	FALSE	NA	NA	NA	NA	NA	NA
NC_045512.2	22995	C	G	0	0	0	2	2	34	1	2	0.333333	FALSE	NA	NA	NA	NA	NA	NA
NC_045512.2	27807	C	T	0	0	0	19	19	33	1	19	5.65847e-11	TRUE	NA	NA	NA	NA	NA	NA
NC_045512.2	29625	C	T	0	0	0	1	1	34	1	1	1	FALSE	NA	NA	NA	NA	NA	NA
