REGION	POS	REF	ALT	REF_DP	REF_RV	REF_QUAL	ALT_DP	ALT_RV	ALT_QUAL	ALT_FREQ	TOTAL_DP	PVAL	PASS	GFF_FEATURE	REF_CODON	REF_AA	ALT_CODON	ALT_AA	POS_AA
NC_045512.2	4184	G	A	0	0	0	2	0	38	1	2	0.333333	FALSE	NA	NA	NA	NA	NA	NA
NC_045512.2	12160	G	A	0	0	0	6	4	39	1	6	0.0021645	TRUE	NA	NA	NA	NA	NA	NA
NC_045512.2	14257	T	C	0	0	0	5	5	38	1	5	0.00793651	TRUE	NA	NA	NA	NA	NA	NA
NC_045512.2	15714	C	T	0	0	0	15	3	39	1	15	1.28935e-08	TRUE	NA	NA	NA	NA	NA	NA
NC_045512.2	15720	C	T	0	0	0	33	11	38	1	33	2.7703e-19	TRUE	NA	NA	NA	NA	NA	NA
NC_045512.2	16567	A	G	40	11	41	1	1	37	0.0243902	41	0.506173	FALSE	NA	NA	NA	NA	NA	NA
NC_045512.2	16935	G	A	57	47	42	15	11	38	0.208333	72	1.51168e-05	TRUE	NA	NA	NA	NA	NA	NA
NC_045512.2	17544	G	C	107	76	41	1	0	38	0.00925926	108	0.502326	FALSE	NA	NA	NA	NA	NA	NA
NC_045512.2	17550	C	T	55	33	40	34	22	39	0.382022	89	1.43067e-12	TRUE	NA	NA	NA	NA	NA	NA
NC_045512.2	17575	G	A	66	61	42	1	1	39	0.0149254	67	0.503759	FALSE	NA	NA	NA	NA	NA	NA
NC_045512.2	23403	A	G	0	0	0	14	3	38	0.933333	15	2.49273e-08	TRUE	NA	NA	NA	NA	NA	NA
NC_045512.2	23403	A	C	0	0	0	1	0	39	0.0666667	15	0.0666667	FALSE	NA	NA	NA	NA	NA	NA
NC_045512.2	24617	A	G	43	36	39	1	1	39	0.0227273	44	0.505747	FALSE	NA	NA	NA	NA	NA	NA
NC_045512.2	24933	G	T	0	0	0	2	0	57	1	2	0.333333	FALSE	NA	NA	NA	NA	NA	NA
NC_045512.2	25313	G	A	0	0	0	3	3	37	1	3	0.1	FALSE	NA	NA	NA	NA	NA	NA
NC_045512.2	28271	A	T	0	0	0	31	31	38	1	31	4.29712e-18	TRUE	NA	NA	NA	NA	NA	NA
NC_045512.2	28681	G	T	27	7	46	63	7	39	0.7	90	4.14813e-27	TRUE	NA	NA	NA	NA	NA	NA
NC_045512.2	28737	C	T	99	47	45	17	4	40	0.146552	116	4.37717e-06	TRUE	NA	NA	NA	NA	NA	NA
NC_045512.2	28750	A	G	129	107	40	1	1	39	0.00769231	130	0.501931	FALSE	NA	NA	NA	NA	NA	NA
NC_045512.2	29660	T	C	42	25	47	6	6	39	0.125	48	0.0141197	FALSE	NA	NA	NA	NA	NA	NA
