REGION	POS	REF	ALT	REF_DP	REF_RV	REF_QUAL	ALT_DP	ALT_RV	ALT_QUAL	ALT_FREQ	TOTAL_DP	PVAL	PASS	GFF_FEATURE	REF_CODON	REF_AA	ALT_CODON	ALT_AA	POS_AA
NC_045512.2	13022	C	T	157	63	41	1	0	38	0.00632911	158	0.501587	FALSE	NA	NA	NA	NA	NA	NA
NC_045512.2	15714	C	T	0	0	0	16	7	38	1	16	3.32734e-09	TRUE	NA	NA	NA	NA	NA	NA
NC_045512.2	15738	C	T	0	0	0	55	17	38	1	55	2.0299e-32	TRUE	NA	NA	NA	NA	NA	NA
NC_045512.2	16342	T	C	0	0	0	6	5	45	1	6	0.0021645	TRUE	NA	NA	NA	NA	NA	NA
NC_045512.2	21718	G	T	0	0	0	1	0	39	1	1	1	FALSE	NA	NA	NA	NA	NA	NA
NC_045512.2	22109	C	G	0	0	0	3	3	38	1	3	0.1	FALSE	NA	NA	NA	NA	NA	NA
NC_045512.2	23403	A	G	0	0	0	15	4	38	1	15	1.28935e-08	TRUE	NA	NA	NA	NA	NA	NA
NC_045512.2	23485	T	A	74	66	46	1	1	39	0.0133333	75	0.503356	FALSE	NA	NA	NA	NA	NA	NA
NC_045512.2	27384	T	C	0	0	0	4	1	39	1	4	0.0285714	FALSE	NA	NA	NA	NA	NA	NA
NC_045512.2	27846	T	A	89	3	41	1	0	39	0.0111111	90	0.502793	FALSE	NA	NA	NA	NA	NA	NA
NC_045512.2	27915	G	T	0	0	0	48	38	38	1	48	3.10797e-28	TRUE	NA	NA	NA	NA	NA	NA
NC_045512.2	27950	A	G	53	51	44	1	1	34	0.0185185	54	0.504673	FALSE	NA	NA	NA	NA	NA	NA
NC_045512.2	28154	A	G	261	11	41	1	0	38	0.00381679	262	0.500956	FALSE	NA	NA	NA	NA	NA	NA
NC_045512.2	28184	T	A	160	104	40	1	0	39	0.00621118	161	0.501558	FALSE	NA	NA	NA	NA	NA	NA
NC_045512.2	28256	C	T	140	134	40	7	7	39	0.047619	147	0.00743927	TRUE	NA	NA	NA	NA	NA	NA
NC_045512.2	28271	A	T	0	0	0	81	81	38	1	81	5.46586e-48	TRUE	NA	NA	NA	NA	NA	NA
NC_045512.2	28363	A	T	0	0	0	6	0	37	1	6	0.0021645	TRUE	NA	NA	NA	NA	NA	NA
