REGION	POS	REF	ALT	REF_DP	REF_RV	REF_QUAL	ALT_DP	ALT_RV	ALT_QUAL	ALT_FREQ	TOTAL_DP	PVAL	PASS	GFF_FEATURE	REF_CODON	REF_AA	ALT_CODON	ALT_AA	POS_AA
NC_045512.2	3037	C	T	0	0	0	1	1	39	1	1	1	FALSE	NA	NA	NA	NA	NA	NA
NC_045512.2	3620	G	A	7	6	49	3	3	39	0.3	10	0.123839	FALSE	NA	NA	NA	NA	NA	NA
NC_045512.2	8506	T	C	20	9	42	1	0	39	0.047619	21	0.512195	FALSE	NA	NA	NA	NA	NA	NA
NC_045512.2	12160	G	A	0	0	0	1	1	37	1	1	1	FALSE	NA	NA	NA	NA	NA	NA
NC_045512.2	12179	G	T	3	3	39	1	1	39	0.25	4	0.571429	FALSE	NA	NA	NA	NA	NA	NA
NC_045512.2	15714	C	T	0	0	0	14	9	38	1	14	4.98547e-08	TRUE	NA	NA	NA	NA	NA	NA
NC_045512.2	16323	C	T	8	7	42	1	1	39	0.111111	9	0.529412	FALSE	NA	NA	NA	NA	NA	NA
NC_045512.2	18788	C	T	29	20	46	1	1	39	0.0333333	30	0.508475	FALSE	NA	NA	NA	NA	NA	NA
NC_045512.2	21770	G	A	0	0	0	2	2	36	1	2	0.333333	FALSE	NA	NA	NA	NA	NA	NA
NC_045512.2	23403	A	G	0	0	0	3	1	39	1	3	0.1	FALSE	NA	NA	NA	NA	NA	NA
NC_045512.2	27889	C	T	0	0	0	1	1	39	1	1	1	FALSE	NA	NA	NA	NA	NA	NA
NC_045512.2	28152	A	T	146	3	40	1	0	39	0.00680272	147	0.501706	FALSE	NA	NA	NA	NA	NA	NA
NC_045512.2	28163	C	T	124	14	39	1	0	52	0.008	125	0.502008	FALSE	NA	NA	NA	NA	NA	NA
NC_045512.2	28271	A	T	0	0	0	35	35	38	1	35	1.78275e-20	TRUE	NA	NA	NA	NA	NA	NA
NC_045512.2	28311	C	T	0	0	0	2	0	39	1	2	0.333333	FALSE	NA	NA	NA	NA	NA	NA
NC_045512.2	28330	A	G	6	0	37	1	0	38	0.142857	7	0.538462	FALSE	NA	NA	NA	NA	NA	NA
NC_045512.2	28681	G	T	46	11	42	8	1	43	0.148148	54	0.00319211	TRUE	NA	NA	NA	NA	NA	NA
NC_045512.2	28724	C	T	30	18	40	5	3	38	0.142857	35	0.0288857	FALSE	NA	NA	NA	NA	NA	NA
