REGION	POS	REF	ALT	REF_DP	REF_RV	REF_QUAL	ALT_DP	ALT_RV	ALT_QUAL	ALT_FREQ	TOTAL_DP	PVAL	PASS	GFF_FEATURE	REF_CODON	REF_AA	ALT_CODON	ALT_AA	POS_AA
NC_045512.2	6043	T	C	30	13	40	1	1	39	0.0322581	31	0.508197	FALSE	NA	NA	NA	NA	NA	NA
NC_045512.2	6924	C	A	12	6	38	1	1	38	0.0769231	13	0.52	FALSE	NA	NA	NA	NA	NA	NA
NC_045512.2	7564	C	T	0	0	0	13	6	38	1	13	1.92297e-07	TRUE	NA	NA	NA	NA	NA	NA
NC_045512.2	9344	C	T	0	0	0	1	1	39	1	1	1	FALSE	NA	NA	NA	NA	NA	NA
NC_045512.2	12467	G	T	0	0	0	5	5	38	1	5	0.00793651	TRUE	NA	NA	NA	NA	NA	NA
NC_045512.2	15699	C	T	278	39	39	1	0	39	0.00358423	279	0.500898	FALSE	NA	NA	NA	NA	NA	NA
NC_045512.2	15714	C	T	0	0	0	44	13	38	1	44	7.61948e-26	TRUE	NA	NA	NA	NA	NA	NA
NC_045512.2	15738	C	T	0	0	0	142	17	38	1	142	1.36023e-84	TRUE	NA	NA	NA	NA	NA	NA
NC_045512.2	15759	A	G	573	224	42	1	0	39	0.00174216	574	0.500436	FALSE	NA	NA	NA	NA	NA	NA
NC_045512.2	15939	T	C	0	0	0	1	0	37	1	1	1	FALSE	NA	NA	NA	NA	NA	NA
NC_045512.2	16342	T	C	0	0	0	4	3	38	1	4	0.0285714	FALSE	NA	NA	NA	NA	NA	NA
NC_045512.2	17124	T	C	0	0	0	1	0	39	1	1	1	FALSE	NA	NA	NA	NA	NA	NA
NC_045512.2	17410	C	T	0	0	0	2	2	39	1	2	0.333333	FALSE	NA	NA	NA	NA	NA	NA
NC_045512.2	22109	C	G	0	0	0	4	4	39	1	4	0.0285714	FALSE	NA	NA	NA	NA	NA	NA
NC_045512.2	23403	A	G	0	0	0	12	4	38	1	12	7.39602e-07	TRUE	NA	NA	NA	NA	NA	NA
NC_045512.2	25916	C	A	0	0	0	3	3	39	1	3	0.1	FALSE	NA	NA	NA	NA	NA	NA
NC_045512.2	27384	T	C	0	0	0	2	1	37	1	2	0.333333	FALSE	NA	NA	NA	NA	NA	NA
NC_045512.2	27807	C	T	0	0	0	1	1	39	1	1	1	FALSE	NA	NA	NA	NA	NA	NA
NC_045512.2	27915	G	T	0	0	0	45	39	38	1	45	1.92627e-26	TRUE	NA	NA	NA	NA	NA	NA
NC_045512.2	28271	A	T	0	0	0	122	122	38	1	122	1.38647e-72	TRUE	NA	NA	NA	NA	NA	NA
NC_045512.2	28363	A	T	0	0	0	1	0	38	1	1	1	FALSE	NA	NA	NA	NA	NA	NA
NC_045512.2	28447	A	G	0	0	0	3	3	38	1	3	0.1	FALSE	NA	NA	NA	NA	NA	NA
NC_045512.2	29298	A	G	162	29	44	1	0	39	0.00613497	163	0.501538	FALSE	NA	NA	NA	NA	NA	NA
NC_045512.2	29364	C	G	176	113	43	1	0	39	0.00564972	177	0.501416	FALSE	NA	NA	NA	NA	NA	NA
