REGION	POS	REF	ALT	REF_DP	REF_RV	REF_QUAL	ALT_DP	ALT_RV	ALT_QUAL	ALT_FREQ	TOTAL_DP	PVAL	PASS	GFF_FEATURE	REF_CODON	REF_AA	ALT_CODON	ALT_AA	POS_AA
NC_045512.2	8464	T	+A	23	2	45	1	0	20	0.0434783	23	0.521739	FALSE	NA	NA	NA	NA	NA	NA
NC_045512.2	11187	T	C	19	8	42	1	1	38	0.05	20	0.512821	FALSE	NA	NA	NA	NA	NA	NA
NC_045512.2	13006	T	C	35	6	40	1	0	39	0.0277778	36	0.507042	FALSE	NA	NA	NA	NA	NA	NA
NC_045512.2	15714	C	T	0	0	0	36	22	38	1	36	4.51965e-21	TRUE	NA	NA	NA	NA	NA	NA
NC_045512.2	15765	A	G	234	133	48	19	11	42	0.0750988	253	1.39533e-06	TRUE	NA	NA	NA	NA	NA	NA
NC_045512.2	15790	T	C	253	240	40	1	1	37	0.00393701	254	0.500986	FALSE	NA	NA	NA	NA	NA	NA
NC_045512.2	16092	C	T	21	20	41	1	1	39	0.0454545	22	0.511628	FALSE	NA	NA	NA	NA	NA	NA
NC_045512.2	17410	C	T	0	0	0	3	3	36	1	3	0.1	FALSE	NA	NA	NA	NA	NA	NA
NC_045512.2	21721	C	T	12	5	47	7	3	38	0.368421	19	0.00489419	TRUE	NA	NA	NA	NA	NA	NA
NC_045512.2	23349	G	A	23	0	37	1	0	39	0.0416667	24	0.510638	FALSE	NA	NA	NA	NA	NA	NA
NC_045512.2	23403	A	G	0	0	0	9	4	38	1	9	4.11353e-05	TRUE	NA	NA	NA	NA	NA	NA
NC_045512.2	26735	C	T	0	0	0	2	0	39	1	2	0.333333	FALSE	NA	NA	NA	NA	NA	NA
NC_045512.2	27382	G	C	1	1	39	1	0	38	0.5	2	0.666667	FALSE	NA	NA	NA	NA	NA	NA
NC_045512.2	28189	T	A	163	110	39	1	1	39	0.00609756	164	0.501529	FALSE	NA	NA	NA	NA	NA	NA
NC_045512.2	28271	A	T	0	0	0	117	116	38	1	117	1.39041e-69	TRUE	NA	NA	NA	NA	NA	NA
NC_045512.2	28311	C	T	0	0	0	1	0	39	1	1	1	FALSE	NA	NA	NA	NA	NA	NA
NC_045512.2	28363	A	T	0	0	0	8	0	35	1	8	0.0001554	TRUE	NA	NA	NA	NA	NA	NA
NC_045512.2	28370	A	G	0	0	0	3	0	37	1	3	0.1	FALSE	NA	NA	NA	NA	NA	NA
NC_045512.2	28677	C	T	86	19	43	8	2	38	0.0851064	94	0.00349347	TRUE	NA	NA	NA	NA	NA	NA
NC_045512.2	29377	T	-A	155	150	43	1	0	20	0.00645161	155	0.754024	FALSE	NA	NA	NA	NA	NA	NA
