REGION	POS	REF	ALT	REF_DP	REF_RV	REF_QUAL	ALT_DP	ALT_RV	ALT_QUAL	ALT_FREQ	TOTAL_DP	PVAL	PASS	GFF_FEATURE	REF_CODON	REF_AA	ALT_CODON	ALT_AA	POS_AA
NC_045512.2	5724	C	T	17	5	38	1	0	30	0.0555556	18	0.514286	FALSE	NA	NA	NA	NA	NA	NA
NC_045512.2	10198	C	T	0	0	0	1	0	39	1	1	1	FALSE	NA	NA	NA	NA	NA	NA
NC_045512.2	12160	G	A	0	0	0	2	1	39	1	2	0.333333	FALSE	NA	NA	NA	NA	NA	NA
NC_045512.2	13980	A	G	6	6	44	1	1	38	0.142857	7	0.538462	FALSE	NA	NA	NA	NA	NA	NA
NC_045512.2	15714	C	T	0	0	0	4	3	38	1	4	0.0285714	FALSE	NA	NA	NA	NA	NA	NA
NC_045512.2	16393	C	A	0	0	0	1	1	37	1	1	1	FALSE	NA	NA	NA	NA	NA	NA
NC_045512.2	16550	A	G	17	5	49	1	1	37	0.0555556	18	0.514286	FALSE	NA	NA	NA	NA	NA	NA
NC_045512.2	17181	T	C	5	5	39	1	0	30	0.166667	6	0.545455	FALSE	NA	NA	NA	NA	NA	NA
NC_045512.2	18453	T	A	2	1	39	1	1	37	0.333333	3	0.6	FALSE	NA	NA	NA	NA	NA	NA
NC_045512.2	23403	A	G	0	0	0	5	2	38	1	5	0.00793651	TRUE	NA	NA	NA	NA	NA	NA
NC_045512.2	24320	C	A	9	0	38	1	0	37	0.1	10	0.526316	FALSE	NA	NA	NA	NA	NA	NA
NC_045512.2	26151	C	T	15	6	40	1	1	39	0.0625	16	0.516129	FALSE	NA	NA	NA	NA	NA	NA
NC_045512.2	26192	C	T	12	7	41	1	1	39	0.0769231	13	0.52	FALSE	NA	NA	NA	NA	NA	NA
NC_045512.2	27387	A	T	18	14	40	1	1	39	0.0526316	19	0.513514	FALSE	NA	NA	NA	NA	NA	NA
NC_045512.2	27889	C	T	17	15	39	50	40	40	0.746269	67	2.72016e-22	TRUE	NA	NA	NA	NA	NA	NA
NC_045512.2	27915	G	T	70	48	38	2	2	39	0.0277778	72	0.251748	FALSE	NA	NA	NA	NA	NA	NA
NC_045512.2	28234	T	A	89	72	39	1	1	36	0.0111111	90	0.502793	FALSE	NA	NA	NA	NA	NA	NA
NC_045512.2	28271	A	T	0	0	0	25	24	38	0.595238	42	9.53236e-19	TRUE	NA	NA	NA	NA	NA	NA
NC_045512.2	28271	A	C	0	0	0	17	17	38	0.404762	42	5.06204e-15	TRUE	NA	NA	NA	NA	NA	NA
NC_045512.2	28311	C	T	0	0	0	1	0	37	1	1	1	FALSE	NA	NA	NA	NA	NA	NA
NC_045512.2	28312	C	T	0	0	0	1	0	37	1	1	1	FALSE	NA	NA	NA	NA	NA	NA
NC_045512.2	28330	A	G	15	0	37	3	0	38	0.166667	18	0.124675	FALSE	NA	NA	NA	NA	NA	NA
NC_045512.2	28363	A	T	0	0	0	4	0	33	1	4	0.0285714	FALSE	NA	NA	NA	NA	NA	NA
NC_045512.2	28370	A	G	0	0	0	5	0	39	1	5	0.00793651	TRUE	NA	NA	NA	NA	NA	NA
NC_045512.2	28396	G	-C	50	24	44	1	0	20	0.02	50	0.51	FALSE	NA	NA	NA	NA	NA	NA
NC_045512.2	28681	G	T	47	14	46	6	1	51	0.113208	53	0.0142651	FALSE	NA	NA	NA	NA	NA	NA
NC_045512.2	28780	A	G	18	18	37	1	1	32	0.0526316	19	0.513514	FALSE	NA	NA	NA	NA	NA	NA
