REGION	POS	REF	ALT	REF_DP	REF_RV	REF_QUAL	ALT_DP	ALT_RV	ALT_QUAL	ALT_FREQ	TOTAL_DP	PVAL	PASS	GFF_FEATURE	REF_CODON	REF_AA	ALT_CODON	ALT_AA	POS_AA
NC_045512.2	1166	C	T	15	7	38	1	0	33	0.0625	16	0.516129	FALSE	NA	NA	NA	NA	NA	NA
NC_045512.2	3639	G	A	21	20	44	1	1	35	0.0454545	22	0.511628	FALSE	NA	NA	NA	NA	NA	NA
NC_045512.2	4184	G	A	0	0	0	1	1	39	1	1	1	FALSE	NA	NA	NA	NA	NA	NA
NC_045512.2	4832	C	T	25	18	41	8	3	39	0.242424	33	0.00275076	TRUE	NA	NA	NA	NA	NA	NA
NC_045512.2	7934	G	T	0	0	0	1	1	27	1	1	1	FALSE	NA	NA	NA	NA	NA	NA
NC_045512.2	16072	G	A	68	41	45	1	1	33	0.0144928	69	0.50365	FALSE	NA	NA	NA	NA	NA	NA
NC_045512.2	16848	C	T	46	4	47	1	0	35	0.0212766	47	0.505376	FALSE	NA	NA	NA	NA	NA	NA
NC_045512.2	16946	C	A	69	58	45	1	1	37	0.0142857	70	0.503597	FALSE	NA	NA	NA	NA	NA	NA
NC_045512.2	23403	A	G	0	0	0	5	5	38	1	5	0.00793651	TRUE	NA	NA	NA	NA	NA	NA
NC_045512.2	24662	C	T	0	0	0	2	2	38	1	2	0.333333	FALSE	NA	NA	NA	NA	NA	NA
NC_045512.2	24675	A	G	3	1	50	1	1	37	0.25	4	0.571429	FALSE	NA	NA	NA	NA	NA	NA
NC_045512.2	25234	G	A	10	6	42	1	1	33	0.0909091	11	0.52381	FALSE	NA	NA	NA	NA	NA	NA
NC_045512.2	25584	C	T	0	0	0	2	2	32	1	2	0.333333	FALSE	NA	NA	NA	NA	NA	NA
NC_045512.2	25815	T	A	3	1	51	1	0	38	0.25	4	0.571429	FALSE	NA	NA	NA	NA	NA	NA
NC_045512.2	27866	T	C	101	22	48	1	0	38	0.00980392	102	0.502463	FALSE	NA	NA	NA	NA	NA	NA
NC_045512.2	27889	C	T	0	0	0	56	47	40	1	56	5.12046e-33	TRUE	NA	NA	NA	NA	NA	NA
NC_045512.2	27942	C	T	29	24	42	12	12	38	0.292683	41	0.000111682	TRUE	NA	NA	NA	NA	NA	NA
NC_045512.2	28271	A	T	0	0	0	18	18	38	1	18	2.20382e-10	TRUE	NA	NA	NA	NA	NA	NA
NC_045512.2	28330	A	G	7	0	38	2	0	37	0.222222	9	0.264706	FALSE	NA	NA	NA	NA	NA	NA
NC_045512.2	28363	A	T	0	0	0	5	0	38	1	5	0.00793651	TRUE	NA	NA	NA	NA	NA	NA
NC_045512.2	28674	C	T	35	6	44	1	0	30	0.0277778	36	0.507042	FALSE	NA	NA	NA	NA	NA	NA
NC_045512.2	29073	C	A	11	11	38	1	1	38	0.0833333	12	0.521739	FALSE	NA	NA	NA	NA	NA	NA
NC_045512.2	29355	A	T	28	7	42	1	1	30	0.0344828	29	0.508772	FALSE	NA	NA	NA	NA	NA	NA
NC_045512.2	29363	C	T	38	23	41	1	0	29	0.025641	39	0.506494	FALSE	NA	NA	NA	NA	NA	NA
NC_045512.2	29510	A	C	0	0	0	1	1	38	1	1	1	FALSE	NA	NA	NA	NA	NA	NA
NC_045512.2	29666	C	T	14	10	45	2	2	37	0.125	16	0.258065	FALSE	NA	NA	NA	NA	NA	NA
