REGION	POS	REF	ALT	REF_DP	REF_RV	REF_QUAL	ALT_DP	ALT_RV	ALT_QUAL	ALT_FREQ	TOTAL_DP	PVAL	PASS	GFF_FEATURE	REF_CODON	REF_AA	ALT_CODON	ALT_AA	POS_AA
NC_045512.2	3259	G	T	4	0	38	3	1	39	0.428571	7	0.122378	FALSE	NA	NA	NA	NA	NA	NA
NC_045512.2	4776	C	T	26	2	43	4	0	38	0.133333	30	0.0602141	FALSE	NA	NA	NA	NA	NA	NA
NC_045512.2	5196	G	T	1	1	39	1	1	38	0.5	2	0.666667	FALSE	NA	NA	NA	NA	NA	NA
NC_045512.2	7550	G	T	7	0	44	1	1	77	0.125	8	0.533333	FALSE	NA	NA	NA	NA	NA	NA
NC_045512.2	9424	A	G	0	0	0	1	1	39	1	1	1	FALSE	NA	NA	NA	NA	NA	NA
NC_045512.2	13009	C	T	11	5	45	5	0	38	0.3125	16	0.0257076	FALSE	NA	NA	NA	NA	NA	NA
NC_045512.2	15708	G	T	77	3	40	2	0	36	0.0253165	79	0.251592	FALSE	NA	NA	NA	NA	NA	NA
NC_045512.2	15711	A	G	44	3	39	1	0	35	0.0222222	45	0.505618	FALSE	NA	NA	NA	NA	NA	NA
NC_045512.2	15714	C	T	0	0	0	34	21	39	1	34	7.02913e-20	TRUE	NA	NA	NA	NA	NA	NA
NC_045512.2	15741	T	C	166	60	38	1	0	38	0.00598802	167	0.501502	FALSE	NA	NA	NA	NA	NA	NA
NC_045512.2	16293	C	T	42	19	41	1	1	39	0.0232558	43	0.505882	FALSE	NA	NA	NA	NA	NA	NA
NC_045512.2	16316	G	T	44	23	45	2	2	39	0.0434783	46	0.252747	FALSE	NA	NA	NA	NA	NA	NA
NC_045512.2	16603	G	C	14	7	46	3	2	38	0.176471	17	0.124633	FALSE	NA	NA	NA	NA	NA	NA
NC_045512.2	16853	G	C	22	1	41	2	0	38	0.0833333	24	0.255319	FALSE	NA	NA	NA	NA	NA	NA
NC_045512.2	16975	G	A	7	7	38	1	1	39	0.125	8	0.533333	FALSE	NA	NA	NA	NA	NA	NA
NC_045512.2	17299	T	C	5	1	43	1	0	39	0.166667	6	0.545455	FALSE	NA	NA	NA	NA	NA	NA
NC_045512.2	17410	C	T	0	0	0	6	5	38	1	6	0.0021645	TRUE	NA	NA	NA	NA	NA	NA
NC_045512.2	20579	T	C	6	0	38	1	0	39	0.142857	7	0.538462	FALSE	NA	NA	NA	NA	NA	NA
NC_045512.2	23403	A	G	0	0	0	5	1	46	1	5	0.00793651	TRUE	NA	NA	NA	NA	NA	NA
NC_045512.2	24610	A	G	11	9	38	1	0	38	0.0833333	12	0.521739	FALSE	NA	NA	NA	NA	NA	NA
NC_045512.2	27382	G	C	0	0	0	1	0	38	1	1	1	FALSE	NA	NA	NA	NA	NA	NA
NC_045512.2	27384	T	C	0	0	0	3	1	38	1	3	0.1	FALSE	NA	NA	NA	NA	NA	NA
NC_045512.2	28271	A	T	0	0	0	41	41	38	1	41	4.70827e-24	TRUE	NA	NA	NA	NA	NA	NA
NC_045512.2	28363	A	T	0	0	0	1	0	37	1	1	1	FALSE	NA	NA	NA	NA	NA	NA
NC_045512.2	29272	C	T	25	0	38	2	0	38	0.0740741	27	0.254717	FALSE	NA	NA	NA	NA	NA	NA
