REGION	POS	REF	ALT	REF_DP	REF_RV	REF_QUAL	ALT_DP	ALT_RV	ALT_QUAL	ALT_FREQ	TOTAL_DP	PVAL	PASS	GFF_FEATURE	REF_CODON	REF_AA	ALT_CODON	ALT_AA	POS_AA
NC_045512.2	3037	C	T	0	0	0	1	1	39	1	1	1	FALSE	NA	NA	NA	NA	NA	NA
NC_045512.2	4184	G	A	0	0	0	1	0	39	1	1	1	FALSE	NA	NA	NA	NA	NA	NA
NC_045512.2	9693	C	T	8	6	43	3	2	38	0.272727	11	0.12406	FALSE	NA	NA	NA	NA	NA	NA
NC_045512.2	11199	C	T	38	8	43	1	0	37	0.025641	39	0.506494	FALSE	NA	NA	NA	NA	NA	NA
NC_045512.2	15711	A	T	81	2	39	1	0	39	0.0121951	82	0.503067	FALSE	NA	NA	NA	NA	NA	NA
NC_045512.2	15714	C	T	0	0	0	20	3	38	1	20	1.45089e-11	TRUE	NA	NA	NA	NA	NA	NA
NC_045512.2	15738	C	T	0	0	0	68	6	38	1	68	3.36185e-40	TRUE	NA	NA	NA	NA	NA	NA
NC_045512.2	16342	T	C	0	0	0	3	3	39	1	3	0.1	FALSE	NA	NA	NA	NA	NA	NA
NC_045512.2	16861	G	T	13	8	41	1	0	38	0.0714286	14	0.518519	FALSE	NA	NA	NA	NA	NA	NA
NC_045512.2	17124	T	C	0	0	0	1	0	29	1	1	1	FALSE	NA	NA	NA	NA	NA	NA
NC_045512.2	17410	C	T	0	0	0	3	3	50	1	3	0.1	FALSE	NA	NA	NA	NA	NA	NA
NC_045512.2	19326	A	G	0	0	0	1	0	38	1	1	1	FALSE	NA	NA	NA	NA	NA	NA
NC_045512.2	22033	C	A	0	0	0	1	0	38	1	1	1	FALSE	NA	NA	NA	NA	NA	NA
NC_045512.2	23123	C	A	0	0	0	1	0	39	1	1	1	FALSE	NA	NA	NA	NA	NA	NA
NC_045512.2	23401	G	T	0	0	0	7	1	38	1	7	0.000582751	TRUE	NA	NA	NA	NA	NA	NA
NC_045512.2	23403	A	G	0	0	0	5	1	39	1	5	0.00793651	TRUE	NA	NA	NA	NA	NA	NA
NC_045512.2	23470	T	A	18	7	45	1	0	35	0.0526316	19	0.513514	FALSE	NA	NA	NA	NA	NA	NA
NC_045512.2	24558	G	T	117	0	38	36	0	38	0.235294	153	1.59543e-12	TRUE	NA	NA	NA	NA	NA	NA
NC_045512.2	24707	C	A	26	26	38	3	3	38	0.103448	29	0.12488	FALSE	NA	NA	NA	NA	NA	NA
NC_045512.2	25584	C	T	0	0	0	1	1	30	1	1	1	FALSE	NA	NA	NA	NA	NA	NA
NC_045512.2	27382	G	C	0	0	0	1	1	39	1	1	1	FALSE	NA	NA	NA	NA	NA	NA
NC_045512.2	27384	T	C	0	0	0	1	0	39	1	1	1	FALSE	NA	NA	NA	NA	NA	NA
NC_045512.2	27848	A	T	52	1	39	1	0	39	0.0188679	53	0.504762	FALSE	NA	NA	NA	NA	NA	NA
NC_045512.2	27915	G	T	0	0	0	24	19	38	1	24	6.20201e-14	TRUE	NA	NA	NA	NA	NA	NA
NC_045512.2	28141	G	-T	330	8	40	1	0	20	0.0030303	330	0.938819	FALSE	NA	NA	NA	NA	NA	NA
NC_045512.2	28236	C	T	408	341	40	4	4	39	0.00970874	412	0.0623473	FALSE	NA	NA	NA	NA	NA	NA
NC_045512.2	28250	T	G	333	313	43	1	1	39	0.00299401	334	0.50075	FALSE	NA	NA	NA	NA	NA	NA
NC_045512.2	28271	A	T	0	0	0	185	185	38	1	185	2.00625e-110	TRUE	NA	NA	NA	NA	NA	NA
NC_045512.2	28363	A	T	0	0	0	2	0	38	1	2	0.333333	FALSE	NA	NA	NA	NA	NA	NA
NC_045512.2	29327	T	C	113	48	39	1	0	39	0.00877193	114	0.502203	FALSE	NA	NA	NA	NA	NA	NA
NC_045512.2	29402	G	T	137	136	38	1	1	39	0.00724638	138	0.501818	FALSE	NA	NA	NA	NA	NA	NA
