REGION	POS	REF	ALT	REF_DP	REF_RV	REF_QUAL	ALT_DP	ALT_RV	ALT_QUAL	ALT_FREQ	TOTAL_DP	PVAL	PASS	GFF_FEATURE	REF_CODON	REF_AA	ALT_CODON	ALT_AA	POS_AA
NC_045512.2	3259	G	T	0	0	0	1	0	37	1	1	1	FALSE	NA	NA	NA	NA	NA	NA
NC_045512.2	12160	G	A	0	0	0	14	9	38	1	14	4.98547e-08	TRUE	NA	NA	NA	NA	NA	NA
NC_045512.2	15714	C	T	0	0	0	96	59	39	1	96	5.54047e-57	TRUE	NA	NA	NA	NA	NA	NA
NC_045512.2	15807	A	G	230	229	38	1	1	38	0.004329	231	0.501085	FALSE	NA	NA	NA	NA	NA	NA
NC_045512.2	16323	C	T	2	2	32	3	2	39	0.6	5	0.119048	FALSE	NA	NA	NA	NA	NA	NA
NC_045512.2	17207	A	G	0	0	0	1	0	39	1	1	1	FALSE	NA	NA	NA	NA	NA	NA
NC_045512.2	21770	G	A	0	0	0	5	5	36	1	5	0.00793651	TRUE	NA	NA	NA	NA	NA	NA
NC_045512.2	22578	G	A	0	0	0	1	0	37	1	1	1	FALSE	NA	NA	NA	NA	NA	NA
NC_045512.2	23403	A	G	0	0	0	11	4	38	1	11	2.83514e-06	TRUE	NA	NA	NA	NA	NA	NA
NC_045512.2	25230	G	A	88	43	42	1	1	39	0.011236	89	0.502825	FALSE	NA	NA	NA	NA	NA	NA
NC_045512.2	25584	C	T	0	0	0	1	1	39	1	1	1	FALSE	NA	NA	NA	NA	NA	NA
NC_045512.2	26139	C	T	32	10	49	1	0	29	0.030303	33	0.507692	FALSE	NA	NA	NA	NA	NA	NA
NC_045512.2	27854	A	T	252	13	40	1	0	38	0.00395257	253	0.50099	FALSE	NA	NA	NA	NA	NA	NA
NC_045512.2	27889	C	T	0	0	0	121	93	41	1	121	5.52316e-72	TRUE	NA	NA	NA	NA	NA	NA
NC_045512.2	27949	A	T	138	131	43	1	1	39	0.00719424	139	0.501805	FALSE	NA	NA	NA	NA	NA	NA
NC_045512.2	28242	G	T	203	168	40	1	1	32	0.00490196	204	0.501229	FALSE	NA	NA	NA	NA	NA	NA
NC_045512.2	28271	A	T	0	0	0	136	136	38	1	136	5.45274e-81	TRUE	NA	NA	NA	NA	NA	NA
NC_045512.2	28330	A	G	0	0	0	2	0	36	1	2	0.333333	FALSE	NA	NA	NA	NA	NA	NA
NC_045512.2	28668	G	T	45	1	41	2	0	39	0.0425532	47	0.252688	FALSE	NA	NA	NA	NA	NA	NA
NC_045512.2	28681	G	T	10	5	46	19	8	45	0.655172	29	3.14451e-08	TRUE	NA	NA	NA	NA	NA	NA
NC_045512.2	28724	C	T	6	1	38	22	6	38	0.785714	28	2.8961e-10	TRUE	NA	NA	NA	NA	NA	NA
NC_045512.2	29868	G	A	0	0	0	1	0	26	1	1	1	FALSE	NA	NA	NA	NA	NA	NA
