REGION	POS	REF	ALT	REF_DP	REF_RV	REF_QUAL	ALT_DP	ALT_RV	ALT_QUAL	ALT_FREQ	TOTAL_DP	PVAL	PASS	GFF_FEATURE	REF_CODON	REF_AA	ALT_CODON	ALT_AA	POS_AA
NC_045512.2	2106	C	T	0	0	0	11	11	37	1	11	2.83514e-06	TRUE	NA	NA	NA	NA	NA	NA
NC_045512.2	6896	C	T	5	0	53	3	0	39	0.375	8	0.123077	FALSE	NA	NA	NA	NA	NA	NA
NC_045512.2	9344	C	T	0	0	0	1	0	39	1	1	1	FALSE	NA	NA	NA	NA	NA	NA
NC_045512.2	11333	G	T	0	0	0	1	1	39	1	1	1	FALSE	NA	NA	NA	NA	NA	NA
NC_045512.2	15714	C	T	0	0	0	18	10	38	1	18	2.20382e-10	TRUE	NA	NA	NA	NA	NA	NA
NC_045512.2	16033	G	T	95	16	41	1	0	39	0.0104167	96	0.502618	FALSE	NA	NA	NA	NA	NA	NA
NC_045512.2	19742	A	G	18	17	43	1	1	39	0.0526316	19	0.513514	FALSE	NA	NA	NA	NA	NA	NA
NC_045512.2	22674	C	T	0	0	0	1	1	37	1	1	1	FALSE	NA	NA	NA	NA	NA	NA
NC_045512.2	23403	A	G	0	0	0	6	3	38	1	6	0.0021645	TRUE	NA	NA	NA	NA	NA	NA
NC_045512.2	25584	C	T	0	0	0	2	2	38	1	2	0.333333	FALSE	NA	NA	NA	NA	NA	NA
NC_045512.2	27889	C	T	0	0	0	45	36	40	0.978261	46	9.63137e-27	TRUE	NA	NA	NA	NA	NA	NA
NC_045512.2	27889	C	G	0	0	0	1	1	27	0.0217391	46	0.0217391	FALSE	NA	NA	NA	NA	NA	NA
NC_045512.2	28271	A	T	0	0	0	18	18	38	1	18	2.20382e-10	TRUE	NA	NA	NA	NA	NA	NA
NC_045512.2	28363	A	T	0	0	0	3	0	32	1	3	0.1	FALSE	NA	NA	NA	NA	NA	NA
NC_045512.2	28754	C	T	52	45	44	1	1	37	0.0188679	53	0.504762	FALSE	NA	NA	NA	NA	NA	NA
NC_045512.2	28986	G	T	10	2	41	1	0	31	0.0909091	11	0.52381	FALSE	NA	NA	NA	NA	NA	NA
