REGION	POS	REF	ALT	REF_DP	REF_RV	REF_QUAL	ALT_DP	ALT_RV	ALT_QUAL	ALT_FREQ	TOTAL_DP	PVAL	PASS	GFF_FEATURE	REF_CODON	REF_AA	ALT_CODON	ALT_AA	POS_AA
NC_045512.2	4184	G	A	0	0	0	1	1	39	1	1	1	FALSE	NA	NA	NA	NA	NA	NA
NC_045512.2	5453	G	A	12	9	38	4	3	38	0.25	16	0.057842	FALSE	NA	NA	NA	NA	NA	NA
NC_045512.2	9344	C	T	0	0	0	2	1	39	1	2	0.333333	FALSE	NA	NA	NA	NA	NA	NA
NC_045512.2	9424	A	G	0	0	0	4	4	38	1	4	0.0285714	FALSE	NA	NA	NA	NA	NA	NA
NC_045512.2	11231	C	T	18	16	38	1	1	39	0.0526316	19	0.513514	FALSE	NA	NA	NA	NA	NA	NA
NC_045512.2	15714	C	T	0	0	0	37	21	39	1	37	1.14539e-21	TRUE	NA	NA	NA	NA	NA	NA
NC_045512.2	15744	C	A	130	39	39	10	2	38	0.0714286	140	0.000857494	TRUE	NA	NA	NA	NA	NA	NA
NC_045512.2	15804	T	G	124	124	37	1	1	38	0.008	125	0.502008	FALSE	NA	NA	NA	NA	NA	NA
NC_045512.2	16353	T	G	54	50	47	1	1	28	0.0181818	55	0.504587	FALSE	NA	NA	NA	NA	NA	NA
NC_045512.2	16898	T	A	42	8	40	1	0	39	0.0232558	43	0.505882	FALSE	NA	NA	NA	NA	NA	NA
NC_045512.2	17494	G	T	23	20	43	1	1	37	0.0416667	24	0.510638	FALSE	NA	NA	NA	NA	NA	NA
NC_045512.2	20280	A	T	11	5	45	2	0	39	0.153846	13	0.26	FALSE	NA	NA	NA	NA	NA	NA
NC_045512.2	21721	C	T	1	1	37	1	1	39	0.5	2	0.666667	FALSE	NA	NA	NA	NA	NA	NA
NC_045512.2	23403	A	G	0	0	0	12	5	38	1	12	7.39602e-07	TRUE	NA	NA	NA	NA	NA	NA
NC_045512.2	24469	T	A	0	0	0	1	1	77	1	1	1	FALSE	NA	NA	NA	NA	NA	NA
NC_045512.2	25584	C	T	0	0	0	1	1	36	1	1	1	FALSE	NA	NA	NA	NA	NA	NA
NC_045512.2	26270	C	T	0	0	0	1	1	37	1	1	1	FALSE	NA	NA	NA	NA	NA	NA
NC_045512.2	26709	G	A	0	0	0	1	0	39	1	1	1	FALSE	NA	NA	NA	NA	NA	NA
NC_045512.2	26803	G	A	10	3	45	1	0	33	0.0909091	11	0.52381	FALSE	NA	NA	NA	NA	NA	NA
NC_045512.2	26839	C	-G	12	11	36	1	0	20	0.0833333	12	0.541667	FALSE	NA	NA	NA	NA	NA	NA
NC_045512.2	27357	A	T	38	22	39	1	0	39	0.025641	39	0.506494	FALSE	NA	NA	NA	NA	NA	NA
NC_045512.2	27382	G	C	0	0	0	1	0	37	1	1	1	FALSE	NA	NA	NA	NA	NA	NA
NC_045512.2	27384	T	C	0	0	0	2	0	39	1	2	0.333333	FALSE	NA	NA	NA	NA	NA	NA
NC_045512.2	27846	T	C	217	8	41	1	0	33	0.00458716	218	0.501149	FALSE	NA	NA	NA	NA	NA	NA
NC_045512.2	28271	A	T	0	0	0	126	126	38	1	126	5.50379e-75	TRUE	NA	NA	NA	NA	NA	NA
NC_045512.2	28363	A	T	0	0	0	10	0	38	1	10	1.08251e-05	TRUE	NA	NA	NA	NA	NA	NA
NC_045512.2	28370	A	G	0	0	0	1	1	38	1	1	1	FALSE	NA	NA	NA	NA	NA	NA
NC_045512.2	28688	T	C	26	16	38	1	0	38	0.037037	27	0.509434	FALSE	NA	NA	NA	NA	NA	NA
NC_045512.2	28973	A	T	26	5	48	1	0	39	0.037037	27	0.509434	FALSE	NA	NA	NA	NA	NA	NA
NC_045512.2	29510	A	C	0	0	0	2	2	36	1	2	0.333333	FALSE	NA	NA	NA	NA	NA	NA
