REGION	POS	REF	ALT	REF_DP	REF_RV	REF_QUAL	ALT_DP	ALT_RV	ALT_QUAL	ALT_FREQ	TOTAL_DP	PVAL	PASS	GFF_FEATURE	REF_CODON	REF_AA	ALT_CODON	ALT_AA	POS_AA
NC_045512.2	1931	C	A	0	0	0	1	1	39	1	1	1	FALSE	NA	NA	NA	NA	NA	NA
NC_045512.2	8471	A	G	57	4	38	1	1	39	0.0172414	58	0.504348	FALSE	NA	NA	NA	NA	NA	NA
NC_045512.2	11534	G	A	54	44	43	5	4	37	0.0847458	59	0.02988	FALSE	NA	NA	NA	NA	NA	NA
NC_045512.2	12160	G	A	0	0	0	2	1	39	1	2	0.333333	FALSE	NA	NA	NA	NA	NA	NA
NC_045512.2	15714	C	T	0	0	0	16	12	41	1	16	3.32734e-09	TRUE	NA	NA	NA	NA	NA	NA
NC_045512.2	15740	A	G	126	34	38	1	0	38	0.00787402	127	0.501976	FALSE	NA	NA	NA	NA	NA	NA
NC_045512.2	15767	T	C	149	75	44	1	0	37	0.00666667	150	0.501672	FALSE	NA	NA	NA	NA	NA	NA
NC_045512.2	15770	C	T	119	95	40	1	1	36	0.00833333	120	0.502092	FALSE	NA	NA	NA	NA	NA	NA
NC_045512.2	16106	G	A	13	13	38	1	1	38	0.0714286	14	0.518519	FALSE	NA	NA	NA	NA	NA	NA
NC_045512.2	16323	C	T	22	15	42	1	1	76	0.0434783	23	0.511111	FALSE	NA	NA	NA	NA	NA	NA
NC_045512.2	19684	G	T	5	4	38	1	1	38	0.166667	6	0.545455	FALSE	NA	NA	NA	NA	NA	NA
NC_045512.2	21770	G	A	0	0	0	1	1	38	1	1	1	FALSE	NA	NA	NA	NA	NA	NA
NC_045512.2	23403	A	G	0	0	0	7	4	39	1	7	0.000582751	TRUE	NA	NA	NA	NA	NA	NA
NC_045512.2	23854	C	A	0	0	0	1	1	39	1	1	1	FALSE	NA	NA	NA	NA	NA	NA
NC_045512.2	27889	C	T	3	3	38	20	16	37	0.869565	23	5.58698e-10	TRUE	NA	NA	NA	NA	NA	NA
NC_045512.2	28170	C	T	257	24	39	1	1	34	0.00387597	258	0.500971	FALSE	NA	NA	NA	NA	NA	NA
NC_045512.2	28207	A	-TG	188	42	39	1	0	20	0.00531915	188	0.753319	FALSE	NA	NA	NA	NA	NA	NA
NC_045512.2	28220	A	T	514	437	44	1	1	39	0.00194175	515	0.500486	FALSE	NA	NA	NA	NA	NA	NA
NC_045512.2	28261	C	T	125	123	37	1	1	39	0.00793651	126	0.501992	FALSE	NA	NA	NA	NA	NA	NA
NC_045512.2	28271	A	T	0	0	0	90	89	38	1	90	2.19751e-53	TRUE	NA	NA	NA	NA	NA	NA
NC_045512.2	28311	C	T	0	0	0	1	0	39	1	1	1	FALSE	NA	NA	NA	NA	NA	NA
NC_045512.2	28363	A	T	0	0	0	4	0	35	1	4	0.0285714	FALSE	NA	NA	NA	NA	NA	NA
NC_045512.2	28370	A	G	0	0	0	4	0	39	1	4	0.0285714	FALSE	NA	NA	NA	NA	NA	NA
NC_045512.2	28673	G	A	41	5	42	1	0	39	0.0238095	42	0.506024	FALSE	NA	NA	NA	NA	NA	NA
NC_045512.2	28677	C	T	30	7	44	1	1	39	0.0322581	31	0.508197	FALSE	NA	NA	NA	NA	NA	NA
NC_045512.2	28681	G	T	30	8	44	1	0	38	0.0322581	31	0.508197	FALSE	NA	NA	NA	NA	NA	NA
NC_045512.2	28724	C	T	31	19	38	3	1	37	0.0882353	34	0.124914	FALSE	NA	NA	NA	NA	NA	NA
NC_045512.2	28728	C	T	33	20	38	1	1	39	0.0294118	34	0.507463	FALSE	NA	NA	NA	NA	NA	NA
NC_045512.2	29299	A	C	45	7	43	1	0	29	0.0217391	46	0.505495	FALSE	NA	NA	NA	NA	NA	NA
