REGION	POS	REF	ALT	REF_DP	REF_RV	REF_QUAL	ALT_DP	ALT_RV	ALT_QUAL	ALT_FREQ	TOTAL_DP	PVAL	PASS	GFF_FEATURE	REF_CODON	REF_AA	ALT_CODON	ALT_AA	POS_AA
NC_045512.2	888	C	T	36	32	36	2	2	30	0.0526316	38	0.253333	FALSE	NA	NA	NA	NA	NA	NA
NC_045512.2	7007	G	C	34	14	36	1	1	34	0.0285714	35	0.507246	FALSE	NA	NA	NA	NA	NA	NA
NC_045512.2	8017	G	C	21	20	35	1	1	34	0.0454545	22	0.511628	FALSE	NA	NA	NA	NA	NA	NA
NC_045512.2	8576	A	T	12	3	34	1	1	27	0.0769231	13	0.52	FALSE	NA	NA	NA	NA	NA	NA
NC_045512.2	10447	G	A	0	0	0	9	5	32	1	9	4.11353e-05	TRUE	NA	NA	NA	NA	NA	NA
NC_045512.2	14272	G	T	65	45	36	1	1	34	0.0151515	66	0.503817	FALSE	NA	NA	NA	NA	NA	NA
NC_045512.2	16150	T	A	83	5	37	1	0	34	0.0119048	84	0.502994	FALSE	NA	NA	NA	NA	NA	NA
NC_045512.2	17410	C	T	0	0	0	31	29	33	1	31	4.29712e-18	TRUE	NA	NA	NA	NA	NA	NA
NC_045512.2	19326	A	G	0	0	0	16	13	33	1	16	3.32734e-09	TRUE	NA	NA	NA	NA	NA	NA
NC_045512.2	21248	T	G	74	73	32	1	1	26	0.0133333	75	0.503356	FALSE	NA	NA	NA	NA	NA	NA
NC_045512.2	22942	T	G	0	0	0	7	6	32	1	7	0.000582751	TRUE	NA	NA	NA	NA	NA	NA
NC_045512.2	22992	G	A	0	0	0	4	4	34	1	4	0.0285714	FALSE	NA	NA	NA	NA	NA	NA
NC_045512.2	22995	C	G	0	0	0	2	2	34	0.5	4	0.1	FALSE	NA	NA	NA	NA	NA	NA
NC_045512.2	22995	C	A	0	0	0	2	2	34	0.5	4	0.1	FALSE	NA	NA	NA	NA	NA	NA
NC_045512.2	23269	T	C	14	11	36	1	1	26	0.0666667	15	0.517241	FALSE	NA	NA	NA	NA	NA	NA
NC_045512.2	26577	C	G	0	0	0	6	6	34	1	6	0.0021645	TRUE	NA	NA	NA	NA	NA	NA
NC_045512.2	27384	T	C	0	0	0	2	0	34	1	2	0.333333	FALSE	NA	NA	NA	NA	NA	NA
NC_045512.2	27807	C	T	0	0	0	79	79	33	1	79	8.63707e-47	TRUE	NA	NA	NA	NA	NA	NA
NC_045512.2	28311	C	T	0	0	0	1	0	34	1	1	1	FALSE	NA	NA	NA	NA	NA	NA
NC_045512.2	29386	C	T	24	12	39	10	5	33	0.294118	34	0.000528754	TRUE	NA	NA	NA	NA	NA	NA
NC_045512.2	29702	G	C	59	56	37	1	1	34	0.0166667	60	0.504202	FALSE	NA	NA	NA	NA	NA	NA
NC_045512.2	29706	G	T	51	51	33	1	1	34	0.0192308	52	0.504854	FALSE	NA	NA	NA	NA	NA	NA
