REGION	POS	REF	ALT	REF_DP	REF_RV	REF_QUAL	ALT_DP	ALT_RV	ALT_QUAL	ALT_FREQ	TOTAL_DP	PVAL	PASS	GFF_FEATURE	REF_CODON	REF_AA	ALT_CODON	ALT_AA	POS_AA
NC_045512.2	1136	A	G	83	14	40	1	0	38	0.0119048	84	0.502994	FALSE	NA	NA	NA	NA	NA	NA
NC_045512.2	3663	G	A	50	50	38	1	1	39	0.0196078	51	0.50495	FALSE	NA	NA	NA	NA	NA	NA
NC_045512.2	4184	G	A	0	0	0	8	5	43	1	8	0.0001554	TRUE	NA	NA	NA	NA	NA	NA
NC_045512.2	4868	G	A	64	61	44	1	1	39	0.0153846	65	0.503876	FALSE	NA	NA	NA	NA	NA	NA
NC_045512.2	6099	C	T	0	0	0	4	4	39	1	4	0.0285714	FALSE	NA	NA	NA	NA	NA	NA
NC_045512.2	9635	G	C	330	53	44	1	0	39	0.00302115	331	0.500756	FALSE	NA	NA	NA	NA	NA	NA
NC_045512.2	10358	A	G	109	109	38	1	1	39	0.00909091	110	0.502283	FALSE	NA	NA	NA	NA	NA	NA
NC_045512.2	12160	G	A	0	0	0	15	9	38	1	15	1.28935e-08	TRUE	NA	NA	NA	NA	NA	NA
NC_045512.2	12310	G	A	0	0	0	4	4	38	1	4	0.0285714	FALSE	NA	NA	NA	NA	NA	NA
NC_045512.2	13682	A	T	44	41	41	1	1	39	0.0222222	45	0.505618	FALSE	NA	NA	NA	NA	NA	NA
NC_045512.2	13884	A	G	51	1	38	1	0	38	0.0192308	52	0.504854	FALSE	NA	NA	NA	NA	NA	NA
NC_045512.2	15714	C	T	0	0	0	45	21	38	1	45	1.92627e-26	TRUE	NA	NA	NA	NA	NA	NA
NC_045512.2	15785	T	C	297	281	44	1	1	39	0.0033557	298	0.50084	FALSE	NA	NA	NA	NA	NA	NA
NC_045512.2	22250	C	T	1	0	39	1	0	39	0.5	2	0.666667	FALSE	NA	NA	NA	NA	NA	NA
NC_045512.2	27309	A	T	149	17	45	1	0	33	0.00666667	150	0.501672	FALSE	NA	NA	NA	NA	NA	NA
NC_045512.2	28271	A	T	0	0	0	2	2	37	1	2	0.333333	FALSE	NA	NA	NA	NA	NA	NA
NC_045512.2	28330	A	G	0	0	0	8	0	36	1	8	0.0001554	TRUE	NA	NA	NA	NA	NA	NA
NC_045512.2	28363	A	T	0	0	0	24	0	37	1	24	6.20201e-14	TRUE	NA	NA	NA	NA	NA	NA
NC_045512.2	28370	A	G	0	0	0	3	1	37	1	3	0.1	FALSE	NA	NA	NA	NA	NA	NA
NC_045512.2	29285	A	G	280	8	42	1	0	38	0.00355872	281	0.500891	FALSE	NA	NA	NA	NA	NA	NA
