REGION	POS	REF	ALT	REF_DP	REF_RV	REF_QUAL	ALT_DP	ALT_RV	ALT_QUAL	ALT_FREQ	TOTAL_DP	PVAL	PASS	GFF_FEATURE	REF_CODON	REF_AA	ALT_CODON	ALT_AA	POS_AA
NC_045512.2	13379	G	A	143	141	40	1	1	33	0.00694444	144	0.501742	FALSE	NA	NA	NA	NA	NA	NA
NC_045512.2	13885	T	C	3	0	39	1	0	39	0.25	4	0.571429	FALSE	NA	NA	NA	NA	NA	NA
NC_045512.2	14571	C	A	111	95	44	1	1	39	0.00892857	112	0.502242	FALSE	NA	NA	NA	NA	NA	NA
NC_045512.2	15714	C	T	1	1	39	43	20	38	0.977273	44	3.35257e-24	TRUE	NA	NA	NA	NA	NA	NA
NC_045512.2	16834	T	C	21	0	38	8	0	37	0.275862	29	0.0025975	TRUE	NA	NA	NA	NA	NA	NA
NC_045512.2	20659	T	C	7	7	38	1	1	37	0.125	8	0.533333	FALSE	NA	NA	NA	NA	NA	NA
NC_045512.2	22070	T	A	7	4	49	1	0	39	0.125	8	0.533333	FALSE	NA	NA	NA	NA	NA	NA
NC_045512.2	22674	C	T	0	0	0	1	1	37	1	1	1	FALSE	NA	NA	NA	NA	NA	NA
NC_045512.2	23403	A	G	0	0	0	7	2	44	1	7	0.000582751	TRUE	NA	NA	NA	NA	NA	NA
NC_045512.2	27382	G	C	0	0	0	2	1	38	1	2	0.333333	FALSE	NA	NA	NA	NA	NA	NA
NC_045512.2	27384	T	C	0	0	0	6	0	38	1	6	0.0021645	TRUE	NA	NA	NA	NA	NA	NA
NC_045512.2	28136	T	C	1	0	34	1	0	38	0.5	2	0.666667	FALSE	NA	NA	NA	NA	NA	NA
NC_045512.2	28338	A	G	32	0	38	1	0	39	0.030303	33	0.507692	FALSE	NA	NA	NA	NA	NA	NA
NC_045512.2	28363	A	T	0	0	0	3	0	38	1	3	0.1	FALSE	NA	NA	NA	NA	NA	NA
NC_045512.2	28370	A	G	0	0	0	2	1	37	1	2	0.333333	FALSE	NA	NA	NA	NA	NA	NA
