REGION	POS	REF	ALT	REF_DP	REF_RV	REF_QUAL	ALT_DP	ALT_RV	ALT_QUAL	ALT_FREQ	TOTAL_DP	PVAL	PASS	GFF_FEATURE	REF_CODON	REF_AA	ALT_CODON	ALT_AA	POS_AA
NC_045512.2	3308	G	T	2	1	58	1	0	33	0.333333	3	0.6	FALSE	NA	NA	NA	NA	NA	NA
NC_045512.2	8512	A	G	12	8	38	1	1	30	0.0769231	13	0.52	FALSE	NA	NA	NA	NA	NA	NA
NC_045512.2	12160	G	A	0	0	0	2	2	39	1	2	0.333333	FALSE	NA	NA	NA	NA	NA	NA
NC_045512.2	14533	A	T	3	0	38	1	0	30	0.25	4	0.571429	FALSE	NA	NA	NA	NA	NA	NA
NC_045512.2	15714	C	T	0	0	0	22	10	40	1	22	9.50526e-13	TRUE	NA	NA	NA	NA	NA	NA
NC_045512.2	15771	T	C	98	76	40	2	2	38	0.02	100	0.251256	FALSE	NA	NA	NA	NA	NA	NA
NC_045512.2	15785	T	C	123	117	42	1	0	28	0.00806452	124	0.753036	FALSE	NA	NA	NA	NA	NA	NA
NC_045512.2	16935	G	A	7	5	54	2	2	38	0.222222	9	0.264706	FALSE	NA	NA	NA	NA	NA	NA
NC_045512.2	21770	G	A	0	0	0	1	1	39	1	1	1	FALSE	NA	NA	NA	NA	NA	NA
NC_045512.2	23403	A	G	0	0	0	9	4	38	1	9	4.11353e-05	TRUE	NA	NA	NA	NA	NA	NA
NC_045512.2	27889	C	T	0	0	0	58	46	41	1	58	3.25668e-34	TRUE	NA	NA	NA	NA	NA	NA
NC_045512.2	27942	C	T	66	58	41	3	3	39	0.0434783	69	0.12498	FALSE	NA	NA	NA	NA	NA	NA
NC_045512.2	27945	C	T	73	65	43	1	1	36	0.0135135	74	0.503401	FALSE	NA	NA	NA	NA	NA	NA
NC_045512.2	27950	A	G	72	68	42	1	1	39	0.0136986	73	0.503448	FALSE	NA	NA	NA	NA	NA	NA
NC_045512.2	28199	T	C	53	29	40	2	1	35	0.0363636	55	0.252294	FALSE	NA	NA	NA	NA	NA	NA
NC_045512.2	28271	A	T	0	0	0	39	38	39	1	39	7.34834e-23	TRUE	NA	NA	NA	NA	NA	NA
NC_045512.2	28363	A	T	0	0	0	13	1	37	1	13	1.92297e-07	TRUE	NA	NA	NA	NA	NA	NA
NC_045512.2	28370	A	G	0	0	0	5	1	38	1	5	0.00793651	TRUE	NA	NA	NA	NA	NA	NA
NC_045512.2	28681	G	T	24	7	39	54	5	40	0.692308	78	3.5923e-23	TRUE	NA	NA	NA	NA	NA	NA
NC_045512.2	28746	T	C	90	67	43	1	1	38	0.010989	91	0.502762	FALSE	NA	NA	NA	NA	NA	NA
NC_045512.2	29296	C	T	90	5	41	1	0	29	0.010989	91	0.502762	FALSE	NA	NA	NA	NA	NA	NA
NC_045512.2	29593	G	T	24	2	37	1	0	38	0.04	25	0.510204	FALSE	NA	NA	NA	NA	NA	NA
NC_045512.2	29614	C	T	32	7	40	1	1	39	0.030303	33	0.507692	FALSE	NA	NA	NA	NA	NA	NA
NC_045512.2	29627	C	T	47	15	42	1	1	39	0.0208333	48	0.505263	FALSE	NA	NA	NA	NA	NA	NA
NC_045512.2	29711	G	T	1	1	35	1	1	39	0.5	2	0.666667	FALSE	NA	NA	NA	NA	NA	NA
