REGION	POS	REF	ALT	REF_DP	REF_RV	REF_QUAL	ALT_DP	ALT_RV	ALT_QUAL	ALT_FREQ	TOTAL_DP	PVAL	PASS	GFF_FEATURE	REF_CODON	REF_AA	ALT_CODON	ALT_AA	POS_AA
NC_045512.2	11563	C	T	17	16	41	5	5	39	0.227273	22	0.0273572	FALSE	NA	NA	NA	NA	NA	NA
NC_045512.2	12160	G	A	0	0	0	4	3	37	1	4	0.0285714	FALSE	NA	NA	NA	NA	NA	NA
NC_045512.2	12982	A	G	49	1	39	12	0	38	0.196721	61	0.000148849	TRUE	NA	NA	NA	NA	NA	NA
NC_045512.2	16616	C	A	19	13	41	2	1	37	0.0952381	21	0.256098	FALSE	NA	NA	NA	NA	NA	NA
NC_045512.2	18492	A	G	11	11	36	1	1	39	0.0833333	12	0.521739	FALSE	NA	NA	NA	NA	NA	NA
NC_045512.2	27807	C	T	0	0	0	1	1	39	1	1	1	FALSE	NA	NA	NA	NA	NA	NA
NC_045512.2	27879	C	T	23	18	38	3	0	39	0.115385	26	0.12485	FALSE	NA	NA	NA	NA	NA	NA
NC_045512.2	27889	C	T	0	0	0	37	34	38	1	37	1.14539e-21	TRUE	NA	NA	NA	NA	NA	NA
NC_045512.2	28214	C	-T	62	11	42	7	0	20	0.112903	62	0.0102132	FALSE	NA	NA	NA	NA	NA	NA
NC_045512.2	28215	T	C	68	22	45	9	9	37	0.116883	77	0.0010712	TRUE	NA	NA	NA	NA	NA	NA
NC_045512.2	28271	A	T	0	0	0	48	48	38	1	48	3.10797e-28	TRUE	NA	NA	NA	NA	NA	NA
NC_045512.2	28327	T	C	12	0	37	1	0	39	0.0769231	13	0.52	FALSE	NA	NA	NA	NA	NA	NA
NC_045512.2	28330	A	G	13	0	38	2	0	38	0.133333	15	0.258621	FALSE	NA	NA	NA	NA	NA	NA
NC_045512.2	28363	A	T	0	0	0	11	0	37	1	11	2.83514e-06	TRUE	NA	NA	NA	NA	NA	NA
NC_045512.2	28370	A	G	0	0	0	2	0	39	1	2	0.333333	FALSE	NA	NA	NA	NA	NA	NA
NC_045512.2	28460	G	T	24	21	40	2	2	39	0.0769231	26	0.254902	FALSE	NA	NA	NA	NA	NA	NA
NC_045512.2	28703	G	A	60	39	41	4	2	39	0.0625	64	0.0614803	FALSE	NA	NA	NA	NA	NA	NA
NC_045512.2	28711	T	C	68	34	40	1	1	38	0.0144928	69	0.50365	FALSE	NA	NA	NA	NA	NA	NA
NC_045512.2	28783	C	T	11	11	38	9	9	37	0.45	20	0.000792581	TRUE	NA	NA	NA	NA	NA	NA
NC_045512.2	29510	A	C	0	0	0	1	1	34	1	1	1	FALSE	NA	NA	NA	NA	NA	NA
NC_045512.2	29632	C	T	84	44	43	3	2	38	0.0344828	87	0.124987	FALSE	NA	NA	NA	NA	NA	NA
NC_045512.2	29666	C	T	61	44	51	3	2	39	0.046875	64	0.124976	FALSE	NA	NA	NA	NA	NA	NA
