REGION	POS	REF	ALT	REF_DP	REF_RV	REF_QUAL	ALT_DP	ALT_RV	ALT_QUAL	ALT_FREQ	TOTAL_DP	PVAL	PASS	GFF_FEATURE	REF_CODON	REF_AA	ALT_CODON	ALT_AA	POS_AA
NC_045512.2	13035	C	T	17	9	50	2	0	38	0.105263	19	0.256757	FALSE	NA	NA	NA	NA	NA	NA
NC_045512.2	13983	T	C	10	10	37	1	1	38	0.0909091	11	0.52381	FALSE	NA	NA	NA	NA	NA	NA
NC_045512.2	15714	C	T	0	0	0	5	3	39	1	5	0.00793651	TRUE	NA	NA	NA	NA	NA	NA
NC_045512.2	21770	G	A	4	4	38	1	1	39	0.2	5	0.555556	FALSE	NA	NA	NA	NA	NA	NA
NC_045512.2	22033	C	A	0	0	0	3	0	39	1	3	0.1	FALSE	NA	NA	NA	NA	NA	NA
NC_045512.2	22674	C	T	0	0	0	1	1	38	1	1	1	FALSE	NA	NA	NA	NA	NA	NA
NC_045512.2	23403	A	G	0	0	0	5	2	38	1	5	0.00793651	TRUE	NA	NA	NA	NA	NA	NA
NC_045512.2	27889	C	T	16	13	40	11	10	42	0.407407	27	0.000171048	TRUE	NA	NA	NA	NA	NA	NA
NC_045512.2	28244	T	G	72	67	39	1	1	36	0.0136986	73	0.503448	FALSE	NA	NA	NA	NA	NA	NA
NC_045512.2	28253	C	-A	46	45	41	1	0	20	0.0217391	46	0.51087	FALSE	NA	NA	NA	NA	NA	NA
NC_045512.2	28271	A	T	0	0	0	27	27	38	1	27	1.02725e-15	TRUE	NA	NA	NA	NA	NA	NA
NC_045512.2	28329	G	A	3	0	38	1	0	39	0.25	4	0.571429	FALSE	NA	NA	NA	NA	NA	NA
NC_045512.2	28363	A	T	0	0	0	1	0	39	1	1	1	FALSE	NA	NA	NA	NA	NA	NA
NC_045512.2	28673	G	A	46	8	42	1	0	38	0.0212766	47	0.505376	FALSE	NA	NA	NA	NA	NA	NA
NC_045512.2	28681	G	T	32	7	48	4	1	39	0.111111	36	0.0606246	FALSE	NA	NA	NA	NA	NA	NA
NC_045512.2	29362	C	T	51	33	47	1	1	37	0.0192308	52	0.504854	FALSE	NA	NA	NA	NA	NA	NA
NC_045512.2	29650	T	C	30	8	42	1	0	39	0.0322581	31	0.508197	FALSE	NA	NA	NA	NA	NA	NA
