REGION	POS	REF	ALT	REF_DP	REF_RV	REF_QUAL	ALT_DP	ALT_RV	ALT_QUAL	ALT_FREQ	TOTAL_DP	PVAL	PASS	GFF_FEATURE	REF_CODON	REF_AA	ALT_CODON	ALT_AA	POS_AA
NC_045512.2	8482	T	G	24	2	39	2	2	55	0.0769231	26	0.254902	FALSE	NA	NA	NA	NA	NA	NA
NC_045512.2	9344	C	T	0	0	0	1	1	78	1	1	1	FALSE	NA	NA	NA	NA	NA	NA
NC_045512.2	9424	A	G	0	0	0	1	1	38	1	1	1	FALSE	NA	NA	NA	NA	NA	NA
NC_045512.2	11246	A	T	28	25	43	1	1	38	0.0344828	29	0.508772	FALSE	NA	NA	NA	NA	NA	NA
NC_045512.2	14193	A	G	7	0	44	1	0	39	0.125	8	0.533333	FALSE	NA	NA	NA	NA	NA	NA
NC_045512.2	15714	C	T	0	0	0	77	36	41	1	77	1.36438e-45	TRUE	NA	NA	NA	NA	NA	NA
NC_045512.2	15761	G	A	283	132	44	1	0	39	0.00352113	284	0.500882	FALSE	NA	NA	NA	NA	NA	NA
NC_045512.2	16635	T	G	22	17	45	1	1	39	0.0434783	23	0.511111	FALSE	NA	NA	NA	NA	NA	NA
NC_045512.2	16662	G	A	6	6	38	1	1	39	0.142857	7	0.538462	FALSE	NA	NA	NA	NA	NA	NA
NC_045512.2	16858	G	A	91	28	43	1	0	33	0.0108696	92	0.502732	FALSE	NA	NA	NA	NA	NA	NA
NC_045512.2	17410	C	T	0	0	0	7	7	38	1	7	0.000582751	TRUE	NA	NA	NA	NA	NA	NA
NC_045512.2	20292	G	A	45	21	44	2	1	38	0.0425532	47	0.252688	FALSE	NA	NA	NA	NA	NA	NA
NC_045512.2	21721	C	T	0	0	0	2	1	39	1	2	0.333333	FALSE	NA	NA	NA	NA	NA	NA
NC_045512.2	23403	A	G	0	0	0	8	3	38	1	8	0.0001554	TRUE	NA	NA	NA	NA	NA	NA
NC_045512.2	25584	C	T	0	0	0	1	1	39	1	1	1	FALSE	NA	NA	NA	NA	NA	NA
NC_045512.2	27382	G	C	17	15	38	4	1	38	0.190476	21	0.0590994	FALSE	NA	NA	NA	NA	NA	NA
NC_045512.2	27384	T	C	17	14	38	2	1	39	0.105263	19	0.256757	FALSE	NA	NA	NA	NA	NA	NA
NC_045512.2	27807	C	T	0	0	0	1	0	39	1	1	1	FALSE	NA	NA	NA	NA	NA	NA
NC_045512.2	27889	C	T	38	32	38	2	2	39	0.05	40	0.253165	FALSE	NA	NA	NA	NA	NA	NA
NC_045512.2	27918	A	G	24	17	38	1	1	39	0.04	25	0.510204	FALSE	NA	NA	NA	NA	NA	NA
NC_045512.2	28271	A	T	0	0	0	101	101	38	1	101	5.54937e-60	TRUE	NA	NA	NA	NA	NA	NA
NC_045512.2	28363	A	T	0	0	0	12	0	38	1	12	7.39602e-07	TRUE	NA	NA	NA	NA	NA	NA
NC_045512.2	28370	A	G	0	0	0	3	1	38	1	3	0.1	FALSE	NA	NA	NA	NA	NA	NA
NC_045512.2	28724	C	T	20	10	40	2	1	39	0.0909091	22	0.255814	FALSE	NA	NA	NA	NA	NA	NA
NC_045512.2	29593	G	-AT	22	0	39	1	0	20	0.0454545	22	0.522727	FALSE	NA	NA	NA	NA	NA	NA
NC_045512.2	29616	G	T	30	8	45	1	0	39	0.0322581	31	0.508197	FALSE	NA	NA	NA	NA	NA	NA
NC_045512.2	29662	T	A	44	31	48	1	1	26	0.0222222	45	0.505618	FALSE	NA	NA	NA	NA	NA	NA
