REGION	POS	REF	ALT	REF_DP	REF_RV	REF_QUAL	ALT_DP	ALT_RV	ALT_QUAL	ALT_FREQ	TOTAL_DP	PVAL	PASS	GFF_FEATURE	REF_CODON	REF_AA	ALT_CODON	ALT_AA	POS_AA
NC_045512.2	1171	T	C	7	3	44	1	1	38	0.125	8	0.533333	FALSE	NA	NA	NA	NA	NA	NA
NC_045512.2	4782	C	T	5	0	39	2	0	39	0.285714	7	0.269231	FALSE	NA	NA	NA	NA	NA	NA
NC_045512.2	7402	T	A	0	0	0	1	1	38	1	1	1	FALSE	NA	NA	NA	NA	NA	NA
NC_045512.2	9344	C	T	0	0	0	1	0	39	1	1	1	FALSE	NA	NA	NA	NA	NA	NA
NC_045512.2	12160	G	A	0	0	0	1	1	39	1	1	1	FALSE	NA	NA	NA	NA	NA	NA
NC_045512.2	12310	G	A	1	1	39	1	1	39	0.5	2	0.666667	FALSE	NA	NA	NA	NA	NA	NA
NC_045512.2	15714	C	T	0	0	0	8	3	39	1	8	0.0001554	TRUE	NA	NA	NA	NA	NA	NA
NC_045512.2	16616	C	A	8	6	42	1	1	39	0.111111	9	0.529412	FALSE	NA	NA	NA	NA	NA	NA
NC_045512.2	16935	G	A	17	15	40	1	1	38	0.0555556	18	0.514286	FALSE	NA	NA	NA	NA	NA	NA
NC_045512.2	17410	C	T	0	0	0	3	3	39	1	3	0.1	FALSE	NA	NA	NA	NA	NA	NA
NC_045512.2	21770	G	A	0	0	0	2	2	35	1	2	0.333333	FALSE	NA	NA	NA	NA	NA	NA
NC_045512.2	23403	A	G	0	0	0	1	1	39	1	1	1	FALSE	NA	NA	NA	NA	NA	NA
NC_045512.2	24354	T	A	1	1	39	1	1	39	0.5	2	0.666667	FALSE	NA	NA	NA	NA	NA	NA
NC_045512.2	25584	C	T	0	0	0	2	2	39	1	2	0.333333	FALSE	NA	NA	NA	NA	NA	NA
NC_045512.2	27807	C	T	0	0	0	1	1	39	1	1	1	FALSE	NA	NA	NA	NA	NA	NA
NC_045512.2	27874	C	T	47	23	42	1	0	37	0.0208333	48	0.505263	FALSE	NA	NA	NA	NA	NA	NA
NC_045512.2	27889	C	T	10	8	42	33	23	39	0.767442	43	4.76682e-15	TRUE	NA	NA	NA	NA	NA	NA
NC_045512.2	28271	A	T	0	0	0	25	25	38	1	25	1.58215e-14	TRUE	NA	NA	NA	NA	NA	NA
NC_045512.2	28363	A	T	0	0	0	3	0	37	1	3	0.1	FALSE	NA	NA	NA	NA	NA	NA
NC_045512.2	28386	A	G	9	4	38	1	1	38	0.1	10	0.526316	FALSE	NA	NA	NA	NA	NA	NA
NC_045512.2	28681	G	T	8	2	52	8	1	38	0.5	16	0.00163144	TRUE	NA	NA	NA	NA	NA	NA
NC_045512.2	28698	C	T	8	5	43	1	0	29	0.111111	9	0.529412	FALSE	NA	NA	NA	NA	NA	NA
NC_045512.2	28724	C	T	17	5	38	2	1	39	0.105263	19	0.256757	FALSE	NA	NA	NA	NA	NA	NA
NC_045512.2	29510	A	C	0	0	0	2	2	38	1	2	0.333333	FALSE	NA	NA	NA	NA	NA	NA
