REGION	POS	REF	ALT	REF_DP	REF_RV	REF_QUAL	ALT_DP	ALT_RV	ALT_QUAL	ALT_FREQ	TOTAL_DP	PVAL	PASS	GFF_FEATURE	REF_CODON	REF_AA	ALT_CODON	ALT_AA	POS_AA
NC_045512.2	527	C	-T	6	4	44	1	0	20	0.166667	6	0.583333	FALSE	NA	NA	NA	NA	NA	NA
NC_045512.2	3317	C	T	37	23	41	4	4	38	0.097561	41	0.0608689	FALSE	NA	NA	NA	NA	NA	NA
NC_045512.2	5512	C	T	0	0	0	1	1	39	1	1	1	FALSE	NA	NA	NA	NA	NA	NA
NC_045512.2	12160	G	A	0	0	0	15	12	37	1	15	1.28935e-08	TRUE	NA	NA	NA	NA	NA	NA
NC_045512.2	12992	C	T	51	7	43	1	0	39	0.0192308	52	0.504854	FALSE	NA	NA	NA	NA	NA	NA
NC_045512.2	15714	C	T	0	0	0	30	20	40	1	30	1.69112e-17	TRUE	NA	NA	NA	NA	NA	NA
NC_045512.2	21770	G	A	0	0	0	1	1	37	1	1	1	FALSE	NA	NA	NA	NA	NA	NA
NC_045512.2	22578	G	A	0	0	0	1	1	39	1	1	1	FALSE	NA	NA	NA	NA	NA	NA
NC_045512.2	23403	A	G	0	0	0	8	4	38	1	8	0.0001554	TRUE	NA	NA	NA	NA	NA	NA
NC_045512.2	23991	C	T	4	0	38	1	0	37	0.2	5	0.555556	FALSE	NA	NA	NA	NA	NA	NA
NC_045512.2	25584	C	T	0	0	0	2	2	39	1	2	0.333333	FALSE	NA	NA	NA	NA	NA	NA
NC_045512.2	26188	G	A	29	6	46	1	1	27	0.0333333	30	0.508475	FALSE	NA	NA	NA	NA	NA	NA
NC_045512.2	27889	C	T	23	21	39	32	24	44	0.581818	55	4.9383e-13	TRUE	NA	NA	NA	NA	NA	NA
NC_045512.2	28240	T	A	347	317	39	1	1	39	0.00287356	348	0.500719	FALSE	NA	NA	NA	NA	NA	NA
NC_045512.2	28271	A	T	0	0	0	74	74	38	1	74	8.56081e-44	TRUE	NA	NA	NA	NA	NA	NA
NC_045512.2	28363	A	T	0	0	0	5	0	37	1	5	0.00793651	TRUE	NA	NA	NA	NA	NA	NA
NC_045512.2	28370	A	G	0	0	0	2	0	39	1	2	0.333333	FALSE	NA	NA	NA	NA	NA	NA
NC_045512.2	28650	A	T	90	5	40	1	0	39	0.010989	91	0.502762	FALSE	NA	NA	NA	NA	NA	NA
NC_045512.2	28677	C	-T	184	44	42	1	0	20	0.00543478	184	0.753391	FALSE	NA	NA	NA	NA	NA	NA
NC_045512.2	28681	G	T	165	44	45	12	3	44	0.0677966	177	0.000208407	TRUE	NA	NA	NA	NA	NA	NA
NC_045512.2	28736	G	T	154	72	43	1	1	29	0.00645161	155	0.752427	FALSE	NA	NA	NA	NA	NA	NA
NC_045512.2	29317	T	C	97	51	39	1	0	39	0.0102041	98	0.502564	FALSE	NA	NA	NA	NA	NA	NA
NC_045512.2	29328	T	C	129	57	39	1	1	36	0.00769231	130	0.501931	FALSE	NA	NA	NA	NA	NA	NA
NC_045512.2	29614	C	T	28	5	44	9	0	38	0.243243	37	0.00128143	TRUE	NA	NA	NA	NA	NA	NA
