REGION	POS	REF	ALT	REF_DP	REF_RV	REF_QUAL	ALT_DP	ALT_RV	ALT_QUAL	ALT_FREQ	TOTAL_DP	PVAL	PASS	GFF_FEATURE	REF_CODON	REF_AA	ALT_CODON	ALT_AA	POS_AA
NC_045512.2	241	C	T	0	0	0	1	1	38	1	1	1	FALSE	NA	NA	NA	NA	NA	NA
NC_045512.2	2086	G	T	20	19	40	2	2	39	0.0909091	22	0.255814	FALSE	NA	NA	NA	NA	NA	NA
NC_045512.2	4184	G	A	0	0	0	4	1	48	1	4	0.0285714	FALSE	NA	NA	NA	NA	NA	NA
NC_045512.2	6040	C	T	4	0	39	1	0	39	0.2	5	0.555556	FALSE	NA	NA	NA	NA	NA	NA
NC_045512.2	10254	T	A	46	9	42	1	0	39	0.0212766	47	0.505376	FALSE	NA	NA	NA	NA	NA	NA
NC_045512.2	12160	G	A	13	9	44	3	3	39	0.1875	16	0.124583	FALSE	NA	NA	NA	NA	NA	NA
NC_045512.2	12995	G	A	16	1	40	1	0	33	0.0588235	17	0.515152	FALSE	NA	NA	NA	NA	NA	NA
NC_045512.2	13329	C	T	41	15	39	3	2	52	0.0681818	44	0.124949	FALSE	NA	NA	NA	NA	NA	NA
NC_045512.2	15714	C	T	0	0	0	51	29	41	1	51	5.00489e-30	TRUE	NA	NA	NA	NA	NA	NA
NC_045512.2	16092	C	T	4	3	38	2	2	39	0.333333	6	0.272727	FALSE	NA	NA	NA	NA	NA	NA
NC_045512.2	16863	T	C	58	25	41	1	1	38	0.0169492	59	0.504274	FALSE	NA	NA	NA	NA	NA	NA
NC_045512.2	16869	C	A	68	25	41	1	1	27	0.0144928	69	0.50365	FALSE	NA	NA	NA	NA	NA	NA
NC_045512.2	17410	C	T	0	0	0	2	2	38	1	2	0.333333	FALSE	NA	NA	NA	NA	NA	NA
NC_045512.2	20586	T	C	15	5	38	1	0	35	0.0625	16	0.516129	FALSE	NA	NA	NA	NA	NA	NA
NC_045512.2	21721	C	T	2	0	37	1	0	39	0.333333	3	0.6	FALSE	NA	NA	NA	NA	NA	NA
NC_045512.2	23403	A	G	0	0	0	27	10	38	1	27	1.02725e-15	TRUE	NA	NA	NA	NA	NA	NA
NC_045512.2	24063	T	C	24	21	38	2	2	38	0.0769231	26	0.254902	FALSE	NA	NA	NA	NA	NA	NA
NC_045512.2	24620	G	T	51	40	38	2	2	38	0.0377358	53	0.252381	FALSE	NA	NA	NA	NA	NA	NA
NC_045512.2	24672	C	-A	23	16	41	1	0	20	0.0434783	23	0.521739	FALSE	NA	NA	NA	NA	NA	NA
NC_045512.2	25324	C	-A	12	12	38	1	0	20	0.0833333	12	0.541667	FALSE	NA	NA	NA	NA	NA	NA
NC_045512.2	26060	C	T	0	0	0	1	1	39	1	1	1	FALSE	NA	NA	NA	NA	NA	NA
NC_045512.2	26270	C	T	0	0	0	1	1	39	1	1	1	FALSE	NA	NA	NA	NA	NA	NA
NC_045512.2	26529	G	A	5	5	38	1	1	39	0.166667	6	0.545455	FALSE	NA	NA	NA	NA	NA	NA
NC_045512.2	27889	C	T	6	6	44	2	2	39	0.25	8	0.266667	FALSE	NA	NA	NA	NA	NA	NA
NC_045512.2	28215	T	C	387	298	43	1	1	37	0.00257732	388	0.500645	FALSE	NA	NA	NA	NA	NA	NA
NC_045512.2	28271	A	T	0	0	0	131	131	38	1	131	5.4802e-78	TRUE	NA	NA	NA	NA	NA	NA
NC_045512.2	28363	A	T	0	0	0	3	0	35	1	3	0.1	FALSE	NA	NA	NA	NA	NA	NA
NC_045512.2	28724	C	T	93	44	42	5	2	38	0.0510204	98	0.0304363	FALSE	NA	NA	NA	NA	NA	NA
NC_045512.2	29376	C	T	152	144	43	2	2	38	0.012987	154	0.250814	FALSE	NA	NA	NA	NA	NA	NA
