REGION	POS	REF	ALT	REF_DP	REF_RV	REF_QUAL	ALT_DP	ALT_RV	ALT_QUAL	ALT_FREQ	TOTAL_DP	PVAL	PASS	GFF_FEATURE	REF_CODON	REF_AA	ALT_CODON	ALT_AA	POS_AA
NC_045512.2	10314	T	A	7	4	41	1	0	39	0.125	8	0.533333	FALSE	NA	NA	NA	NA	NA	NA
NC_045512.2	15706	A	C	38	2	38	1	0	27	0.025641	39	0.506494	FALSE	NA	NA	NA	NA	NA	NA
NC_045512.2	15714	C	T	0	0	0	15	11	41	1	15	1.28935e-08	TRUE	NA	NA	NA	NA	NA	NA
NC_045512.2	21770	G	A	0	0	0	1	1	38	1	1	1	FALSE	NA	NA	NA	NA	NA	NA
NC_045512.2	23401	G	T	6	1	38	1	0	39	0.142857	7	0.538462	FALSE	NA	NA	NA	NA	NA	NA
NC_045512.2	23403	A	G	0	0	0	6	1	37	1	6	0.0021645	TRUE	NA	NA	NA	NA	NA	NA
NC_045512.2	27038	A	G	1	0	39	1	0	38	0.5	2	0.666667	FALSE	NA	NA	NA	NA	NA	NA
NC_045512.2	27889	C	T	3	1	35	18	13	40	0.857143	21	6.58049e-09	TRUE	NA	NA	NA	NA	NA	NA
NC_045512.2	27967	G	T	8	8	38	1	1	27	0.111111	9	0.529412	FALSE	NA	NA	NA	NA	NA	NA
NC_045512.2	28131	A	C	62	0	38	1	0	33	0.015873	63	0.504	FALSE	NA	NA	NA	NA	NA	NA
NC_045512.2	28195	G	A	93	45	37	1	1	39	0.0106383	94	0.502674	FALSE	NA	NA	NA	NA	NA	NA
NC_045512.2	28271	A	T	0	0	0	70	70	38	1	70	2.13172e-41	TRUE	NA	NA	NA	NA	NA	NA
NC_045512.2	28354	C	T	13	1	41	1	0	39	0.0714286	14	0.518519	FALSE	NA	NA	NA	NA	NA	NA
NC_045512.2	28363	A	T	0	0	0	2	0	39	1	2	0.333333	FALSE	NA	NA	NA	NA	NA	NA
NC_045512.2	28370	A	G	0	0	0	1	0	39	1	1	1	FALSE	NA	NA	NA	NA	NA	NA
NC_045512.2	28703	G	A	29	22	38	1	1	29	0.0333333	30	0.508475	FALSE	NA	NA	NA	NA	NA	NA
NC_045512.2	28724	C	T	29	16	41	2	0	38	0.0645161	31	0.254098	FALSE	NA	NA	NA	NA	NA	NA
NC_045512.2	29388	A	G	39	37	41	1	1	37	0.025	40	0.506329	FALSE	NA	NA	NA	NA	NA	NA
NC_045512.2	29614	C	T	6	2	38	4	0	38	0.4	10	0.0541796	FALSE	NA	NA	NA	NA	NA	NA
NC_045512.2	29666	C	T	5	3	54	1	1	39	0.166667	6	0.545455	FALSE	NA	NA	NA	NA	NA	NA
NC_045512.2	29900	A	T	36	0	34	1	0	27	0.027027	37	0.506849	FALSE	NA	NA	NA	NA	NA	NA
