REGION	POS	REF	ALT	REF_DP	REF_RV	REF_QUAL	ALT_DP	ALT_RV	ALT_QUAL	ALT_FREQ	TOTAL_DP	PVAL	PASS	GFF_FEATURE	REF_CODON	REF_AA	ALT_CODON	ALT_AA	POS_AA
NC_045512.2	7382	C	T	3	1	37	2	0	37	0.4	5	0.277778	FALSE	NA	NA	NA	NA	NA	NA
NC_045512.2	7433	T	G	50	2	38	1	0	37	0.0196078	51	0.50495	FALSE	NA	NA	NA	NA	NA	NA
NC_045512.2	7537	A	T	26	14	41	1	1	37	0.037037	27	0.509434	FALSE	NA	NA	NA	NA	NA	NA
NC_045512.2	7563	C	A	21	20	39	1	1	25	0.0454545	22	0.511628	FALSE	NA	NA	NA	NA	NA	NA
NC_045512.2	10693	A	G	0	0	0	1	1	25	1	1	1	FALSE	NA	NA	NA	NA	NA	NA
NC_045512.2	18036	A	G	0	0	0	1	0	37	1	1	1	FALSE	NA	NA	NA	NA	NA	NA
NC_045512.2	22137	T	C	4	1	34	1	1	37	0.2	5	0.555556	FALSE	NA	NA	NA	NA	NA	NA
NC_045512.2	22200	T	G	0	0	0	1	1	37	1	1	1	FALSE	NA	NA	NA	NA	NA	NA
