REGION	POS	REF	ALT	REF_DP	REF_RV	REF_QUAL	ALT_DP	ALT_RV	ALT_QUAL	ALT_FREQ	TOTAL_DP	PVAL	PASS	GFF_FEATURE	REF_CODON	REF_AA	ALT_CODON	ALT_AA	POS_AA
NC_045512.2	27889	C	T	0	0	0	23	21	40	1	23	2.42912e-13	TRUE	NA	NA	NA	NA	NA	NA
NC_045512.2	28271	A	T	0	0	0	10	10	38	1	10	1.08251e-05	TRUE	NA	NA	NA	NA	NA	NA
NC_045512.2	28446	A	G	8	7	43	1	1	37	0.111111	9	0.529412	FALSE	NA	NA	NA	NA	NA	NA
NC_045512.2	29614	C	T	17	1	40	2	0	38	0.105263	19	0.256757	FALSE	NA	NA	NA	NA	NA	NA
NC_045512.2	29666	C	T	28	16	51	2	2	39	0.0666667	30	0.254237	FALSE	NA	NA	NA	NA	NA	NA
