REGION	POS	REF	ALT	REF_DP	REF_RV	REF_QUAL	ALT_DP	ALT_RV	ALT_QUAL	ALT_FREQ	TOTAL_DP	PVAL	PASS	GFF_FEATURE	REF_CODON	REF_AA	ALT_CODON	ALT_AA	POS_AA
NC_045512.2	241	C	T	0	0	0	1	1	38	1	1	1	FALSE	NA	NA	NA	NA	NA	NA
NC_045512.2	15714	C	T	0	0	0	1	0	37	1	1	1	FALSE	NA	NA	NA	NA	NA	NA
NC_045512.2	16596	C	T	2	1	39	1	1	39	0.333333	3	0.6	FALSE	NA	NA	NA	NA	NA	NA
NC_045512.2	17859	T	C	0	0	0	1	1	36	1	1	1	FALSE	NA	NA	NA	NA	NA	NA
NC_045512.2	23403	A	G	0	0	0	3	3	39	1	3	0.1	FALSE	NA	NA	NA	NA	NA	NA
NC_045512.2	27889	C	T	0	0	0	8	8	38	1	8	0.0001554	TRUE	NA	NA	NA	NA	NA	NA
NC_045512.2	28166	G	A	63	10	42	3	2	36	0.0454545	66	0.124978	FALSE	NA	NA	NA	NA	NA	NA
NC_045512.2	28271	A	T	0	0	0	33	33	38	1	33	2.7703e-19	TRUE	NA	NA	NA	NA	NA	NA
NC_045512.2	28330	A	G	8	0	37	1	0	36	0.111111	9	0.529412	FALSE	NA	NA	NA	NA	NA	NA
NC_045512.2	28363	A	T	0	0	0	7	0	36	1	7	0.000582751	TRUE	NA	NA	NA	NA	NA	NA
NC_045512.2	28370	A	G	0	0	0	6	0	38	1	6	0.0021645	TRUE	NA	NA	NA	NA	NA	NA
NC_045512.2	28681	G	T	14	5	41	4	0	35	0.222222	18	0.0584416	FALSE	NA	NA	NA	NA	NA	NA
NC_045512.2	28705	T	C	6	3	35	2	2	38	0.25	8	0.266667	FALSE	NA	NA	NA	NA	NA	NA
NC_045512.2	28892	C	T	0	0	0	1	0	39	1	1	1	FALSE	NA	NA	NA	NA	NA	NA
NC_045512.2	29267	A	T	9	0	37	1	0	38	0.1	10	0.526316	FALSE	NA	NA	NA	NA	NA	NA
