REGION	POS	REF	ALT	REF_DP	REF_RV	REF_QUAL	ALT_DP	ALT_RV	ALT_QUAL	ALT_FREQ	TOTAL_DP	PVAL	PASS	GFF_FEATURE	REF_CODON	REF_AA	ALT_CODON	ALT_AA	POS_AA
NC_045512.2	5386	T	G	13	0	38	6	0	50	0.315789	19	0.0116708	FALSE	NA	NA	NA	NA	NA	NA
NC_045512.2	7926	C	T	6	6	38	7	7	39	0.538462	13	0.00356979	TRUE	NA	NA	NA	NA	NA	NA
NC_045512.2	9344	C	T	0	0	0	1	1	37	1	1	1	FALSE	NA	NA	NA	NA	NA	NA
NC_045512.2	9424	A	G	0	0	0	1	0	39	1	1	1	FALSE	NA	NA	NA	NA	NA	NA
NC_045512.2	9694	T	C	29	20	43	13	10	37	0.309524	42	4.82436e-05	TRUE	NA	NA	NA	NA	NA	NA
NC_045512.2	11204	G	T	16	3	45	3	2	52	0.157895	19	0.12471	FALSE	NA	NA	NA	NA	NA	NA
NC_045512.2	11537	A	G	21	17	40	6	6	39	0.222222	27	0.0128938	FALSE	NA	NA	NA	NA	NA	NA
NC_045512.2	13323	C	T	75	14	39	1	0	39	0.0131579	76	0.503311	FALSE	NA	NA	NA	NA	NA	NA
NC_045512.2	13378	C	T	214	211	38	1	1	38	0.00465116	215	0.501166	FALSE	NA	NA	NA	NA	NA	NA
NC_045512.2	15714	C	T	45	30	43	11	6	38	0.196429	56	0.000314644	TRUE	NA	NA	NA	NA	NA	NA
NC_045512.2	15773	G	A	121	96	40	1	1	39	0.00819672	122	0.502058	FALSE	NA	NA	NA	NA	NA	NA
NC_045512.2	20894	C	T	36	21	42	1	0	37	0.027027	37	0.506849	FALSE	NA	NA	NA	NA	NA	NA
NC_045512.2	21762	C	T	0	0	0	2	1	39	1	2	0.333333	FALSE	NA	NA	NA	NA	NA	NA
NC_045512.2	21770	G	A	0	0	0	3	3	37	1	3	0.1	FALSE	NA	NA	NA	NA	NA	NA
NC_045512.2	22578	G	A	0	0	0	3	0	38	1	3	0.1	FALSE	NA	NA	NA	NA	NA	NA
NC_045512.2	22673	T	C	0	0	0	1	1	36	1	1	1	FALSE	NA	NA	NA	NA	NA	NA
NC_045512.2	23128	A	T	12	0	38	1	0	39	0.0769231	13	0.52	FALSE	NA	NA	NA	NA	NA	NA
NC_045512.2	23403	A	G	0	0	0	19	9	38	1	19	5.65847e-11	TRUE	NA	NA	NA	NA	NA	NA
NC_045512.2	24130	C	A	0	0	0	5	5	38	1	5	0.00793651	TRUE	NA	NA	NA	NA	NA	NA
NC_045512.2	25584	C	T	0	0	0	2	2	35	1	2	0.333333	FALSE	NA	NA	NA	NA	NA	NA
NC_045512.2	26709	G	A	0	0	0	1	0	39	1	1	1	FALSE	NA	NA	NA	NA	NA	NA
NC_045512.2	27384	T	C	70	59	40	3	1	38	0.0410959	73	0.124982	FALSE	NA	NA	NA	NA	NA	NA
NC_045512.2	28154	A	G	284	14	40	1	0	38	0.00350877	285	0.500879	FALSE	NA	NA	NA	NA	NA	NA
NC_045512.2	28236	C	T	242	198	39	1	1	38	0.00411523	243	0.501031	FALSE	NA	NA	NA	NA	NA	NA
NC_045512.2	28271	A	T	0	0	0	121	121	38	1	121	5.52316e-72	TRUE	NA	NA	NA	NA	NA	NA
NC_045512.2	28363	A	T	0	0	0	5	0	34	1	5	0.00793651	TRUE	NA	NA	NA	NA	NA	NA
NC_045512.2	28370	A	G	0	0	0	9	0	38	1	9	4.11353e-05	TRUE	NA	NA	NA	NA	NA	NA
