REGION	POS	REF	ALT	REF_DP	REF_RV	REF_QUAL	ALT_DP	ALT_RV	ALT_QUAL	ALT_FREQ	TOTAL_DP	PVAL	PASS	GFF_FEATURE	REF_CODON	REF_AA	ALT_CODON	ALT_AA	POS_AA
NC_045512.2	17837	A	+T	18	11	37	1	0	20	0.0555556	18	0.527778	FALSE	NA	NA	NA	NA	NA	NA
NC_045512.2	17901	T	C	22	12	40	1	1	25	0.0434783	23	0.511111	FALSE	NA	NA	NA	NA	NA	NA
NC_045512.2	17966	C	G	1	1	74	1	0	37	0.5	2	0.666667	FALSE	NA	NA	NA	NA	NA	NA
NC_045512.2	18375	T	G	39	7	36	1	0	37	0.025	40	0.506329	FALSE	NA	NA	NA	NA	NA	NA
NC_045512.2	18382	G	C	58	6	36	1	0	37	0.0169492	59	0.504274	FALSE	NA	NA	NA	NA	NA	NA
NC_045512.2	18505	G	T	47	20	39	1	0	37	0.0208333	48	0.505263	FALSE	NA	NA	NA	NA	NA	NA
NC_045512.2	18520	G	C	72	51	40	1	1	37	0.0136986	73	0.503448	FALSE	NA	NA	NA	NA	NA	NA
NC_045512.2	19015	T	G	13	5	35	1	1	25	0.0714286	14	0.518519	FALSE	NA	NA	NA	NA	NA	NA
NC_045512.2	19021	G	C	145	4	36	1	0	25	0.00684932	146	0.752577	FALSE	NA	NA	NA	NA	NA	NA
NC_045512.2	19062	A	G	156	92	37	1	0	37	0.00636943	157	0.501597	FALSE	NA	NA	NA	NA	NA	NA
NC_045512.2	19074	T	C	168	81	38	1	1	37	0.00591716	169	0.501484	FALSE	NA	NA	NA	NA	NA	NA
NC_045512.2	19096	G	A	132	65	38	1	1	37	0.0075188	133	0.501887	FALSE	NA	NA	NA	NA	NA	NA
NC_045512.2	19208	A	T	17	14	39	1	1	37	0.0555556	18	0.514286	FALSE	NA	NA	NA	NA	NA	NA
NC_045512.2	19292	G	C	0	0	0	1	1	37	1	1	1	FALSE	NA	NA	NA	NA	NA	NA
NC_045512.2	19758	A	T	13	12	37	1	0	37	0.0714286	14	0.518519	FALSE	NA	NA	NA	NA	NA	NA
