REGION	POS	REF	ALT	REF_DP	REF_RV	REF_QUAL	ALT_DP	ALT_RV	ALT_QUAL	ALT_FREQ	TOTAL_DP	PVAL	PASS	GFF_FEATURE	REF_CODON	REF_AA	ALT_CODON	ALT_AA	POS_AA
NC_045512.2	2052	T	C	50	35	41	1	1	37	0.0196078	51	0.50495	FALSE	NA	NA	NA	NA	NA	NA
NC_045512.2	2079	T	C	15	14	41	1	1	39	0.0625	16	0.516129	FALSE	NA	NA	NA	NA	NA	NA
NC_045512.2	15714	C	T	0	0	0	26	12	41	1	26	4.03292e-15	TRUE	NA	NA	NA	NA	NA	NA
NC_045512.2	15769	G	C	160	108	41	1	0	39	0.00621118	161	0.501558	FALSE	NA	NA	NA	NA	NA	NA
NC_045512.2	16616	C	A	3	2	51	1	0	39	0.25	4	0.571429	FALSE	NA	NA	NA	NA	NA	NA
NC_045512.2	20260	T	C	0	0	0	1	0	39	1	1	1	FALSE	NA	NA	NA	NA	NA	NA
NC_045512.2	20311	G	C	0	0	0	3	2	38	1	3	0.1	FALSE	NA	NA	NA	NA	NA	NA
NC_045512.2	23403	A	G	0	0	0	3	3	37	1	3	0.1	FALSE	NA	NA	NA	NA	NA	NA
NC_045512.2	26709	G	A	0	0	0	1	0	39	1	1	1	FALSE	NA	NA	NA	NA	NA	NA
NC_045512.2	27889	C	T	0	0	0	37	33	40	1	37	1.14539e-21	TRUE	NA	NA	NA	NA	NA	NA
NC_045512.2	28271	A	T	0	0	0	42	42	38	1	42	1.19125e-24	TRUE	NA	NA	NA	NA	NA	NA
NC_045512.2	28330	A	G	0	0	0	2	0	37	1	2	0.333333	FALSE	NA	NA	NA	NA	NA	NA
NC_045512.2	28363	A	T	0	0	0	3	0	37	1	3	0.1	FALSE	NA	NA	NA	NA	NA	NA
NC_045512.2	28370	A	G	0	0	0	10	0	38	1	10	1.08251e-05	TRUE	NA	NA	NA	NA	NA	NA
NC_045512.2	29051	C	+A	8	4	41	1	0	20	0.125	8	0.5625	FALSE	NA	NA	NA	NA	NA	NA
NC_045512.2	29351	T	A	16	10	40	1	0	38	0.0588235	17	0.515152	FALSE	NA	NA	NA	NA	NA	NA
NC_045512.2	29666	C	T	15	12	51	1	1	38	0.0625	16	0.516129	FALSE	NA	NA	NA	NA	NA	NA
