REGION	POS	REF	ALT	REF_DP	REF_RV	REF_QUAL	ALT_DP	ALT_RV	ALT_QUAL	ALT_FREQ	TOTAL_DP	PVAL	PASS	GFF_FEATURE	REF_CODON	REF_AA	ALT_CODON	ALT_AA	POS_AA
NC_045512.2	1816	A	G	3	3	39	1	1	36	0.25	4	0.571429	FALSE	NA	NA	NA	NA	NA	NA
NC_045512.2	3037	C	T	0	0	0	1	1	39	1	1	1	FALSE	NA	NA	NA	NA	NA	NA
NC_045512.2	3621	G	T	22	15	47	1	1	37	0.0434783	23	0.511111	FALSE	NA	NA	NA	NA	NA	NA
NC_045512.2	3637	A	T	22	20	44	1	1	39	0.0434783	23	0.511111	FALSE	NA	NA	NA	NA	NA	NA
NC_045512.2	4184	G	A	0	0	0	1	0	38	1	1	1	FALSE	NA	NA	NA	NA	NA	NA
NC_045512.2	7828	T	C	4	0	48	1	0	37	0.2	5	0.555556	FALSE	NA	NA	NA	NA	NA	NA
NC_045512.2	8515	T	A	48	30	40	1	1	33	0.0204082	49	0.505155	FALSE	NA	NA	NA	NA	NA	NA
NC_045512.2	9687	C	T	6	4	38	1	0	33	0.142857	7	0.538462	FALSE	NA	NA	NA	NA	NA	NA
NC_045512.2	12160	G	A	0	0	0	3	3	38	1	3	0.1	FALSE	NA	NA	NA	NA	NA	NA
NC_045512.2	15714	C	T	0	0	0	10	4	39	1	10	1.08251e-05	TRUE	NA	NA	NA	NA	NA	NA
NC_045512.2	15760	G	A	61	33	41	1	1	35	0.016129	62	0.504065	FALSE	NA	NA	NA	NA	NA	NA
NC_045512.2	15790	T	A	77	74	41	1	1	33	0.0128205	78	0.503226	FALSE	NA	NA	NA	NA	NA	NA
NC_045512.2	16935	G	A	45	31	43	1	1	38	0.0217391	46	0.505495	FALSE	NA	NA	NA	NA	NA	NA
NC_045512.2	22578	G	A	0	0	0	1	1	39	1	1	1	FALSE	NA	NA	NA	NA	NA	NA
NC_045512.2	23403	A	G	0	0	0	15	9	38	1	15	1.28935e-08	TRUE	NA	NA	NA	NA	NA	NA
NC_045512.2	23989	A	T	3	0	38	1	0	39	0.25	4	0.571429	FALSE	NA	NA	NA	NA	NA	NA
NC_045512.2	27291	T	C	19	0	41	1	0	38	0.05	20	0.512821	FALSE	NA	NA	NA	NA	NA	NA
NC_045512.2	27345	A	G	13	11	38	1	1	33	0.0714286	14	0.518519	FALSE	NA	NA	NA	NA	NA	NA
NC_045512.2	27889	C	T	0	0	0	8	4	47	1	8	0.0001554	TRUE	NA	NA	NA	NA	NA	NA
NC_045512.2	28137	T	C	75	0	38	1	0	33	0.0131579	76	0.503311	FALSE	NA	NA	NA	NA	NA	NA
NC_045512.2	28163	C	T	112	8	39	2	0	33	0.0175439	114	0.251101	FALSE	NA	NA	NA	NA	NA	NA
NC_045512.2	28195	G	T	82	18	39	1	0	39	0.0120482	83	0.50303	FALSE	NA	NA	NA	NA	NA	NA
NC_045512.2	28260	A	G	76	75	37	1	1	27	0.012987	77	0.503268	FALSE	NA	NA	NA	NA	NA	NA
NC_045512.2	28271	A	T	0	0	0	46	46	38	1	46	4.8686e-27	TRUE	NA	NA	NA	NA	NA	NA
NC_045512.2	28363	A	T	0	0	0	3	0	39	1	3	0.1	FALSE	NA	NA	NA	NA	NA	NA
NC_045512.2	28435	C	T	7	5	37	1	1	39	0.125	8	0.533333	FALSE	NA	NA	NA	NA	NA	NA
NC_045512.2	28711	T	C	38	17	38	2	1	38	0.05	40	0.253165	FALSE	NA	NA	NA	NA	NA	NA
NC_045512.2	29034	C	T	6	4	42	1	0	33	0.142857	7	0.538462	FALSE	NA	NA	NA	NA	NA	NA
NC_045512.2	29281	C	T	55	1	40	1	0	31	0.0178571	56	0.504505	FALSE	NA	NA	NA	NA	NA	NA
NC_045512.2	29666	C	T	1	1	39	1	1	39	0.5	2	0.666667	FALSE	NA	NA	NA	NA	NA	NA
