REGION	POS	REF	ALT	REF_DP	REF_RV	REF_QUAL	ALT_DP	ALT_RV	ALT_QUAL	ALT_FREQ	TOTAL_DP	PVAL	PASS	GFF_FEATURE	REF_CODON	REF_AA	ALT_CODON	ALT_AA	POS_AA
NC_045512.2	3863	G	C	0	0	0	2	0	34	1	2	0.333333	FALSE	NA	NA	NA	NA	NA	NA
NC_045512.2	10198	C	T	0	0	0	1	0	34	1	1	1	FALSE	NA	NA	NA	NA	NA	NA
NC_045512.2	12521	G	A	55	55	33	1	1	34	0.0178571	56	0.504505	FALSE	NA	NA	NA	NA	NA	NA
NC_045512.2	15714	C	T	0	0	0	4	2	34	1	4	0.0285714	FALSE	NA	NA	NA	NA	NA	NA
NC_045512.2	15819	T	A	62	62	32	3	3	34	0.0461538	65	0.124977	FALSE	NA	NA	NA	NA	NA	NA
NC_045512.2	18059	T	A	118	5	35	1	0	34	0.00840336	119	0.50211	FALSE	NA	NA	NA	NA	NA	NA
NC_045512.2	18163	A	G	0	0	0	1	1	34	1	1	1	FALSE	NA	NA	NA	NA	NA	NA
NC_045512.2	18395	C	G	354	3	33	1	0	34	0.0028169	355	0.500705	FALSE	NA	NA	NA	NA	NA	NA
NC_045512.2	21987	G	A	0	0	0	17	0	33	1	17	8.57043e-10	TRUE	NA	NA	NA	NA	NA	NA
NC_045512.2	21993	A	T	43	0	32	2	0	34	0.0444444	45	0.252809	FALSE	NA	NA	NA	NA	NA	NA
NC_045512.2	21995	T	C	54	0	33	3	0	34	0.0526316	57	0.12497	FALSE	NA	NA	NA	NA	NA	NA
NC_045512.2	23075	T	C	0	0	0	1	0	34	1	1	1	FALSE	NA	NA	NA	NA	NA	NA
NC_045512.2	23366	A	C	490	23	33	1	0	26	0.00203666	491	0.969226	FALSE	NA	NA	NA	NA	NA	NA
NC_045512.2	23379	A	C	66	48	32	1	0	34	0.0149254	67	0.503759	FALSE	NA	NA	NA	NA	NA	NA
NC_045512.2	23403	A	G	0	0	0	24	18	33	1	24	6.20201e-14	TRUE	NA	NA	NA	NA	NA	NA
NC_045512.2	23483	A	G	198	157	33	1	1	34	0.00502513	199	0.501259	FALSE	NA	NA	NA	NA	NA	NA
NC_045512.2	23485	T	A	619	597	35	1	1	26	0.0016129	620	0.992363	FALSE	NA	NA	NA	NA	NA	NA
NC_045512.2	23486	G	T	671	649	35	1	1	26	0.0014881	672	0.992349	FALSE	NA	NA	NA	NA	NA	NA
NC_045512.2	23490	T	G	590	570	34	1	1	34	0.00169205	591	0.500423	FALSE	NA	NA	NA	NA	NA	NA
NC_045512.2	23688	A	G	160	0	33	1	0	26	0.00621118	161	0.752336	FALSE	NA	NA	NA	NA	NA	NA
NC_045512.2	25000	C	T	0	0	0	421	420	32	0.99763	422	1.24048e-252	TRUE	NA	NA	NA	NA	NA	NA
NC_045512.2	25000	C	A	0	0	0	1	1	26	0.00236967	422	0.0118483	FALSE	NA	NA	NA	NA	NA	NA
NC_045512.2	28241	T	C	7	7	34	1	1	34	0.125	8	0.533333	FALSE	NA	NA	NA	NA	NA	NA
NC_045512.2	28312	C	T	0	0	0	30	0	33	1	30	1.69112e-17	TRUE	NA	NA	NA	NA	NA	NA
NC_045512.2	28666	A	T	170	31	34	1	0	34	0.00584795	171	0.501466	FALSE	NA	NA	NA	NA	NA	NA
NC_045512.2	28681	G	T	25	15	33	25	19	34	0.5	50	6.94986e-10	TRUE	NA	NA	NA	NA	NA	NA
NC_045512.2	28764	G	A	639	624	35	1	1	34	0.0015625	640	0.500391	FALSE	NA	NA	NA	NA	NA	NA
NC_045512.2	29253	C	A	9	9	34	1	1	34	0.1	10	0.526316	FALSE	NA	NA	NA	NA	NA	NA
