REGION	POS	REF	ALT	REF_DP	REF_RV	REF_QUAL	ALT_DP	ALT_RV	ALT_QUAL	ALT_FREQ	TOTAL_DP	PVAL	PASS	GFF_FEATURE	REF_CODON	REF_AA	ALT_CODON	ALT_AA	POS_AA
NC_045512.2	13898	A	C	3	0	39	1	0	39	0.25	4	0.571429	FALSE	NA	NA	NA	NA	NA	NA
NC_045512.2	15714	C	T	0	0	0	8	1	39	1	8	0.0001554	TRUE	NA	NA	NA	NA	NA	NA
NC_045512.2	16111	C	T	12	11	45	3	3	39	0.2	15	0.124521	FALSE	NA	NA	NA	NA	NA	NA
NC_045512.2	16935	G	A	6	3	45	3	2	37	0.333333	9	0.123529	FALSE	NA	NA	NA	NA	NA	NA
NC_045512.2	17410	C	T	0	0	0	2	2	38	1	2	0.333333	FALSE	NA	NA	NA	NA	NA	NA
NC_045512.2	20565	T	G	2	1	39	1	1	33	0.333333	3	0.6	FALSE	NA	NA	NA	NA	NA	NA
NC_045512.2	23403	A	G	0	0	0	1	0	39	1	1	1	FALSE	NA	NA	NA	NA	NA	NA
NC_045512.2	27354	A	C	9	4	38	1	0	35	0.1	10	0.526316	FALSE	NA	NA	NA	NA	NA	NA
NC_045512.2	27889	C	T	0	0	0	39	34	41	1	39	7.34834e-23	TRUE	NA	NA	NA	NA	NA	NA
NC_045512.2	28271	A	T	0	0	0	16	16	38	1	16	3.32734e-09	TRUE	NA	NA	NA	NA	NA	NA
NC_045512.2	28681	G	T	6	2	38	3	1	39	0.333333	9	0.123529	FALSE	NA	NA	NA	NA	NA	NA
NC_045512.2	28774	G	-C	11	11	38	1	0	20	0.0909091	11	0.545455	FALSE	NA	NA	NA	NA	NA	NA
NC_045512.2	29671	A	G	20	19	50	2	2	39	0.0909091	22	0.255814	FALSE	NA	NA	NA	NA	NA	NA
