REGION	POS	REF	ALT	REF_DP	REF_RV	REF_QUAL	ALT_DP	ALT_RV	ALT_QUAL	ALT_FREQ	TOTAL_DP	PVAL	PASS	GFF_FEATURE	REF_CODON	REF_AA	ALT_CODON	ALT_AA	POS_AA
NC_045512.2	12160	G	A	0	0	0	1	0	39	1	1	1	FALSE	NA	NA	NA	NA	NA	NA
NC_045512.2	15714	C	T	0	0	0	1	1	29	1	1	1	FALSE	NA	NA	NA	NA	NA	NA
NC_045512.2	27889	C	T	0	0	0	2	2	32	1	2	0.333333	FALSE	NA	NA	NA	NA	NA	NA
NC_045512.2	28271	A	T	0	0	0	1	1	27	1	1	1	FALSE	NA	NA	NA	NA	NA	NA
NC_045512.2	28363	A	T	0	0	0	3	0	38	1	3	0.1	FALSE	NA	NA	NA	NA	NA	NA
NC_045512.2	28675	A	G	77	22	44	10	1	40	0.114943	87	0.000788019	TRUE	NA	NA	NA	NA	NA	NA
NC_045512.2	28681	G	T	49	24	52	19	6	42	0.279412	68	5.14188e-07	TRUE	NA	NA	NA	NA	NA	NA
NC_045512.2	28744	C	T	96	66	44	1	1	39	0.0103093	97	0.502591	FALSE	NA	NA	NA	NA	NA	NA
