REGION	POS	REF	ALT	REF_DP	REF_RV	REF_QUAL	ALT_DP	ALT_RV	ALT_QUAL	ALT_FREQ	TOTAL_DP	PVAL	PASS	GFF_FEATURE	REF_CODON	REF_AA	ALT_CODON	ALT_AA	POS_AA
NC_045512.2	667	T	C	0	0	0	1	1	38	1	1	1	FALSE	NA	NA	NA	NA	NA	NA
NC_045512.2	6027	C	A	7	0	43	3	0	38	0.3	10	0.123839	FALSE	NA	NA	NA	NA	NA	NA
NC_045512.2	10331	A	T	29	23	52	1	1	32	0.0333333	30	0.508475	FALSE	NA	NA	NA	NA	NA	NA
NC_045512.2	12671	G	T	11	1	42	7	0	44	0.388889	18	0.00473253	TRUE	NA	NA	NA	NA	NA	NA
NC_045512.2	12752	T	G	11	9	42	1	1	39	0.0833333	12	0.521739	FALSE	NA	NA	NA	NA	NA	NA
NC_045512.2	15714	C	T	0	0	0	34	23	38	1	34	7.02913e-20	TRUE	NA	NA	NA	NA	NA	NA
NC_045512.2	16092	C	T	8	7	36	11	11	38	0.578947	19	8.84008e-05	TRUE	NA	NA	NA	NA	NA	NA
NC_045512.2	16270	A	T	107	3	38	1	0	38	0.00925926	108	0.502326	FALSE	NA	NA	NA	NA	NA	NA
NC_045512.2	16334	A	G	80	56	38	1	1	39	0.0123457	81	0.503106	FALSE	NA	NA	NA	NA	NA	NA
NC_045512.2	16871	G	T	140	56	39	11	5	38	0.0728477	151	0.000419589	TRUE	NA	NA	NA	NA	NA	NA
NC_045512.2	20368	C	T	10	10	38	1	1	39	0.0909091	11	0.52381	FALSE	NA	NA	NA	NA	NA	NA
NC_045512.2	21721	C	T	7	6	38	3	1	37	0.3	10	0.123839	FALSE	NA	NA	NA	NA	NA	NA
NC_045512.2	23403	A	G	0	0	0	5	2	38	1	5	0.00793651	TRUE	NA	NA	NA	NA	NA	NA
NC_045512.2	24009	C	A	36	0	39	1	0	33	0.027027	37	0.506849	FALSE	NA	NA	NA	NA	NA	NA
NC_045512.2	25584	C	T	0	0	0	1	1	39	1	1	1	FALSE	NA	NA	NA	NA	NA	NA
NC_045512.2	27382	G	C	0	0	0	2	0	38	1	2	0.333333	FALSE	NA	NA	NA	NA	NA	NA
NC_045512.2	27384	T	C	0	0	0	2	1	39	1	2	0.333333	FALSE	NA	NA	NA	NA	NA	NA
NC_045512.2	27807	C	T	0	0	0	1	0	39	1	1	1	FALSE	NA	NA	NA	NA	NA	NA
NC_045512.2	27932	A	G	10	9	38	2	2	39	0.166667	12	0.26087	FALSE	NA	NA	NA	NA	NA	NA
NC_045512.2	28207	A	C	78	39	42	1	0	39	0.0126582	79	0.503185	FALSE	NA	NA	NA	NA	NA	NA
NC_045512.2	28215	T	A	102	73	44	1	1	37	0.00970874	103	0.502439	FALSE	NA	NA	NA	NA	NA	NA
NC_045512.2	28271	A	T	0	0	0	55	55	38	1	55	2.0299e-32	TRUE	NA	NA	NA	NA	NA	NA
NC_045512.2	28311	C	T	0	0	0	1	0	39	1	1	1	FALSE	NA	NA	NA	NA	NA	NA
NC_045512.2	28363	A	T	0	0	0	1	0	38	1	1	1	FALSE	NA	NA	NA	NA	NA	NA
