REGION	POS	REF	ALT	REF_DP	REF_RV	REF_QUAL	ALT_DP	ALT_RV	ALT_QUAL	ALT_FREQ	TOTAL_DP	PVAL	PASS	GFF_FEATURE	REF_CODON	REF_AA	ALT_CODON	ALT_AA	POS_AA
NC_045512.2	3219	A	G	8	0	38	1	0	36	0.111111	9	0.529412	FALSE	NA	NA	NA	NA	NA	NA
NC_045512.2	16071	T	-G	14	10	37	10	0	20	0.714286	14	0.00563045	TRUE	NA	NA	NA	NA	NA	NA
NC_045512.2	16072	G	T	0	0	0	3	0	39	1	3	0.0021978	TRUE	NA	NA	NA	NA	NA	NA
NC_045512.2	16616	C	A	0	0	0	2	2	38	1	2	0.333333	FALSE	NA	NA	NA	NA	NA	NA
NC_045512.2	21140	T	C	8	0	36	1	0	38	0.111111	9	0.529412	FALSE	NA	NA	NA	NA	NA	NA
NC_045512.2	21770	G	A	0	0	0	1	1	33	1	1	1	FALSE	NA	NA	NA	NA	NA	NA
NC_045512.2	23403	A	G	0	0	0	12	2	36	1	12	7.39602e-07	TRUE	NA	NA	NA	NA	NA	NA
NC_045512.2	27840	T	C	172	3	40	1	0	39	0.00578035	173	0.501449	FALSE	NA	NA	NA	NA	NA	NA
NC_045512.2	27889	C	T	0	0	0	96	73	39	1	96	5.54047e-57	TRUE	NA	NA	NA	NA	NA	NA
NC_045512.2	28363	A	T	0	0	0	5	0	38	1	5	0.00793651	TRUE	NA	NA	NA	NA	NA	NA
NC_045512.2	29666	C	T	44	37	50	1	0	37	0.0222222	45	0.505618	FALSE	NA	NA	NA	NA	NA	NA
NC_045512.2	29690	G	T	17	17	38	1	1	38	0.0555556	18	0.514286	FALSE	NA	NA	NA	NA	NA	NA
