REGION	POS	REF	ALT	REF_DP	REF_RV	REF_QUAL	ALT_DP	ALT_RV	ALT_QUAL	ALT_FREQ	TOTAL_DP	PVAL	PASS	GFF_FEATURE	REF_CODON	REF_AA	ALT_CODON	ALT_AA	POS_AA
NC_045512.2	4796	T	C	94	17	49	1	1	78	0.0105263	95	0.502646	FALSE	NA	NA	NA	NA	NA	NA
NC_045512.2	5159	T	C	6	3	45	1	1	33	0.142857	7	0.538462	FALSE	NA	NA	NA	NA	NA	NA
NC_045512.2	12160	G	A	0	0	0	2	1	38	1	2	0.333333	FALSE	NA	NA	NA	NA	NA	NA
NC_045512.2	15714	C	T	0	0	0	11	7	41	1	11	2.83514e-06	TRUE	NA	NA	NA	NA	NA	NA
NC_045512.2	16935	G	A	1	0	78	1	0	31	0.5	2	0.666667	FALSE	NA	NA	NA	NA	NA	NA
NC_045512.2	18782	G	T	11	7	38	1	1	39	0.0833333	12	0.521739	FALSE	NA	NA	NA	NA	NA	NA
NC_045512.2	22101	A	G	3	3	38	1	1	39	0.25	4	0.571429	FALSE	NA	NA	NA	NA	NA	NA
NC_045512.2	23403	A	G	0	0	0	1	1	39	1	1	1	FALSE	NA	NA	NA	NA	NA	NA
NC_045512.2	24933	G	A	0	0	0	1	0	39	1	1	1	FALSE	NA	NA	NA	NA	NA	NA
NC_045512.2	26775	G	A	14	6	39	1	0	38	0.0666667	15	0.517241	FALSE	NA	NA	NA	NA	NA	NA
NC_045512.2	27889	C	T	0	0	0	52	46	42	1	52	1.26337e-30	TRUE	NA	NA	NA	NA	NA	NA
NC_045512.2	28271	A	T	0	0	0	66	65	38	1	66	5.29956e-39	TRUE	NA	NA	NA	NA	NA	NA
NC_045512.2	28363	A	T	0	0	0	12	0	37	1	12	7.39602e-07	TRUE	NA	NA	NA	NA	NA	NA
NC_045512.2	28657	C	A	94	7	41	1	0	39	0.0105263	95	0.502646	FALSE	NA	NA	NA	NA	NA	NA
NC_045512.2	28681	G	T	1	0	43	75	7	39	0.986842	76	4.12079e-43	TRUE	NA	NA	NA	NA	NA	NA
NC_045512.2	28774	G	A	52	51	39	1	1	37	0.0188679	53	0.504762	FALSE	NA	NA	NA	NA	NA	NA
NC_045512.2	29083	A	T	5	5	39	3	3	39	0.375	8	0.123077	FALSE	NA	NA	NA	NA	NA	NA
NC_045512.2	29296	C	-A	54	3	42	2	0	20	0.037037	54	0.261638	FALSE	NA	NA	NA	NA	NA	NA
NC_045512.2	29297	A	C	45	5	44	1	1	39	0.0217391	46	0.494624	FALSE	NA	NA	NA	NA	NA	NA
NC_045512.2	29510	A	C	0	0	0	2	2	38	1	2	0.333333	FALSE	NA	NA	NA	NA	NA	NA
NC_045512.2	29651	G	T	32	14	42	1	0	27	0.030303	33	0.507692	FALSE	NA	NA	NA	NA	NA	NA
