REGION	POS	REF	ALT	REF_DP	REF_RV	REF_QUAL	ALT_DP	ALT_RV	ALT_QUAL	ALT_FREQ	TOTAL_DP	PVAL	PASS	GFF_FEATURE	REF_CODON	REF_AA	ALT_CODON	ALT_AA	POS_AA
NC_045512.2	2065	C	T	97	56	39	1	0	33	0.0102041	98	0.502564	FALSE	NA	NA	NA	NA	NA	NA
NC_045512.2	10582	C	T	13	3	40	3	0	38	0.1875	16	0.124583	FALSE	NA	NA	NA	NA	NA	NA
NC_045512.2	11516	G	A	43	22	44	1	1	23	0.0227273	44	0.505747	FALSE	NA	NA	NA	NA	NA	NA
NC_045512.2	12160	G	A	0	0	0	2	1	39	1	2	0.333333	FALSE	NA	NA	NA	NA	NA	NA
NC_045512.2	14216	C	A	4	0	35	1	1	30	0.2	5	0.555556	FALSE	NA	NA	NA	NA	NA	NA
NC_045512.2	15714	C	T	0	0	0	44	24	39	1	44	7.61948e-26	TRUE	NA	NA	NA	NA	NA	NA
NC_045512.2	15773	G	A	247	190	39	1	1	35	0.00403226	248	0.50101	FALSE	NA	NA	NA	NA	NA	NA
NC_045512.2	17554	A	C	54	46	45	1	1	27	0.0181818	55	0.504587	FALSE	NA	NA	NA	NA	NA	NA
NC_045512.2	17576	A	C	26	26	38	1	1	33	0.037037	27	0.509434	FALSE	NA	NA	NA	NA	NA	NA
NC_045512.2	19734	T	C	0	0	0	1	0	33	1	1	1	FALSE	NA	NA	NA	NA	NA	NA
NC_045512.2	21997	C	T	0	0	0	1	0	37	1	1	1	FALSE	NA	NA	NA	NA	NA	NA
NC_045512.2	22130	A	T	3	3	39	1	1	38	0.25	4	0.571429	FALSE	NA	NA	NA	NA	NA	NA
NC_045512.2	23403	A	G	0	0	0	2	2	38	1	2	0.333333	FALSE	NA	NA	NA	NA	NA	NA
NC_045512.2	24598	A	G	22	10	49	1	1	33	0.0434783	23	0.511111	FALSE	NA	NA	NA	NA	NA	NA
NC_045512.2	27807	C	T	0	0	0	2	2	38	1	2	0.333333	FALSE	NA	NA	NA	NA	NA	NA
NC_045512.2	27889	C	T	0	0	0	21	18	42	1	21	3.71569e-12	TRUE	NA	NA	NA	NA	NA	NA
NC_045512.2	28151	T	C	146	5	39	1	0	33	0.00680272	147	0.501706	FALSE	NA	NA	NA	NA	NA	NA
NC_045512.2	28153	C	T	149	5	39	1	0	33	0.00666667	150	0.501672	FALSE	NA	NA	NA	NA	NA	NA
NC_045512.2	28271	A	T	0	0	0	59	56	38	1	59	8.21129e-35	TRUE	NA	NA	NA	NA	NA	NA
NC_045512.2	28311	C	T	0	0	0	1	1	34	1	1	1	FALSE	NA	NA	NA	NA	NA	NA
NC_045512.2	28330	A	G	2	1	57	2	0	38	0.5	4	0.285714	FALSE	NA	NA	NA	NA	NA	NA
NC_045512.2	28363	A	T	0	0	0	4	0	32	1	4	0.0285714	FALSE	NA	NA	NA	NA	NA	NA
NC_045512.2	28370	A	G	0	0	0	11	0	38	1	11	2.83514e-06	TRUE	NA	NA	NA	NA	NA	NA
NC_045512.2	28382	T	A	36	2	37	1	1	27	0.027027	37	0.506849	FALSE	NA	NA	NA	NA	NA	NA
NC_045512.2	28657	C	T	147	9	41	1	0	37	0.00675676	148	0.501695	FALSE	NA	NA	NA	NA	NA	NA
NC_045512.2	28683	G	A	103	35	41	1	1	30	0.00961538	104	0.502415	FALSE	NA	NA	NA	NA	NA	NA
NC_045512.2	28739	G	A	110	64	41	1	1	30	0.00900901	111	0.502262	FALSE	NA	NA	NA	NA	NA	NA
NC_045512.2	28745	G	A	131	93	43	1	1	31	0.00757576	132	0.501901	FALSE	NA	NA	NA	NA	NA	NA
NC_045512.2	29370	C	T	43	34	45	6	5	38	0.122449	49	0.0141512	FALSE	NA	NA	NA	NA	NA	NA
