REGION	POS	REF	ALT	REF_DP	REF_RV	REF_QUAL	ALT_DP	ALT_RV	ALT_QUAL	ALT_FREQ	TOTAL_DP	PVAL	PASS	GFF_FEATURE	REF_CODON	REF_AA	ALT_CODON	ALT_AA	POS_AA
NC_045512.2	10264	T	C	33	13	42	1	0	38	0.0294118	34	0.507463	FALSE	NA	NA	NA	NA	NA	NA
NC_045512.2	11537	A	G	0	0	0	12	11	41	1	12	7.39602e-07	TRUE	NA	NA	NA	NA	NA	NA
NC_045512.2	15200	T	C	7	6	38	6	6	39	0.461538	13	0.00968944	TRUE	NA	NA	NA	NA	NA	NA
NC_045512.2	15693	A	C	283	9	40	1	0	38	0.00352113	284	0.500882	FALSE	NA	NA	NA	NA	NA	NA
NC_045512.2	15714	C	T	33	17	39	33	16	39	0.5	66	6.97578e-13	TRUE	NA	NA	NA	NA	NA	NA
NC_045512.2	16337	T	C	70	58	41	1	1	39	0.0140845	71	0.503546	FALSE	NA	NA	NA	NA	NA	NA
NC_045512.2	17410	C	T	1	1	38	4	4	39	0.8	5	0.0396825	FALSE	NA	NA	NA	NA	NA	NA
NC_045512.2	17575	G	A	42	41	42	1	1	37	0.0232558	43	0.505882	FALSE	NA	NA	NA	NA	NA	NA
NC_045512.2	21721	C	T	0	0	0	3	2	38	1	3	0.1	FALSE	NA	NA	NA	NA	NA	NA
NC_045512.2	27384	T	C	15	12	41	2	0	39	0.117647	17	0.257576	FALSE	NA	NA	NA	NA	NA	NA
NC_045512.2	27857	G	A	92	8	44	1	0	39	0.0107527	93	0.502703	FALSE	NA	NA	NA	NA	NA	NA
NC_045512.2	27963	T	C	28	28	38	1	1	39	0.0344828	29	0.508772	FALSE	NA	NA	NA	NA	NA	NA
NC_045512.2	28271	A	T	0	0	0	13	13	38	1	13	1.92297e-07	TRUE	NA	NA	NA	NA	NA	NA
NC_045512.2	28363	A	T	0	0	0	5	0	36	1	5	0.00793651	TRUE	NA	NA	NA	NA	NA	NA
