REGION	POS	REF	ALT	REF_DP	REF_RV	REF_QUAL	ALT_DP	ALT_RV	ALT_QUAL	ALT_FREQ	TOTAL_DP	PVAL	PASS	GFF_FEATURE	REF_CODON	REF_AA	ALT_CODON	ALT_AA	POS_AA
NC_045512.2	5113	A	G	1	0	37	1	0	39	0.5	2	0.666667	FALSE	NA	NA	NA	NA	NA	NA
NC_045512.2	12160	G	A	0	0	0	1	1	58	1	1	1	FALSE	NA	NA	NA	NA	NA	NA
NC_045512.2	15695	A	+G	26	1	39	1	0	20	0.0384615	26	0.519231	FALSE	NA	NA	NA	NA	NA	NA
NC_045512.2	15714	C	T	0	0	0	9	4	38	1	9	4.11353e-05	TRUE	NA	NA	NA	NA	NA	NA
NC_045512.2	16935	G	A	2	2	39	1	1	38	0.333333	3	0.6	FALSE	NA	NA	NA	NA	NA	NA
NC_045512.2	23403	A	G	0	0	0	3	2	39	1	3	0.1	FALSE	NA	NA	NA	NA	NA	NA
NC_045512.2	25584	C	T	0	0	0	1	1	38	1	1	1	FALSE	NA	NA	NA	NA	NA	NA
NC_045512.2	26791	T	C	6	3	38	1	1	38	0.142857	7	0.538462	FALSE	NA	NA	NA	NA	NA	NA
NC_045512.2	27889	C	T	3	3	38	8	7	42	0.727273	11	0.000810851	TRUE	NA	NA	NA	NA	NA	NA
NC_045512.2	28173	A	T	34	8	45	1	0	30	0.0285714	35	0.507246	FALSE	NA	NA	NA	NA	NA	NA
NC_045512.2	28271	A	T	0	0	0	16	16	38	1	16	3.32734e-09	TRUE	NA	NA	NA	NA	NA	NA
NC_045512.2	28363	A	T	0	0	0	1	0	38	1	1	1	FALSE	NA	NA	NA	NA	NA	NA
NC_045512.2	28651	C	T	19	0	40	2	0	39	0.0952381	21	0.256098	FALSE	NA	NA	NA	NA	NA	NA
NC_045512.2	28681	G	T	21	4	40	8	3	38	0.275862	29	0.0025975	TRUE	NA	NA	NA	NA	NA	NA
NC_045512.2	28744	C	T	35	25	42	2	2	39	0.0540541	37	0.253425	FALSE	NA	NA	NA	NA	NA	NA
NC_045512.2	29317	T	A	8	5	38	1	0	29	0.111111	9	0.529412	FALSE	NA	NA	NA	NA	NA	NA
