REGION	POS	REF	ALT	REF_DP	REF_RV	REF_QUAL	ALT_DP	ALT_RV	ALT_QUAL	ALT_FREQ	TOTAL_DP	PVAL	PASS	GFF_FEATURE	REF_CODON	REF_AA	ALT_CODON	ALT_AA	POS_AA
NC_045512.2	670	T	G	0	0	0	5	0	36	1	5	0.00793651	TRUE	NA	NA	NA	NA	NA	NA
NC_045512.2	16342	T	C	0	0	0	1	0	39	1	1	1	FALSE	NA	NA	NA	NA	NA	NA
NC_045512.2	17410	C	T	0	0	0	11	11	37	1	11	2.83514e-06	TRUE	NA	NA	NA	NA	NA	NA
NC_045512.2	18492	A	G	0	0	0	1	1	33	1	1	1	FALSE	NA	NA	NA	NA	NA	NA
NC_045512.2	19583	A	T	1	0	37	1	0	33	0.5	2	0.666667	FALSE	NA	NA	NA	NA	NA	NA
NC_045512.2	22000	C	A	0	0	0	12	0	38	1	12	7.39602e-07	TRUE	NA	NA	NA	NA	NA	NA
NC_045512.2	22003	A	T	0	0	0	13	0	38	1	13	1.92297e-07	TRUE	NA	NA	NA	NA	NA	NA
NC_045512.2	25467	T	C	42	0	38	2	0	39	0.0454545	44	0.252874	FALSE	NA	NA	NA	NA	NA	NA
NC_045512.2	26171	T	C	4	4	38	1	1	38	0.2	5	0.555556	FALSE	NA	NA	NA	NA	NA	NA
NC_045512.2	26577	C	G	0	0	0	19	0	37	1	19	5.65847e-11	TRUE	NA	NA	NA	NA	NA	NA
NC_045512.2	27880	A	G	1278	1278	37	2	2	38	0.0015625	1280	0.500293	FALSE	NA	NA	NA	NA	NA	NA
NC_045512.2	27883	C	T	1235	1235	38	1	1	39	0.000809061	1236	0.750304	FALSE	NA	NA	NA	NA	NA	NA
NC_045512.2	27885	T	C	1272	1272	38	1	1	38	0.000785546	1273	0.750295	FALSE	NA	NA	NA	NA	NA	NA
