REGION	POS	REF	ALT	REF_DP	REF_RV	REF_QUAL	ALT_DP	ALT_RV	ALT_QUAL	ALT_FREQ	TOTAL_DP	PVAL	PASS	GFF_FEATURE	REF_CODON	REF_AA	ALT_CODON	ALT_AA	POS_AA
NC_045512.2	5701	T	C	0	0	0	4	0	38	1	4	0.0285714	FALSE	NA	NA	NA	NA	NA	NA
NC_045512.2	8004	T	G	0	0	0	1	0	37	1	1	1	FALSE	NA	NA	NA	NA	NA	NA
NC_045512.2	9344	C	T	0	0	0	1	1	39	1	1	1	FALSE	NA	NA	NA	NA	NA	NA
NC_045512.2	12160	G	A	0	0	0	4	4	38	1	4	0.0285714	FALSE	NA	NA	NA	NA	NA	NA
NC_045512.2	15714	C	T	0	0	0	7	5	39	1	7	0.000582751	TRUE	NA	NA	NA	NA	NA	NA
NC_045512.2	16052	A	T	13	2	38	1	0	39	0.0714286	14	0.518519	FALSE	NA	NA	NA	NA	NA	NA
NC_045512.2	23403	A	G	0	0	0	1	1	33	1	1	1	FALSE	NA	NA	NA	NA	NA	NA
NC_045512.2	27382	G	C	11	10	45	1	1	39	0.0833333	12	0.521739	FALSE	NA	NA	NA	NA	NA	NA
NC_045512.2	27889	C	T	15	9	37	13	12	38	0.464286	28	2.58011e-05	TRUE	NA	NA	NA	NA	NA	NA
NC_045512.2	27901	T	C	10	8	38	5	4	38	0.333333	15	0.0252874	FALSE	NA	NA	NA	NA	NA	NA
NC_045512.2	28271	A	T	0	0	0	3	3	39	1	3	0.1	FALSE	NA	NA	NA	NA	NA	NA
NC_045512.2	28330	A	G	2	0	39	3	0	35	0.6	5	0.119048	FALSE	NA	NA	NA	NA	NA	NA
NC_045512.2	28363	A	T	0	0	0	5	0	36	1	5	0.00793651	TRUE	NA	NA	NA	NA	NA	NA
NC_045512.2	28390	A	G	18	7	41	2	0	38	0.1	20	0.25641	FALSE	NA	NA	NA	NA	NA	NA
NC_045512.2	28681	G	C	24	7	47	1	1	36	0.04	25	0.510204	FALSE	NA	NA	NA	NA	NA	NA
NC_045512.2	29265	T	C	4	1	37	1	0	38	0.2	5	0.555556	FALSE	NA	NA	NA	NA	NA	NA
NC_045512.2	29629	T	C	64	23	40	1	1	39	0.0153846	65	0.503876	FALSE	NA	NA	NA	NA	NA	NA
NC_045512.2	29639	G	-CA	69	25	45	3	0	20	0.0434783	69	0.13325	FALSE	NA	NA	NA	NA	NA	NA
