REGION	POS	REF	ALT	REF_DP	REF_RV	REF_QUAL	ALT_DP	ALT_RV	ALT_QUAL	ALT_FREQ	TOTAL_DP	PVAL	PASS	GFF_FEATURE	REF_CODON	REF_AA	ALT_CODON	ALT_AA	POS_AA
NC_045512.2	5785	T	C	38	29	39	1	1	39	0.025641	39	0.506494	FALSE	NA	NA	NA	NA	NA	NA
NC_045512.2	7901	A	C	8	6	43	1	0	27	0.111111	9	0.529412	FALSE	NA	NA	NA	NA	NA	NA
NC_045512.2	13091	G	C	0	0	0	3	3	39	1	3	0.1	FALSE	NA	NA	NA	NA	NA	NA
NC_045512.2	15714	C	T	0	0	0	53	32	38	1	53	3.18851e-31	TRUE	NA	NA	NA	NA	NA	NA
NC_045512.2	16112	T	A	79	78	40	1	1	39	0.0125	80	0.503145	FALSE	NA	NA	NA	NA	NA	NA
NC_045512.2	16865	T	G	165	61	41	1	0	38	0.0060241	166	0.501511	FALSE	NA	NA	NA	NA	NA	NA
NC_045512.2	16958	T	C	160	151	42	4	4	38	0.0243902	164	0.0621124	FALSE	NA	NA	NA	NA	NA	NA
NC_045512.2	17410	C	T	0	0	0	6	6	38	1	6	0.0021645	TRUE	NA	NA	NA	NA	NA	NA
NC_045512.2	17780	A	G	25	4	39	1	0	39	0.0384615	26	0.509804	FALSE	NA	NA	NA	NA	NA	NA
NC_045512.2	20243	A	G	88	5	42	1	0	30	0.011236	89	0.502825	FALSE	NA	NA	NA	NA	NA	NA
NC_045512.2	21618	C	T	0	0	0	1	0	39	1	1	1	FALSE	NA	NA	NA	NA	NA	NA
NC_045512.2	21721	C	T	25	15	44	2	1	39	0.0740741	27	0.254717	FALSE	NA	NA	NA	NA	NA	NA
NC_045512.2	22674	C	T	0	0	0	1	1	38	1	1	1	FALSE	NA	NA	NA	NA	NA	NA
NC_045512.2	23403	A	G	0	0	0	14	8	38	1	14	4.98547e-08	TRUE	NA	NA	NA	NA	NA	NA
NC_045512.2	25302	G	A	16	13	39	1	1	39	0.0588235	17	0.515152	FALSE	NA	NA	NA	NA	NA	NA
NC_045512.2	25584	C	T	0	0	0	3	3	34	1	3	0.1	FALSE	NA	NA	NA	NA	NA	NA
NC_045512.2	27322	T	C	138	54	44	1	1	33	0.00719424	139	0.501805	FALSE	NA	NA	NA	NA	NA	NA
NC_045512.2	27382	G	C	0	0	0	1	1	39	1	1	1	FALSE	NA	NA	NA	NA	NA	NA
NC_045512.2	27384	T	C	0	0	0	6	3	39	1	6	0.0021645	TRUE	NA	NA	NA	NA	NA	NA
NC_045512.2	28271	A	T	0	0	0	69	69	38	1	69	8.46597e-41	TRUE	NA	NA	NA	NA	NA	NA
NC_045512.2	28311	C	T	0	0	0	1	0	39	1	1	1	FALSE	NA	NA	NA	NA	NA	NA
NC_045512.2	28363	A	T	0	0	0	11	0	37	1	11	2.83514e-06	TRUE	NA	NA	NA	NA	NA	NA
NC_045512.2	28370	A	G	0	0	0	1	1	38	1	1	1	FALSE	NA	NA	NA	NA	NA	NA
NC_045512.2	28984	A	G	64	7	47	1	0	35	0.0153846	65	0.503876	FALSE	NA	NA	NA	NA	NA	NA
NC_045512.2	29000	G	T	19	11	47	3	1	49	0.136364	22	0.124787	FALSE	NA	NA	NA	NA	NA	NA
NC_045512.2	29316	A	C	79	48	41	1	0	39	0.0125	80	0.503145	FALSE	NA	NA	NA	NA	NA	NA
