REGION	POS	REF	ALT	REF_DP	REF_RV	REF_QUAL	ALT_DP	ALT_RV	ALT_QUAL	ALT_FREQ	TOTAL_DP	PVAL	PASS	GFF_FEATURE	REF_CODON	REF_AA	ALT_CODON	ALT_AA	POS_AA
NC_045512.2	4809	C	T	9	3	38	1	0	39	0.1	10	0.526316	FALSE	NA	NA	NA	NA	NA	NA
NC_045512.2	12160	G	A	0	0	0	1	1	39	1	1	1	FALSE	NA	NA	NA	NA	NA	NA
NC_045512.2	15714	C	T	0	0	0	9	7	38	1	9	4.11353e-05	TRUE	NA	NA	NA	NA	NA	NA
NC_045512.2	16259	G	T	9	0	38	1	0	39	0.1	10	0.526316	FALSE	NA	NA	NA	NA	NA	NA
NC_045512.2	16859	C	T	22	6	46	1	0	39	0.0434783	23	0.511111	FALSE	NA	NA	NA	NA	NA	NA
NC_045512.2	16935	G	A	10	6	45	2	2	37	0.166667	12	0.26087	FALSE	NA	NA	NA	NA	NA	NA
NC_045512.2	23403	A	G	0	0	0	2	0	39	1	2	0.333333	FALSE	NA	NA	NA	NA	NA	NA
NC_045512.2	25584	C	T	0	0	0	1	1	39	1	1	1	FALSE	NA	NA	NA	NA	NA	NA
NC_045512.2	27807	C	T	0	0	0	2	2	39	1	2	0.333333	FALSE	NA	NA	NA	NA	NA	NA
NC_045512.2	27889	C	T	2	1	56	7	5	42	0.777778	9	0.00185109	TRUE	NA	NA	NA	NA	NA	NA
NC_045512.2	28271	A	T	0	0	0	12	12	38	1	12	7.39602e-07	TRUE	NA	NA	NA	NA	NA	NA
NC_045512.2	28363	A	T	0	0	0	2	0	37	1	2	0.333333	FALSE	NA	NA	NA	NA	NA	NA
NC_045512.2	28681	G	T	1	0	39	10	3	49	0.909091	11	3.11866e-05	TRUE	NA	NA	NA	NA	NA	NA
NC_045512.2	28782	G	T	2	2	38	1	1	39	0.333333	3	0.6	FALSE	NA	NA	NA	NA	NA	NA
NC_045512.2	28881	G	A	0	0	0	1	1	39	1	1	1	FALSE	NA	NA	NA	NA	NA	NA
NC_045512.2	29303	C	A	24	6	44	1	0	33	0.04	25	0.510204	FALSE	NA	NA	NA	NA	NA	NA
