REGION	POS	REF	ALT	REF_DP	REF_RV	REF_QUAL	ALT_DP	ALT_RV	ALT_QUAL	ALT_FREQ	TOTAL_DP	PVAL	PASS	GFF_FEATURE	REF_CODON	REF_AA	ALT_CODON	ALT_AA	POS_AA
NC_045512.2	8486	A	T	3	0	39	1	0	30	0.25	4	0.571429	FALSE	NA	NA	NA	NA	NA	NA
NC_045512.2	10317	A	G	13	8	40	1	0	30	0.0714286	14	0.518519	FALSE	NA	NA	NA	NA	NA	NA
NC_045512.2	12160	G	A	0	0	0	3	2	38	1	3	0.1	FALSE	NA	NA	NA	NA	NA	NA
NC_045512.2	13271	C	T	1	0	39	1	0	39	0.5	2	0.666667	FALSE	NA	NA	NA	NA	NA	NA
NC_045512.2	15714	C	T	0	0	0	5	3	39	1	5	0.00793651	TRUE	NA	NA	NA	NA	NA	NA
NC_045512.2	16935	G	A	6	4	45	1	1	39	0.142857	7	0.538462	FALSE	NA	NA	NA	NA	NA	NA
NC_045512.2	23403	A	G	0	0	0	6	2	41	1	6	0.0021645	TRUE	NA	NA	NA	NA	NA	NA
NC_045512.2	23476	A	G	34	30	42	1	1	38	0.0285714	35	0.507246	FALSE	NA	NA	NA	NA	NA	NA
NC_045512.2	27889	C	T	4	2	37	16	14	41	0.8	20	1.28476e-07	TRUE	NA	NA	NA	NA	NA	NA
NC_045512.2	28271	A	T	0	0	0	27	26	38	1	27	1.02725e-15	TRUE	NA	NA	NA	NA	NA	NA
NC_045512.2	28330	A	G	10	0	38	1	0	38	0.0909091	11	0.52381	FALSE	NA	NA	NA	NA	NA	NA
NC_045512.2	28363	A	T	0	0	0	5	0	38	1	5	0.00793651	TRUE	NA	NA	NA	NA	NA	NA
NC_045512.2	28681	G	T	16	1	43	14	3	40	0.466667	30	1.09353e-05	TRUE	NA	NA	NA	NA	NA	NA
NC_045512.2	28683	G	A	21	6	39	1	0	27	0.0454545	22	0.511628	FALSE	NA	NA	NA	NA	NA	NA
NC_045512.2	28705	T	C	20	12	40	4	3	38	0.166667	24	0.0595745	FALSE	NA	NA	NA	NA	NA	NA
