REGION	POS	REF	ALT	REF_DP	REF_RV	REF_QUAL	ALT_DP	ALT_RV	ALT_QUAL	ALT_FREQ	TOTAL_DP	PVAL	PASS	GFF_FEATURE	REF_CODON	REF_AA	ALT_CODON	ALT_AA	POS_AA
NC_045512.2	1093	C	T	49	6	46	1	0	39	0.02	50	0.505051	FALSE	NA	NA	NA	NA	NA	NA
NC_045512.2	1136	A	G	58	18	41	1	0	38	0.0169492	59	0.504274	FALSE	NA	NA	NA	NA	NA	NA
NC_045512.2	1166	C	T	38	21	39	1	1	37	0.025641	39	0.506494	FALSE	NA	NA	NA	NA	NA	NA
NC_045512.2	1729	G	T	90	63	40	1	1	36	0.010989	91	0.502762	FALSE	NA	NA	NA	NA	NA	NA
NC_045512.2	1985	T	A	156	0	38	1	0	39	0.00636943	157	0.501597	FALSE	NA	NA	NA	NA	NA	NA
NC_045512.2	5769	A	G	64	35	43	1	0	38	0.0153846	65	0.503876	FALSE	NA	NA	NA	NA	NA	NA
NC_045512.2	6402	C	T	0	0	0	1	0	38	1	1	1	FALSE	NA	NA	NA	NA	NA	NA
NC_045512.2	9641	A	G	83	30	40	1	0	39	0.0119048	84	0.502994	FALSE	NA	NA	NA	NA	NA	NA
NC_045512.2	9725	T	A	101	99	41	1	1	39	0.00980392	102	0.502463	FALSE	NA	NA	NA	NA	NA	NA
NC_045512.2	24638	G	T	0	0	0	3	2	37	1	3	0.1	FALSE	NA	NA	NA	NA	NA	NA
NC_045512.2	28271	A	T	0	0	0	4	4	39	1	4	0.0285714	FALSE	NA	NA	NA	NA	NA	NA
NC_045512.2	28363	A	T	0	0	0	1	0	39	1	1	1	FALSE	NA	NA	NA	NA	NA	NA
NC_045512.2	28759	T	A	119	116	40	1	1	38	0.00833333	120	0.502092	FALSE	NA	NA	NA	NA	NA	NA
