REGION	POS	REF	ALT	REF_DP	REF_RV	REF_QUAL	ALT_DP	ALT_RV	ALT_QUAL	ALT_FREQ	TOTAL_DP	PVAL	PASS	GFF_FEATURE	REF_CODON	REF_AA	ALT_CODON	ALT_AA	POS_AA
NC_045512.2	1783	T	C	39	36	38	1	1	38	0.025	40	0.506329	FALSE	NA	NA	NA	NA	NA	NA
NC_045512.2	9623	G	T	46	5	46	8	0	38	0.148148	54	0.00319211	TRUE	NA	NA	NA	NA	NA	NA
NC_045512.2	9695	T	-ATA	27	20	40	4	0	20	0.148148	27	0.0796562	FALSE	NA	NA	NA	NA	NA	NA
NC_045512.2	15714	C	T	0	0	0	39	18	39	1	39	7.34834e-23	TRUE	NA	NA	NA	NA	NA	NA
NC_045512.2	16935	G	A	2	1	58	14	10	38	0.875	16	4.52519e-07	TRUE	NA	NA	NA	NA	NA	NA
NC_045512.2	17410	C	T	0	0	0	2	2	39	1	2	0.333333	FALSE	NA	NA	NA	NA	NA	NA
NC_045512.2	23403	A	G	0	0	0	27	10	41	1	27	1.02725e-15	TRUE	NA	NA	NA	NA	NA	NA
NC_045512.2	25000	C	T	0	0	0	1	0	39	1	1	1	FALSE	NA	NA	NA	NA	NA	NA
NC_045512.2	27354	A	T	29	17	38	1	1	38	0.0333333	30	0.508475	FALSE	NA	NA	NA	NA	NA	NA
NC_045512.2	27690	A	G	7	6	44	1	1	37	0.125	8	0.533333	FALSE	NA	NA	NA	NA	NA	NA
NC_045512.2	28207	A	G	41	21	41	1	0	39	0.0238095	42	0.506024	FALSE	NA	NA	NA	NA	NA	NA
NC_045512.2	28271	A	T	0	0	0	32	32	38	1	32	1.09133e-18	TRUE	NA	NA	NA	NA	NA	NA
NC_045512.2	28363	A	T	0	0	0	1	0	39	1	1	1	FALSE	NA	NA	NA	NA	NA	NA
NC_045512.2	28681	G	T	48	8	46	36	6	46	0.428571	84	1.50419e-13	TRUE	NA	NA	NA	NA	NA	NA
NC_045512.2	28748	C	T	95	74	45	1	1	39	0.0104167	96	0.502618	FALSE	NA	NA	NA	NA	NA	NA
NC_045512.2	29260	G	A	3	0	36	1	0	37	0.25	4	0.571429	FALSE	NA	NA	NA	NA	NA	NA
NC_045512.2	29581	T	C	7	1	37	1	0	38	0.125	8	0.533333	FALSE	NA	NA	NA	NA	NA	NA
NC_045512.2	29627	C	T	65	27	41	3	2	39	0.0441176	68	0.124979	FALSE	NA	NA	NA	NA	NA	NA
