REGION	POS	REF	ALT	REF_DP	REF_RV	REF_QUAL	ALT_DP	ALT_RV	ALT_QUAL	ALT_FREQ	TOTAL_DP	PVAL	PASS	GFF_FEATURE	REF_CODON	REF_AA	ALT_CODON	ALT_AA	POS_AA
NC_045512.2	4866	G	T	0	0	0	2	2	36	1	2	0.333333	FALSE	NA	NA	NA	NA	NA	NA
NC_045512.2	9344	C	T	0	0	0	1	1	38	1	1	1	FALSE	NA	NA	NA	NA	NA	NA
NC_045512.2	9424	A	G	0	0	0	1	1	38	1	1	1	FALSE	NA	NA	NA	NA	NA	NA
NC_045512.2	10232	C	T	87	3	40	1	0	33	0.0113636	88	0.502857	FALSE	NA	NA	NA	NA	NA	NA
NC_045512.2	12160	G	A	0	0	0	2	1	37	1	2	0.333333	FALSE	NA	NA	NA	NA	NA	NA
NC_045512.2	15714	C	T	0	0	0	11	9	42	1	11	2.83514e-06	TRUE	NA	NA	NA	NA	NA	NA
NC_045512.2	16935	G	A	15	13	48	3	2	38	0.166667	18	0.124675	FALSE	NA	NA	NA	NA	NA	NA
NC_045512.2	16963	C	T	34	31	43	1	1	39	0.0285714	35	0.507246	FALSE	NA	NA	NA	NA	NA	NA
NC_045512.2	17410	C	T	0	0	0	1	1	39	1	1	1	FALSE	NA	NA	NA	NA	NA	NA
NC_045512.2	17483	C	G	90	9	43	1	0	37	0.010989	91	0.502762	FALSE	NA	NA	NA	NA	NA	NA
NC_045512.2	19687	C	T	19	14	38	1	1	39	0.05	20	0.512821	FALSE	NA	NA	NA	NA	NA	NA
NC_045512.2	20598	A	G	0	0	0	2	0	37	1	2	0.333333	FALSE	NA	NA	NA	NA	NA	NA
NC_045512.2	21770	G	A	0	0	0	2	2	38	1	2	0.333333	FALSE	NA	NA	NA	NA	NA	NA
NC_045512.2	22578	G	A	0	0	0	2	2	39	1	2	0.333333	FALSE	NA	NA	NA	NA	NA	NA
NC_045512.2	22674	C	T	0	0	0	1	1	38	1	1	1	FALSE	NA	NA	NA	NA	NA	NA
NC_045512.2	23403	A	G	0	0	0	7	1	37	1	7	0.000582751	TRUE	NA	NA	NA	NA	NA	NA
NC_045512.2	25584	C	T	0	0	0	8	8	36	1	8	0.0001554	TRUE	NA	NA	NA	NA	NA	NA
NC_045512.2	26102	T	C	30	2	42	1	0	38	0.0322581	31	0.508197	FALSE	NA	NA	NA	NA	NA	NA
NC_045512.2	26225	A	G	82	82	38	1	1	39	0.0120482	83	0.50303	FALSE	NA	NA	NA	NA	NA	NA
NC_045512.2	27889	C	T	0	0	0	19	15	40	1	19	5.65847e-11	TRUE	NA	NA	NA	NA	NA	NA
NC_045512.2	28271	A	T	0	0	0	34	34	38	1	34	7.02913e-20	TRUE	NA	NA	NA	NA	NA	NA
NC_045512.2	28363	A	T	0	0	0	9	1	37	1	9	4.11353e-05	TRUE	NA	NA	NA	NA	NA	NA
NC_045512.2	28432	C	T	10	8	37	2	2	36	0.166667	12	0.26087	FALSE	NA	NA	NA	NA	NA	NA
NC_045512.2	28681	G	T	28	6	47	16	3	43	0.363636	44	3.51804e-06	TRUE	NA	NA	NA	NA	NA	NA
NC_045512.2	29510	A	C	0	0	0	1	1	38	1	1	1	FALSE	NA	NA	NA	NA	NA	NA
NC_045512.2	29614	C	T	57	13	43	3	0	38	0.05	60	0.124973	FALSE	NA	NA	NA	NA	NA	NA
