REGION	POS	REF	ALT	REF_DP	REF_RV	REF_QUAL	ALT_DP	ALT_RV	ALT_QUAL	ALT_FREQ	TOTAL_DP	PVAL	PASS	GFF_FEATURE	REF_CODON	REF_AA	ALT_CODON	ALT_AA	POS_AA
NC_045512.2	241	C	T	0	0	0	1	1	38	1	1	1	FALSE	NA	NA	NA	NA	NA	NA
NC_045512.2	7318	C	T	0	0	0	6	6	38	1	6	0.0021645	TRUE	NA	NA	NA	NA	NA	NA
NC_045512.2	11250	G	T	36	33	46	1	1	39	0.027027	37	0.506849	FALSE	NA	NA	NA	NA	NA	NA
NC_045512.2	11714	A	T	0	0	0	1	0	39	1	1	1	FALSE	NA	NA	NA	NA	NA	NA
NC_045512.2	12160	G	A	0	0	0	3	2	38	1	3	0.1	FALSE	NA	NA	NA	NA	NA	NA
NC_045512.2	15175	A	G	28	18	40	1	0	39	0.0344828	29	0.508772	FALSE	NA	NA	NA	NA	NA	NA
NC_045512.2	15677	A	G	0	0	0	3	0	38	1	3	0.1	FALSE	NA	NA	NA	NA	NA	NA
NC_045512.2	15714	C	T	0	0	0	13	5	41	1	13	1.92297e-07	TRUE	NA	NA	NA	NA	NA	NA
NC_045512.2	16035	T	G	73	16	40	1	0	29	0.0135135	74	0.503401	FALSE	NA	NA	NA	NA	NA	NA
NC_045512.2	16527	T	C	0	0	0	4	0	38	1	4	0.0285714	FALSE	NA	NA	NA	NA	NA	NA
NC_045512.2	17410	C	T	0	0	0	1	1	39	1	1	1	FALSE	NA	NA	NA	NA	NA	NA
NC_045512.2	20250	A	G	77	2	42	1	0	39	0.0128205	78	0.503226	FALSE	NA	NA	NA	NA	NA	NA
NC_045512.2	20905	G	T	34	19	40	1	1	36	0.0285714	35	0.507246	FALSE	NA	NA	NA	NA	NA	NA
NC_045512.2	22113	G	A	0	0	0	1	1	39	1	1	1	FALSE	NA	NA	NA	NA	NA	NA
NC_045512.2	23403	A	G	0	0	0	5	3	38	1	5	0.00793651	TRUE	NA	NA	NA	NA	NA	NA
NC_045512.2	27889	C	T	0	0	0	24	20	40	1	24	6.20201e-14	TRUE	NA	NA	NA	NA	NA	NA
NC_045512.2	28155	A	G	178	5	39	1	0	39	0.00558659	179	0.501401	FALSE	NA	NA	NA	NA	NA	NA
NC_045512.2	28240	T	C	141	124	41	1	1	39	0.00704225	142	0.501767	FALSE	NA	NA	NA	NA	NA	NA
NC_045512.2	28271	A	T	0	0	0	60	60	38	1	60	2.07007e-35	TRUE	NA	NA	NA	NA	NA	NA
NC_045512.2	28363	A	T	0	0	0	2	0	34	1	2	0.333333	FALSE	NA	NA	NA	NA	NA	NA
NC_045512.2	28370	A	G	0	0	0	1	1	30	1	1	1	FALSE	NA	NA	NA	NA	NA	NA
NC_045512.2	28657	C	A	207	4	40	1	1	31	0.00480769	208	0.501205	FALSE	NA	NA	NA	NA	NA	NA
NC_045512.2	28673	G	T	221	20	40	7	0	38	0.0307018	228	0.00757213	TRUE	NA	NA	NA	NA	NA	NA
NC_045512.2	28681	G	T	168	22	44	4	1	58	0.0232558	172	0.0621308	FALSE	NA	NA	NA	NA	NA	NA
NC_045512.2	29289	T	C	170	3	40	1	0	37	0.00584795	171	0.501466	FALSE	NA	NA	NA	NA	NA	NA
NC_045512.2	29331	T	C	106	48	39	1	1	39	0.00934579	107	0.502347	FALSE	NA	NA	NA	NA	NA	NA
NC_045512.2	29397	A	G	134	133	38	1	1	38	0.00740741	135	0.501859	FALSE	NA	NA	NA	NA	NA	NA
