REGION	POS	REF	ALT	REF_DP	REF_RV	REF_QUAL	ALT_DP	ALT_RV	ALT_QUAL	ALT_FREQ	TOTAL_DP	PVAL	PASS	GFF_FEATURE	REF_CODON	REF_AA	ALT_CODON	ALT_AA	POS_AA
NC_045512.2	4831	A	G	39	27	40	1	1	38	0.025	40	0.506329	FALSE	NA	NA	NA	NA	NA	NA
NC_045512.2	6042	A	G	6	2	45	1	0	77	0.142857	7	0.538462	FALSE	NA	NA	NA	NA	NA	NA
NC_045512.2	7561	G	A	4	2	38	1	0	34	0.2	5	0.555556	FALSE	NA	NA	NA	NA	NA	NA
NC_045512.2	8004	T	G	0	0	0	1	0	39	1	1	1	FALSE	NA	NA	NA	NA	NA	NA
NC_045512.2	10222	T	C	45	0	38	1	0	39	0.0217391	46	0.505495	FALSE	NA	NA	NA	NA	NA	NA
NC_045512.2	12160	G	A	1	1	39	2	2	39	0.666667	3	0.3	FALSE	NA	NA	NA	NA	NA	NA
NC_045512.2	12256	G	A	0	0	0	1	0	39	1	1	1	FALSE	NA	NA	NA	NA	NA	NA
NC_045512.2	13327	A	G	10	2	39	1	0	38	0.0909091	11	0.52381	FALSE	NA	NA	NA	NA	NA	NA
NC_045512.2	15714	C	T	0	0	0	37	23	39	1	37	1.14539e-21	TRUE	NA	NA	NA	NA	NA	NA
NC_045512.2	17410	C	T	0	0	0	1	1	39	1	1	1	FALSE	NA	NA	NA	NA	NA	NA
NC_045512.2	17847	G	A	1	1	38	1	1	39	0.5	2	0.666667	FALSE	NA	NA	NA	NA	NA	NA
NC_045512.2	20262	A	G	12	4	38	1	0	39	0.0769231	13	0.52	FALSE	NA	NA	NA	NA	NA	NA
NC_045512.2	23403	A	G	0	0	0	8	5	38	1	8	0.0001554	TRUE	NA	NA	NA	NA	NA	NA
NC_045512.2	24469	T	A	0	0	0	1	0	39	1	1	1	FALSE	NA	NA	NA	NA	NA	NA
NC_045512.2	25584	C	T	0	0	0	1	1	37	1	1	1	FALSE	NA	NA	NA	NA	NA	NA
NC_045512.2	26390	T	C	16	0	38	1	0	38	0.0588235	17	0.515152	FALSE	NA	NA	NA	NA	NA	NA
NC_045512.2	27382	G	C	5	3	38	1	1	39	0.166667	6	0.545455	FALSE	NA	NA	NA	NA	NA	NA
NC_045512.2	27384	T	C	4	3	38	2	1	39	0.333333	6	0.272727	FALSE	NA	NA	NA	NA	NA	NA
NC_045512.2	27889	C	T	53	44	40	5	5	46	0.0862069	58	0.0298556	FALSE	NA	NA	NA	NA	NA	NA
NC_045512.2	28012	A	C	0	0	0	1	0	39	1	1	1	FALSE	NA	NA	NA	NA	NA	NA
NC_045512.2	28178	G	T	205	78	44	1	0	39	0.00485437	206	0.501217	FALSE	NA	NA	NA	NA	NA	NA
NC_045512.2	28268	A	+C	141	141	38	1	0	20	0.0070922	141	0.754423	FALSE	NA	NA	NA	NA	NA	NA
NC_045512.2	28271	A	T	1	1	35	128	128	38	0.992248	129	1.12246e-74	TRUE	NA	NA	NA	NA	NA	NA
NC_045512.2	28363	A	T	0	0	0	6	0	36	1	6	0.0021645	TRUE	NA	NA	NA	NA	NA	NA
NC_045512.2	28370	A	G	0	0	0	12	0	38	1	12	7.39602e-07	TRUE	NA	NA	NA	NA	NA	NA
