REGION	POS	REF	ALT	REF_DP	REF_RV	REF_QUAL	ALT_DP	ALT_RV	ALT_QUAL	ALT_FREQ	TOTAL_DP	PVAL	PASS	GFF_FEATURE	REF_CODON	REF_AA	ALT_CODON	ALT_AA	POS_AA
NC_045512.2	8004	T	G	0	0	0	1	0	39	1	1	1	FALSE	NA	NA	NA	NA	NA	NA
NC_045512.2	9344	C	T	0	0	0	1	0	39	1	1	1	FALSE	NA	NA	NA	NA	NA	NA
NC_045512.2	9424	A	G	0	0	0	1	1	39	1	1	1	FALSE	NA	NA	NA	NA	NA	NA
NC_045512.2	10277	C	T	13	5	48	1	1	39	0.0714286	14	0.518519	FALSE	NA	NA	NA	NA	NA	NA
NC_045512.2	12160	G	A	0	0	0	3	2	39	1	3	0.1	FALSE	NA	NA	NA	NA	NA	NA
NC_045512.2	13062	T	C	36	29	40	1	0	39	0.027027	37	0.506849	FALSE	NA	NA	NA	NA	NA	NA
NC_045512.2	15690	T	+A	70	2	39	1	0	20	0.0142857	70	0.507143	FALSE	NA	NA	NA	NA	NA	NA
NC_045512.2	15694	C	A	58	2	40	2	0	39	0.0333333	60	0.252101	FALSE	NA	NA	NA	NA	NA	NA
NC_045512.2	15714	C	T	0	0	0	12	4	45	1	12	7.39602e-07	TRUE	NA	NA	NA	NA	NA	NA
NC_045512.2	16906	T	A	12	5	38	1	1	38	0.0769231	13	0.52	FALSE	NA	NA	NA	NA	NA	NA
NC_045512.2	16935	G	A	22	16	38	2	2	37	0.0833333	24	0.255319	FALSE	NA	NA	NA	NA	NA	NA
NC_045512.2	17410	C	T	0	0	0	5	4	38	1	5	0.00793651	TRUE	NA	NA	NA	NA	NA	NA
NC_045512.2	19107	T	C	11	4	42	1	1	36	0.0833333	12	0.521739	FALSE	NA	NA	NA	NA	NA	NA
NC_045512.2	23075	T	C	0	0	0	1	0	39	1	1	1	FALSE	NA	NA	NA	NA	NA	NA
NC_045512.2	23403	A	G	0	0	0	8	3	38	1	8	0.0001554	TRUE	NA	NA	NA	NA	NA	NA
NC_045512.2	24607	T	C	17	12	42	1	0	39	0.0555556	18	0.514286	FALSE	NA	NA	NA	NA	NA	NA
NC_045512.2	26270	C	T	0	0	0	2	2	39	1	2	0.333333	FALSE	NA	NA	NA	NA	NA	NA
NC_045512.2	27604	G	A	2	0	38	1	0	38	0.333333	3	0.6	FALSE	NA	NA	NA	NA	NA	NA
NC_045512.2	27889	C	T	0	0	0	36	29	38	1	36	4.51965e-21	TRUE	NA	NA	NA	NA	NA	NA
NC_045512.2	28271	A	T	0	0	0	35	35	38	1	35	1.78275e-20	TRUE	NA	NA	NA	NA	NA	NA
NC_045512.2	28363	A	T	0	0	0	3	0	38	1	3	0.1	FALSE	NA	NA	NA	NA	NA	NA
NC_045512.2	28370	A	G	0	0	0	3	0	39	1	3	0.1	FALSE	NA	NA	NA	NA	NA	NA
NC_045512.2	28681	G	T	13	1	41	11	0	42	0.458333	24	0.000143315	TRUE	NA	NA	NA	NA	NA	NA
NC_045512.2	29051	C	A	12	6	43	1	0	38	0.0769231	13	0.52	FALSE	NA	NA	NA	NA	NA	NA
NC_045512.2	29266	G	A	8	4	38	1	0	39	0.111111	9	0.529412	FALSE	NA	NA	NA	NA	NA	NA
