REGION	POS	REF	ALT	REF_DP	REF_RV	REF_QUAL	ALT_DP	ALT_RV	ALT_QUAL	ALT_FREQ	TOTAL_DP	PVAL	PASS	GFF_FEATURE	REF_CODON	REF_AA	ALT_CODON	ALT_AA	POS_AA
NC_045512.2	4184	G	A	0	0	0	1	1	39	1	1	1	FALSE	NA	NA	NA	NA	NA	NA
NC_045512.2	11470	T	C	22	6	47	1	0	39	0.0434783	23	0.511111	FALSE	NA	NA	NA	NA	NA	NA
NC_045512.2	12160	G	A	7	6	38	1	1	39	0.125	8	0.533333	FALSE	NA	NA	NA	NA	NA	NA
NC_045512.2	13937	T	-AG	13	6	44	1	0	20	0.0769231	13	0.538462	FALSE	NA	NA	NA	NA	NA	NA
NC_045512.2	15673	T	C	78	2	40	1	0	38	0.0126582	79	0.503185	FALSE	NA	NA	NA	NA	NA	NA
NC_045512.2	15714	C	T	0	0	0	29	17	40	1	29	6.65175e-17	TRUE	NA	NA	NA	NA	NA	NA
NC_045512.2	16087	T	C	38	31	43	1	1	35	0.025641	39	0.506494	FALSE	NA	NA	NA	NA	NA	NA
NC_045512.2	16289	C	T	55	11	43	1	0	39	0.0178571	56	0.504505	FALSE	NA	NA	NA	NA	NA	NA
NC_045512.2	16635	T	G	45	37	41	1	1	38	0.0217391	46	0.505495	FALSE	NA	NA	NA	NA	NA	NA
NC_045512.2	16912	G	T	28	13	38	1	1	39	0.0344828	29	0.508772	FALSE	NA	NA	NA	NA	NA	NA
NC_045512.2	16940	T	-A	104	74	39	1	0	20	0.00961538	104	0.755992	FALSE	NA	NA	NA	NA	NA	NA
NC_045512.2	21721	C	T	6	5	38	5	3	38	0.454545	11	0.0227038	FALSE	NA	NA	NA	NA	NA	NA
NC_045512.2	23403	A	G	0	0	0	11	3	42	1	11	2.83514e-06	TRUE	NA	NA	NA	NA	NA	NA
NC_045512.2	27312	T	-A	73	6	46	1	0	20	0.0136986	73	0.506849	FALSE	NA	NA	NA	NA	NA	NA
NC_045512.2	27317	A	T	71	13	46	4	0	34	0.0533333	75	0.0616354	FALSE	NA	NA	NA	NA	NA	NA
NC_045512.2	27382	G	C	0	0	0	3	1	38	1	3	0.1	FALSE	NA	NA	NA	NA	NA	NA
NC_045512.2	27384	T	C	0	0	0	3	1	39	1	3	0.1	FALSE	NA	NA	NA	NA	NA	NA
NC_045512.2	27846	T	C	179	4	40	6	0	39	0.0324324	185	0.0152422	FALSE	NA	NA	NA	NA	NA	NA
NC_045512.2	27889	C	T	119	97	40	6	6	38	0.048	125	0.0150565	FALSE	NA	NA	NA	NA	NA	NA
NC_045512.2	27937	C	T	56	47	45	4	4	38	0.0666667	60	0.0614092	FALSE	NA	NA	NA	NA	NA	NA
NC_045512.2	28149	T	C	256	11	40	1	0	39	0.00389105	257	0.500975	FALSE	NA	NA	NA	NA	NA	NA
NC_045512.2	28246	T	C	234	218	43	1	1	38	0.00425532	235	0.501066	FALSE	NA	NA	NA	NA	NA	NA
NC_045512.2	28271	A	T	0	0	0	107	107	38	1	107	1.39439e-63	TRUE	NA	NA	NA	NA	NA	NA
NC_045512.2	28311	C	T	0	0	0	1	0	39	1	1	1	FALSE	NA	NA	NA	NA	NA	NA
NC_045512.2	28363	A	T	0	0	0	5	1	36	1	5	0.00793651	TRUE	NA	NA	NA	NA	NA	NA
NC_045512.2	28707	A	G	24	19	42	1	0	36	0.04	25	0.510204	FALSE	NA	NA	NA	NA	NA	NA
NC_045512.2	28720	C	T	34	17	38	1	0	37	0.0285714	35	0.507246	FALSE	NA	NA	NA	NA	NA	NA
NC_045512.2	29405	G	T	2	2	39	1	1	37	0.333333	3	0.6	FALSE	NA	NA	NA	NA	NA	NA
NC_045512.2	29614	C	T	43	11	46	1	0	39	0.0227273	44	0.505747	FALSE	NA	NA	NA	NA	NA	NA
