REGION	POS	REF	ALT	REF_DP	REF_RV	REF_QUAL	ALT_DP	ALT_RV	ALT_QUAL	ALT_FREQ	TOTAL_DP	PVAL	PASS	GFF_FEATURE	REF_CODON	REF_AA	ALT_CODON	ALT_AA	POS_AA
NC_045512.2	241	C	T	0	0	0	1	1	34	1	1	1	FALSE	NA	NA	NA	NA	NA	NA
NC_045512.2	4321	C	T	0	0	0	1	1	26	1	1	1	FALSE	NA	NA	NA	NA	NA	NA
NC_045512.2	13613	A	G	215	25	32	1	0	34	0.00462963	216	0.50116	FALSE	NA	NA	NA	NA	NA	NA
NC_045512.2	13890	T	C	12	0	33	1	0	34	0.0769231	13	0.52	FALSE	NA	NA	NA	NA	NA	NA
NC_045512.2	16855	G	A	13	13	34	1	1	34	0.0714286	14	0.518519	FALSE	NA	NA	NA	NA	NA	NA
NC_045512.2	16878	A	T	0	0	0	1	1	34	1	1	1	FALSE	NA	NA	NA	NA	NA	NA
NC_045512.2	18259	A	G	2	0	34	1	0	34	0.333333	3	0.6	FALSE	NA	NA	NA	NA	NA	NA
NC_045512.2	18293	C	T	2	0	34	1	0	34	0.333333	3	0.6	FALSE	NA	NA	NA	NA	NA	NA
NC_045512.2	19326	A	G	0	0	0	13	8	33	1	13	1.92297e-07	TRUE	NA	NA	NA	NA	NA	NA
NC_045512.2	21718	G	T	0	0	0	2	0	30	1	2	0.333333	FALSE	NA	NA	NA	NA	NA	NA
NC_045512.2	22942	T	G	0	0	0	6	4	34	1	6	0.0021645	TRUE	NA	NA	NA	NA	NA	NA
NC_045512.2	22992	G	A	0	0	0	2	2	34	1	2	0.333333	FALSE	NA	NA	NA	NA	NA	NA
NC_045512.2	22995	C	G	0	0	0	1	1	34	0.5	2	0.5	FALSE	NA	NA	NA	NA	NA	NA
NC_045512.2	22995	C	A	0	0	0	1	1	34	0.5	2	0.5	FALSE	NA	NA	NA	NA	NA	NA
NC_045512.2	25584	C	T	0	0	0	3	2	34	1	3	0.1	FALSE	NA	NA	NA	NA	NA	NA
NC_045512.2	26577	C	G	0	0	0	8	7	33	1	8	0.0001554	TRUE	NA	NA	NA	NA	NA	NA
NC_045512.2	26858	C	T	0	0	0	4	4	32	1	4	0.0285714	FALSE	NA	NA	NA	NA	NA	NA
NC_045512.2	27384	T	C	0	0	0	1	1	34	1	1	1	FALSE	NA	NA	NA	NA	NA	NA
NC_045512.2	27807	C	T	0	0	0	25	25	34	1	25	1.58215e-14	TRUE	NA	NA	NA	NA	NA	NA
NC_045512.2	29625	C	T	48	4	37	1	0	34	0.0204082	49	0.505155	FALSE	NA	NA	NA	NA	NA	NA
