REGION	POS	REF	ALT	REF_DP	REF_RV	REF_QUAL	ALT_DP	ALT_RV	ALT_QUAL	ALT_FREQ	TOTAL_DP	PVAL	PASS	GFF_FEATURE	REF_CODON	REF_AA	ALT_CODON	ALT_AA	POS_AA
NC_045512.2	5081	A	T	2	0	36	1	0	39	0.333333	3	0.6	FALSE	NA	NA	NA	NA	NA	NA
NC_045512.2	9424	A	G	0	0	0	2	2	39	1	2	0.333333	FALSE	NA	NA	NA	NA	NA	NA
NC_045512.2	12160	G	A	0	0	0	1	1	39	1	1	1	FALSE	NA	NA	NA	NA	NA	NA
NC_045512.2	15714	C	T	0	0	0	7	2	38	1	7	0.000582751	TRUE	NA	NA	NA	NA	NA	NA
NC_045512.2	16092	C	T	152	144	39	1	1	39	0.00653595	153	0.501639	FALSE	NA	NA	NA	NA	NA	NA
NC_045512.2	17410	C	T	0	0	0	2	2	39	1	2	0.333333	FALSE	NA	NA	NA	NA	NA	NA
NC_045512.2	21149	G	C	13	2	49	1	0	35	0.0714286	14	0.518519	FALSE	NA	NA	NA	NA	NA	NA
NC_045512.2	21766	A	C	0	0	0	1	1	38	1	1	1	FALSE	NA	NA	NA	NA	NA	NA
NC_045512.2	21770	G	A	0	0	0	5	5	37	1	5	0.00793651	TRUE	NA	NA	NA	NA	NA	NA
NC_045512.2	23403	A	G	0	0	0	15	5	41	1	15	1.28935e-08	TRUE	NA	NA	NA	NA	NA	NA
NC_045512.2	23417	G	T	19	10	40	1	0	39	0.05	20	0.512821	FALSE	NA	NA	NA	NA	NA	NA
NC_045512.2	23503	A	T	25	25	38	1	1	39	0.0384615	26	0.509804	FALSE	NA	NA	NA	NA	NA	NA
NC_045512.2	24620	G	T	34	27	39	1	1	38	0.0285714	35	0.507246	FALSE	NA	NA	NA	NA	NA	NA
NC_045512.2	25216	A	T	31	6	45	1	0	32	0.03125	32	0.507937	FALSE	NA	NA	NA	NA	NA	NA
NC_045512.2	25861	T	C	37	28	43	1	1	39	0.0263158	38	0.506667	FALSE	NA	NA	NA	NA	NA	NA
NC_045512.2	26749	T	C	15	1	38	6	0	39	0.285714	21	0.0120684	FALSE	NA	NA	NA	NA	NA	NA
NC_045512.2	27879	C	T	108	61	39	4	0	39	0.0357143	112	0.061928	FALSE	NA	NA	NA	NA	NA	NA
NC_045512.2	27889	C	T	0	0	0	135	113	40	1	135	2.17308e-80	TRUE	NA	NA	NA	NA	NA	NA
NC_045512.2	27895	T	C	117	109	38	1	1	39	0.00847458	118	0.502128	FALSE	NA	NA	NA	NA	NA	NA
NC_045512.2	27942	C	T	128	111	42	4	4	38	0.030303	132	0.0620165	FALSE	NA	NA	NA	NA	NA	NA
NC_045512.2	28271	A	T	0	0	0	41	41	38	1	41	4.70827e-24	TRUE	NA	NA	NA	NA	NA	NA
NC_045512.2	28330	A	G	11	0	39	3	0	38	0.214286	14	0.124444	FALSE	NA	NA	NA	NA	NA	NA
NC_045512.2	28363	A	T	0	0	0	18	1	35	1	18	2.20382e-10	TRUE	NA	NA	NA	NA	NA	NA
NC_045512.2	28444	T	C	72	61	43	1	1	37	0.0136986	73	0.503448	FALSE	NA	NA	NA	NA	NA	NA
NC_045512.2	29296	C	T	189	8	41	1	0	39	0.00526316	190	0.501319	FALSE	NA	NA	NA	NA	NA	NA
NC_045512.2	29377	T	-A	253	236	44	1	0	20	0.00395257	253	0.877216	FALSE	NA	NA	NA	NA	NA	NA
NC_045512.2	29639	G	A	65	26	47	1	1	39	0.0151515	66	0.503817	FALSE	NA	NA	NA	NA	NA	NA
