REGION	POS	REF	ALT	REF_DP	REF_RV	REF_QUAL	ALT_DP	ALT_RV	ALT_QUAL	ALT_FREQ	TOTAL_DP	PVAL	PASS	GFF_FEATURE	REF_CODON	REF_AA	ALT_CODON	ALT_AA	POS_AA
NC_045512.2	500	G	A	35	2	38	1	0	39	0.0277778	36	0.507042	FALSE	NA	NA	NA	NA	NA	NA
NC_045512.2	523	T	G	37	15	38	1	1	38	0.0263158	38	0.506667	FALSE	NA	NA	NA	NA	NA	NA
NC_045512.2	1141	G	T	39	8	40	4	2	38	0.0930233	43	0.0609497	FALSE	NA	NA	NA	NA	NA	NA
NC_045512.2	3037	C	T	0	0	0	2	2	38	1	2	0.333333	FALSE	NA	NA	NA	NA	NA	NA
NC_045512.2	3557	A	C	128	8	38	1	0	27	0.00775194	129	0.752918	FALSE	NA	NA	NA	NA	NA	NA
NC_045512.2	12160	G	A	0	0	0	1	1	37	1	1	1	FALSE	NA	NA	NA	NA	NA	NA
NC_045512.2	13378	C	T	24	24	38	1	1	39	0.04	25	0.510204	FALSE	NA	NA	NA	NA	NA	NA
NC_045512.2	15714	C	T	0	0	0	47	23	39	1	47	1.23024e-27	TRUE	NA	NA	NA	NA	NA	NA
NC_045512.2	15738	C	T	157	51	39	1	0	39	0.00632911	158	0.501587	FALSE	NA	NA	NA	NA	NA	NA
NC_045512.2	15767	T	C	320	169	44	1	1	38	0.00311526	321	0.50078	FALSE	NA	NA	NA	NA	NA	NA
NC_045512.2	15792	A	G	383	371	41	1	1	39	0.00260417	384	0.500652	FALSE	NA	NA	NA	NA	NA	NA
NC_045512.2	17457	A	G	46	0	38	1	0	31	0.0212766	47	0.505376	FALSE	NA	NA	NA	NA	NA	NA
NC_045512.2	20579	T	G	26	5	38	1	0	39	0.037037	27	0.509434	FALSE	NA	NA	NA	NA	NA	NA
NC_045512.2	20580	G	T	25	6	37	1	0	37	0.0384615	26	0.509804	FALSE	NA	NA	NA	NA	NA	NA
NC_045512.2	21158	T	C	13	2	44	1	0	36	0.0714286	14	0.518519	FALSE	NA	NA	NA	NA	NA	NA
NC_045512.2	21770	G	A	0	0	0	5	5	37	1	5	0.00793651	TRUE	NA	NA	NA	NA	NA	NA
NC_045512.2	23403	A	G	0	0	0	25	10	39	1	25	1.58215e-14	TRUE	NA	NA	NA	NA	NA	NA
NC_045512.2	25302	G	T	6	6	38	5	5	38	0.454545	11	0.0227038	FALSE	NA	NA	NA	NA	NA	NA
NC_045512.2	27889	C	T	0	0	0	15	11	41	1	15	1.28935e-08	TRUE	NA	NA	NA	NA	NA	NA
NC_045512.2	28239	G	-TT	110	93	39	6	0	20	0.0545455	110	0.0702016	FALSE	NA	NA	NA	NA	NA	NA
NC_045512.2	28240	T	G	87	70	40	1	1	39	0.0113636	88	0.486188	FALSE	NA	NA	NA	NA	NA	NA
NC_045512.2	28271	A	T	0	0	0	77	77	38	1	77	1.36438e-45	TRUE	NA	NA	NA	NA	NA	NA
NC_045512.2	28363	A	T	0	0	0	9	0	35	1	9	4.11353e-05	TRUE	NA	NA	NA	NA	NA	NA
NC_045512.2	28370	A	G	0	0	0	1	1	38	1	1	1	FALSE	NA	NA	NA	NA	NA	NA
NC_045512.2	28651	C	T	68	2	40	5	0	39	0.0684932	73	0.03015	FALSE	NA	NA	NA	NA	NA	NA
NC_045512.2	28681	G	T	63	7	45	65	7	41	0.507812	128	5.61899e-25	TRUE	NA	NA	NA	NA	NA	NA
NC_045512.2	29306	A	G	106	26	42	1	0	74	0.00934579	107	0.502347	FALSE	NA	NA	NA	NA	NA	NA
