REGION	POS	REF	ALT	REF_DP	REF_RV	REF_QUAL	ALT_DP	ALT_RV	ALT_QUAL	ALT_FREQ	TOTAL_DP	PVAL	PASS	GFF_FEATURE	REF_CODON	REF_AA	ALT_CODON	ALT_AA	POS_AA
NC_045512.2	4184	G	A	0	0	0	1	1	39	1	1	1	FALSE	NA	NA	NA	NA	NA	NA
NC_045512.2	9344	C	T	0	0	0	1	1	39	1	1	1	FALSE	NA	NA	NA	NA	NA	NA
NC_045512.2	13003	A	G	58	1	40	1	0	39	0.0169492	59	0.504274	FALSE	NA	NA	NA	NA	NA	NA
NC_045512.2	13051	C	T	49	37	38	1	0	39	0.02	50	0.505051	FALSE	NA	NA	NA	NA	NA	NA
NC_045512.2	15714	C	T	0	0	0	41	23	39	1	41	4.70827e-24	TRUE	NA	NA	NA	NA	NA	NA
NC_045512.2	16566	A	G	22	12	45	1	0	38	0.0434783	23	0.511111	FALSE	NA	NA	NA	NA	NA	NA
NC_045512.2	21721	C	T	5	2	36	2	0	38	0.285714	7	0.269231	FALSE	NA	NA	NA	NA	NA	NA
NC_045512.2	23403	A	G	0	0	0	4	2	39	1	4	0.0285714	FALSE	NA	NA	NA	NA	NA	NA
NC_045512.2	24928	G	T	1	1	38	1	0	37	0.5	2	0.666667	FALSE	NA	NA	NA	NA	NA	NA
NC_045512.2	26152	G	A	10	5	42	1	0	37	0.0909091	11	0.52381	FALSE	NA	NA	NA	NA	NA	NA
NC_045512.2	26476	A	G	7	5	43	1	1	39	0.125	8	0.533333	FALSE	NA	NA	NA	NA	NA	NA
NC_045512.2	26709	G	A	0	0	0	1	0	39	1	1	1	FALSE	NA	NA	NA	NA	NA	NA
NC_045512.2	27384	T	C	0	0	0	3	1	37	1	3	0.1	FALSE	NA	NA	NA	NA	NA	NA
NC_045512.2	28169	A	G	149	17	40	1	0	38	0.00666667	150	0.501672	FALSE	NA	NA	NA	NA	NA	NA
NC_045512.2	28200	T	G	136	78	40	1	1	38	0.00729927	137	0.501832	FALSE	NA	NA	NA	NA	NA	NA
NC_045512.2	28268	A	+C	105	105	38	1	0	20	0.00952381	105	0.755935	FALSE	NA	NA	NA	NA	NA	NA
NC_045512.2	28271	A	T	1	1	39	99	99	38	0.99	100	2.20876e-57	TRUE	NA	NA	NA	NA	NA	NA
NC_045512.2	28363	A	T	0	0	0	8	0	34	1	8	0.0001554	TRUE	NA	NA	NA	NA	NA	NA
