REGION	POS	REF	ALT	REF_DP	REF_RV	REF_QUAL	ALT_DP	ALT_RV	ALT_QUAL	ALT_FREQ	TOTAL_DP	PVAL	PASS	GFF_FEATURE	REF_CODON	REF_AA	ALT_CODON	ALT_AA	POS_AA
NC_045512.2	593	C	T	0	0	0	2	2	39	1	2	0.333333	FALSE	NA	NA	NA	NA	NA	NA
NC_045512.2	3310	A	G	61	47	41	1	1	39	0.016129	62	0.504065	FALSE	NA	NA	NA	NA	NA	NA
NC_045512.2	11537	A	G	50	36	44	1	1	39	0.0196078	51	0.50495	FALSE	NA	NA	NA	NA	NA	NA
NC_045512.2	12160	G	A	0	0	0	10	6	36	1	10	1.08251e-05	TRUE	NA	NA	NA	NA	NA	NA
NC_045512.2	15714	C	T	0	0	0	23	12	38	1	23	2.42912e-13	TRUE	NA	NA	NA	NA	NA	NA
NC_045512.2	16947	A	G	106	101	40	1	1	33	0.00934579	107	0.502347	FALSE	NA	NA	NA	NA	NA	NA
NC_045512.2	17410	C	T	0	0	0	4	4	38	1	4	0.0285714	FALSE	NA	NA	NA	NA	NA	NA
NC_045512.2	21132	A	T	22	0	39	1	0	39	0.0434783	23	0.511111	FALSE	NA	NA	NA	NA	NA	NA
NC_045512.2	21770	G	A	0	0	0	4	4	38	1	4	0.0285714	FALSE	NA	NA	NA	NA	NA	NA
NC_045512.2	22674	C	T	0	0	0	3	3	34	1	3	0.1	FALSE	NA	NA	NA	NA	NA	NA
NC_045512.2	22882	T	G	0	0	0	1	0	38	1	1	1	FALSE	NA	NA	NA	NA	NA	NA
NC_045512.2	23403	A	G	0	0	0	23	11	38	1	23	2.42912e-13	TRUE	NA	NA	NA	NA	NA	NA
NC_045512.2	25584	C	T	0	0	0	1	1	30	1	1	1	FALSE	NA	NA	NA	NA	NA	NA
NC_045512.2	27384	T	C	51	39	40	3	1	39	0.0555556	54	0.124967	FALSE	NA	NA	NA	NA	NA	NA
NC_045512.2	27843	T	C	177	5	41	1	0	37	0.00561798	178	0.501408	FALSE	NA	NA	NA	NA	NA	NA
NC_045512.2	27879	C	T	72	44	41	2	0	39	0.027027	74	0.251701	FALSE	NA	NA	NA	NA	NA	NA
NC_045512.2	27889	C	T	62	52	39	43	36	38	0.409524	105	6.13968e-16	TRUE	NA	NA	NA	NA	NA	NA
NC_045512.2	28242	G	T	421	394	40	1	1	39	0.00236967	422	0.500593	FALSE	NA	NA	NA	NA	NA	NA
NC_045512.2	28271	A	T	0	0	0	117	117	38	1	117	1.39041e-69	TRUE	NA	NA	NA	NA	NA	NA
NC_045512.2	28311	C	T	0	0	0	1	0	39	1	1	1	FALSE	NA	NA	NA	NA	NA	NA
NC_045512.2	28363	A	T	0	0	0	8	1	37	1	8	0.0001554	TRUE	NA	NA	NA	NA	NA	NA
NC_045512.2	28453	C	T	38	34	45	1	1	39	0.025641	39	0.506494	FALSE	NA	NA	NA	NA	NA	NA
NC_045512.2	28680	A	-G	183	37	45	1	0	20	0.00546448	183	0.75341	FALSE	NA	NA	NA	NA	NA	NA
NC_045512.2	28724	C	T	124	77	40	19	7	38	0.132867	143	1.07756e-06	TRUE	NA	NA	NA	NA	NA	NA
NC_045512.2	29051	C	A	18	6	39	1	0	38	0.0526316	19	0.513514	FALSE	NA	NA	NA	NA	NA	NA
NC_045512.2	29295	A	G	195	18	44	1	0	38	0.00510204	196	0.501279	FALSE	NA	NA	NA	NA	NA	NA
NC_045512.2	29400	C	A	46	46	38	1	1	37	0.0212766	47	0.505376	FALSE	NA	NA	NA	NA	NA	NA
