REGION	POS	REF	ALT	REF_DP	REF_RV	REF_QUAL	ALT_DP	ALT_RV	ALT_QUAL	ALT_FREQ	TOTAL_DP	PVAL	PASS	GFF_FEATURE	REF_CODON	REF_AA	ALT_CODON	ALT_AA	POS_AA
NC_045512.2	12160	G	A	0	0	0	1	1	39	1	1	1	FALSE	NA	NA	NA	NA	NA	NA
NC_045512.2	15166	T	C	1	0	55	1	1	37	0.5	2	0.666667	FALSE	NA	NA	NA	NA	NA	NA
NC_045512.2	15714	C	T	0	0	0	19	12	38	1	19	5.65847e-11	TRUE	NA	NA	NA	NA	NA	NA
NC_045512.2	15738	C	T	39	18	39	13	2	38	0.25	52	5.93249e-05	TRUE	NA	NA	NA	NA	NA	NA
NC_045512.2	16935	G	A	0	0	0	4	3	39	1	4	0.0285714	FALSE	NA	NA	NA	NA	NA	NA
NC_045512.2	17859	T	C	5	5	46	1	1	38	0.166667	6	0.545455	FALSE	NA	NA	NA	NA	NA	NA
NC_045512.2	21770	G	A	6	6	44	1	1	37	0.142857	7	0.538462	FALSE	NA	NA	NA	NA	NA	NA
NC_045512.2	23403	A	G	0	0	0	6	3	38	1	6	0.0021645	TRUE	NA	NA	NA	NA	NA	NA
NC_045512.2	25854	C	T	1	0	39	2	2	39	0.666667	3	0.3	FALSE	NA	NA	NA	NA	NA	NA
NC_045512.2	26709	G	A	0	0	0	1	1	39	1	1	1	FALSE	NA	NA	NA	NA	NA	NA
NC_045512.2	27889	C	T	29	24	44	32	26	41	0.52459	61	1.17079e-12	TRUE	NA	NA	NA	NA	NA	NA
NC_045512.2	28134	G	A	45	0	38	2	0	38	0.0425532	47	0.252688	FALSE	NA	NA	NA	NA	NA	NA
NC_045512.2	28271	A	T	0	0	0	37	37	37	1	37	1.14539e-21	TRUE	NA	NA	NA	NA	NA	NA
NC_045512.2	28311	C	T	0	0	0	1	0	39	1	1	1	FALSE	NA	NA	NA	NA	NA	NA
NC_045512.2	28363	A	T	0	0	0	10	0	37	1	10	1.08251e-05	TRUE	NA	NA	NA	NA	NA	NA
NC_045512.2	28370	A	G	0	0	0	2	1	37	1	2	0.333333	FALSE	NA	NA	NA	NA	NA	NA
NC_045512.2	28681	G	T	15	7	40	59	8	43	0.797297	74	2.71644e-27	TRUE	NA	NA	NA	NA	NA	NA
NC_045512.2	28892	C	T	0	0	0	1	0	39	1	1	1	FALSE	NA	NA	NA	NA	NA	NA
NC_045512.2	29332	G	T	63	40	40	1	0	38	0.015625	64	0.503937	FALSE	NA	NA	NA	NA	NA	NA
NC_045512.2	29395	G	T	48	48	38	8	8	37	0.142857	56	0.00321723	TRUE	NA	NA	NA	NA	NA	NA
NC_045512.2	29614	C	T	40	12	47	1	0	39	0.0243902	41	0.506173	FALSE	NA	NA	NA	NA	NA	NA
NC_045512.2	29642	C	T	44	23	50	2	0	39	0.0434783	46	0.252747	FALSE	NA	NA	NA	NA	NA	NA
NC_045512.2	29666	C	T	45	28	51	1	0	39	0.0217391	46	0.505495	FALSE	NA	NA	NA	NA	NA	NA
