REGION	POS	REF	ALT	REF_DP	REF_RV	REF_QUAL	ALT_DP	ALT_RV	ALT_QUAL	ALT_FREQ	TOTAL_DP	PVAL	PASS	GFF_FEATURE	REF_CODON	REF_AA	ALT_CODON	ALT_AA	POS_AA
NC_045512.2	4184	G	A	0	0	0	1	0	39	1	1	1	FALSE	NA	NA	NA	NA	NA	NA
NC_045512.2	9344	C	T	0	0	0	1	0	39	1	1	1	FALSE	NA	NA	NA	NA	NA	NA
NC_045512.2	9424	A	G	0	0	0	1	1	39	1	1	1	FALSE	NA	NA	NA	NA	NA	NA
NC_045512.2	11193	C	T	97	28	43	1	1	39	0.0102041	98	0.502564	FALSE	NA	NA	NA	NA	NA	NA
NC_045512.2	11194	T	A	92	24	43	1	0	39	0.0107527	93	0.502703	FALSE	NA	NA	NA	NA	NA	NA
NC_045512.2	11269	T	A	31	31	38	1	1	39	0.03125	32	0.507937	FALSE	NA	NA	NA	NA	NA	NA
NC_045512.2	12160	G	A	0	0	0	4	2	38	1	4	0.0285714	FALSE	NA	NA	NA	NA	NA	NA
NC_045512.2	14220	C	T	45	15	44	1	1	39	0.0217391	46	0.505495	FALSE	NA	NA	NA	NA	NA	NA
NC_045512.2	15714	C	T	0	0	0	1	0	38	1	1	1	FALSE	NA	NA	NA	NA	NA	NA
NC_045512.2	16021	T	C	250	34	40	1	0	38	0.00398406	251	0.500998	FALSE	NA	NA	NA	NA	NA	NA
NC_045512.2	16516	A	T	12	0	38	3	0	39	0.2	15	0.124521	FALSE	NA	NA	NA	NA	NA	NA
NC_045512.2	16616	C	A	35	27	42	7	1	39	0.166667	42	0.0064978	TRUE	NA	NA	NA	NA	NA	NA
NC_045512.2	17410	C	T	0	0	0	1	1	38	1	1	1	FALSE	NA	NA	NA	NA	NA	NA
NC_045512.2	17499	T	C	27	19	38	1	1	39	0.0357143	28	0.509091	FALSE	NA	NA	NA	NA	NA	NA
NC_045512.2	20292	G	A	38	15	44	1	0	36	0.025641	39	0.506494	FALSE	NA	NA	NA	NA	NA	NA
NC_045512.2	21770	G	A	0	0	0	2	2	35	1	2	0.333333	FALSE	NA	NA	NA	NA	NA	NA
NC_045512.2	23403	A	G	0	0	0	1	0	39	1	1	1	FALSE	NA	NA	NA	NA	NA	NA
NC_045512.2	27513	C	T	0	0	0	1	1	39	1	1	1	FALSE	NA	NA	NA	NA	NA	NA
NC_045512.2	28142	T	C	81	1	39	1	0	37	0.0121951	82	0.503067	FALSE	NA	NA	NA	NA	NA	NA
NC_045512.2	28271	A	T	0	0	0	32	32	38	1	32	1.09133e-18	TRUE	NA	NA	NA	NA	NA	NA
NC_045512.2	28330	A	G	5	0	38	1	0	38	0.166667	6	0.545455	FALSE	NA	NA	NA	NA	NA	NA
NC_045512.2	28363	A	T	0	0	0	3	0	38	1	3	0.1	FALSE	NA	NA	NA	NA	NA	NA
NC_045512.2	28681	G	T	88	21	44	16	2	37	0.153846	104	8.8565e-06	TRUE	NA	NA	NA	NA	NA	NA
NC_045512.2	28721	A	G	96	48	40	1	0	38	0.0103093	97	0.502591	FALSE	NA	NA	NA	NA	NA	NA
NC_045512.2	29581	T	C	13	0	37	1	0	38	0.0714286	14	0.518519	FALSE	NA	NA	NA	NA	NA	NA
NC_045512.2	29666	C	T	160	128	49	1	1	39	0.00621118	161	0.501558	FALSE	NA	NA	NA	NA	NA	NA
