REGION	POS	REF	ALT	REF_DP	REF_RV	REF_QUAL	ALT_DP	ALT_RV	ALT_QUAL	ALT_FREQ	TOTAL_DP	PVAL	PASS	GFF_FEATURE	REF_CODON	REF_AA	ALT_CODON	ALT_AA	POS_AA
NC_045512.2	241	C	T	0	0	0	2	2	34	1	2	0.333333	FALSE	NA	NA	NA	NA	NA	NA
NC_045512.2	4986	T	G	14	14	34	1	1	34	0.0666667	15	0.517241	FALSE	NA	NA	NA	NA	NA	NA
NC_045512.2	19326	A	G	0	0	0	6	5	34	1	6	0.0021645	TRUE	NA	NA	NA	NA	NA	NA
NC_045512.2	19598	G	T	71	36	39	1	1	26	0.0138889	72	0.503497	FALSE	NA	NA	NA	NA	NA	NA
NC_045512.2	23230	C	-A	28	0	33	5	0	20	0.178571	28	0.0434561	FALSE	NA	NA	NA	NA	NA	NA
NC_045512.2	23231	A	C	20	0	33	1	1	34	0.047619	21	0.466667	FALSE	NA	NA	NA	NA	NA	NA
NC_045512.2	23248	C	T	3	1	34	2	1	30	0.4	5	0.277778	FALSE	NA	NA	NA	NA	NA	NA
NC_045512.2	27384	T	C	0	0	0	1	0	34	1	1	1	FALSE	NA	NA	NA	NA	NA	NA
