REGION	POS	REF	ALT	REF_DP	REF_RV	REF_QUAL	ALT_DP	ALT_RV	ALT_QUAL	ALT_FREQ	TOTAL_DP	PVAL	PASS	GFF_FEATURE	REF_CODON	REF_AA	ALT_CODON	ALT_AA	POS_AA
NC_045512.2	8323	T	C	1	0	38	1	0	38	0.5	2	0.666667	FALSE	NA	NA	NA	NA	NA	NA
NC_045512.2	10385	A	G	9	0	35	1	0	32	0.1	10	0.526316	FALSE	NA	NA	NA	NA	NA	NA
NC_045512.2	12391	T	C	6	0	38	1	0	39	0.142857	7	0.538462	FALSE	NA	NA	NA	NA	NA	NA
NC_045512.2	12513	C	T	72	72	37	1	1	38	0.0136986	73	0.503448	FALSE	NA	NA	NA	NA	NA	NA
NC_045512.2	13838	A	G	1	0	39	1	1	33	0.5	2	0.666667	FALSE	NA	NA	NA	NA	NA	NA
NC_045512.2	16371	T	C	2	0	37	1	0	39	0.333333	3	0.6	FALSE	NA	NA	NA	NA	NA	NA
NC_045512.2	17464	A	G	1	0	34	1	0	38	0.5	2	0.666667	FALSE	NA	NA	NA	NA	NA	NA
NC_045512.2	21469	A	G	28	28	38	1	1	39	0.0344828	29	0.508772	FALSE	NA	NA	NA	NA	NA	NA
NC_045512.2	21576	T	C	2	2	37	1	1	36	0.333333	3	0.6	FALSE	NA	NA	NA	NA	NA	NA
NC_045512.2	21999	A	-C	1	0	38	1	0	20	1	1	1	FALSE	NA	NA	NA	NA	NA	NA
NC_045512.2	26171	T	A	23	23	38	7	7	39	0.233333	30	0.00596747	TRUE	NA	NA	NA	NA	NA	NA
NC_045512.2	26577	C	G	0	0	0	3	0	33	1	3	0.1	FALSE	NA	NA	NA	NA	NA	NA
NC_045512.2	27847	C	A	1	0	38	1	0	27	0.5	2	0.666667	FALSE	NA	NA	NA	NA	NA	NA
