REGION	POS	REF	ALT	REF_DP	REF_RV	REF_QUAL	ALT_DP	ALT_RV	ALT_QUAL	ALT_FREQ	TOTAL_DP	PVAL	PASS	GFF_FEATURE	REF_CODON	REF_AA	ALT_CODON	ALT_AA	POS_AA
NC_045512.2	241	C	T	0	0	0	1	0	34	1	1	1	FALSE	NA	NA	NA	NA	NA	NA
NC_045512.2	4867	T	C	21	2	35	1	0	34	0.0454545	22	0.511628	FALSE	NA	NA	NA	NA	NA	NA
NC_045512.2	9534	C	T	0	0	0	3	0	34	1	3	0.1	FALSE	NA	NA	NA	NA	NA	NA
NC_045512.2	17410	C	T	0	0	0	11	8	34	1	11	2.83514e-06	TRUE	NA	NA	NA	NA	NA	NA
NC_045512.2	18628	T	A	107	13	36	1	0	26	0.00925926	108	0.753488	FALSE	NA	NA	NA	NA	NA	NA
NC_045512.2	18692	C	A	55	53	34	1	0	34	0.0178571	56	0.504505	FALSE	NA	NA	NA	NA	NA	NA
NC_045512.2	18703	G	T	0	0	0	63	63	33	1	63	3.31404e-37	TRUE	NA	NA	NA	NA	NA	NA
NC_045512.2	19326	A	G	0	0	0	11	5	32	1	11	2.83514e-06	TRUE	NA	NA	NA	NA	NA	NA
NC_045512.2	19623	T	G	20	16	37	1	1	26	0.047619	21	0.512195	FALSE	NA	NA	NA	NA	NA	NA
NC_045512.2	21466	A	T	1	0	34	1	0	26	0.5	2	0.666667	FALSE	NA	NA	NA	NA	NA	NA
NC_045512.2	22033	C	A	11	0	35	4	0	28	0.266667	15	0.0574713	FALSE	NA	NA	NA	NA	NA	NA
NC_045512.2	22109	C	G	0	0	0	8	8	34	1	8	0.0001554	TRUE	NA	NA	NA	NA	NA	NA
NC_045512.2	23214	T	C	75	0	33	1	0	34	0.0131579	76	0.503311	FALSE	NA	NA	NA	NA	NA	NA
NC_045512.2	27384	T	C	0	0	0	1	0	34	1	1	1	FALSE	NA	NA	NA	NA	NA	NA
NC_045512.2	29605	A	C	35	2	34	1	0	26	0.0277778	36	0.507042	FALSE	NA	NA	NA	NA	NA	NA
NC_045512.2	29666	C	T	152	85	43	12	1	34	0.0731707	164	0.000205704	TRUE	NA	NA	NA	NA	NA	NA
