REGION	POS	REF	ALT	REF_DP	REF_RV	REF_QUAL	ALT_DP	ALT_RV	ALT_QUAL	ALT_FREQ	TOTAL_DP	PVAL	PASS	GFF_FEATURE	REF_CODON	REF_AA	ALT_CODON	ALT_AA	POS_AA
NC_045512.2	4825	T	A	10	10	42	1	1	38	0.0909091	11	0.52381	FALSE	NA	NA	NA	NA	NA	NA
NC_045512.2	5159	T	G	8	6	38	1	1	29	0.111111	9	0.529412	FALSE	NA	NA	NA	NA	NA	NA
NC_045512.2	12160	G	A	0	0	0	2	2	38	1	2	0.333333	FALSE	NA	NA	NA	NA	NA	NA
NC_045512.2	13940	A	G	2	1	38	2	1	39	0.5	4	0.285714	FALSE	NA	NA	NA	NA	NA	NA
NC_045512.2	14010	A	C	2	2	38	4	4	39	0.666667	6	0.0454545	FALSE	NA	NA	NA	NA	NA	NA
NC_045512.2	15714	C	T	0	0	0	27	15	41	1	27	1.02725e-15	TRUE	NA	NA	NA	NA	NA	NA
NC_045512.2	15785	T	A	207	190	43	1	1	39	0.00480769	208	0.501205	FALSE	NA	NA	NA	NA	NA	NA
NC_045512.2	15789	G	A	200	184	43	1	1	39	0.00497512	201	0.501247	FALSE	NA	NA	NA	NA	NA	NA
NC_045512.2	27282	G	A	2	0	39	1	0	39	0.333333	3	0.6	FALSE	NA	NA	NA	NA	NA	NA
NC_045512.2	27889	C	T	0	0	0	27	21	41	1	27	1.02725e-15	TRUE	NA	NA	NA	NA	NA	NA
NC_045512.2	27914	A	G	29	17	38	1	1	39	0.0333333	30	0.508475	FALSE	NA	NA	NA	NA	NA	NA
NC_045512.2	27967	G	T	14	14	38	1	1	39	0.0666667	15	0.517241	FALSE	NA	NA	NA	NA	NA	NA
NC_045512.2	28271	A	T	0	0	0	42	42	38	1	42	1.19125e-24	TRUE	NA	NA	NA	NA	NA	NA
NC_045512.2	28330	A	G	0	0	0	1	0	38	1	1	1	FALSE	NA	NA	NA	NA	NA	NA
NC_045512.2	28362	G	T	0	0	0	1	0	37	1	1	1	FALSE	NA	NA	NA	NA	NA	NA
NC_045512.2	28705	T	A	28	19	41	1	1	28	0.0344828	29	0.508772	FALSE	NA	NA	NA	NA	NA	NA
NC_045512.2	28724	C	T	25	14	39	5	3	37	0.166667	30	0.0284648	FALSE	NA	NA	NA	NA	NA	NA
NC_045512.2	29307	A	T	26	10	41	1	0	33	0.037037	27	0.509434	FALSE	NA	NA	NA	NA	NA	NA
