REGION	POS	REF	ALT	REF_DP	REF_RV	REF_QUAL	ALT_DP	ALT_RV	ALT_QUAL	ALT_FREQ	TOTAL_DP	PVAL	PASS	GFF_FEATURE	REF_CODON	REF_AA	ALT_CODON	ALT_AA	POS_AA
NC_045512.2	12160	G	A	0	0	0	2	2	39	1	2	0.333333	FALSE	NA	NA	NA	NA	NA	NA
NC_045512.2	13107	A	T	5	5	38	1	1	37	0.166667	6	0.545455	FALSE	NA	NA	NA	NA	NA	NA
NC_045512.2	15690	T	-A	60	1	40	1	0	20	0.0166667	60	0.508333	FALSE	NA	NA	NA	NA	NA	NA
NC_045512.2	15714	C	T	0	0	0	6	2	38	1	6	0.0021645	TRUE	NA	NA	NA	NA	NA	NA
NC_045512.2	15805	C	-A	25	25	38	4	0	20	0.16	25	0.0811099	FALSE	NA	NA	NA	NA	NA	NA
NC_045512.2	15809	A	C	5	5	38	1	1	37	0.166667	6	0.545455	FALSE	NA	NA	NA	NA	NA	NA
NC_045512.2	16935	G	A	1	1	38	6	4	37	0.857143	7	0.00407925	TRUE	NA	NA	NA	NA	NA	NA
NC_045512.2	28196	T	C	58	36	38	1	1	38	0.0169492	59	0.504274	FALSE	NA	NA	NA	NA	NA	NA
NC_045512.2	28261	C	T	71	69	39	1	1	39	0.0138889	72	0.503497	FALSE	NA	NA	NA	NA	NA	NA
NC_045512.2	28271	A	T	0	0	0	52	52	38	1	52	1.26337e-30	TRUE	NA	NA	NA	NA	NA	NA
NC_045512.2	28335	C	T	7	0	38	1	0	39	0.125	8	0.533333	FALSE	NA	NA	NA	NA	NA	NA
NC_045512.2	28363	A	T	0	0	0	4	0	36	1	4	0.0285714	FALSE	NA	NA	NA	NA	NA	NA
NC_045512.2	28681	G	T	26	3	47	14	3	41	0.35	40	1.86517e-05	TRUE	NA	NA	NA	NA	NA	NA
NC_045512.2	28719	G	A	32	19	39	1	1	39	0.030303	33	0.507692	FALSE	NA	NA	NA	NA	NA	NA
