REGION	POS	REF	ALT	REF_DP	REF_RV	REF_QUAL	ALT_DP	ALT_RV	ALT_QUAL	ALT_FREQ	TOTAL_DP	PVAL	PASS	GFF_FEATURE	REF_CODON	REF_AA	ALT_CODON	ALT_AA	POS_AA
NC_045512.2	840	G	T	0	0	0	1	0	29	1	1	1	FALSE	NA	NA	NA	NA	NA	NA
NC_045512.2	9424	A	G	0	0	0	2	2	39	1	2	0.333333	FALSE	NA	NA	NA	NA	NA	NA
NC_045512.2	11471	C	A	22	5	49	1	0	39	0.0434783	23	0.511111	FALSE	NA	NA	NA	NA	NA	NA
NC_045512.2	11537	A	T	26	17	41	1	1	39	0.037037	27	0.509434	FALSE	NA	NA	NA	NA	NA	NA
NC_045512.2	12160	G	A	0	0	0	1	1	39	1	1	1	FALSE	NA	NA	NA	NA	NA	NA
NC_045512.2	13097	A	G	41	41	39	1	1	39	0.0238095	42	0.506024	FALSE	NA	NA	NA	NA	NA	NA
NC_045512.2	16957	G	T	10	10	38	7	7	38	0.411765	17	0.00455238	TRUE	NA	NA	NA	NA	NA	NA
NC_045512.2	21778	G	A	0	0	0	2	2	34	1	2	0.333333	FALSE	NA	NA	NA	NA	NA	NA
NC_045512.2	23403	A	G	0	0	0	8	1	38	1	8	0.0001554	TRUE	NA	NA	NA	NA	NA	NA
NC_045512.2	25584	C	T	0	0	0	3	3	39	1	3	0.1	FALSE	NA	NA	NA	NA	NA	NA
NC_045512.2	27386	A	T	36	31	40	1	1	39	0.027027	37	0.506849	FALSE	NA	NA	NA	NA	NA	NA
NC_045512.2	27889	C	T	0	0	0	50	42	41	1	50	1.98233e-29	TRUE	NA	NA	NA	NA	NA	NA
NC_045512.2	27948	G	T	39	35	44	14	14	38	0.264151	53	2.62018e-05	TRUE	NA	NA	NA	NA	NA	NA
NC_045512.2	28271	A	T	0	0	0	19	19	38	1	19	5.65847e-11	TRUE	NA	NA	NA	NA	NA	NA
NC_045512.2	28330	A	G	0	0	0	1	0	38	1	1	1	FALSE	NA	NA	NA	NA	NA	NA
NC_045512.2	28363	A	T	0	0	0	2	0	38	1	2	0.333333	FALSE	NA	NA	NA	NA	NA	NA
NC_045512.2	28700	A	G	15	4	41	1	1	33	0.0625	16	0.516129	FALSE	NA	NA	NA	NA	NA	NA
