REGION	POS	REF	ALT	REF_DP	REF_RV	REF_QUAL	ALT_DP	ALT_RV	ALT_QUAL	ALT_FREQ	TOTAL_DP	PVAL	PASS	GFF_FEATURE	REF_CODON	REF_AA	ALT_CODON	ALT_AA	POS_AA
NC_045512.2	11116	T	C	0	0	0	1	0	38	1	1	1	FALSE	NA	NA	NA	NA	NA	NA
NC_045512.2	12160	G	A	1	0	39	2	2	38	0.666667	3	0.3	FALSE	NA	NA	NA	NA	NA	NA
NC_045512.2	14257	T	C	8	6	43	1	1	39	0.111111	9	0.529412	FALSE	NA	NA	NA	NA	NA	NA
NC_045512.2	15714	C	T	0	0	0	18	11	38	1	18	2.20382e-10	TRUE	NA	NA	NA	NA	NA	NA
NC_045512.2	16014	G	A	33	5	46	5	0	37	0.131579	38	0.0290823	FALSE	NA	NA	NA	NA	NA	NA
NC_045512.2	16935	G	A	16	15	38	1	1	39	0.0588235	17	0.515152	FALSE	NA	NA	NA	NA	NA	NA
NC_045512.2	17410	C	T	0	0	0	4	4	38	1	4	0.0285714	FALSE	NA	NA	NA	NA	NA	NA
NC_045512.2	23403	A	G	0	0	0	6	3	45	1	6	0.0021645	TRUE	NA	NA	NA	NA	NA	NA
NC_045512.2	24705	A	C	4	4	39	1	1	39	0.2	5	0.555556	FALSE	NA	NA	NA	NA	NA	NA
NC_045512.2	25584	C	T	0	0	0	2	2	36	1	2	0.333333	FALSE	NA	NA	NA	NA	NA	NA
NC_045512.2	27389	C	T	10	10	41	2	2	39	0.166667	12	0.26087	FALSE	NA	NA	NA	NA	NA	NA
NC_045512.2	27889	C	T	3	2	51	49	43	41	0.942308	52	3.13367e-26	TRUE	NA	NA	NA	NA	NA	NA
NC_045512.2	27915	G	T	43	33	38	2	2	39	0.0444444	45	0.252809	FALSE	NA	NA	NA	NA	NA	NA
NC_045512.2	28147	C	-T	218	2	39	1	0	20	0.00458716	218	0.87757	FALSE	NA	NA	NA	NA	NA	NA
NC_045512.2	28189	T	C	111	60	38	1	0	26	0.00892857	112	0.753363	FALSE	NA	NA	NA	NA	NA	NA
NC_045512.2	28271	A	T	0	0	0	67	67	38	1	67	1.33485e-39	TRUE	NA	NA	NA	NA	NA	NA
NC_045512.2	28330	A	G	14	1	41	4	0	34	0.222222	18	0.0584416	FALSE	NA	NA	NA	NA	NA	NA
NC_045512.2	28363	A	T	0	0	0	15	0	36	1	15	1.28935e-08	TRUE	NA	NA	NA	NA	NA	NA
NC_045512.2	28370	A	G	0	0	0	14	0	37	1	14	4.98547e-08	TRUE	NA	NA	NA	NA	NA	NA
NC_045512.2	28681	G	T	85	9	43	13	4	42	0.132653	98	8.54415e-05	TRUE	NA	NA	NA	NA	NA	NA
NC_045512.2	29000	G	T	8	6	45	1	1	39	0.111111	9	0.529412	FALSE	NA	NA	NA	NA	NA	NA
