REGION	POS	REF	ALT	REF_DP	REF_RV	REF_QUAL	ALT_DP	ALT_RV	ALT_QUAL	ALT_FREQ	TOTAL_DP	PVAL	PASS	GFF_FEATURE	REF_CODON	REF_AA	ALT_CODON	ALT_AA	POS_AA
NC_045512.2	5813	G	T	0	0	0	1	1	27	1	1	1	FALSE	NA	NA	NA	NA	NA	NA
NC_045512.2	15693	A	T	333	9	39	1	0	38	0.00299401	334	0.50075	FALSE	NA	NA	NA	NA	NA	NA
NC_045512.2	15714	C	T	0	0	0	74	40	41	1	74	8.56081e-44	TRUE	NA	NA	NA	NA	NA	NA
NC_045512.2	15797	T	C	332	316	41	1	1	39	0.003003	333	0.500752	FALSE	NA	NA	NA	NA	NA	NA
NC_045512.2	21766	A	C	0	0	0	2	2	39	1	2	0.333333	FALSE	NA	NA	NA	NA	NA	NA
NC_045512.2	21770	G	A	0	0	0	4	4	35	1	4	0.0285714	FALSE	NA	NA	NA	NA	NA	NA
NC_045512.2	23403	A	G	0	0	0	15	4	38	1	15	1.28935e-08	TRUE	NA	NA	NA	NA	NA	NA
NC_045512.2	28196	T	A	136	83	39	1	1	39	0.00729927	137	0.501832	FALSE	NA	NA	NA	NA	NA	NA
NC_045512.2	28213	A	T	140	86	41	1	0	39	0.0070922	141	0.501779	FALSE	NA	NA	NA	NA	NA	NA
NC_045512.2	28260	A	G	141	140	37	1	1	38	0.00704225	142	0.501767	FALSE	NA	NA	NA	NA	NA	NA
NC_045512.2	28271	A	T	0	0	0	93	93	38	1	93	3.49021e-55	TRUE	NA	NA	NA	NA	NA	NA
NC_045512.2	29293	T	A	54	4	44	1	0	37	0.0181818	55	0.504587	FALSE	NA	NA	NA	NA	NA	NA
