REGION	POS	REF	ALT	REF_DP	REF_RV	REF_QUAL	ALT_DP	ALT_RV	ALT_QUAL	ALT_FREQ	TOTAL_DP	PVAL	PASS	GFF_FEATURE	REF_CODON	REF_AA	ALT_CODON	ALT_AA	POS_AA
NC_045512.2	5777	C	T	2	1	38	1	0	39	0.333333	3	0.6	FALSE	NA	NA	NA	NA	NA	NA
NC_045512.2	9534	C	T	0	0	0	1	0	38	1	1	1	FALSE	NA	NA	NA	NA	NA	NA
NC_045512.2	10304	A	C	9	6	51	1	0	34	0.1	10	0.526316	FALSE	NA	NA	NA	NA	NA	NA
NC_045512.2	12101	T	C	10	1	38	1	0	30	0.0909091	11	0.52381	FALSE	NA	NA	NA	NA	NA	NA
NC_045512.2	12160	G	A	0	0	0	2	1	38	1	2	0.333333	FALSE	NA	NA	NA	NA	NA	NA
NC_045512.2	12310	G	A	0	0	0	1	1	39	1	1	1	FALSE	NA	NA	NA	NA	NA	NA
NC_045512.2	15714	C	T	0	0	0	5	4	37	1	5	0.00793651	TRUE	NA	NA	NA	NA	NA	NA
NC_045512.2	16041	C	T	20	5	42	1	0	30	0.047619	21	0.512195	FALSE	NA	NA	NA	NA	NA	NA
NC_045512.2	16091	A	G	56	54	37	1	1	29	0.0175439	57	0.504425	FALSE	NA	NA	NA	NA	NA	NA
NC_045512.2	16869	C	A	10	8	37	1	1	30	0.0909091	11	0.52381	FALSE	NA	NA	NA	NA	NA	NA
NC_045512.2	17407	T	G	0	0	0	1	1	27	1	1	1	FALSE	NA	NA	NA	NA	NA	NA
NC_045512.2	18741	T	C	5	2	38	1	1	38	0.166667	6	0.545455	FALSE	NA	NA	NA	NA	NA	NA
NC_045512.2	19625	T	C	3	0	38	1	0	30	0.25	4	0.571429	FALSE	NA	NA	NA	NA	NA	NA
NC_045512.2	20365	C	A	5	5	38	1	1	37	0.166667	6	0.545455	FALSE	NA	NA	NA	NA	NA	NA
NC_045512.2	21721	C	T	2	1	39	1	1	39	0.333333	3	0.6	FALSE	NA	NA	NA	NA	NA	NA
NC_045512.2	21770	G	A	0	0	0	2	2	38	1	2	0.333333	FALSE	NA	NA	NA	NA	NA	NA
NC_045512.2	22578	G	A	0	0	0	1	0	32	1	1	1	FALSE	NA	NA	NA	NA	NA	NA
NC_045512.2	23403	A	G	0	0	0	4	3	39	1	4	0.0285714	FALSE	NA	NA	NA	NA	NA	NA
NC_045512.2	24316	G	T	5	1	46	1	0	35	0.166667	6	0.545455	FALSE	NA	NA	NA	NA	NA	NA
NC_045512.2	25191	T	C	2	0	38	1	0	30	0.333333	3	0.6	FALSE	NA	NA	NA	NA	NA	NA
NC_045512.2	25550	T	G	0	0	0	1	1	37	1	1	1	FALSE	NA	NA	NA	NA	NA	NA
NC_045512.2	27889	C	T	0	0	0	18	11	44	1	18	2.20382e-10	TRUE	NA	NA	NA	NA	NA	NA
NC_045512.2	28136	T	C	22	0	37	1	0	30	0.0434783	23	0.511111	FALSE	NA	NA	NA	NA	NA	NA
NC_045512.2	28184	T	G	12	6	38	1	1	37	0.0769231	13	0.52	FALSE	NA	NA	NA	NA	NA	NA
NC_045512.2	28271	A	T	0	0	0	13	13	38	1	13	1.92297e-07	TRUE	NA	NA	NA	NA	NA	NA
NC_045512.2	28330	A	G	4	0	37	1	0	38	0.2	5	0.555556	FALSE	NA	NA	NA	NA	NA	NA
NC_045512.2	28363	A	T	0	0	0	4	0	38	1	4	0.0285714	FALSE	NA	NA	NA	NA	NA	NA
NC_045512.2	28724	C	T	5	1	38	1	0	39	0.166667	6	0.545455	FALSE	NA	NA	NA	NA	NA	NA
NC_045512.2	28991	C	A	4	1	38	1	0	28	0.2	5	0.555556	FALSE	NA	NA	NA	NA	NA	NA
NC_045512.2	29510	A	C	0	0	0	1	1	38	1	1	1	FALSE	NA	NA	NA	NA	NA	NA
