REGION	POS	REF	ALT	REF_DP	REF_RV	REF_QUAL	ALT_DP	ALT_RV	ALT_QUAL	ALT_FREQ	TOTAL_DP	PVAL	PASS	GFF_FEATURE	REF_CODON	REF_AA	ALT_CODON	ALT_AA	POS_AA
NC_045512.2	15714	C	T	0	0	0	14	9	43	1	14	4.98547e-08	TRUE	NA	NA	NA	NA	NA	NA
NC_045512.2	16366	T	C	6	5	45	1	1	39	0.142857	7	0.538462	FALSE	NA	NA	NA	NA	NA	NA
NC_045512.2	17410	C	T	0	0	0	1	0	39	1	1	1	FALSE	NA	NA	NA	NA	NA	NA
NC_045512.2	17500	T	C	2	2	39	2	0	39	0.5	4	0.285714	FALSE	NA	NA	NA	NA	NA	NA
NC_045512.2	23075	T	C	0	0	0	1	0	39	1	1	1	FALSE	NA	NA	NA	NA	NA	NA
NC_045512.2	23403	A	G	0	0	0	5	3	38	1	5	0.00793651	TRUE	NA	NA	NA	NA	NA	NA
NC_045512.2	27382	G	C	0	0	0	1	1	39	1	1	1	FALSE	NA	NA	NA	NA	NA	NA
NC_045512.2	28215	T	C	78	56	43	1	0	39	0.0126582	79	0.503185	FALSE	NA	NA	NA	NA	NA	NA
NC_045512.2	28271	A	T	0	0	0	38	38	38	1	38	2.90165e-22	TRUE	NA	NA	NA	NA	NA	NA
NC_045512.2	28363	A	T	0	0	0	6	0	37	1	6	0.0021645	TRUE	NA	NA	NA	NA	NA	NA
NC_045512.2	28370	A	G	0	0	0	5	0	38	1	5	0.00793651	TRUE	NA	NA	NA	NA	NA	NA
NC_045512.2	28383	C	-A	20	3	37	1	0	20	0.05	20	0.525	FALSE	NA	NA	NA	NA	NA	NA
NC_045512.2	29868	G	A	0	0	0	1	0	31	1	1	1	FALSE	NA	NA	NA	NA	NA	NA
