REGION	POS	REF	ALT	REF_DP	REF_RV	REF_QUAL	ALT_DP	ALT_RV	ALT_QUAL	ALT_FREQ	TOTAL_DP	PVAL	PASS	GFF_FEATURE	REF_CODON	REF_AA	ALT_CODON	ALT_AA	POS_AA
NC_045512.2	6979	T	G	7	7	44	11	11	38	0.611111	18	7.62752e-05	TRUE	NA	NA	NA	NA	NA	NA
NC_045512.2	8004	T	G	0	0	0	1	0	36	1	1	1	FALSE	NA	NA	NA	NA	NA	NA
NC_045512.2	9711	C	T	19	16	49	1	0	77	0.05	20	0.512821	FALSE	NA	NA	NA	NA	NA	NA
NC_045512.2	10318	G	A	12	10	42	2	2	38	0.142857	14	0.259259	FALSE	NA	NA	NA	NA	NA	NA
NC_045512.2	13029	G	T	34	25	39	1	0	37	0.0285714	35	0.507246	FALSE	NA	NA	NA	NA	NA	NA
NC_045512.2	15693	A	G	106	0	38	1	0	39	0.00934579	107	0.502347	FALSE	NA	NA	NA	NA	NA	NA
NC_045512.2	15714	C	T	0	0	0	19	12	38	1	19	5.65847e-11	TRUE	NA	NA	NA	NA	NA	NA
NC_045512.2	15790	T	C	141	134	40	1	1	37	0.00704225	142	0.501767	FALSE	NA	NA	NA	NA	NA	NA
NC_045512.2	16030	A	G	96	18	41	1	1	39	0.0103093	97	0.502591	FALSE	NA	NA	NA	NA	NA	NA
NC_045512.2	16059	T	C	86	17	39	1	0	38	0.0114943	87	0.50289	FALSE	NA	NA	NA	NA	NA	NA
NC_045512.2	17410	C	T	0	0	0	1	1	37	1	1	1	FALSE	NA	NA	NA	NA	NA	NA
NC_045512.2	18804	C	T	11	10	40	2	2	39	0.153846	13	0.26	FALSE	NA	NA	NA	NA	NA	NA
NC_045512.2	19746	G	-T	42	39	44	1	0	20	0.0238095	42	0.511905	FALSE	NA	NA	NA	NA	NA	NA
NC_045512.2	20628	C	T	13	10	38	1	0	39	0.0714286	14	0.518519	FALSE	NA	NA	NA	NA	NA	NA
NC_045512.2	22600	A	T	3	2	38	1	1	39	0.25	4	0.571429	FALSE	NA	NA	NA	NA	NA	NA
NC_045512.2	23403	A	G	0	0	0	3	1	39	1	3	0.1	FALSE	NA	NA	NA	NA	NA	NA
NC_045512.2	25584	C	T	0	0	0	1	1	39	1	1	1	FALSE	NA	NA	NA	NA	NA	NA
NC_045512.2	26850	T	C	2	2	38	1	1	38	0.333333	3	0.6	FALSE	NA	NA	NA	NA	NA	NA
NC_045512.2	27889	C	T	0	0	0	76	67	41	1	76	5.42209e-45	TRUE	NA	NA	NA	NA	NA	NA
NC_045512.2	28271	A	T	0	0	0	15	15	38	1	15	1.28935e-08	TRUE	NA	NA	NA	NA	NA	NA
NC_045512.2	28330	A	G	0	0	0	4	0	37	1	4	0.0285714	FALSE	NA	NA	NA	NA	NA	NA
NC_045512.2	28363	A	T	0	0	0	11	0	36	1	11	2.83514e-06	TRUE	NA	NA	NA	NA	NA	NA
NC_045512.2	28370	A	G	0	0	0	4	0	39	1	4	0.0285714	FALSE	NA	NA	NA	NA	NA	NA
NC_045512.2	28759	T	C	47	45	41	1	1	39	0.0208333	48	0.505263	FALSE	NA	NA	NA	NA	NA	NA
NC_045512.2	29622	A	G	68	20	43	1	0	39	0.0144928	69	0.50365	FALSE	NA	NA	NA	NA	NA	NA
