REGION	POS	REF	ALT	REF_DP	REF_RV	REF_QUAL	ALT_DP	ALT_RV	ALT_QUAL	ALT_FREQ	TOTAL_DP	PVAL	PASS	GFF_FEATURE	REF_CODON	REF_AA	ALT_CODON	ALT_AA	POS_AA
NC_045512.2	1987	A	G	30	0	38	1	0	39	0.0322581	31	0.508197	FALSE	NA	NA	NA	NA	NA	NA
NC_045512.2	4184	G	A	0	0	0	1	0	39	1	1	1	FALSE	NA	NA	NA	NA	NA	NA
NC_045512.2	5709	A	G	31	2	45	1	0	39	0.03125	32	0.507937	FALSE	NA	NA	NA	NA	NA	NA
NC_045512.2	15714	C	T	1	0	38	41	23	39	0.97619	42	5.00324e-23	TRUE	NA	NA	NA	NA	NA	NA
NC_045512.2	15791	C	T	219	207	41	1	1	39	0.00454545	220	0.501139	FALSE	NA	NA	NA	NA	NA	NA
NC_045512.2	16044	A	G	7	1	38	1	0	38	0.125	8	0.533333	FALSE	NA	NA	NA	NA	NA	NA
NC_045512.2	16580	C	A	12	5	45	1	1	39	0.0769231	13	0.52	FALSE	NA	NA	NA	NA	NA	NA
NC_045512.2	17410	C	T	0	0	0	3	3	51	1	3	0.1	FALSE	NA	NA	NA	NA	NA	NA
NC_045512.2	18743	A	T	22	6	39	1	0	39	0.0434783	23	0.511111	FALSE	NA	NA	NA	NA	NA	NA
NC_045512.2	20337	T	A	19	11	42	1	1	35	0.05	20	0.512821	FALSE	NA	NA	NA	NA	NA	NA
NC_045512.2	21697	C	T	10	0	42	2	0	39	0.166667	12	0.26087	FALSE	NA	NA	NA	NA	NA	NA
NC_045512.2	21721	C	T	5	1	44	7	2	38	0.583333	12	0.00323058	TRUE	NA	NA	NA	NA	NA	NA
NC_045512.2	21773	T	G	23	20	46	1	1	39	0.0416667	24	0.510638	FALSE	NA	NA	NA	NA	NA	NA
NC_045512.2	23403	A	G	0	0	0	13	6	37	1	13	1.92297e-07	TRUE	NA	NA	NA	NA	NA	NA
NC_045512.2	25584	C	T	0	0	0	2	2	39	1	2	0.333333	FALSE	NA	NA	NA	NA	NA	NA
NC_045512.2	27382	G	C	0	0	0	1	0	37	1	1	1	FALSE	NA	NA	NA	NA	NA	NA
NC_045512.2	27874	C	T	40	27	42	2	0	39	0.047619	42	0.253012	FALSE	NA	NA	NA	NA	NA	NA
NC_045512.2	28178	G	T	180	67	43	6	0	38	0.0322581	186	0.0152443	FALSE	NA	NA	NA	NA	NA	NA
NC_045512.2	28214	C	+T	166	106	40	1	0	20	0.0060241	166	0.753758	FALSE	NA	NA	NA	NA	NA	NA
NC_045512.2	28232	C	T	213	167	38	1	1	34	0.0046729	214	0.501171	FALSE	NA	NA	NA	NA	NA	NA
NC_045512.2	28271	A	T	0	0	0	96	95	38	1	96	5.54047e-57	TRUE	NA	NA	NA	NA	NA	NA
NC_045512.2	28363	A	T	4	1	37	10	0	36	0.714286	14	0.000118654	TRUE	NA	NA	NA	NA	NA	NA
NC_045512.2	28370	A	G	4	0	34	3	2	38	0.428571	7	0.122378	FALSE	NA	NA	NA	NA	NA	NA
NC_045512.2	28430	T	C	26	24	39	1	1	32	0.037037	27	0.509434	FALSE	NA	NA	NA	NA	NA	NA
NC_045512.2	28461	A	G	17	16	42	1	1	39	0.0555556	18	0.514286	FALSE	NA	NA	NA	NA	NA	NA
NC_045512.2	28677	C	T	44	8	41	3	0	39	0.0638298	47	0.124956	FALSE	NA	NA	NA	NA	NA	NA
NC_045512.2	28711	T	G	40	15	40	1	0	39	0.0243902	41	0.506173	FALSE	NA	NA	NA	NA	NA	NA
NC_045512.2	29304	C	+A	22	8	38	1	0	20	0.0454545	22	0.522727	FALSE	NA	NA	NA	NA	NA	NA
