REGION	POS	REF	ALT	REF_DP	REF_RV	REF_QUAL	ALT_DP	ALT_RV	ALT_QUAL	ALT_FREQ	TOTAL_DP	PVAL	PASS	GFF_FEATURE	REF_CODON	REF_AA	ALT_CODON	ALT_AA	POS_AA
NC_045512.2	4184	G	A	0	0	0	2	1	38	1	2	0.333333	FALSE	NA	NA	NA	NA	NA	NA
NC_045512.2	7193	A	G	3	0	38	1	0	31	0.25	4	0.571429	FALSE	NA	NA	NA	NA	NA	NA
NC_045512.2	8463	C	A	35	1	40	1	0	27	0.0277778	36	0.507042	FALSE	NA	NA	NA	NA	NA	NA
NC_045512.2	13346	G	T	2	1	38	1	0	39	0.333333	3	0.6	FALSE	NA	NA	NA	NA	NA	NA
NC_045512.2	15714	C	T	0	0	0	69	37	39	1	69	8.46597e-41	TRUE	NA	NA	NA	NA	NA	NA
NC_045512.2	16931	T	C	144	113	42	1	1	37	0.00689655	145	0.50173	FALSE	NA	NA	NA	NA	NA	NA
NC_045512.2	17410	C	T	0	0	0	3	3	38	1	3	0.1	FALSE	NA	NA	NA	NA	NA	NA
NC_045512.2	17509	G	A	14	9	40	1	0	39	0.0666667	15	0.517241	FALSE	NA	NA	NA	NA	NA	NA
NC_045512.2	18431	C	T	4	2	38	5	1	38	0.555556	9	0.020362	FALSE	NA	NA	NA	NA	NA	NA
NC_045512.2	19060	G	T	19	4	40	1	0	39	0.05	20	0.512821	FALSE	NA	NA	NA	NA	NA	NA
NC_045512.2	21683	A	T	10	0	37	1	0	33	0.0909091	11	0.52381	FALSE	NA	NA	NA	NA	NA	NA
NC_045512.2	22343	G	T	0	0	0	1	1	39	1	1	1	FALSE	NA	NA	NA	NA	NA	NA
NC_045512.2	23403	A	G	0	0	0	13	6	38	1	13	1.92297e-07	TRUE	NA	NA	NA	NA	NA	NA
NC_045512.2	25584	C	T	0	0	0	2	2	38	1	2	0.333333	FALSE	NA	NA	NA	NA	NA	NA
NC_045512.2	26187	T	G	56	28	42	1	0	35	0.0175439	57	0.504425	FALSE	NA	NA	NA	NA	NA	NA
NC_045512.2	26270	C	T	0	0	0	2	2	38	1	2	0.333333	FALSE	NA	NA	NA	NA	NA	NA
NC_045512.2	27384	T	C	0	0	0	3	0	39	1	3	0.1	FALSE	NA	NA	NA	NA	NA	NA
NC_045512.2	27889	C	T	87	62	41	1	1	38	0.0113636	88	0.502857	FALSE	NA	NA	NA	NA	NA	NA
NC_045512.2	28152	A	T	451	12	40	1	0	35	0.00221239	452	0.500554	FALSE	NA	NA	NA	NA	NA	NA
NC_045512.2	28216	T	C	283	193	42	1	0	39	0.00352113	284	0.500882	FALSE	NA	NA	NA	NA	NA	NA
NC_045512.2	28271	A	T	0	0	0	157	154	38	1	157	1.33193e-93	TRUE	NA	NA	NA	NA	NA	NA
NC_045512.2	28363	A	T	0	0	0	22	1	36	1	22	9.50526e-13	TRUE	NA	NA	NA	NA	NA	NA
NC_045512.2	28370	A	G	0	0	0	4	0	39	1	4	0.0285714	FALSE	NA	NA	NA	NA	NA	NA
NC_045512.2	28402	A	C	89	53	38	1	0	38	0.0111111	90	0.502793	FALSE	NA	NA	NA	NA	NA	NA
NC_045512.2	28677	C	T	122	28	44	18	6	43	0.128571	140	2.27509e-06	TRUE	NA	NA	NA	NA	NA	NA
NC_045512.2	28708	C	T	79	37	39	10	6	38	0.11236	89	0.000792076	TRUE	NA	NA	NA	NA	NA	NA
NC_045512.2	29000	G	A	19	10	42	1	0	30	0.05	20	0.512821	FALSE	NA	NA	NA	NA	NA	NA
NC_045512.2	29510	A	C	0	0	0	1	1	34	1	1	1	FALSE	NA	NA	NA	NA	NA	NA
NC_045512.2	29644	A	T	72	31	46	1	1	38	0.0136986	73	0.503448	FALSE	NA	NA	NA	NA	NA	NA
