REGION	POS	REF	ALT	REF_DP	REF_RV	REF_QUAL	ALT_DP	ALT_RV	ALT_QUAL	ALT_FREQ	TOTAL_DP	PVAL	PASS	GFF_FEATURE	REF_CODON	REF_AA	ALT_CODON	ALT_AA	POS_AA
NC_045512.2	5720	G	A	68	8	46	11	1	41	0.139241	79	0.000361355	TRUE	NA	NA	NA	NA	NA	NA
NC_045512.2	9693	C	T	0	0	0	7	4	54	1	7	0.000582751	TRUE	NA	NA	NA	NA	NA	NA
NC_045512.2	12181	T	C	12	10	43	1	1	72	0.0769231	13	0.52	FALSE	NA	NA	NA	NA	NA	NA
NC_045512.2	17488	G	T	56	6	45	3	0	38	0.0508475	59	0.124972	FALSE	NA	NA	NA	NA	NA	NA
NC_045512.2	17859	T	C	0	0	0	1	1	38	1	1	1	FALSE	NA	NA	NA	NA	NA	NA
NC_045512.2	18492	A	G	3	3	37	2	1	38	0.4	5	0.277778	FALSE	NA	NA	NA	NA	NA	NA
NC_045512.2	18703	G	T	3	0	38	8	0	38	0.727273	11	0.000810851	TRUE	NA	NA	NA	NA	NA	NA
NC_045512.2	19059	T	A	39	9	38	1	1	39	0.025	40	0.506329	FALSE	NA	NA	NA	NA	NA	NA
NC_045512.2	21718	G	T	3	1	38	5	1	45	0.625	8	0.018648	FALSE	NA	NA	NA	NA	NA	NA
NC_045512.2	22109	C	G	0	0	0	3	3	36	1	3	0.1	FALSE	NA	NA	NA	NA	NA	NA
NC_045512.2	23403	A	G	0	0	0	6	3	39	1	6	0.0021645	TRUE	NA	NA	NA	NA	NA	NA
NC_045512.2	27915	G	T	0	0	0	20	16	38	1	20	1.45089e-11	TRUE	NA	NA	NA	NA	NA	NA
NC_045512.2	27921	A	G	22	18	42	1	1	39	0.0434783	23	0.511111	FALSE	NA	NA	NA	NA	NA	NA
NC_045512.2	28363	A	T	0	0	0	6	0	35	1	6	0.0021645	TRUE	NA	NA	NA	NA	NA	NA
