REGION	POS	REF	ALT	REF_DP	REF_RV	REF_QUAL	ALT_DP	ALT_RV	ALT_QUAL	ALT_FREQ	TOTAL_DP	PVAL	PASS	GFF_FEATURE	REF_CODON	REF_AA	ALT_CODON	ALT_AA	POS_AA
NC_045512.2	15714	C	T	0	0	0	4	2	39	1	4	0.0285714	FALSE	NA	NA	NA	NA	NA	NA
NC_045512.2	22674	C	T	0	0	0	1	1	37	1	1	1	FALSE	NA	NA	NA	NA	NA	NA
NC_045512.2	26761	T	C	1	0	37	1	0	33	0.5	2	0.666667	FALSE	NA	NA	NA	NA	NA	NA
NC_045512.2	27889	C	T	0	0	0	4	2	48	1	4	0.0285714	FALSE	NA	NA	NA	NA	NA	NA
NC_045512.2	28271	A	T	0	0	0	4	4	39	1	4	0.0285714	FALSE	NA	NA	NA	NA	NA	NA
NC_045512.2	28330	A	G	0	0	0	2	0	38	1	2	0.333333	FALSE	NA	NA	NA	NA	NA	NA
NC_045512.2	28681	G	T	20	3	44	3	0	38	0.130435	23	0.124806	FALSE	NA	NA	NA	NA	NA	NA
NC_045512.2	28756	T	C	23	21	44	1	1	38	0.0416667	24	0.510638	FALSE	NA	NA	NA	NA	NA	NA
NC_045512.2	29049	G	A	6	2	38	1	1	37	0.142857	7	0.538462	FALSE	NA	NA	NA	NA	NA	NA
NC_045512.2	29295	A	-C	22	0	40	1	0	20	0.0454545	22	0.522727	FALSE	NA	NA	NA	NA	NA	NA
NC_045512.2	29614	C	T	6	1	45	1	0	39	0.142857	7	0.538462	FALSE	NA	NA	NA	NA	NA	NA
