REGION	POS	REF	ALT	REF_DP	REF_RV	REF_QUAL	ALT_DP	ALT_RV	ALT_QUAL	ALT_FREQ	TOTAL_DP	PVAL	PASS	GFF_FEATURE	REF_CODON	REF_AA	ALT_CODON	ALT_AA	POS_AA
NC_045512.2	3501	C	A	2	0	37	1	0	37	0.333333	3	0.6	FALSE	NA	NA	NA	NA	NA	NA
NC_045512.2	11188	A	-C	10	7	37	4	0	20	0.4	10	0.113043	FALSE	NA	NA	NA	NA	NA	NA
NC_045512.2	11189	C	A	4	4	37	1	0	37	0.2	5	0.454545	FALSE	NA	NA	NA	NA	NA	NA
NC_045512.2	11190	C	T	3	1	37	3	3	33	0.5	6	0.121212	FALSE	NA	NA	NA	NA	NA	NA
NC_045512.2	12368	A	C	18	17	36	1	1	37	0.0526316	19	0.513514	FALSE	NA	NA	NA	NA	NA	NA
NC_045512.2	18394	G	T	0	0	0	2	2	37	1	2	0.333333	FALSE	NA	NA	NA	NA	NA	NA
NC_045512.2	18452	C	T	0	0	0	8	2	37	1	8	0.0001554	TRUE	NA	NA	NA	NA	NA	NA
NC_045512.2	18521	T	C	39	28	43	1	1	37	0.025	40	0.506329	FALSE	NA	NA	NA	NA	NA	NA
NC_045512.2	21047	A	T	9	7	37	1	1	25	0.1	10	0.526316	FALSE	NA	NA	NA	NA	NA	NA
NC_045512.2	21991	T	G	0	0	0	1	1	37	1	1	1	FALSE	NA	NA	NA	NA	NA	NA
NC_045512.2	22200	T	G	0	0	0	3	3	37	1	3	0.1	FALSE	NA	NA	NA	NA	NA	NA
