REGION	POS	REF	ALT	REF_DP	REF_RV	REF_QUAL	ALT_DP	ALT_RV	ALT_QUAL	ALT_FREQ	TOTAL_DP	PVAL	PASS	GFF_FEATURE	REF_CODON	REF_AA	ALT_CODON	ALT_AA	POS_AA
NC_045512.2	2058	T	A	69	47	39	1	1	37	0.0142857	70	0.503597	FALSE	NA	NA	NA	NA	NA	NA
NC_045512.2	4184	G	A	0	0	0	4	2	38	1	4	0.0285714	FALSE	NA	NA	NA	NA	NA	NA
NC_045512.2	9344	C	T	0	0	0	1	1	39	1	1	1	FALSE	NA	NA	NA	NA	NA	NA
NC_045512.2	12160	G	A	0	0	0	1	0	38	1	1	1	FALSE	NA	NA	NA	NA	NA	NA
NC_045512.2	15668	A	G	54	0	34	1	0	37	0.0181818	55	0.504587	FALSE	NA	NA	NA	NA	NA	NA
NC_045512.2	15679	G	T	139	5	39	1	0	38	0.00714286	140	0.501792	FALSE	NA	NA	NA	NA	NA	NA
NC_045512.2	15714	C	T	0	0	0	37	22	39	1	37	1.14539e-21	TRUE	NA	NA	NA	NA	NA	NA
NC_045512.2	15756	T	G	214	82	43	1	1	31	0.00465116	215	0.501166	FALSE	NA	NA	NA	NA	NA	NA
NC_045512.2	17410	C	T	0	0	0	1	1	38	1	1	1	FALSE	NA	NA	NA	NA	NA	NA
NC_045512.2	20345	A	T	19	16	51	1	1	37	0.05	20	0.512821	FALSE	NA	NA	NA	NA	NA	NA
NC_045512.2	21770	G	A	0	0	0	5	5	36	1	5	0.00793651	TRUE	NA	NA	NA	NA	NA	NA
NC_045512.2	22578	G	A	0	0	0	1	0	38	1	1	1	FALSE	NA	NA	NA	NA	NA	NA
NC_045512.2	23202	C	T	2	2	39	1	1	39	0.333333	3	0.6	FALSE	NA	NA	NA	NA	NA	NA
NC_045512.2	23403	A	G	0	0	0	16	7	38	1	16	3.32734e-09	TRUE	NA	NA	NA	NA	NA	NA
NC_045512.2	23488	T	C	44	41	44	1	1	39	0.0222222	45	0.505618	FALSE	NA	NA	NA	NA	NA	NA
NC_045512.2	24549	T	G	0	0	0	1	0	39	1	1	1	FALSE	NA	NA	NA	NA	NA	NA
NC_045512.2	24620	G	T	22	11	38	17	14	38	0.435897	39	1.04011e-06	TRUE	NA	NA	NA	NA	NA	NA
NC_045512.2	25311	G	T	11	11	38	3	3	37	0.214286	14	0.124444	FALSE	NA	NA	NA	NA	NA	NA
NC_045512.2	25832	T	C	4	0	38	1	1	37	0.2	5	0.555556	FALSE	NA	NA	NA	NA	NA	NA
NC_045512.2	27673	C	A	1	1	39	1	1	39	0.5	2	0.666667	FALSE	NA	NA	NA	NA	NA	NA
NC_045512.2	27880	A	G	60	44	37	1	0	34	0.0163934	61	0.504132	FALSE	NA	NA	NA	NA	NA	NA
NC_045512.2	27889	C	T	0	0	0	64	58	41	1	64	8.35033e-38	TRUE	NA	NA	NA	NA	NA	NA
NC_045512.2	28195	G	-T	188	110	39	3	0	20	0.0159574	188	0.319501	FALSE	NA	NA	NA	NA	NA	NA
NC_045512.2	28271	A	T	0	0	0	128	128	38	1	128	3.46701e-76	TRUE	NA	NA	NA	NA	NA	NA
NC_045512.2	28330	A	G	0	0	0	3	0	38	1	3	0.1	FALSE	NA	NA	NA	NA	NA	NA
NC_045512.2	28363	A	T	0	0	0	7	0	37	1	7	0.000582751	TRUE	NA	NA	NA	NA	NA	NA
NC_045512.2	28370	A	G	0	0	0	12	1	36	1	12	7.39602e-07	TRUE	NA	NA	NA	NA	NA	NA
NC_045512.2	28735	T	C	135	61	42	1	0	39	0.00735294	136	0.501845	FALSE	NA	NA	NA	NA	NA	NA
NC_045512.2	29294	G	A	221	15	42	1	0	37	0.0045045	222	0.501129	FALSE	NA	NA	NA	NA	NA	NA
