REGION	POS	REF	ALT	REF_DP	REF_RV	REF_QUAL	ALT_DP	ALT_RV	ALT_QUAL	ALT_FREQ	TOTAL_DP	PVAL	PASS	GFF_FEATURE	REF_CODON	REF_AA	ALT_CODON	ALT_AA	POS_AA
NC_045512.2	28525	T	C	9893	0	32	2	0	37	0.000202122	9895	0.994154	FALSE	NA	NA	NA	NA	NA	NA
NC_045512.2	28536	G	A	10276	4926	47	1	1	20	9.73047e-05	10277	1	FALSE	NA	NA	NA	NA	NA	NA
NC_045512.2	28539	G	A	10622	5239	59	1	1	24	9.41354e-05	10623	1	FALSE	NA	NA	NA	NA	NA	NA
NC_045512.2	28556	C	+CT	8966	8955	31	1	0	20	0.000111532	8966	1	FALSE	NA	NA	NA	NA	NA	NA
NC_045512.2	28558	T	-G	8036	8029	30	2	0	20	0.00024888	8036	1	FALSE	NA	NA	NA	NA	NA	NA
NC_045512.2	28563	G	T	8641	8641	30	1	1	23	0.000115701	8643	1	FALSE	NA	NA	NA	NA	NA	NA
NC_045512.2	28563	G	A	8641	8641	30	1	1	35	0.000115701	8643	0.998051	FALSE	NA	NA	NA	NA	NA	NA
NC_045512.2	28564	T	G	8316	8316	30	4	4	21	0.000480769	8320	1	FALSE	NA	NA	NA	NA	NA	NA
NC_045512.2	28565	G	T	9008	9008	30	2	2	33	0.000221976	9010	0.994156	FALSE	NA	NA	NA	NA	NA	NA
