REGION	POS	REF	ALT	REF_DP	REF_RV	REF_QUAL	ALT_DP	ALT_RV	ALT_QUAL	ALT_FREQ	TOTAL_DP	PVAL	PASS	GFF_FEATURE	REF_CODON	REF_AA	ALT_CODON	ALT_AA	POS_AA
NC_045512.2	1210	G	A	24	22	34	1	1	34	0.04	25	0.510204	FALSE	NA	NA	NA	NA	NA	NA
NC_045512.2	1212	G	T	67	65	34	1	1	26	0.0147059	68	0.503704	FALSE	NA	NA	NA	NA	NA	NA
NC_045512.2	5809	A	T	39	38	34	1	1	26	0.025	40	0.506329	FALSE	NA	NA	NA	NA	NA	NA
NC_045512.2	6899	G	T	6	0	39	4	0	34	0.4	10	0.0541796	FALSE	NA	NA	NA	NA	NA	NA
NC_045512.2	7343	A	G	50	50	33	1	1	34	0.0196078	51	0.50495	FALSE	NA	NA	NA	NA	NA	NA
NC_045512.2	10659	T	G	51	45	32	3	3	31	0.0555556	54	0.124967	FALSE	NA	NA	NA	NA	NA	NA
NC_045512.2	10663	T	C	218	216	34	1	1	34	0.00456621	219	0.501144	FALSE	NA	NA	NA	NA	NA	NA
NC_045512.2	11125	T	C	24	0	34	1	0	34	0.04	25	0.510204	FALSE	NA	NA	NA	NA	NA	NA
NC_045512.2	16935	G	A	0	0	0	1	0	34	1	1	1	FALSE	NA	NA	NA	NA	NA	NA
NC_045512.2	18524	T	G	358	355	31	1	1	26	0.00278552	359	0.93837	FALSE	NA	NA	NA	NA	NA	NA
NC_045512.2	21987	G	A	0	0	0	18	0	34	1	18	2.20382e-10	TRUE	NA	NA	NA	NA	NA	NA
NC_045512.2	22118	T	G	4	2	34	1	1	26	0.2	5	0.555556	FALSE	NA	NA	NA	NA	NA	NA
NC_045512.2	23227	T	G	30	30	33	1	1	34	0.0322581	31	0.508197	FALSE	NA	NA	NA	NA	NA	NA
NC_045512.2	23368	A	T	234	9	36	1	0	26	0.00425532	235	0.876597	FALSE	NA	NA	NA	NA	NA	NA
NC_045512.2	23403	A	G	0	0	0	9	6	34	1	9	4.11353e-05	TRUE	NA	NA	NA	NA	NA	NA
NC_045512.2	23483	A	T	73	56	35	1	1	26	0.0135135	74	0.503401	FALSE	NA	NA	NA	NA	NA	NA
NC_045512.2	23485	T	A	228	221	35	1	1	34	0.00436681	229	0.501094	FALSE	NA	NA	NA	NA	NA	NA
NC_045512.2	23509	T	G	169	169	31	1	1	34	0.00588235	170	0.501475	FALSE	NA	NA	NA	NA	NA	NA
NC_045512.2	24903	T	A	78	3	34	1	0	34	0.0126582	79	0.503185	FALSE	NA	NA	NA	NA	NA	NA
NC_045512.2	25000	C	T	0	0	0	175	175	32	1	175	2.04614e-104	TRUE	NA	NA	NA	NA	NA	NA
NC_045512.2	26709	G	A	0	0	0	1	0	34	1	1	1	FALSE	NA	NA	NA	NA	NA	NA
NC_045512.2	28312	C	T	0	0	0	27	0	33	1	27	1.02725e-15	TRUE	NA	NA	NA	NA	NA	NA
NC_045512.2	28389	A	T	2	0	34	1	0	26	0.333333	3	0.6	FALSE	NA	NA	NA	NA	NA	NA
